x,y
0.010204,0.005154
0.010204,0.015254
0.010204,0.025354
0.010204,0.035454
0.010204,0.045554
0.010204,0.055654
0.010204,0.065754
0.010204,0.075854
0.010204,0.085954
0.010204,0.096054
0.010204,0.106154
0.010204,0.116254
0.010204,0.126354
0.010204,0.136454
0.010204,0.146554
0.010204,0.156653
0.010204,0.166753
0.010204,0.176853
0.010204,0.186953
0.010204,0.197053
0.010204,0.207153
0.010204,0.217253
0.010204,0.227353
0.010204,0.237453
0.010204,0.247553
0.010204,0.257653
0.010204,0.267753
0.010204,0.277853
0.010204,0.287953
0.010204,0.298053
0.010204,0.308153
0.010204,0.318253
0.010204,0.328353
0.010204,0.338453
0.010204,0.348553
0.010204,0.358653
0.010204,0.368753
0.010204,0.378853
0.010204,0.388953
0.010204,0.399052
0.010204,0.409152
0.010204,0.419252
0.010204,0.429352
0.010204,0.439452
0.010204,0.449552
0.010204,0.459652
0.010204,0.469752
0.010204,0.479852
0.010204,0.489952
0.010204,0.500052
0.010204,0.510152
0.010204,0.520252
0.010204,0.530352
0.010204,0.540452
0.010204,0.550552
0.010204,0.560652
0.010204,0.570752
0.010204,0.580852
0.010204,0.590952
0.010204,0.601052
0.010204,0.611152
0.010204,0.621252
0.010204,0.631352
0.010204,0.641451
0.010204,0.651551
0.010204,0.661651
0.010204,0.671751
0.010204,0.681851
0.010204,0.691951
0.010204,0.702051
0.010204,0.712151
0.010204,0.722251
0.010204,0.732351
0.010204,0.742451
0.010204,0.752551
0.010204,0.762651
0.010204,0.772751
0.010204,0.782851
0.010204,0.792951
0.010204,0.803051
0.010204,0.813151
0.010204,0.823251
0.010204,0.833351
0.010204,0.843451
0.010204,0.853551
0.010204,0.863651
0.010204,0.873751
0.010204,0.883850
0.010204,0.893950
0.010204,0.904050
0.010204,0.914150
0.010204,0.924250
0.010204,0.934350
0.010204,0.944450
0.010204,0.954550
0.010204,0.964650
0.010204,0.974750
0.010204,0.984850
0.010204,0.994950
0.030612,0.005568
0.030612,0.015664
0.030612,0.025760
0.030612,0.035856
0.030612,0.045951
0.030612,0.056047
0.030612,0.066143
0.030612,0.076239
0.030612,0.086335
0.030612,0.096430
0.030612,0.106526
0.030612,0.116622
0.030612,0.126718
0.030612,0.136813
0.030612,0.146909
0.030612,0.157005
0.030612,0.167101
0.030612,0.177196
0.030612,0.187292
0.030612,0.197388
0.030612,0.207484
0.030612,0.217579
0.030612,0.227675
0.030612,0.237771
0.030612,0.247867
0.030612,0.257962
0.030612,0.268058
0.030612,0.278154
0.030612,0.288250
0.030612,0.298345
0.030612,0.308441
0.030612,0.318537
0.030612,0.328633
0.030612,0.338728
0.030612,0.348824
0.030612,0.358920
0.030612,0.369016
0.030612,0.379111
0.030612,0.389207
0.030612,0.399303
0.030612,0.409399
0.030612,0.419494
0.030612,0.429590
0.030612,0.439686
0.030612,0.449782
0.030612,0.459877
0.030612,0.469973
0.030612,0.480069
0.030612,0.490165
0.030612,0.500260
0.030612,0.510356
0.030612,0.520452
0.030612,0.530548
0.030612,0.540643
0.030612,0.550739
0.030612,0.560835
0.030612,0.570931
0.030612,0.581026
0.030612,0.591122
0.030612,0.601218
0.030612,0.611314
0.030612,0.621409
0.030612,0.631505
0.030612,0.641601
0.030612,0.651697
0.030612,0.661792
0.030612,0.671888
0.030612,0.681984
0.030612,0.692080
0.030612,0.702175
0.030612,0.712271
0.030612,0.722367
0.030612,0.732463
0.030612,0.742558
0.030612,0.752654
0.030612,0.762750
0.030612,0.772846
0.030612,0.782941
0.030612,0.793037
0.030612,0.803133
0.030612,0.813229
0.030612,0.823324
0.030612,0.833420
0.030612,0.843516
0.030612,0.853612
0.030612,0.863707
0.030612,0.873803
0.030612,0.883899
0.030612,0.893995
0.030612,0.904090
0.030612,0.914186
0.030612,0.924282
0.030612,0.934378
0.030612,0.944473
0.030612,0.954569
0.030612,0.964665
0.030612,0.974761
0.030612,0.984856
0.030612,0.994952
0.051020,0.006397
0.051020,0.016485
0.051020,0.026572
0.051020,0.036659
0.051020,0.046747
0.051020,0.056834
0.051020,0.066921
0.051020,0.077009
0.051020,0.087096
0.051020,0.097183
0.051020,0.107271
0.051020,0.117358
0.051020,0.127445
0.051020,0.137533
0.051020,0.147620
0.051020,0.157707
0.051020,0.167795
0.051020,0.177882
0.051020,0.187969
0.051020,0.198057
0.051020,0.208144
0.051020,0.218231
0.051020,0.228319
0.051020,0.238406
0.051020,0.248493
0.051020,0.258581
0.051020,0.268668
0.051020,0.278755
0.051020,0.288843
0.051020,0.298930
0.051020,0.309017
0.051020,0.319105
0.051020,0.329192
0.051020,0.339279
0.051020,0.349367
0.051020,0.359454
0.051020,0.369541
0.051020,0.379629
0.051020,0.389716
0.051020,0.399803
0.051020,0.409891
0.051020,0.419978
0.051020,0.430065
0.051020,0.440153
0.051020,0.450240
0.051020,0.460327
0.051020,0.470415
0.051020,0.480502
0.051020,0.490589
0.051020,0.500677
0.051020,0.510764
0.051020,0.520851
0.051020,0.530939
0.051020,0.541026
0.051020,0.551113
0.051020,0.561201
0.051020,0.571288
0.051020,0.581376
0.051020,0.591463
0.051020,0.601550
0.051020,0.611638
0.051020,0.621725
0.051020,0.631812
0.051020,0.641900
0.051020,0.651987
0.051020,0.662074
0.051020,0.672162
0.051020,0.682249
0.051020,0.692336
0.051020,0.702424
0.051020,0.712511
0.051020,0.722598
0.051020,0.732686
0.051020,0.742773
0.051020,0.752860
0.051020,0.762948
0.051020,0.773035
0.051020,0.783122
0.051020,0.793210
0.051020,0.803297
0.051020,0.813384
0.051020,0.823472
0.051020,0.833559
0.051020,0.843646
0.051020,0.853734
0.051020,0.863821
0.051020,0.873908
0.051020,0.883996
0.051020,0.894083
0.051020,0.904170
0.051020,0.914258
0.051020,0.924345
0.051020,0.934432
0.051020,0.944520
0.051020,0.954607
0.051020,0.964694
0.051020,0.974782
0.051020,0.984869
0.051020,0.994956
0.071429,0.007640
0.071429,0.017715
0.071429,0.027790
0.071429,0.037865
0.071429,0.047939
0.071429,0.058014
0.071429,0.068089
0.071429,0.078163
0.071429,0.088238
0.071429,0.098313
0.071429,0.108388
0.071429,0.118462
0.071429,0.128537
0.071429,0.138612
0.071429,0.148686
0.071429,0.158761
0.071429,0.168836
0.071429,0.178911
0.071429,0.188985
0.071429,0.199060
0.071429,0.209135
0.071429,0.219209
0.071429,0.229284
0.071429,0.239359
0.071429,0.249434
0.071429,0.259508
0.071429,0.269583
0.071429,0.279658
0.071429,0.289732
0.071429,0.299807
0.071429,0.309882
0.071429,0.319957
0.071429,0.330031
0.071429,0.340106
0.071429,0.350181
0.071429,0.360256
0.071429,0.370330
0.071429,0.380405
0.071429,0.390480
0.071429,0.400554
0.071429,0.410629
0.071429,0.420704
0.071429,0.430779
0.071429,0.440853
0.071429,0.450928
0.071429,0.461003
0.071429,0.471077
0.071429,0.481152
0.071429,0.491227
0.071429,0.501302
0.071429,0.511376
0.071429,0.521451
0.071429,0.531526
0.071429,0.541600
0.071429,0.551675
0.071429,0.561750
0.071429,0.571825
0.071429,0.581899
0.071429,0.591974
0.071429,0.602049
0.071429,0.612123
0.071429,0.622198
0.071429,0.632273
0.071429,0.642348
0.071429,0.652422
0.071429,0.662497
0.071429,0.672572
0.071429,0.682646
0.071429,0.692721
0.071429,0.702796
0.071429,0.712871
0.071429,0.722945
0.071429,0.733020
0.071429,0.743095
0.071429,0.753169
0.071429,0.763244
0.071429,0.773319
0.071429,0.783394
0.071429,0.793468
0.071429,0.803543
0.071429,0.813618
0.071429,0.823692
0.071429,0.833767
0.071429,0.843842
0.071429,0.853917
0.071429,0.863991
0.071429,0.874066
0.071429,0.884141
0.071429,0.894215
0.071429,0.904290
0.071429,0.914365
0.071429,0.924440
0.071429,0.934514
0.071429,0.944589
0.071429,0.954664
0.071429,0.964738
0.071429,0.974813
0.071429,0.984888
0.071429,0.994963
0.091837,0.009298
0.091837,0.019356
0.091837,0.029414
0.091837,0.039472
0.091837,0.049530
0.091837,0.059587
0.091837,0.069645
0.091837,0.079703
0.091837,0.089761
0.091837,0.099819
0.091837,0.109877
0.091837,0.119935
0.091837,0.129993
0.091837,0.140051
0.091837,0.150108
0.091837,0.160166
0.091837,0.170224
0.091837,0.180282
0.091837,0.190340
0.091837,0.200398
0.091837,0.210456
0.091837,0.220514
0.091837,0.230572
0.091837,0.240629
0.091837,0.250687
0.091837,0.260745
0.091837,0.270803
0.091837,0.280861
0.091837,0.290919
0.091837,0.300977
0.091837,0.311035
0.091837,0.321093
0.091837,0.331150
0.091837,0.341208
0.091837,0.351266
0.091837,0.361324
0.091837,0.371382
0.091837,0.381440
0.091837,0.391498
0.091837,0.401556
0.091837,0.411614
0.091837,0.421671
0.091837,0.431729
0.091837,0.441787
0.091837,0.451845
0.091837,0.461903
0.091837,0.471961
0.091837,0.482019
0.091837,0.492077
0.091837,0.502135
0.091837,0.512192
0.091837,0.522250
0.091837,0.532308
0.091837,0.542366
0.091837,0.552424
0.091837,0.562482
0.091837,0.572540
0.091837,0.582598
0.091837,0.592656
0.091837,0.602713
0.091837,0.612771
0.091837,0.622829
0.091837,0.632887
0.091837,0.642945
0.091837,0.653003
0.091837,0.663061
0.091837,0.673119
0.091837,0.683177
0.091837,0.693234
0.091837,0.703292
0.091837,0.713350
0.091837,0.723408
0.091837,0.733466
0.091837,0.743524
0.091837,0.753582
0.091837,0.763640
0.091837,0.773698
0.091837,0.783755
0.091837,0.793813
0.091837,0.803871
0.091837,0.813929
0.091837,0.823987
0.091837,0.834045
0.091837,0.844103
0.091837,0.854161
0.091837,0.864219
0.091837,0.874276
0.091837,0.884334
0.091837,0.894392
0.091837,0.904450
0.091837,0.914508
0.091837,0.924566
0.091837,0.934624
0.091837,0.944682
0.091837,0.954740
0.091837,0.964797
0.091837,0.974855
0.091837,0.984913
0.091837,0.994971
0.112245,0.011370
0.112245,0.021407
0.112245,0.031444
0.112245,0.041481
0.112245,0.051517
0.112245,0.061554
0.112245,0.071591
0.112245,0.081628
0.112245,0.091665
0.112245,0.101702
0.112245,0.111738
0.112245,0.121775
0.112245,0.131812
0.112245,0.141849
0.112245,0.151886
0.112245,0.161923
0.112245,0.171960
0.112245,0.181996
0.112245,0.192033
0.112245,0.202070
0.112245,0.212107
0.112245,0.222144
0.112245,0.232181
0.112245,0.242218
0.112245,0.252254
0.112245,0.262291
0.112245,0.272328
0.112245,0.282365
0.112245,0.292402
0.112245,0.302439
0.112245,0.312476
0.112245,0.322512
0.112245,0.332549
0.112245,0.342586
0.112245,0.352623
0.112245,0.362660
0.112245,0.372697
0.112245,0.382734
0.112245,0.392770
0.112245,0.402807
0.112245,0.412844
0.112245,0.422881
0.112245,0.432918
0.112245,0.442955
0.112245,0.452991
0.112245,0.463028
0.112245,0.473065
0.112245,0.483102
0.112245,0.493139
0.112245,0.503176
0.112245,0.513213
0.112245,0.523249
0.112245,0.533286
0.112245,0.543323
0.112245,0.553360
0.112245,0.563397
0.112245,0.573434
0.112245,0.583471
0.112245,0.593507
0.112245,0.603544
0.112245,0.613581
0.112245,0.623618
0.112245,0.633655
0.112245,0.643692
0.112245,0.653729
0.112245,0.663765
0.112245,0.673802
0.112245,0.683839
0.112245,0.693876
0.112245,0.703913
0.112245,0.713950
0.112245,0.723987
0.112245,0.734023
0.112245,0.744060
0.112245,0.754097
0.112245,0.764134
0.112245,0.774171
0.112245,0.784208
0.112245,0.794245
0.112245,0.804281
0.112245,0.814318
0.112245,0.824355
0.112245,0.834392
0.112245,0.844429
0.112245,0.854466
0.112245,0.864502
0.112245,0.874539
0.112245,0.884576
0.112245,0.894613
0.112245,0.904650
0.112245,0.914687
0.112245,0.924724
0.112245,0.934760
0.112245,0.944797
0.112245,0.954834
0.112245,0.964871
0.112245,0.974908
0.112245,0.984945
0.112245,0.994982
0.132653,0.013856
0.132653,0.023868
0.132653,0.033880
0.132653,0.043891
0.132653,0.053903
0.132653,0.063914
0.132653,0.073926
0.132653,0.083938
0.132653,0.093949
0.132653,0.103961
0.132653,0.113972
0.132653,0.123984
0.132653,0.133996
0.132653,0.144007
0.132653,0.154019
0.132653,0.164030
0.132653,0.174042
0.132653,0.184054
0.132653,0.194065
0.132653,0.204077
0.132653,0.214089
0.132653,0.224100
0.132653,0.234112
0.132653,0.244123
0.132653,0.254135
0.132653,0.264147
0.132653,0.274158
0.132653,0.284170
0.132653,0.294181
0.132653,0.304193
0.132653,0.314205
0.132653,0.324216
0.132653,0.334228
0.132653,0.344239
0.132653,0.354251
0.132653,0.364263
0.132653,0.374274
0.132653,0.384286
0.132653,0.394298
0.132653,0.404309
0.132653,0.414321
0.132653,0.424332
0.132653,0.434344
0.132653,0.444356
0.132653,0.454367
0.132653,0.464379
0.132653,0.474390
0.132653,0.484402
0.132653,0.494414
0.132653,0.504425
0.132653,0.514437
0.132653,0.524448
0.132653,0.534460
0.132653,0.544472
0.132653,0.554483
0.132653,0.564495
0.132653,0.574507
0.132653,0.584518
0.132653,0.594530
0.132653,0.604541
0.132653,0.614553
0.132653,0.624565
0.132653,0.634576
0.132653,0.644588
0.132653,0.654599
0.132653,0.664611
0.132653,0.674623
0.132653,0.684634
0.132653,0.694646
0.132653,0.704657
0.132653,0.714669
0.132653,0.724681
0.132653,0.734692
0.132653,0.744704
0.132653,0.754716
0.132653,0.764727
0.132653,0.774739
0.132653,0.784750
0.132653,0.794762
0.132653,0.804774
0.132653,0.814785
0.132653,0.824797
0.132653,0.834808
0.132653,0.844820
0.132653,0.854832
0.132653,0.864843
0.132653,0.874855
0.132653,0.884866
0.132653,0.894878
0.132653,0.904890
0.132653,0.914901
0.132653,0.924913
0.132653,0.934925
0.132653,0.944936
0.132653,0.954948
0.132653,0.964959
0.132653,0.974971
0.132653,0.984983
0.132653,0.994994
0.153061,0.016757
0.153061,0.026739
0.153061,0.036721
0.153061,0.046703
0.153061,0.056686
0.153061,0.066668
0.153061,0.076650
0.153061,0.086632
0.153061,0.096614
0.153061,0.106596
0.153061,0.116579
0.153061,0.126561
0.153061,0.136543
0.153061,0.146525
0.153061,0.156507
0.153061,0.166489
0.153061,0.176472
0.153061,0.186454
0.153061,0.196436
0.153061,0.206418
0.153061,0.216400
0.153061,0.226382
0.153061,0.236365
0.153061,0.246347
0.153061,0.256329
0.153061,0.266311
0.153061,0.276293
0.153061,0.286275
0.153061,0.296258
0.153061,0.306240
0.153061,0.316222
0.153061,0.326204
0.153061,0.336186
0.153061,0.346168
0.153061,0.356151
0.153061,0.366133
0.153061,0.376115
0.153061,0.386097
0.153061,0.396079
0.153061,0.406061
0.153061,0.416044
0.153061,0.426026
0.153061,0.436008
0.153061,0.445990
0.153061,0.455972
0.153061,0.465954
0.153061,0.475936
0.153061,0.485919
0.153061,0.495901
0.153061,0.505883
0.153061,0.515865
0.153061,0.525847
0.153061,0.535829
0.153061,0.545812
0.153061,0.555794
0.153061,0.565776
0.153061,0.575758
0.153061,0.585740
0.153061,0.595722
0.153061,0.605705
0.153061,0.615687
0.153061,0.625669
0.153061,0.635651
0.153061,0.645633
0.153061,0.655615
0.153061,0.665598
0.153061,0.675580
0.153061,0.685562
0.153061,0.695544
0.153061,0.705526
0.153061,0.715508
0.153061,0.725491
0.153061,0.735473
0.153061,0.745455
0.153061,0.755437
0.153061,0.765419
0.153061,0.775401
0.153061,0.785384
0.153061,0.795366
0.153061,0.805348
0.153061,0.815330
0.153061,0.825312
0.153061,0.835294
0.153061,0.845276
0.153061,0.855259
0.153061,0.865241
0.153061,0.875223
0.153061,0.885205
0.153061,0.895187
0.153061,0.905169
0.153061,0.915152
0.153061,0.925134
0.153061,0.935116
0.153061,0.945098
0.153061,0.955080
0.153061,0.965062
0.153061,0.975045
0.153061,0.985027
0.153061,0.995009
0.173469,0.020072
0.173469,0.030021
0.173469,0.039969
0.173469,0.049918
0.173469,0.059866
0.173469,0.069815
0.173469,0.079763
0.173469,0.089712
0.173469,0.099660
0.173469,0.109609
0.173469,0.119557
0.173469,0.129506
0.173469,0.139454
0.173469,0.149403
0.173469,0.159351
0.173469,0.169300
0.173469,0.179248
0.173469,0.189197
0.173469,0.199145
0.173469,0.209094
0.173469,0.219042
0.173469,0.228991
0.173469,0.238939
0.173469,0.248888
0.173469,0.258836
0.173469,0.268785
0.173469,0.278733
0.173469,0.288682
0.173469,0.298630
0.173469,0.308579
0.173469,0.318527
0.173469,0.328476
0.173469,0.338424
0.173469,0.348373
0.173469,0.358321
0.173469,0.368270
0.173469,0.378218
0.173469,0.388167
0.173469,0.398115
0.173469,0.408064
0.173469,0.418012
0.173469,0.427961
0.173469,0.437909
0.173469,0.447858
0.173469,0.457806
0.173469,0.467755
0.173469,0.477703
0.173469,0.487652
0.173469,0.497600
0.173469,0.507549
0.173469,0.517497
0.173469,0.527446
0.173469,0.537394
0.173469,0.547343
0.173469,0.557291
0.173469,0.567240
0.173469,0.577188
0.173469,0.587137
0.173469,0.597085
0.173469,0.607034
0.173469,0.616983
0.173469,0.626931
0.173469,0.636880
0.173469,0.646828
0.173469,0.656777
0.173469,0.666725
0.173469,0.676674
0.173469,0.686622
0.173469,0.696571
0.173469,0.706519
0.173469,0.716468
0.173469,0.726416
0.173469,0.736365
0.173469,0.746313
0.173469,0.756262
0.173469,0.766210
0.173469,0.776159
0.173469,0.786107
0.173469,0.796056
0.173469,0.806004
0.173469,0.815953
0.173469,0.825901
0.173469,0.835850
0.173469,0.845798
0.173469,0.855747
0.173469,0.865695
0.173469,0.875644
0.173469,0.885592
0.173469,0.895541
0.173469,0.905489
0.173469,0.915438
0.173469,0.925386
0.173469,0.935335
0.173469,0.945283
0.173469,0.955232
0.173469,0.965180
0.173469,0.975129
0.173469,0.985077
0.173469,0.995026
0.193878,0.023802
0.193878,0.033712
0.193878,0.043623
0.193878,0.053534
0.193878,0.063444
0.193878,0.073355
0.193878,0.083265
0.193878,0.093176
0.193878,0.103087
0.193878,0.112997
0.193878,0.122908
0.193878,0.132819
0.193878,0.142729
0.193878,0.152640
0.193878,0.162551
0.193878,0.172461
0.193878,0.182372
0.193878,0.192283
0.193878,0.202193
0.193878,0.212104
0.193878,0.222015
0.193878,0.231925
0.193878,0.241836
0.193878,0.251746
0.193878,0.261657
0.193878,0.271568
0.193878,0.281478
0.193878,0.291389
0.193878,0.301300
0.193878,0.311210
0.193878,0.321121
0.193878,0.331032
0.193878,0.340942
0.193878,0.350853
0.193878,0.360764
0.193878,0.370674
0.193878,0.380585
0.193878,0.390495
0.193878,0.400406
0.193878,0.410317
0.193878,0.420227
0.193878,0.430138
0.193878,0.440049
0.193878,0.449959
0.193878,0.459870
0.193878,0.469781
0.193878,0.479691
0.193878,0.489602
0.193878,0.499513
0.193878,0.509423
0.193878,0.519334
0.193878,0.529244
0.193878,0.539155
0.193878,0.549066
0.193878,0.558976
0.193878,0.568887
0.193878,0.578798
0.193878,0.588708
0.193878,0.598619
0.193878,0.608530
0.193878,0.618440
0.193878,0.628351
0.193878,0.638262
0.193878,0.648172
0.193878,0.658083
0.193878,0.667993
0.193878,0.677904
0.193878,0.687815
0.193878,0.697725
0.193878,0.707636
0.193878,0.717547
0.193878,0.727457
0.193878,0.737368
0.193878,0.747279
0.193878,0.757189
0.193878,0.767100
0.193878,0.777011
0.193878,0.786921
0.193878,0.796832
0.193878,0.806742
0.193878,0.816653
0.193878,0.826564
0.193878,0.836474
0.193878,0.846385
0.193878,0.856296
0.193878,0.866206
0.193878,0.876117
0.193878,0.886028
0.193878,0.895938
0.193878,0.905849
0.193878,0.915760
0.193878,0.925670
0.193878,0.935581
0.193878,0.945491
0.193878,0.955402
0.193878,0.965313
0.193878,0.975223
0.193878,0.985134
0.193878,0.995045
0.214286,0.027946
0.214286,0.037814
0.214286,0.047683
0.214286,0.057551
0.214286,0.067420
0.214286,0.077288
0.214286,0.087157
0.214286,0.097026
0.214286,0.106894
0.214286,0.116763
0.214286,0.126631
0.214286,0.136500
0.214286,0.146368
0.214286,0.156237
0.214286,0.166106
0.214286,0.175974
0.214286,0.185843
0.214286,0.195711
0.214286,0.205580
0.214286,0.215448
0.214286,0.225317
0.214286,0.235186
0.214286,0.245054
0.214286,0.254923
0.214286,0.264791
0.214286,0.274660
0.214286,0.284528
0.214286,0.294397
0.214286,0.304266
0.214286,0.314134
0.214286,0.324003
0.214286,0.333871
0.214286,0.343740
0.214286,0.353608
0.214286,0.363477
0.214286,0.373346
0.214286,0.383214
0.214286,0.393083
0.214286,0.402951
0.214286,0.412820
0.214286,0.422688
0.214286,0.432557
0.214286,0.442426
0.214286,0.452294
0.214286,0.462163
0.214286,0.472031
0.214286,0.481900
0.214286,0.491768
0.214286,0.501637
0.214286,0.511506
0.214286,0.521374
0.214286,0.531243
0.214286,0.541111
0.214286,0.550980
0.214286,0.560848
0.214286,0.570717
0.214286,0.580586
0.214286,0.590454
0.214286,0.600323
0.214286,0.610191
0.214286,0.620060
0.214286,0.629929
0.214286,0.639797
0.214286,0.649666
0.214286,0.659534
0.214286,0.669403
0.214286,0.679271
0.214286,0.689140
0.214286,0.699009
0.214286,0.708877
0.214286,0.718746
0.214286,0.728614
0.214286,0.738483
0.214286,0.748351
0.214286,0.758220
0.214286,0.768089
0.214286,0.777957
0.214286,0.787826
0.214286,0.797694
0.214286,0.807563
0.214286,0.817431
0.214286,0.827300
0.214286,0.837169
0.214286,0.847037
0.214286,0.856906
0.214286,0.866774
0.214286,0.876643
0.214286,0.886511
0.214286,0.896380
0.214286,0.906249
0.214286,0.916117
0.214286,0.925986
0.214286,0.935854
0.214286,0.945723
0.214286,0.955591
0.214286,0.965460
0.214286,0.975329
0.214286,0.985197
0.214286,0.995066
0.234694,0.032504
0.234694,0.042326
0.234694,0.052148
0.234694,0.061971
0.234694,0.071793
0.234694,0.081615
0.234694,0.091438
0.234694,0.101260
0.234694,0.111082
0.234694,0.120904
0.234694,0.130727
0.234694,0.140549
0.234694,0.150371
0.234694,0.160194
0.234694,0.170016
0.234694,0.179838
0.234694,0.189661
0.234694,0.199483
0.234694,0.209305
0.234694,0.219127
0.234694,0.228950
0.234694,0.238772
0.234694,0.248594
0.234694,0.258417
0.234694,0.268239
0.234694,0.278061
0.234694,0.287884
0.234694,0.297706
0.234694,0.307528
0.234694,0.317350
0.234694,0.327173
0.234694,0.336995
0.234694,0.346817
0.234694,0.356640
0.234694,0.366462
0.234694,0.376284
0.234694,0.386106
0.234694,0.395929
0.234694,0.405751
0.234694,0.415573
0.234694,0.425396
0.234694,0.435218
0.234694,0.445040
0.234694,0.454863
0.234694,0.464685
0.234694,0.474507
0.234694,0.484329
0.234694,0.494152
0.234694,0.503974
0.234694,0.513796
0.234694,0.523619
0.234694,0.533441
0.234694,0.543263
0.234694,0.553086
0.234694,0.562908
0.234694,0.572730
0.234694,0.582552
0.234694,0.592375
0.234694,0.602197
0.234694,0.612019
0.234694,0.621842
0.234694,0.631664
0.234694,0.641486
0.234694,0.651308
0.234694,0.661131
0.234694,0.670953
0.234694,0.680775
0.234694,0.690598
0.234694,0.700420
0.234694,0.710242
0.234694,0.720065
0.234694,0.729887
0.234694,0.739709
0.234694,0.749531
0.234694,0.759354
0.234694,0.769176
0.234694,0.778998
0.234694,0.788821
0.234694,0.798643
0.234694,0.808465
0.234694,0.818288
0.234694,0.828110
0.234694,0.837932
0.234694,0.847754
0.234694,0.857577
0.234694,0.867399
0.234694,0.877221
0.234694,0.887044
0.234694,0.896866
0.234694,0.906688
0.234694,0.916510
0.234694,0.926333
0.234694,0.936155
0.234694,0.945977
0.234694,0.955800
0.234694,0.965622
0.234694,0.975444
0.234694,0.985267
0.234694,0.995089
0.255102,0.037476
0.255102,0.047248
0.255102,0.057020
0.255102,0.066792
0.255102,0.076564
0.255102,0.086336
0.255102,0.096107
0.255102,0.105879
0.255102,0.115651
0.255102,0.125423
0.255102,0.135195
0.255102,0.144966
0.255102,0.154738
0.255102,0.164510
0.255102,0.174282
0.255102,0.184054
0.255102,0.193825
0.255102,0.203597
0.255102,0.213369
0.255102,0.223141
0.255102,0.232913
0.255102,0.242685
0.255102,0.252456
0.255102,0.262228
0.255102,0.272000
0.255102,0.281772
0.255102,0.291544
0.255102,0.301315
0.255102,0.311087
0.255102,0.320859
0.255102,0.330631
0.255102,0.340403
0.255102,0.350174
0.255102,0.359946
0.255102,0.369718
0.255102,0.379490
0.255102,0.389262
0.255102,0.399034
0.255102,0.408805
0.255102,0.418577
0.255102,0.428349
0.255102,0.438121
0.255102,0.447893
0.255102,0.457664
0.255102,0.467436
0.255102,0.477208
0.255102,0.486980
0.255102,0.496752
0.255102,0.506523
0.255102,0.516295
0.255102,0.526067
0.255102,0.535839
0.255102,0.545611
0.255102,0.555383
0.255102,0.565154
0.255102,0.574926
0.255102,0.584698
0.255102,0.594470
0.255102,0.604242
0.255102,0.614013
0.255102,0.623785
0.255102,0.633557
0.255102,0.643329
0.255102,0.653101
0.255102,0.662872
0.255102,0.672644
0.255102,0.682416
0.255102,0.692188
0.255102,0.701960
0.255102,0.711732
0.255102,0.721503
0.255102,0.731275
0.255102,0.741047
0.255102,0.750819
0.255102,0.760591
0.255102,0.770362
0.255102,0.780134
0.255102,0.789906
0.255102,0.799678
0.255102,0.809450
0.255102,0.819221
0.255102,0.828993
0.255102,0.838765
0.255102,0.848537
0.255102,0.858309
0.255102,0.868081
0.255102,0.877852
0.255102,0.887624
0.255102,0.897396
0.255102,0.907168
0.255102,0.916940
0.255102,0.926711
0.255102,0.936483
0.255102,0.946255
0.255102,0.956027
0.255102,0.965799
0.255102,0.975570
0.255102,0.985342
0.255102,0.995114
0.275510,0.042864
0.275510,0.052581
0.275510,0.062298
0.275510,0.072015
0.275510,0.081732
0.275510,0.091449
0.275510,0.101166
0.275510,0.110883
0.275510,0.120601
0.275510,0.130318
0.275510,0.140035
0.275510,0.149752
0.275510,0.159469
0.275510,0.169186
0.275510,0.178903
0.275510,0.188620
0.275510,0.198337
0.275510,0.208055
0.275510,0.217772
0.275510,0.227489
0.275510,0.237206
0.275510,0.246923
0.275510,0.256640
0.275510,0.266357
0.275510,0.276074
0.275510,0.285792
0.275510,0.295509
0.275510,0.305226
0.275510,0.314943
0.275510,0.324660
0.275510,0.334377
0.275510,0.344094
0.275510,0.353811
0.275510,0.363529
0.275510,0.373246
0.275510,0.382963
0.275510,0.392680
0.275510,0.402397
0.275510,0.412114
0.275510,0.421831
0.275510,0.431548
0.275510,0.441266
0.275510,0.450983
0.275510,0.460700
0.275510,0.470417
0.275510,0.480134
0.275510,0.489851
0.275510,0.499568
0.275510,0.509285
0.275510,0.519002
0.275510,0.528720
0.275510,0.538437
0.275510,0.548154
0.275510,0.557871
0.275510,0.567588
0.275510,0.577305
0.275510,0.587022
0.275510,0.596739
0.275510,0.606457
0.275510,0.616174
0.275510,0.625891
0.275510,0.635608
0.275510,0.645325
0.275510,0.655042
0.275510,0.664759
0.275510,0.674476
0.275510,0.684194
0.275510,0.693911
0.275510,0.703628
0.275510,0.713345
0.275510,0.723062
0.275510,0.732779
0.275510,0.742496
0.275510,0.752213
0.275510,0.761931
0.275510,0.771648
0.275510,0.781365
0.275510,0.791082
0.275510,0.800799
0.275510,0.810516
0.275510,0.820233
0.275510,0.829950
0.275510,0.839667
0.275510,0.849385
0.275510,0.859102
0.275510,0.868819
0.275510,0.878536
0.275510,0.888253
0.275510,0.897970
0.275510,0.907687
0.275510,0.917404
0.275510,0.927122
0.275510,0.936839
0.275510,0.946556
0.275510,0.956273
0.275510,0.965990
0.275510,0.975707
0.275510,0.985424
0.275510,0.995141
0.295918,0.048665
0.295918,0.058323
0.295918,0.067981
0.295918,0.077640
0.295918,0.087298
0.295918,0.096956
0.295918,0.106614
0.295918,0.116273
0.295918,0.125931
0.295918,0.135589
0.295918,0.145247
0.295918,0.154905
0.295918,0.164564
0.295918,0.174222
0.295918,0.183880
0.295918,0.193538
0.295918,0.203197
0.295918,0.212855
0.295918,0.222513
0.295918,0.232171
0.295918,0.241829
0.295918,0.251488
0.295918,0.261146
0.295918,0.270804
0.295918,0.280462
0.295918,0.290121
0.295918,0.299779
0.295918,0.309437
0.295918,0.319095
0.295918,0.328753
0.295918,0.338412
0.295918,0.348070
0.295918,0.357728
0.295918,0.367386
0.295918,0.377045
0.295918,0.386703
0.295918,0.396361
0.295918,0.406019
0.295918,0.415677
0.295918,0.425336
0.295918,0.434994
0.295918,0.444652
0.295918,0.454310
0.295918,0.463969
0.295918,0.473627
0.295918,0.483285
0.295918,0.492943
0.295918,0.502602
0.295918,0.512260
0.295918,0.521918
0.295918,0.531576
0.295918,0.541234
0.295918,0.550893
0.295918,0.560551
0.295918,0.570209
0.295918,0.579867
0.295918,0.589526
0.295918,0.599184
0.295918,0.608842
0.295918,0.618500
0.295918,0.628158
0.295918,0.637817
0.295918,0.647475
0.295918,0.657133
0.295918,0.666791
0.295918,0.676450
0.295918,0.686108
0.295918,0.695766
0.295918,0.705424
0.295918,0.715082
0.295918,0.724741
0.295918,0.734399
0.295918,0.744057
0.295918,0.753715
0.295918,0.763374
0.295918,0.773032
0.295918,0.782690
0.295918,0.792348
0.295918,0.802006
0.295918,0.811665
0.295918,0.821323
0.295918,0.830981
0.295918,0.840639
0.295918,0.850298
0.295918,0.859956
0.295918,0.869614
0.295918,0.879272
0.295918,0.888930
0.295918,0.898589
0.295918,0.908247
0.295918,0.917905
0.295918,0.927563
0.295918,0.937222
0.295918,0.946880
0.295918,0.956538
0.295918,0.966196
0.295918,0.975854
0.295918,0.985513
0.295918,0.995171
0.316327,0.054881
0.316327,0.064476
0.316327,0.074071
0.316327,0.083666
0.316327,0.093261
0.316327,0.102856
0.316327,0.112452
0.316327,0.122047
0.316327,0.131642
0.316327,0.141237
0.316327,0.150832
0.316327,0.160427
0.316327,0.170022
0.316327,0.179617
0.316327,0.189213
0.316327,0.198808
0.316327,0.208403
0.316327,0.217998
0.316327,0.227593
0.316327,0.237188
0.316327,0.246783
0.316327,0.256378
0.316327,0.265973
0.316327,0.275569
0.316327,0.285164
0.316327,0.294759
0.316327,0.304354
0.316327,0.313949
0.316327,0.323544
0.316327,0.333139
0.316327,0.342734
0.316327,0.352330
0.316327,0.361925
0.316327,0.371520
0.316327,0.381115
0.316327,0.390710
0.316327,0.400305
0.316327,0.409900
0.316327,0.419495
0.316327,0.429090
0.316327,0.438686
0.316327,0.448281
0.316327,0.457876
0.316327,0.467471
0.316327,0.477066
0.316327,0.486661
0.316327,0.496256
0.316327,0.505851
0.316327,0.515447
0.316327,0.525042
0.316327,0.534637
0.316327,0.544232
0.316327,0.553827
0.316327,0.563422
0.316327,0.573017
0.316327,0.582612
0.316327,0.592207
0.316327,0.601803
0.316327,0.611398
0.316327,0.620993
0.316327,0.630588
0.316327,0.640183
0.316327,0.649778
0.316327,0.659373
0.316327,0.668968
0.316327,0.678564
0.316327,0.688159
0.316327,0.697754
0.316327,0.707349
0.316327,0.716944
0.316327,0.726539
0.316327,0.736134
0.316327,0.745729
0.316327,0.755324
0.316327,0.764920
0.316327,0.774515
0.316327,0.784110
0.316327,0.793705
0.316327,0.803300
0.316327,0.812895
0.316327,0.822490
0.316327,0.832085
0.316327,0.841681
0.316327,0.851276
0.316327,0.860871
0.316327,0.870466
0.316327,0.880061
0.316327,0.889656
0.316327,0.899251
0.316327,0.908846
0.316327,0.918441
0.316327,0.928037
0.316327,0.937632
0.316327,0.947227
0.316327,0.956822
0.316327,0.966417
0.316327,0.976012
0.316327,0.985607
0.316327,0.995202
0.336735,0.061511
0.336735,0.071039
0.336735,0.080567
0.336735,0.090095
0.336735,0.099622
0.336735,0.109150
0.336735,0.118678
0.336735,0.128206
0.336735,0.137734
0.336735,0.147261
0.336735,0.156789
0.336735,0.166317
0.336735,0.175845
0.336735,0.185373
0.336735,0.194900
0.336735,0.204428
0.336735,0.213956
0.336735,0.223484
0.336735,0.233012
0.336735,0.242539
0.336735,0.252067
0.336735,0.261595
0.336735,0.271123
0.336735,0.280651
0.336735,0.290178
0.336735,0.299706
0.336735,0.309234
0.336735,0.318762
0.336735,0.328290
0.336735,0.337817
0.336735,0.347345
0.336735,0.356873
0.336735,0.366401
0.336735,0.375929
0.336735,0.385457
0.336735,0.394984
0.336735,0.404512
0.336735,0.414040
0.336735,0.423568
0.336735,0.433096
0.336735,0.442623
0.336735,0.452151
0.336735,0.461679
0.336735,0.471207
0.336735,0.480735
0.336735,0.490262
0.336735,0.499790
0.336735,0.509318
0.336735,0.518846
0.336735,0.528374
0.336735,0.537901
0.336735,0.547429
0.336735,0.556957
0.336735,0.566485
0.336735,0.576013
0.336735,0.585540
0.336735,0.595068
0.336735,0.604596
0.336735,0.614124
0.336735,0.623652
0.336735,0.633179
0.336735,0.642707
0.336735,0.652235
0.336735,0.661763
0.336735,0.671291
0.336735,0.680818
0.336735,0.690346
0.336735,0.699874
0.336735,0.709402
0.336735,0.718930
0.336735,0.728458
0.336735,0.737985
0.336735,0.747513
0.336735,0.757041
0.336735,0.766569
0.336735,0.776097
0.336735,0.785624
0.336735,0.795152
0.336735,0.804680
0.336735,0.814208
0.336735,0.823736
0.336735,0.833263
0.336735,0.842791
0.336735,0.852319
0.336735,0.861847
0.336735,0.871375
0.336735,0.880902
0.336735,0.890430
0.336735,0.899958
0.336735,0.909486
0.336735,0.919014
0.336735,0.928541
0.336735,0.938069
0.336735,0.947597
0.336735,0.957125
0.336735,0.966653
0.336735,0.976180
0.336735,0.985708
0.336735,0.995236
0.357143,0.068556
0.357143,0.078012
0.357143,0.087468
0.357143,0.096925
0.357143,0.106381
0.357143,0.115837
0.357143,0.125293
0.357143,0.134750
0.357143,0.144206
0.357143,0.153662
0.357143,0.163119
0.357143,0.172575
0.357143,0.182031
0.357143,0.191487
0.357143,0.200944
0.357143,0.210400
0.357143,0.219856
0.357143,0.229313
0.357143,0.238769
0.357143,0.248225
0.357143,0.257681
0.357143,0.267138
0.357143,0.276594
0.357143,0.286050
0.357143,0.295507
0.357143,0.304963
0.357143,0.314419
0.357143,0.323875
0.357143,0.333332
0.357143,0.342788
0.357143,0.352244
0.357143,0.361701
0.357143,0.371157
0.357143,0.380613
0.357143,0.390069
0.357143,0.399526
0.357143,0.408982
0.357143,0.418438
0.357143,0.427895
0.357143,0.437351
0.357143,0.446807
0.357143,0.456263
0.357143,0.465720
0.357143,0.475176
0.357143,0.484632
0.357143,0.494089
0.357143,0.503545
0.357143,0.513001
0.357143,0.522457
0.357143,0.531914
0.357143,0.541370
0.357143,0.550826
0.357143,0.560283
0.357143,0.569739
0.357143,0.579195
0.357143,0.588652
0.357143,0.598108
0.357143,0.607564
0.357143,0.617020
0.357143,0.626477
0.357143,0.635933
0.357143,0.645389
0.357143,0.654846
0.357143,0.664302
0.357143,0.673758
0.357143,0.683214
0.357143,0.692671
0.357143,0.702127
0.357143,0.711583
0.357143,0.721040
0.357143,0.730496
0.357143,0.739952
0.357143,0.749408
0.357143,0.758865
0.357143,0.768321
0.357143,0.777777
0.357143,0.787234
0.357143,0.796690
0.357143,0.806146
0.357143,0.815602
0.357143,0.825059
0.357143,0.834515
0.357143,0.843971
0.357143,0.853428
0.357143,0.862884
0.357143,0.872340
0.357143,0.881796
0.357143,0.891253
0.357143,0.900709
0.357143,0.910165
0.357143,0.919622
0.357143,0.929078
0.357143,0.938534
0.357143,0.947990
0.357143,0.957447
0.357143,0.966903
0.357143,0.976359
0.357143,0.985816
0.357143,0.995272
0.377551,0.076015
0.377551,0.085395
0.377551,0.094776
0.377551,0.104156
0.377551,0.113537
0.377551,0.122918
0.377551,0.132298
0.377551,0.141679
0.377551,0.151059
0.377551,0.160440
0.377551,0.169820
0.377551,0.179201
0.377551,0.188581
0.377551,0.197962
0.377551,0.207343
0.377551,0.216723
0.377551,0.226104
0.377551,0.235484
0.377551,0.244865
0.377551,0.254245
0.377551,0.263626
0.377551,0.273007
0.377551,0.282387
0.377551,0.291768
0.377551,0.301148
0.377551,0.310529
0.377551,0.319909
0.377551,0.329290
0.377551,0.338670
0.377551,0.348051
0.377551,0.357432
0.377551,0.366812
0.377551,0.376193
0.377551,0.385573
0.377551,0.394954
0.377551,0.404334
0.377551,0.413715
0.377551,0.423095
0.377551,0.432476
0.377551,0.441857
0.377551,0.451237
0.377551,0.460618
0.377551,0.469998
0.377551,0.479379
0.377551,0.488759
0.377551,0.498140
0.377551,0.507521
0.377551,0.516901
0.377551,0.526282
0.377551,0.535662
0.377551,0.545043
0.377551,0.554423
0.377551,0.563804
0.377551,0.573184
0.377551,0.582565
0.377551,0.591946
0.377551,0.601326
0.377551,0.610707
0.377551,0.620087
0.377551,0.629468
0.377551,0.638848
0.377551,0.648229
0.377551,0.657610
0.377551,0.666990
0.377551,0.676371
0.377551,0.685751
0.377551,0.695132
0.377551,0.704512
0.377551,0.713893
0.377551,0.723273
0.377551,0.732654
0.377551,0.742035
0.377551,0.751415
0.377551,0.760796
0.377551,0.770176
0.377551,0.779557
0.377551,0.788937
0.377551,0.798318
0.377551,0.807698
0.377551,0.817079
0.377551,0.826460
0.377551,0.835840
0.377551,0.845221
0.377551,0.854601
0.377551,0.863982
0.377551,0.873362
0.377551,0.882743
0.377551,0.892124
0.377551,0.901504
0.377551,0.910885
0.377551,0.920265
0.377551,0.929646
0.377551,0.939026
0.377551,0.948407
0.377551,0.957787
0.377551,0.967168
0.377551,0.976549
0.377551,0.985929
0.377551,0.995310
0.397959,0.083888
0.397959,0.093189
0.397959,0.102489
0.397959,0.111790
0.397959,0.121091
0.397959,0.130391
0.397959,0.139692
0.397959,0.148993
0.397959,0.158293
0.397959,0.167594
0.397959,0.176894
0.397959,0.186195
0.397959,0.195496
0.397959,0.204796
0.397959,0.214097
0.397959,0.223398
0.397959,0.232698
0.397959,0.241999
0.397959,0.251299
0.397959,0.260600
0.397959,0.269901
0.397959,0.279201
0.397959,0.288502
0.397959,0.297803
0.397959,0.307103
0.397959,0.316404
0.397959,0.325704
0.397959,0.335005
0.397959,0.344306
0.397959,0.353606
0.397959,0.362907
0.397959,0.372208
0.397959,0.381508
0.397959,0.390809
0.397959,0.400109
0.397959,0.409410
0.397959,0.418711
0.397959,0.428011
0.397959,0.437312
0.397959,0.446613
0.397959,0.455913
0.397959,0.465214
0.397959,0.474515
0.397959,0.483815
0.397959,0.493116
0.397959,0.502416
0.397959,0.511717
0.397959,0.521018
0.397959,0.530318
0.397959,0.539619
0.397959,0.548920
0.397959,0.558220
0.397959,0.567521
0.397959,0.576821
0.397959,0.586122
0.397959,0.595423
0.397959,0.604723
0.397959,0.614024
0.397959,0.623325
0.397959,0.632625
0.397959,0.641926
0.397959,0.651226
0.397959,0.660527
0.397959,0.669828
0.397959,0.679128
0.397959,0.688429
0.397959,0.697730
0.397959,0.707030
0.397959,0.716331
0.397959,0.725631
0.397959,0.734932
0.397959,0.744233
0.397959,0.753533
0.397959,0.762834
0.397959,0.772135
0.397959,0.781435
0.397959,0.790736
0.397959,0.800036
0.397959,0.809337
0.397959,0.818638
0.397959,0.827938
0.397959,0.837239
0.397959,0.846540
0.397959,0.855840
0.397959,0.865141
0.397959,0.874442
0.397959,0.883742
0.397959,0.893043
0.397959,0.902343
0.397959,0.911644
0.397959,0.920945
0.397959,0.930245
0.397959,0.939546
0.397959,0.948847
0.397959,0.958147
0.397959,0.967448
0.397959,0.976748
0.397959,0.986049
0.397959,0.995350
0.418367,0.092176
0.418367,0.101392
0.418367,0.110609
0.418367,0.119825
0.418367,0.129042
0.418367,0.138258
0.418367,0.147475
0.418367,0.156691
0.418367,0.165908
0.418367,0.175124
0.418367,0.184341
0.418367,0.193557
0.418367,0.202774
0.418367,0.211990
0.418367,0.221207
0.418367,0.230423
0.418367,0.239640
0.418367,0.248856
0.418367,0.258073
0.418367,0.267289
0.418367,0.276506
0.418367,0.285722
0.418367,0.294939
0.418367,0.304155
0.418367,0.313372
0.418367,0.322588
0.418367,0.331805
0.418367,0.341021
0.418367,0.350238
0.418367,0.359454
0.418367,0.368671
0.418367,0.377887
0.418367,0.387104
0.418367,0.396320
0.418367,0.405537
0.418367,0.414753
0.418367,0.423969
0.418367,0.433186
0.418367,0.442402
0.418367,0.451619
0.418367,0.460835
0.418367,0.470052
0.418367,0.479268
0.418367,0.488485
0.418367,0.497701
0.418367,0.506918
0.418367,0.516134
0.418367,0.525351
0.418367,0.534567
0.418367,0.543784
0.418367,0.553000
0.418367,0.562217
0.418367,0.571433
0.418367,0.580650
0.418367,0.589866
0.418367,0.599083
0.418367,0.608299
0.418367,0.617516
0.418367,0.626732
0.418367,0.635949
0.418367,0.645165
0.418367,0.654382
0.418367,0.663598
0.418367,0.672815
0.418367,0.682031
0.418367,0.691248
0.418367,0.700464
0.418367,0.709681
0.418367,0.718897
0.418367,0.728114
0.418367,0.737330
0.418367,0.746547
0.418367,0.755763
0.418367,0.764980
0.418367,0.774196
0.418367,0.783413
0.418367,0.792629
0.418367,0.801846
0.418367,0.811062
0.418367,0.820278
0.418367,0.829495
0.418367,0.838711
0.418367,0.847928
0.418367,0.857144
0.418367,0.866361
0.418367,0.875577
0.418367,0.884794
0.418367,0.894010
0.418367,0.903227
0.418367,0.912443
0.418367,0.921660
0.418367,0.930876
0.418367,0.940093
0.418367,0.949309
0.418367,0.958526
0.418367,0.967742
0.418367,0.976959
0.418367,0.986175
0.418367,0.995392
0.438776,0.100878
0.438776,0.110006
0.438776,0.119134
0.438776,0.128263
0.438776,0.137391
0.438776,0.146519
0.438776,0.155647
0.438776,0.164775
0.438776,0.173903
0.438776,0.183031
0.438776,0.192160
0.438776,0.201288
0.438776,0.210416
0.438776,0.219544
0.438776,0.228672
0.438776,0.237800
0.438776,0.246928
0.438776,0.256057
0.438776,0.265185
0.438776,0.274313
0.438776,0.283441
0.438776,0.292569
0.438776,0.301697
0.438776,0.310825
0.438776,0.319953
0.438776,0.329082
0.438776,0.338210
0.438776,0.347338
0.438776,0.356466
0.438776,0.365594
0.438776,0.374722
0.438776,0.383850
0.438776,0.392979
0.438776,0.402107
0.438776,0.411235
0.438776,0.420363
0.438776,0.429491
0.438776,0.438619
0.438776,0.447747
0.438776,0.456876
0.438776,0.466004
0.438776,0.475132
0.438776,0.484260
0.438776,0.493388
0.438776,0.502516
0.438776,0.511644
0.438776,0.520773
0.438776,0.529901
0.438776,0.539029
0.438776,0.548157
0.438776,0.557285
0.438776,0.566413
0.438776,0.575541
0.438776,0.584670
0.438776,0.593798
0.438776,0.602926
0.438776,0.612054
0.438776,0.621182
0.438776,0.630310
0.438776,0.639438
0.438776,0.648567
0.438776,0.657695
0.438776,0.666823
0.438776,0.675951
0.438776,0.685079
0.438776,0.694207
0.438776,0.703335
0.438776,0.712464
0.438776,0.721592
0.438776,0.730720
0.438776,0.739848
0.438776,0.748976
0.438776,0.758104
0.438776,0.767232
0.438776,0.776361
0.438776,0.785489
0.438776,0.794617
0.438776,0.803745
0.438776,0.812873
0.438776,0.822001
0.438776,0.831129
0.438776,0.840258
0.438776,0.849386
0.438776,0.858514
0.438776,0.867642
0.438776,0.876770
0.438776,0.885898
0.438776,0.895026
0.438776,0.904155
0.438776,0.913283
0.438776,0.922411
0.438776,0.931539
0.438776,0.940667
0.438776,0.949795
0.438776,0.958923
0.438776,0.968052
0.438776,0.977180
0.438776,0.986308
0.438776,0.995436
0.459184,0.109995
0.459184,0.119030
0.459184,0.128066
0.459184,0.137101
0.459184,0.146137
0.459184,0.155173
0.459184,0.164208
0.459184,0.173244
0.459184,0.182279
0.459184,0.191315
0.459184,0.200351
0.459184,0.209386
0.459184,0.218422
0.459184,0.227457
0.459184,0.236493
0.459184,0.245528
0.459184,0.254564
0.459184,0.263600
0.459184,0.272635
0.459184,0.281671
0.459184,0.290706
0.459184,0.299742
0.459184,0.308778
0.459184,0.317813
0.459184,0.326849
0.459184,0.335884
0.459184,0.344920
0.459184,0.353956
0.459184,0.362991
0.459184,0.372027
0.459184,0.381062
0.459184,0.390098
0.459184,0.399133
0.459184,0.408169
0.459184,0.417205
0.459184,0.426240
0.459184,0.435276
0.459184,0.444311
0.459184,0.453347
0.459184,0.462383
0.459184,0.471418
0.459184,0.480454
0.459184,0.489489
0.459184,0.498525
0.459184,0.507561
0.459184,0.516596
0.459184,0.525632
0.459184,0.534667
0.459184,0.543703
0.459184,0.552738
0.459184,0.561774
0.459184,0.570810
0.459184,0.579845
0.459184,0.588881
0.459184,0.597916
0.459184,0.606952
0.459184,0.615988
0.459184,0.625023
0.459184,0.634059
0.459184,0.643094
0.459184,0.652130
0.459184,0.661165
0.459184,0.670201
0.459184,0.679237
0.459184,0.688272
0.459184,0.697308
0.459184,0.706343
0.459184,0.715379
0.459184,0.724415
0.459184,0.733450
0.459184,0.742486
0.459184,0.751521
0.459184,0.760557
0.459184,0.769593
0.459184,0.778628
0.459184,0.787664
0.459184,0.796699
0.459184,0.805735
0.459184,0.814770
0.459184,0.823806
0.459184,0.832842
0.459184,0.841877
0.459184,0.850913
0.459184,0.859948
0.459184,0.868984
0.459184,0.878020
0.459184,0.887055
0.459184,0.896091
0.459184,0.905126
0.459184,0.914162
0.459184,0.923198
0.459184,0.932233
0.459184,0.941269
0.459184,0.950304
0.459184,0.959340
0.459184,0.968375
0.459184,0.977411
0.459184,0.986447
0.459184,0.995482
0.479592,0.119526
0.479592,0.128464
0.479592,0.137403
0.479592,0.146342
0.479592,0.155281
0.479592,0.164220
0.479592,0.173159
0.479592,0.182097
0.479592,0.191036
0.479592,0.199975
0.479592,0.208914
0.479592,0.217853
0.479592,0.226792
0.479592,0.235730
0.479592,0.244669
0.479592,0.253608
0.479592,0.262547
0.479592,0.271486
0.479592,0.280425
0.479592,0.289363
0.479592,0.298302
0.479592,0.307241
0.479592,0.316180
0.479592,0.325119
0.479592,0.334057
0.479592,0.342996
0.479592,0.351935
0.479592,0.360874
0.479592,0.369813
0.479592,0.378752
0.479592,0.387690
0.479592,0.396629
0.479592,0.405568
0.479592,0.414507
0.479592,0.423446
0.479592,0.432385
0.479592,0.441323
0.479592,0.450262
0.479592,0.459201
0.479592,0.468140
0.479592,0.477079
0.479592,0.486018
0.479592,0.494956
0.479592,0.503895
0.479592,0.512834
0.479592,0.521773
0.479592,0.530712
0.479592,0.539650
0.479592,0.548589
0.479592,0.557528
0.479592,0.566467
0.479592,0.575406
0.479592,0.584345
0.479592,0.593283
0.479592,0.602222
0.479592,0.611161
0.479592,0.620100
0.479592,0.629039
0.479592,0.637978
0.479592,0.646916
0.479592,0.655855
0.479592,0.664794
0.479592,0.673733
0.479592,0.682672
0.479592,0.691611
0.479592,0.700549
0.479592,0.709488
0.479592,0.718427
0.479592,0.727366
0.479592,0.736305
0.479592,0.745243
0.479592,0.754182
0.479592,0.763121
0.479592,0.772060
0.479592,0.780999
0.479592,0.789938
0.479592,0.798876
0.479592,0.807815
0.479592,0.816754
0.479592,0.825693
0.479592,0.834632
0.479592,0.843571
0.479592,0.852509
0.479592,0.861448
0.479592,0.870387
0.479592,0.879326
0.479592,0.888265
0.479592,0.897204
0.479592,0.906142
0.479592,0.915081
0.479592,0.924020
0.479592,0.932959
0.479592,0.941898
0.479592,0.950836
0.479592,0.959775
0.479592,0.968714
0.479592,0.977653
0.479592,0.986592
0.479592,0.995531
0.500000,0.129471
0.500000,0.138309
0.500000,0.147147
0.500000,0.155985
0.500000,0.164822
0.500000,0.173660
0.500000,0.182498
0.500000,0.191336
0.500000,0.200174
0.500000,0.209012
0.500000,0.217850
0.500000,0.226687
0.500000,0.235525
0.500000,0.244363
0.500000,0.253201
0.500000,0.262039
0.500000,0.270877
0.500000,0.279715
0.500000,0.288552
0.500000,0.297390
0.500000,0.306228
0.500000,0.315066
0.500000,0.323904
0.500000,0.332742
0.500000,0.341580
0.500000,0.350417
0.500000,0.359255
0.500000,0.368093
0.500000,0.376931
0.500000,0.385769
0.500000,0.394607
0.500000,0.403445
0.500000,0.412282
0.500000,0.421120
0.500000,0.429958
0.500000,0.438796
0.500000,0.447634
0.500000,0.456472
0.500000,0.465310
0.500000,0.474147
0.500000,0.482985
0.500000,0.491823
0.500000,0.500661
0.500000,0.509499
0.500000,0.518337
0.500000,0.527175
0.500000,0.536012
0.500000,0.544850
0.500000,0.553688
0.500000,0.562526
0.500000,0.571364
0.500000,0.580202
0.500000,0.589040
0.500000,0.597877
0.500000,0.606715
0.500000,0.615553
0.500000,0.624391
0.500000,0.633229
0.500000,0.642067
0.500000,0.650905
0.500000,0.659742
0.500000,0.668580
0.500000,0.677418
0.500000,0.686256
0.500000,0.695094
0.500000,0.703932
0.500000,0.712770
0.500000,0.721607
0.500000,0.730445
0.500000,0.739283
0.500000,0.748121
0.500000,0.756959
0.500000,0.765797
0.500000,0.774635
0.500000,0.783472
0.500000,0.792310
0.500000,0.801148
0.500000,0.809986
0.500000,0.818824
0.500000,0.827662
0.500000,0.836500
0.500000,0.845337
0.500000,0.854175
0.500000,0.863013
0.500000,0.871851
0.500000,0.880689
0.500000,0.889527
0.500000,0.898365
0.500000,0.907202
0.500000,0.916040
0.500000,0.924878
0.500000,0.933716
0.500000,0.942554
0.500000,0.951392
0.500000,0.960230
0.500000,0.969067
0.500000,0.977905
0.500000,0.986743
0.500000,0.995581
0.520408,0.139831
0.520408,0.148563
0.520408,0.157296
0.520408,0.166029
0.520408,0.174761
0.520408,0.183494
0.520408,0.192227
0.520408,0.200960
0.520408,0.209692
0.520408,0.218425
0.520408,0.227158
0.520408,0.235890
0.520408,0.244623
0.520408,0.253356
0.520408,0.262088
0.520408,0.270821
0.520408,0.279554
0.520408,0.288286
0.520408,0.297019
0.520408,0.305752
0.520408,0.314484
0.520408,0.323217
0.520408,0.331950
0.520408,0.340682
0.520408,0.349415
0.520408,0.358148
0.520408,0.366880
0.520408,0.375613
0.520408,0.384346
0.520408,0.393079
0.520408,0.401811
0.520408,0.410544
0.520408,0.419277
0.520408,0.428009
0.520408,0.436742
0.520408,0.445475
0.520408,0.454207
0.520408,0.462940
0.520408,0.471673
0.520408,0.480405
0.520408,0.489138
0.520408,0.497871
0.520408,0.506603
0.520408,0.515336
0.520408,0.524069
0.520408,0.532801
0.520408,0.541534
0.520408,0.550267
0.520408,0.559000
0.520408,0.567732
0.520408,0.576465
0.520408,0.585198
0.520408,0.593930
0.520408,0.602663
0.520408,0.611396
0.520408,0.620128
0.520408,0.628861
0.520408,0.637594
0.520408,0.646326
0.520408,0.655059
0.520408,0.663792
0.520408,0.672524
0.520408,0.681257
0.520408,0.689990
0.520408,0.698722
0.520408,0.707455
0.520408,0.716188
0.520408,0.724920
0.520408,0.733653
0.520408,0.742386
0.520408,0.751119
0.520408,0.759851
0.520408,0.768584
0.520408,0.777317
0.520408,0.786049
0.520408,0.794782
0.520408,0.803515
0.520408,0.812247
0.520408,0.820980
0.520408,0.829713
0.520408,0.838445
0.520408,0.847178
0.520408,0.855911
0.520408,0.864643
0.520408,0.873376
0.520408,0.882109
0.520408,0.890841
0.520408,0.899574
0.520408,0.908307
0.520408,0.917040
0.520408,0.925772
0.520408,0.934505
0.520408,0.943238
0.520408,0.951970
0.520408,0.960703
0.520408,0.969436
0.520408,0.978168
0.520408,0.986901
0.520408,0.995634
0.540816,0.150605
0.540816,0.159228
0.540816,0.167851
0.540816,0.176475
0.540816,0.185098
0.540816,0.193721
0.540816,0.202345
0.540816,0.210968
0.540816,0.219591
0.540816,0.228215
0.540816,0.236838
0.540816,0.245461
0.540816,0.254084
0.540816,0.262708
0.540816,0.271331
0.540816,0.279954
0.540816,0.288578
0.540816,0.297201
0.540816,0.305824
0.540816,0.314448
0.540816,0.323071
0.540816,0.331694
0.540816,0.340317
0.540816,0.348941
0.540816,0.357564
0.540816,0.366187
0.540816,0.374811
0.540816,0.383434
0.540816,0.392057
0.540816,0.400681
0.540816,0.409304
0.540816,0.417927
0.540816,0.426550
0.540816,0.435174
0.540816,0.443797
0.540816,0.452420
0.540816,0.461044
0.540816,0.469667
0.540816,0.478290
0.540816,0.486914
0.540816,0.495537
0.540816,0.504160
0.540816,0.512783
0.540816,0.521407
0.540816,0.530030
0.540816,0.538653
0.540816,0.547277
0.540816,0.555900
0.540816,0.564523
0.540816,0.573147
0.540816,0.581770
0.540816,0.590393
0.540816,0.599017
0.540816,0.607640
0.540816,0.616263
0.540816,0.624886
0.540816,0.633510
0.540816,0.642133
0.540816,0.650756
0.540816,0.659380
0.540816,0.668003
0.540816,0.676626
0.540816,0.685250
0.540816,0.693873
0.540816,0.702496
0.540816,0.711119
0.540816,0.719743
0.540816,0.728366
0.540816,0.736989
0.540816,0.745613
0.540816,0.754236
0.540816,0.762859
0.540816,0.771483
0.540816,0.780106
0.540816,0.788729
0.540816,0.797352
0.540816,0.805976
0.540816,0.814599
0.540816,0.823222
0.540816,0.831846
0.540816,0.840469
0.540816,0.849092
0.540816,0.857716
0.540816,0.866339
0.540816,0.874962
0.540816,0.883585
0.540816,0.892209
0.540816,0.900832
0.540816,0.909455
0.540816,0.918079
0.540816,0.926702
0.540816,0.935325
0.540816,0.943949
0.540816,0.952572
0.540816,0.961195
0.540816,0.969818
0.540816,0.978442
0.540816,0.987065
0.540816,0.995688
0.561224,0.161793
0.561224,0.170303
0.561224,0.178813
0.561224,0.187323
0.561224,0.195832
0.561224,0.204342
0.561224,0.212852
0.561224,0.221361
0.561224,0.229871
0.561224,0.238381
0.561224,0.246891
0.561224,0.255400
0.561224,0.263910
0.561224,0.272420
0.561224,0.280929
0.561224,0.289439
0.561224,0.297949
0.561224,0.306458
0.561224,0.314968
0.561224,0.323478
0.561224,0.331988
0.561224,0.340497
0.561224,0.349007
0.561224,0.357517
0.561224,0.366026
0.561224,0.374536
0.561224,0.383046
0.561224,0.391556
0.561224,0.400065
0.561224,0.408575
0.561224,0.417085
0.561224,0.425594
0.561224,0.434104
0.561224,0.442614
0.561224,0.451124
0.561224,0.459633
0.561224,0.468143
0.561224,0.476653
0.561224,0.485162
0.561224,0.493672
0.561224,0.502182
0.561224,0.510692
0.561224,0.519201
0.561224,0.527711
0.561224,0.536221
0.561224,0.544730
0.561224,0.553240
0.561224,0.561750
0.561224,0.570260
0.561224,0.578769
0.561224,0.587279
0.561224,0.595789
0.561224,0.604298
0.561224,0.612808
0.561224,0.621318
0.561224,0.629828
0.561224,0.638337
0.561224,0.646847
0.561224,0.655357
0.561224,0.663866
0.561224,0.672376
0.561224,0.680886
0.561224,0.689396
0.561224,0.697905
0.561224,0.706415
0.561224,0.714925
0.561224,0.723434
0.561224,0.731944
0.561224,0.740454
0.561224,0.748964
0.561224,0.757473
0.561224,0.765983
0.561224,0.774493
0.561224,0.783002
0.561224,0.791512
0.561224,0.800022
0.561224,0.808531
0.561224,0.817041
0.561224,0.825551
0.561224,0.834061
0.561224,0.842570
0.561224,0.851080
0.561224,0.859590
0.561224,0.868099
0.561224,0.876609
0.561224,0.885119
0.561224,0.893629
0.561224,0.902138
0.561224,0.910648
0.561224,0.919158
0.561224,0.927667
0.561224,0.936177
0.561224,0.944687
0.561224,0.953197
0.561224,0.961706
0.561224,0.970216
0.561224,0.978726
0.561224,0.987235
0.561224,0.995745
0.581633,0.173396
0.581633,0.181788
0.581633,0.190180
0.581633,0.198572
0.581633,0.206964
0.581633,0.215356
0.581633,0.223748
0.581633,0.232140
0.581633,0.240532
0.581633,0.248924
0.581633,0.257315
0.581633,0.265707
0.581633,0.274099
0.581633,0.282491
0.581633,0.290883
0.581633,0.299275
0.581633,0.307667
0.581633,0.316059
0.581633,0.324451
0.581633,0.332843
0.581633,0.341235
0.581633,0.349627
0.581633,0.358018
0.581633,0.366410
0.581633,0.374802
0.581633,0.383194
0.581633,0.391586
0.581633,0.399978
0.581633,0.408370
0.581633,0.416762
0.581633,0.425154
0.581633,0.433546
0.581633,0.441938
0.581633,0.450330
0.581633,0.458721
0.581633,0.467113
0.581633,0.475505
0.581633,0.483897
0.581633,0.492289
0.581633,0.500681
0.581633,0.509073
0.581633,0.517465
0.581633,0.525857
0.581633,0.534249
0.581633,0.542641
0.581633,0.551033
0.581633,0.559424
0.581633,0.567816
0.581633,0.576208
0.581633,0.584600
0.581633,0.592992
0.581633,0.601384
0.581633,0.609776
0.581633,0.618168
0.581633,0.626560
0.581633,0.634952
0.581633,0.643344
0.581633,0.651735
0.581633,0.660127
0.581633,0.668519
0.581633,0.676911
0.581633,0.685303
0.581633,0.693695
0.581633,0.702087
0.581633,0.710479
0.581633,0.718871
0.581633,0.727263
0.581633,0.735655
0.581633,0.744047
0.581633,0.752438
0.581633,0.760830
0.581633,0.769222
0.581633,0.777614
0.581633,0.786006
0.581633,0.794398
0.581633,0.802790
0.581633,0.811182
0.581633,0.819574
0.581633,0.827966
0.581633,0.836358
0.581633,0.844750
0.581633,0.853141
0.581633,0.861533
0.581633,0.869925
0.581633,0.878317
0.581633,0.886709
0.581633,0.895101
0.581633,0.903493
0.581633,0.911885
0.581633,0.920277
0.581633,0.928669
0.581633,0.937061
0.581633,0.945453
0.581633,0.953844
0.581633,0.962236
0.581633,0.970628
0.581633,0.979020
0.581633,0.987412
0.581633,0.995804
0.602041,0.185414
0.602041,0.193684
0.602041,0.201953
0.602041,0.210223
0.602041,0.218493
0.602041,0.226763
0.602041,0.235033
0.602041,0.243303
0.602041,0.251573
0.602041,0.259843
0.602041,0.268113
0.602041,0.276383
0.602041,0.284653
0.602041,0.292922
0.602041,0.301192
0.602041,0.309462
0.602041,0.317732
0.602041,0.326002
0.602041,0.334272
0.602041,0.342542
0.602041,0.350812
0.602041,0.359082
0.602041,0.367352
0.602041,0.375622
0.602041,0.383891
0.602041,0.392161
0.602041,0.400431
0.602041,0.408701
0.602041,0.416971
0.602041,0.425241
0.602041,0.433511
0.602041,0.441781
0.602041,0.450051
0.602041,0.458321
0.602041,0.466591
0.602041,0.474861
0.602041,0.483130
0.602041,0.491400
0.602041,0.499670
0.602041,0.507940
0.602041,0.516210
0.602041,0.524480
0.602041,0.532750
0.602041,0.541020
0.602041,0.549290
0.602041,0.557560
0.602041,0.565830
0.602041,0.574099
0.602041,0.582369
0.602041,0.590639
0.602041,0.598909
0.602041,0.607179
0.602041,0.615449
0.602041,0.623719
0.602041,0.631989
0.602041,0.640259
0.602041,0.648529
0.602041,0.656799
0.602041,0.665069
0.602041,0.673338
0.602041,0.681608
0.602041,0.689878
0.602041,0.698148
0.602041,0.706418
0.602041,0.714688
0.602041,0.722958
0.602041,0.731228
0.602041,0.739498
0.602041,0.747768
0.602041,0.756038
0.602041,0.764307
0.602041,0.772577
0.602041,0.780847
0.602041,0.789117
0.602041,0.797387
0.602041,0.805657
0.602041,0.813927
0.602041,0.822197
0.602041,0.830467
0.602041,0.838737
0.602041,0.847007
0.602041,0.855277
0.602041,0.863546
0.602041,0.871816
0.602041,0.880086
0.602041,0.888356
0.602041,0.896626
0.602041,0.904896
0.602041,0.913166
0.602041,0.921436
0.602041,0.929706
0.602041,0.937976
0.602041,0.946246
0.602041,0.954515
0.602041,0.962785
0.602041,0.971055
0.602041,0.979325
0.602041,0.987595
0.602041,0.995865
0.622449,0.197845
0.622449,0.205989
0.622449,0.214133
0.622449,0.222276
0.622449,0.230420
0.622449,0.238564
0.622449,0.246707
0.622449,0.254851
0.622449,0.262995
0.622449,0.271139
0.622449,0.279282
0.622449,0.287426
0.622449,0.295570
0.622449,0.303713
0.622449,0.311857
0.622449,0.320001
0.622449,0.328145
0.622449,0.336288
0.622449,0.344432
0.622449,0.352576
0.622449,0.360719
0.622449,0.368863
0.622449,0.377007
0.622449,0.385150
0.622449,0.393294
0.622449,0.401438
0.622449,0.409582
0.622449,0.417725
0.622449,0.425869
0.622449,0.434013
0.622449,0.442156
0.622449,0.450300
0.622449,0.458444
0.622449,0.466587
0.622449,0.474731
0.622449,0.482875
0.622449,0.491019
0.622449,0.499162
0.622449,0.507306
0.622449,0.515450
0.622449,0.523593
0.622449,0.531737
0.622449,0.539881
0.622449,0.548024
0.622449,0.556168
0.622449,0.564312
0.622449,0.572456
0.622449,0.580599
0.622449,0.588743
0.622449,0.596887
0.622449,0.605030
0.622449,0.613174
0.622449,0.621318
0.622449,0.629462
0.622449,0.637605
0.622449,0.645749
0.622449,0.653893
0.622449,0.662036
0.622449,0.670180
0.622449,0.678324
0.622449,0.686467
0.622449,0.694611
0.622449,0.702755
0.622449,0.710899
0.622449,0.719042
0.622449,0.727186
0.622449,0.735330
0.622449,0.743473
0.622449,0.751617
0.622449,0.759761
0.622449,0.767904
0.622449,0.776048
0.622449,0.784192
0.622449,0.792336
0.622449,0.800479
0.622449,0.808623
0.622449,0.816767
0.622449,0.824910
0.622449,0.833054
0.622449,0.841198
0.622449,0.849341
0.622449,0.857485
0.622449,0.865629
0.622449,0.873773
0.622449,0.881916
0.622449,0.890060
0.622449,0.898204
0.622449,0.906347
0.622449,0.914491
0.622449,0.922635
0.622449,0.930779
0.622449,0.938922
0.622449,0.947066
0.622449,0.955210
0.622449,0.963353
0.622449,0.971497
0.622449,0.979641
0.622449,0.987784
0.622449,0.995928
0.642857,0.210691
0.642857,0.218705
0.642857,0.226718
0.642857,0.234731
0.642857,0.242745
0.642857,0.250758
0.642857,0.258771
0.642857,0.266784
0.642857,0.274798
0.642857,0.282811
0.642857,0.290824
0.642857,0.298838
0.642857,0.306851
0.642857,0.314864
0.642857,0.322877
0.642857,0.330891
0.642857,0.338904
0.642857,0.346917
0.642857,0.354931
0.642857,0.362944
0.642857,0.370957
0.642857,0.378970
0.642857,0.386984
0.642857,0.394997
0.642857,0.403010
0.642857,0.411024
0.642857,0.419037
0.642857,0.427050
0.642857,0.435063
0.642857,0.443077
0.642857,0.451090
0.642857,0.459103
0.642857,0.467117
0.642857,0.475130
0.642857,0.483143
0.642857,0.491156
0.642857,0.499170
0.642857,0.507183
0.642857,0.515196
0.642857,0.523210
0.642857,0.531223
0.642857,0.539236
0.642857,0.547249
0.642857,0.555263
0.642857,0.563276
0.642857,0.571289
0.642857,0.579303
0.642857,0.587316
0.642857,0.595329
0.642857,0.603342
0.642857,0.611356
0.642857,0.619369
0.642857,0.627382
0.642857,0.635396
0.642857,0.643409
0.642857,0.651422
0.642857,0.659435
0.642857,0.667449
0.642857,0.675462
0.642857,0.683475
0.642857,0.691489
0.642857,0.699502
0.642857,0.707515
0.642857,0.715528
0.642857,0.723542
0.642857,0.731555
0.642857,0.739568
0.642857,0.747582
0.642857,0.755595
0.642857,0.763608
0.642857,0.771621
0.642857,0.779635
0.642857,0.787648
0.642857,0.795661
0.642857,0.803675
0.642857,0.811688
0.642857,0.819701
0.642857,0.827714
0.642857,0.835728
0.642857,0.843741
0.642857,0.851754
0.642857,0.859768
0.642857,0.867781
0.642857,0.875794
0.642857,0.883807
0.642857,0.891821
0.642857,0.899834
0.642857,0.907847
0.642857,0.915861
0.642857,0.923874
0.642857,0.931887
0.642857,0.939900
0.642857,0.947914
0.642857,0.955927
0.642857,0.963940
0.642857,0.971954
0.642857,0.979967
0.642857,0.987980
0.642857,0.995993
0.663265,0.223952
0.663265,0.231830
0.663265,0.239709
0.663265,0.247588
0.663265,0.255466
0.663265,0.263345
0.663265,0.271224
0.663265,0.279102
0.663265,0.286981
0.663265,0.294860
0.663265,0.302738
0.663265,0.310617
0.663265,0.318496
0.663265,0.326374
0.663265,0.334253
0.663265,0.342132
0.663265,0.350010
0.663265,0.357889
0.663265,0.365768
0.663265,0.373646
0.663265,0.381525
0.663265,0.389404
0.663265,0.397282
0.663265,0.405161
0.663265,0.413040
0.663265,0.420918
0.663265,0.428797
0.663265,0.436676
0.663265,0.444554
0.663265,0.452433
0.663265,0.460312
0.663265,0.468190
0.663265,0.476069
0.663265,0.483948
0.663265,0.491826
0.663265,0.499705
0.663265,0.507584
0.663265,0.515462
0.663265,0.523341
0.663265,0.531220
0.663265,0.539098
0.663265,0.546977
0.663265,0.554856
0.663265,0.562734
0.663265,0.570613
0.663265,0.578492
0.663265,0.586370
0.663265,0.594249
0.663265,0.602128
0.663265,0.610006
0.663265,0.617885
0.663265,0.625764
0.663265,0.633642
0.663265,0.641521
0.663265,0.649400
0.663265,0.657278
0.663265,0.665157
0.663265,0.673036
0.663265,0.680914
0.663265,0.688793
0.663265,0.696672
0.663265,0.704550
0.663265,0.712429
0.663265,0.720308
0.663265,0.728186
0.663265,0.736065
0.663265,0.743943
0.663265,0.751822
0.663265,0.759701
0.663265,0.767579
0.663265,0.775458
0.663265,0.783337
0.663265,0.791215
0.663265,0.799094
0.663265,0.806973
0.663265,0.814851
0.663265,0.822730
0.663265,0.830609
0.663265,0.838487
0.663265,0.846366
0.663265,0.854245
0.663265,0.862123
0.663265,0.870002
0.663265,0.877881
0.663265,0.885759
0.663265,0.893638
0.663265,0.901517
0.663265,0.909395
0.663265,0.917274
0.663265,0.925153
0.663265,0.933031
0.663265,0.940910
0.663265,0.948789
0.663265,0.956667
0.663265,0.964546
0.663265,0.972425
0.663265,0.980303
0.663265,0.988182
0.663265,0.996061
0.683673,0.237627
0.683673,0.245367
0.683673,0.253106
0.683673,0.260846
0.683673,0.268586
0.683673,0.276326
0.683673,0.284066
0.683673,0.291805
0.683673,0.299545
0.683673,0.307285
0.683673,0.315025
0.683673,0.322765
0.683673,0.330505
0.683673,0.338244
0.683673,0.345984
0.683673,0.353724
0.683673,0.361464
0.683673,0.369204
0.683673,0.376944
0.683673,0.384683
0.683673,0.392423
0.683673,0.400163
0.683673,0.407903
0.683673,0.415643
0.683673,0.423383
0.683673,0.431122
0.683673,0.438862
0.683673,0.446602
0.683673,0.454342
0.683673,0.462082
0.683673,0.469822
0.683673,0.477561
0.683673,0.485301
0.683673,0.493041
0.683673,0.500781
0.683673,0.508521
0.683673,0.516261
0.683673,0.524000
0.683673,0.531740
0.683673,0.539480
0.683673,0.547220
0.683673,0.554960
0.683673,0.562700
0.683673,0.570439
0.683673,0.578179
0.683673,0.585919
0.683673,0.593659
0.683673,0.601399
0.683673,0.609139
0.683673,0.616878
0.683673,0.624618
0.683673,0.632358
0.683673,0.640098
0.683673,0.647838
0.683673,0.655578
0.683673,0.663317
0.683673,0.671057
0.683673,0.678797
0.683673,0.686537
0.683673,0.694277
0.683673,0.702017
0.683673,0.709756
0.683673,0.717496
0.683673,0.725236
0.683673,0.732976
0.683673,0.740716
0.683673,0.748456
0.683673,0.756195
0.683673,0.763935
0.683673,0.771675
0.683673,0.779415
0.683673,0.787155
0.683673,0.794894
0.683673,0.802634
0.683673,0.810374
0.683673,0.818114
0.683673,0.825854
0.683673,0.833594
0.683673,0.841333
0.683673,0.849073
0.683673,0.856813
0.683673,0.864553
0.683673,0.872293
0.683673,0.880033
0.683673,0.887772
0.683673,0.895512
0.683673,0.903252
0.683673,0.910992
0.683673,0.918732
0.683673,0.926472
0.683673,0.934211
0.683673,0.941951
0.683673,0.949691
0.683673,0.957431
0.683673,0.965171
0.683673,0.972911
0.683673,0.980650
0.683673,0.988390
0.683673,0.996130
0.704082,0.251716
0.704082,0.259313
0.704082,0.266910
0.704082,0.274506
0.704082,0.282103
0.704082,0.289700
0.704082,0.297297
0.704082,0.304893
0.704082,0.312490
0.704082,0.320087
0.704082,0.327684
0.704082,0.335281
0.704082,0.342877
0.704082,0.350474
0.704082,0.358071
0.704082,0.365668
0.704082,0.373265
0.704082,0.380861
0.704082,0.388458
0.704082,0.396055
0.704082,0.403652
0.704082,0.411249
0.704082,0.418845
0.704082,0.426442
0.704082,0.434039
0.704082,0.441636
0.704082,0.449233
0.704082,0.456829
0.704082,0.464426
0.704082,0.472023
0.704082,0.479620
0.704082,0.487217
0.704082,0.494813
0.704082,0.502410
0.704082,0.510007
0.704082,0.517604
0.704082,0.525200
0.704082,0.532797
0.704082,0.540394
0.704082,0.547991
0.704082,0.555588
0.704082,0.563184
0.704082,0.570781
0.704082,0.578378
0.704082,0.585975
0.704082,0.593572
0.704082,0.601168
0.704082,0.608765
0.704082,0.616362
0.704082,0.623959
0.704082,0.631556
0.704082,0.639152
0.704082,0.646749
0.704082,0.654346
0.704082,0.661943
0.704082,0.669540
0.704082,0.677136
0.704082,0.684733
0.704082,0.692330
0.704082,0.699927
0.704082,0.707523
0.704082,0.715120
0.704082,0.722717
0.704082,0.730314
0.704082,0.737911
0.704082,0.745507
0.704082,0.753104
0.704082,0.760701
0.704082,0.768298
0.704082,0.775895
0.704082,0.783491
0.704082,0.791088
0.704082,0.798685
0.704082,0.806282
0.704082,0.813879
0.704082,0.821475
0.704082,0.829072
0.704082,0.836669
0.704082,0.844266
0.704082,0.851863
0.704082,0.859459
0.704082,0.867056
0.704082,0.874653
0.704082,0.882250
0.704082,0.889847
0.704082,0.897443
0.704082,0.905040
0.704082,0.912637
0.704082,0.920234
0.704082,0.927830
0.704082,0.935427
0.704082,0.943024
0.704082,0.950621
0.704082,0.958218
0.704082,0.965814
0.704082,0.973411
0.704082,0.981008
0.704082,0.988605
0.704082,0.996202
0.724490,0.266220
0.724490,0.273669
0.724490,0.281119
0.724490,0.288568
0.724490,0.296018
0.724490,0.303467
0.724490,0.310917
0.724490,0.318366
0.724490,0.325816
0.724490,0.333265
0.724490,0.340715
0.724490,0.348165
0.724490,0.355614
0.724490,0.363064
0.724490,0.370513
0.724490,0.377963
0.724490,0.385412
0.724490,0.392862
0.724490,0.400311
0.724490,0.407761
0.724490,0.415211
0.724490,0.422660
0.724490,0.430110
0.724490,0.437559
0.724490,0.445009
0.724490,0.452458
0.724490,0.459908
0.724490,0.467357
0.724490,0.474807
0.724490,0.482256
0.724490,0.489706
0.724490,0.497156
0.724490,0.504605
0.724490,0.512055
0.724490,0.519504
0.724490,0.526954
0.724490,0.534403
0.724490,0.541853
0.724490,0.549302
0.724490,0.556752
0.724490,0.564201
0.724490,0.571651
0.724490,0.579101
0.724490,0.586550
0.724490,0.594000
0.724490,0.601449
0.724490,0.608899
0.724490,0.616348
0.724490,0.623798
0.724490,0.631247
0.724490,0.638697
0.724490,0.646146
0.724490,0.653596
0.724490,0.661046
0.724490,0.668495
0.724490,0.675945
0.724490,0.683394
0.724490,0.690844
0.724490,0.698293
0.724490,0.705743
0.724490,0.713192
0.724490,0.720642
0.724490,0.728092
0.724490,0.735541
0.724490,0.742991
0.724490,0.750440
0.724490,0.757890
0.724490,0.765339
0.724490,0.772789
0.724490,0.780238
0.724490,0.787688
0.724490,0.795137
0.724490,0.802587
0.724490,0.810037
0.724490,0.817486
0.724490,0.824936
0.724490,0.832385
0.724490,0.839835
0.724490,0.847284
0.724490,0.854734
0.724490,0.862183
0.724490,0.869633
0.724490,0.877082
0.724490,0.884532
0.724490,0.891982
0.724490,0.899431
0.724490,0.906881
0.724490,0.914330
0.724490,0.921780
0.724490,0.929229
0.724490,0.936679
0.724490,0.944128
0.724490,0.951578
0.724490,0.959027
0.724490,0.966477
0.724490,0.973927
0.724490,0.981376
0.724490,0.988826
0.724490,0.996275
0.744898,0.281138
0.744898,0.288436
0.744898,0.295734
0.744898,0.303032
0.744898,0.310330
0.744898,0.317628
0.744898,0.324926
0.744898,0.332224
0.744898,0.339522
0.744898,0.346820
0.744898,0.354119
0.744898,0.361417
0.744898,0.368715
0.744898,0.376013
0.744898,0.383311
0.744898,0.390609
0.744898,0.397907
0.744898,0.405205
0.744898,0.412503
0.744898,0.419801
0.744898,0.427100
0.744898,0.434398
0.744898,0.441696
0.744898,0.448994
0.744898,0.456292
0.744898,0.463590
0.744898,0.470888
0.744898,0.478186
0.744898,0.485484
0.744898,0.492782
0.744898,0.500080
0.744898,0.507379
0.744898,0.514677
0.744898,0.521975
0.744898,0.529273
0.744898,0.536571
0.744898,0.543869
0.744898,0.551167
0.744898,0.558465
0.744898,0.565763
0.744898,0.573061
0.744898,0.580360
0.744898,0.587658
0.744898,0.594956
0.744898,0.602254
0.744898,0.609552
0.744898,0.616850
0.744898,0.624148
0.744898,0.631446
0.744898,0.638744
0.744898,0.646042
0.744898,0.653340
0.744898,0.660639
0.744898,0.667937
0.744898,0.675235
0.744898,0.682533
0.744898,0.689831
0.744898,0.697129
0.744898,0.704427
0.744898,0.711725
0.744898,0.719023
0.744898,0.726321
0.744898,0.733620
0.744898,0.740918
0.744898,0.748216
0.744898,0.755514
0.744898,0.762812
0.744898,0.770110
0.744898,0.777408
0.744898,0.784706
0.744898,0.792004
0.744898,0.799302
0.744898,0.806600
0.744898,0.813899
0.744898,0.821197
0.744898,0.828495
0.744898,0.835793
0.744898,0.843091
0.744898,0.850389
0.744898,0.857687
0.744898,0.864985
0.744898,0.872283
0.744898,0.879581
0.744898,0.886880
0.744898,0.894178
0.744898,0.901476
0.744898,0.908774
0.744898,0.916072
0.744898,0.923370
0.744898,0.930668
0.744898,0.937966
0.744898,0.945264
0.744898,0.952562
0.744898,0.959860
0.744898,0.967159
0.744898,0.974457
0.744898,0.981755
0.744898,0.989053
0.744898,0.996351
0.765306,0.296470
0.765306,0.303612
0.765306,0.310755
0.765306,0.317897
0.765306,0.325040
0.765306,0.332182
0.765306,0.339325
0.765306,0.346467
0.765306,0.353610
0.765306,0.360752
0.765306,0.367894
0.765306,0.375037
0.765306,0.382179
0.765306,0.389322
0.765306,0.396464
0.765306,0.403607
0.765306,0.410749
0.765306,0.417891
0.765306,0.425034
0.765306,0.432176
0.765306,0.439319
0.765306,0.446461
0.765306,0.453604
0.765306,0.460746
0.765306,0.467888
0.765306,0.475031
0.765306,0.482173
0.765306,0.489316
0.765306,0.496458
0.765306,0.503601
0.765306,0.510743
0.765306,0.517886
0.765306,0.525028
0.765306,0.532170
0.765306,0.539313
0.765306,0.546455
0.765306,0.553598
0.765306,0.560740
0.765306,0.567883
0.765306,0.575025
0.765306,0.582167
0.765306,0.589310
0.765306,0.596452
0.765306,0.603595
0.765306,0.610737
0.765306,0.617880
0.765306,0.625022
0.765306,0.632165
0.765306,0.639307
0.765306,0.646449
0.765306,0.653592
0.765306,0.660734
0.765306,0.667877
0.765306,0.675019
0.765306,0.682162
0.765306,0.689304
0.765306,0.696446
0.765306,0.703589
0.765306,0.710731
0.765306,0.717874
0.765306,0.725016
0.765306,0.732159
0.765306,0.739301
0.765306,0.746444
0.765306,0.753586
0.765306,0.760728
0.765306,0.767871
0.765306,0.775013
0.765306,0.782156
0.765306,0.789298
0.765306,0.796441
0.765306,0.803583
0.765306,0.810725
0.765306,0.817868
0.765306,0.825010
0.765306,0.832153
0.765306,0.839295
0.765306,0.846438
0.765306,0.853580
0.765306,0.860722
0.765306,0.867865
0.765306,0.875007
0.765306,0.882150
0.765306,0.889292
0.765306,0.896435
0.765306,0.903577
0.765306,0.910720
0.765306,0.917862
0.765306,0.925004
0.765306,0.932147
0.765306,0.939289
0.765306,0.946432
0.765306,0.953574
0.765306,0.960717
0.765306,0.967859
0.765306,0.975001
0.765306,0.982144
0.765306,0.989286
0.765306,0.996429
0.785714,0.312217
0.785714,0.319199
0.785714,0.326182
0.785714,0.333165
0.785714,0.340147
0.785714,0.347130
0.785714,0.354112
0.785714,0.361095
0.785714,0.368077
0.785714,0.375060
0.785714,0.382043
0.785714,0.389025
0.785714,0.396008
0.785714,0.402990
0.785714,0.409973
0.785714,0.416955
0.785714,0.423938
0.785714,0.430921
0.785714,0.437903
0.785714,0.444886
0.785714,0.451868
0.785714,0.458851
0.785714,0.465833
0.785714,0.472816
0.785714,0.479799
0.785714,0.486781
0.785714,0.493764
0.785714,0.500746
0.785714,0.507729
0.785714,0.514711
0.785714,0.521694
0.785714,0.528676
0.785714,0.535659
0.785714,0.542642
0.785714,0.549624
0.785714,0.556607
0.785714,0.563589
0.785714,0.570572
0.785714,0.577554
0.785714,0.584537
0.785714,0.591520
0.785714,0.598502
0.785714,0.605485
0.785714,0.612467
0.785714,0.619450
0.785714,0.626432
0.785714,0.633415
0.785714,0.640398
0.785714,0.647380
0.785714,0.654363
0.785714,0.661345
0.785714,0.668328
0.785714,0.675310
0.785714,0.682293
0.785714,0.689276
0.785714,0.696258
0.785714,0.703241
0.785714,0.710223
0.785714,0.717206
0.785714,0.724188
0.785714,0.731171
0.785714,0.738154
0.785714,0.745136
0.785714,0.752119
0.785714,0.759101
0.785714,0.766084
0.785714,0.773066
0.785714,0.780049
0.785714,0.787032
0.785714,0.794014
0.785714,0.800997
0.785714,0.807979
0.785714,0.814962
0.785714,0.821944
0.785714,0.828927
0.785714,0.835910
0.785714,0.842892
0.785714,0.849875
0.785714,0.856857
0.785714,0.863840
0.785714,0.870822
0.785714,0.877805
0.785714,0.884788
0.785714,0.891770
0.785714,0.898753
0.785714,0.905735
0.785714,0.912718
0.785714,0.919700
0.785714,0.926683
0.785714,0.933666
0.785714,0.940648
0.785714,0.947631
0.785714,0.954613
0.785714,0.961596
0.785714,0.968578
0.785714,0.975561
0.785714,0.982544
0.785714,0.989526
0.785714,0.996509
0.806122,0.328378
0.806122,0.335197
0.806122,0.342015
0.806122,0.348834
0.806122,0.355652
0.806122,0.362470
0.806122,0.369289
0.806122,0.376107
0.806122,0.382926
0.806122,0.389744
0.806122,0.396563
0.806122,0.403381
0.806122,0.410200
0.806122,0.417018
0.806122,0.423837
0.806122,0.430655
0.806122,0.437474
0.806122,0.444292
0.806122,0.451111
0.806122,0.457929
0.806122,0.464748
0.806122,0.471566
0.806122,0.478385
0.806122,0.485203
0.806122,0.492022
0.806122,0.498840
0.806122,0.505659
0.806122,0.512477
0.806122,0.519296
0.806122,0.526114
0.806122,0.532933
0.806122,0.539751
0.806122,0.546570
0.806122,0.553388
0.806122,0.560207
0.806122,0.567025
0.806122,0.573844
0.806122,0.580662
0.806122,0.587481
0.806122,0.594299
0.806122,0.601118
0.806122,0.607936
0.806122,0.614755
0.806122,0.621573
0.806122,0.628392
0.806122,0.635210
0.806122,0.642029
0.806122,0.648847
0.806122,0.655666
0.806122,0.662484
0.806122,0.669303
0.806122,0.676121
0.806122,0.682940
0.806122,0.689758
0.806122,0.696577
0.806122,0.703395
0.806122,0.710214
0.806122,0.717032
0.806122,0.723851
0.806122,0.730669
0.806122,0.737488
0.806122,0.744306
0.806122,0.751125
0.806122,0.757943
0.806122,0.764762
0.806122,0.771580
0.806122,0.778399
0.806122,0.785217
0.806122,0.792036
0.806122,0.798854
0.806122,0.805673
0.806122,0.812491
0.806122,0.819310
0.806122,0.826128
0.806122,0.832947
0.806122,0.839765
0.806122,0.846584
0.806122,0.853402
0.806122,0.860221
0.806122,0.867039
0.806122,0.873858
0.806122,0.880676
0.806122,0.887495
0.806122,0.894313
0.806122,0.901132
0.806122,0.907950
0.806122,0.914769
0.806122,0.921587
0.806122,0.928406
0.806122,0.935224
0.806122,0.942043
0.806122,0.948861
0.806122,0.955680
0.806122,0.962498
0.806122,0.969317
0.806122,0.976135
0.806122,0.982954
0.806122,0.989772
0.806122,0.996591
0.826531,0.344954
0.826531,0.351604
0.826531,0.358254
0.826531,0.364904
0.826531,0.371554
0.826531,0.378205
0.826531,0.384855
0.826531,0.391505
0.826531,0.398155
0.826531,0.404806
0.826531,0.411456
0.826531,0.418106
0.826531,0.424756
0.826531,0.431406
0.826531,0.438057
0.826531,0.444707
0.826531,0.451357
0.826531,0.458007
0.826531,0.464658
0.826531,0.471308
0.826531,0.477958
0.826531,0.484608
0.826531,0.491258
0.826531,0.497909
0.826531,0.504559
0.826531,0.511209
0.826531,0.517859
0.826531,0.524509
0.826531,0.531160
0.826531,0.537810
0.826531,0.544460
0.826531,0.551110
0.826531,0.557761
0.826531,0.564411
0.826531,0.571061
0.826531,0.577711
0.826531,0.584361
0.826531,0.591012
0.826531,0.597662
0.826531,0.604312
0.826531,0.610962
0.826531,0.617613
0.826531,0.624263
0.826531,0.630913
0.826531,0.637563
0.826531,0.644213
0.826531,0.650864
0.826531,0.657514
0.826531,0.664164
0.826531,0.670814
0.826531,0.677464
0.826531,0.684115
0.826531,0.690765
0.826531,0.697415
0.826531,0.704065
0.826531,0.710716
0.826531,0.717366
0.826531,0.724016
0.826531,0.730666
0.826531,0.737316
0.826531,0.743967
0.826531,0.750617
0.826531,0.757267
0.826531,0.763917
0.826531,0.770568
0.826531,0.777218
0.826531,0.783868
0.826531,0.790518
0.826531,0.797168
0.826531,0.803819
0.826531,0.810469
0.826531,0.817119
0.826531,0.823769
0.826531,0.830419
0.826531,0.837070
0.826531,0.843720
0.826531,0.850370
0.826531,0.857020
0.826531,0.863671
0.826531,0.870321
0.826531,0.876971
0.826531,0.883621
0.826531,0.890271
0.826531,0.896922
0.826531,0.903572
0.826531,0.910222
0.826531,0.916872
0.826531,0.923523
0.826531,0.930173
0.826531,0.936823
0.826531,0.943473
0.826531,0.950123
0.826531,0.956774
0.826531,0.963424
0.826531,0.970074
0.826531,0.976724
0.826531,0.983374
0.826531,0.990025
0.826531,0.996675
0.846939,0.361944
0.846939,0.368421
0.846939,0.374899
0.846939,0.381377
0.846939,0.387854
0.846939,0.394332
0.846939,0.400810
0.846939,0.407288
0.846939,0.413765
0.846939,0.420243
0.846939,0.426721
0.846939,0.433199
0.846939,0.439676
0.846939,0.446154
0.846939,0.452632
0.846939,0.459110
0.846939,0.465587
0.846939,0.472065
0.846939,0.478543
0.846939,0.485020
0.846939,0.491498
0.846939,0.497976
0.846939,0.504454
0.846939,0.510931
0.846939,0.517409
0.846939,0.523887
0.846939,0.530365
0.846939,0.536842
0.846939,0.543320
0.846939,0.549798
0.846939,0.556275
0.846939,0.562753
0.846939,0.569231
0.846939,0.575709
0.846939,0.582186
0.846939,0.588664
0.846939,0.595142
0.846939,0.601620
0.846939,0.608097
0.846939,0.614575
0.846939,0.621053
0.846939,0.627531
0.846939,0.634008
0.846939,0.640486
0.846939,0.646964
0.846939,0.653441
0.846939,0.659919
0.846939,0.666397
0.846939,0.672875
0.846939,0.679352
0.846939,0.685830
0.846939,0.692308
0.846939,0.698786
0.846939,0.705263
0.846939,0.711741
0.846939,0.718219
0.846939,0.724696
0.846939,0.731174
0.846939,0.737652
0.846939,0.744130
0.846939,0.750607
0.846939,0.757085
0.846939,0.763563
0.846939,0.770041
0.846939,0.776518
0.846939,0.782996
0.846939,0.789474
0.846939,0.795951
0.846939,0.802429
0.846939,0.808907
0.846939,0.815385
0.846939,0.821862
0.846939,0.828340
0.846939,0.834818
0.846939,0.841296
0.846939,0.847773
0.846939,0.854251
0.846939,0.860729
0.846939,0.867207
0.846939,0.873684
0.846939,0.880162
0.846939,0.886640
0.846939,0.893117
0.846939,0.899595
0.846939,0.906073
0.846939,0.912551
0.846939,0.919028
0.846939,0.925506
0.846939,0.931984
0.846939,0.938462
0.846939,0.944939
0.846939,0.951417
0.846939,0.957895
0.846939,0.964372
0.846939,0.970850
0.846939,0.977328
0.846939,0.983806
0.846939,0.990283
0.846939,0.996761
0.867347,0.379348
0.867347,0.385649
0.867347,0.391950
0.867347,0.398251
0.867347,0.404552
0.867347,0.410853
0.867347,0.417154
0.867347,0.423455
0.867347,0.429756
0.867347,0.436057
0.867347,0.442358
0.867347,0.448659
0.867347,0.454960
0.867347,0.461261
0.867347,0.467562
0.867347,0.473863
0.867347,0.480165
0.867347,0.486466
0.867347,0.492767
0.867347,0.499068
0.867347,0.505369
0.867347,0.511670
0.867347,0.517971
0.867347,0.524272
0.867347,0.530573
0.867347,0.536874
0.867347,0.543175
0.867347,0.549476
0.867347,0.555777
0.867347,0.562078
0.867347,0.568379
0.867347,0.574680
0.867347,0.580981
0.867347,0.587282
0.867347,0.593583
0.867347,0.599884
0.867347,0.606185
0.867347,0.612486
0.867347,0.618787
0.867347,0.625088
0.867347,0.631389
0.867347,0.637690
0.867347,0.643991
0.867347,0.650292
0.867347,0.656594
0.867347,0.662895
0.867347,0.669196
0.867347,0.675497
0.867347,0.681798
0.867347,0.688099
0.867347,0.694400
0.867347,0.700701
0.867347,0.707002
0.867347,0.713303
0.867347,0.719604
0.867347,0.725905
0.867347,0.732206
0.867347,0.738507
0.867347,0.744808
0.867347,0.751109
0.867347,0.757410
0.867347,0.763711
0.867347,0.770012
0.867347,0.776313
0.867347,0.782614
0.867347,0.788915
0.867347,0.795216
0.867347,0.801517
0.867347,0.807818
0.867347,0.814119
0.867347,0.820420
0.867347,0.826722
0.867347,0.833023
0.867347,0.839324
0.867347,0.845625
0.867347,0.851926
0.867347,0.858227
0.867347,0.864528
0.867347,0.870829
0.867347,0.877130
0.867347,0.883431
0.867347,0.889732
0.867347,0.896033
0.867347,0.902334
0.867347,0.908635
0.867347,0.914936
0.867347,0.921237
0.867347,0.927538
0.867347,0.933839
0.867347,0.940140
0.867347,0.946441
0.867347,0.952742
0.867347,0.959043
0.867347,0.965344
0.867347,0.971645
0.867347,0.977946
0.867347,0.984247
0.867347,0.990548
0.867347,0.996849
0.887755,0.397167
0.887755,0.403287
0.887755,0.409407
0.887755,0.415527
0.887755,0.421647
0.887755,0.427767
0.887755,0.433888
0.887755,0.440008
0.887755,0.446128
0.887755,0.452248
0.887755,0.458368
0.887755,0.464488
0.887755,0.470608
0.887755,0.476728
0.887755,0.482849
0.887755,0.488969
0.887755,0.495089
0.887755,0.501209
0.887755,0.507329
0.887755,0.513449
0.887755,0.519569
0.887755,0.525690
0.887755,0.531810
0.887755,0.537930
0.887755,0.544050
0.887755,0.550170
0.887755,0.556290
0.887755,0.562410
0.887755,0.568530
0.887755,0.574651
0.887755,0.580771
0.887755,0.586891
0.887755,0.593011
0.887755,0.599131
0.887755,0.605251
0.887755,0.611371
0.887755,0.617492
0.887755,0.623612
0.887755,0.629732
0.887755,0.635852
0.887755,0.641972
0.887755,0.648092
0.887755,0.654212
0.887755,0.660333
0.887755,0.666453
0.887755,0.672573
0.887755,0.678693
0.887755,0.684813
0.887755,0.690933
0.887755,0.697053
0.887755,0.703173
0.887755,0.709294
0.887755,0.715414
0.887755,0.721534
0.887755,0.727654
0.887755,0.733774
0.887755,0.739894
0.887755,0.746014
0.887755,0.752135
0.887755,0.758255
0.887755,0.764375
0.887755,0.770495
0.887755,0.776615
0.887755,0.782735
0.887755,0.788855
0.887755,0.794975
0.887755,0.801096
0.887755,0.807216
0.887755,0.813336
0.887755,0.819456
0.887755,0.825576
0.887755,0.831696
0.887755,0.837816
0.887755,0.843937
0.887755,0.850057
0.887755,0.856177
0.887755,0.862297
0.887755,0.868417
0.887755,0.874537
0.887755,0.880657
0.887755,0.886778
0.887755,0.892898
0.887755,0.899018
0.887755,0.905138
0.887755,0.911258
0.887755,0.917378
0.887755,0.923498
0.887755,0.929618
0.887755,0.935739
0.887755,0.941859
0.887755,0.947979
0.887755,0.954099
0.887755,0.960219
0.887755,0.966339
0.887755,0.972459
0.887755,0.978580
0.887755,0.984700
0.887755,0.990820
0.887755,0.996940
0.908163,0.415400
0.908163,0.421335
0.908163,0.427270
0.908163,0.433205
0.908163,0.439140
0.908163,0.445075
0.908163,0.451010
0.908163,0.456945
0.908163,0.462880
0.908163,0.468815
0.908163,0.474750
0.908163,0.480685
0.908163,0.486620
0.908163,0.492555
0.908163,0.498490
0.908163,0.504425
0.908163,0.510360
0.908163,0.516295
0.908163,0.522230
0.908163,0.528165
0.908163,0.534100
0.908163,0.540035
0.908163,0.545970
0.908163,0.551905
0.908163,0.557840
0.908163,0.563776
0.908163,0.569711
0.908163,0.575646
0.908163,0.581581
0.908163,0.587516
0.908163,0.593451
0.908163,0.599386
0.908163,0.605321
0.908163,0.611256
0.908163,0.617191
0.908163,0.623126
0.908163,0.629061
0.908163,0.634996
0.908163,0.640931
0.908163,0.646866
0.908163,0.652801
0.908163,0.658736
0.908163,0.664671
0.908163,0.670606
0.908163,0.676541
0.908163,0.682476
0.908163,0.688411
0.908163,0.694346
0.908163,0.700281
0.908163,0.706216
0.908163,0.712151
0.908163,0.718086
0.908163,0.724021
0.908163,0.729956
0.908163,0.735891
0.908163,0.741826
0.908163,0.747761
0.908163,0.753696
0.908163,0.759631
0.908163,0.765566
0.908163,0.771501
0.908163,0.777436
0.908163,0.783372
0.908163,0.789307
0.908163,0.795242
0.908163,0.801177
0.908163,0.807112
0.908163,0.813047
0.908163,0.818982
0.908163,0.824917
0.908163,0.830852
0.908163,0.836787
0.908163,0.842722
0.908163,0.848657
0.908163,0.854592
0.908163,0.860527
0.908163,0.866462
0.908163,0.872397
0.908163,0.878332
0.908163,0.884267
0.908163,0.890202
0.908163,0.896137
0.908163,0.902072
0.908163,0.908007
0.908163,0.913942
0.908163,0.919877
0.908163,0.925812
0.908163,0.931747
0.908163,0.937682
0.908163,0.943617
0.908163,0.949552
0.908163,0.955487
0.908163,0.961422
0.908163,0.967357
0.908163,0.973292
0.908163,0.979227
0.908163,0.985162
0.908163,0.991097
0.908163,0.997032
0.928571,0.434047
0.928571,0.439793
0.928571,0.445539
0.928571,0.451285
0.928571,0.457030
0.928571,0.462776
0.928571,0.468522
0.928571,0.474267
0.928571,0.480013
0.928571,0.485759
0.928571,0.491504
0.928571,0.497250
0.928571,0.502996
0.928571,0.508742
0.928571,0.514487
0.928571,0.520233
0.928571,0.525979
0.928571,0.531724
0.928571,0.537470
0.928571,0.543216
0.928571,0.548962
0.928571,0.554707
0.928571,0.560453
0.928571,0.566199
0.928571,0.571944
0.928571,0.577690
0.928571,0.583436
0.928571,0.589182
0.928571,0.594927
0.928571,0.600673
0.928571,0.606419
0.928571,0.612164
0.928571,0.617910
0.928571,0.623656
0.928571,0.629402
0.928571,0.635147
0.928571,0.640893
0.928571,0.646639
0.928571,0.652384
0.928571,0.658130
0.928571,0.663876
0.928571,0.669622
0.928571,0.675367
0.928571,0.681113
0.928571,0.686859
0.928571,0.692604
0.928571,0.698350
0.928571,0.704096
0.928571,0.709842
0.928571,0.715587
0.928571,0.721333
0.928571,0.727079
0.928571,0.732824
0.928571,0.738570
0.928571,0.744316
0.928571,0.750062
0.928571,0.755807
0.928571,0.761553
0.928571,0.767299
0.928571,0.773044
0.928571,0.778790
0.928571,0.784536
0.928571,0.790282
0.928571,0.796027
0.928571,0.801773
0.928571,0.807519
0.928571,0.813264
0.928571,0.819010
0.928571,0.824756
0.928571,0.830501
0.928571,0.836247
0.928571,0.841993
0.928571,0.847739
0.928571,0.853484
0.928571,0.859230
0.928571,0.864976
0.928571,0.870721
0.928571,0.876467
0.928571,0.882213
0.928571,0.887959
0.928571,0.893704
0.928571,0.899450
0.928571,0.905196
0.928571,0.910941
0.928571,0.916687
0.928571,0.922433
0.928571,0.928179
0.928571,0.933924
0.928571,0.939670
0.928571,0.945416
0.928571,0.951161
0.928571,0.956907
0.928571,0.962653
0.928571,0.968399
0.928571,0.974144
0.928571,0.979890
0.928571,0.985636
0.928571,0.991381
0.928571,0.997127
0.948980,0.453109
0.948980,0.458661
0.948980,0.464214
0.948980,0.469766
0.948980,0.475318
0.948980,0.480870
0.948980,0.486422
0.948980,0.491975
0.948980,0.497527
0.948980,0.503079
0.948980,0.508631
0.948980,0.514183
0.948980,0.519736
0.948980,0.525288
0.948980,0.530840
0.948980,0.536392
0.948980,0.541944
0.948980,0.547497
0.948980,0.553049
0.948980,0.558601
0.948980,0.564153
0.948980,0.569705
0.948980,0.575257
0.948980,0.580810
0.948980,0.586362
0.948980,0.591914
0.948980,0.597466
0.948980,0.603018
0.948980,0.608571
0.948980,0.614123
0.948980,0.619675
0.948980,0.625227
0.948980,0.630779
0.948980,0.636332
0.948980,0.641884
0.948980,0.647436
0.948980,0.652988
0.948980,0.658540
0.948980,0.664093
0.948980,0.669645
0.948980,0.675197
0.948980,0.680749
0.948980,0.686301
0.948980,0.691853
0.948980,0.697406
0.948980,0.702958
0.948980,0.708510
0.948980,0.714062
0.948980,0.719614
0.948980,0.725167
0.948980,0.730719
0.948980,0.736271
0.948980,0.741823
0.948980,0.747375
0.948980,0.752928
0.948980,0.758480
0.948980,0.764032
0.948980,0.769584
0.948980,0.775136
0.948980,0.780688
0.948980,0.786241
0.948980,0.791793
0.948980,0.797345
0.948980,0.802897
0.948980,0.808449
0.948980,0.814002
0.948980,0.819554
0.948980,0.825106
0.948980,0.830658
0.948980,0.836210
0.948980,0.841763
0.948980,0.847315
0.948980,0.852867
0.948980,0.858419
0.948980,0.863971
0.948980,0.869524
0.948980,0.875076
0.948980,0.880628
0.948980,0.886180
0.948980,0.891732
0.948980,0.897284
0.948980,0.902837
0.948980,0.908389
0.948980,0.913941
0.948980,0.919493
0.948980,0.925045
0.948980,0.930598
0.948980,0.936150
0.948980,0.941702
0.948980,0.947254
0.948980,0.952806
0.948980,0.958359
0.948980,0.963911
0.948980,0.969463
0.948980,0.975015
0.948980,0.980567
0.948980,0.986120
0.948980,0.991672
0.948980,0.997224
0.969388,0.472586
0.969388,0.477940
0.969388,0.483295
0.969388,0.488649
0.969388,0.494003
0.969388,0.499358
0.969388,0.504712
0.969388,0.510067
0.969388,0.515421
0.969388,0.520776
0.969388,0.526130
0.969388,0.531485
0.969388,0.536839
0.969388,0.542194
0.969388,0.547548
0.969388,0.552903
0.969388,0.558257
0.969388,0.563611
0.969388,0.568966
0.969388,0.574320
0.969388,0.579675
0.969388,0.585029
0.969388,0.590384
0.969388,0.595738
0.969388,0.601093
0.969388,0.606447
0.969388,0.611802
0.969388,0.617156
0.969388,0.622511
0.969388,0.627865
0.969388,0.633219
0.969388,0.638574
0.969388,0.643928
0.969388,0.649283
0.969388,0.654637
0.969388,0.659992
0.969388,0.665346
0.969388,0.670701
0.969388,0.676055
0.969388,0.681410
0.969388,0.686764
0.969388,0.692118
0.969388,0.697473
0.969388,0.702827
0.969388,0.708182
0.969388,0.713536
0.969388,0.718891
0.969388,0.724245
0.969388,0.729600
0.969388,0.734954
0.969388,0.740309
0.969388,0.745663
0.969388,0.751018
0.969388,0.756372
0.969388,0.761726
0.969388,0.767081
0.969388,0.772435
0.969388,0.777790
0.969388,0.783144
0.969388,0.788499
0.969388,0.793853
0.969388,0.799208
0.969388,0.804562
0.969388,0.809917
0.969388,0.815271
0.969388,0.820626
0.969388,0.825980
0.969388,0.831334
0.969388,0.836689
0.969388,0.842043
0.969388,0.847398
0.969388,0.852752
0.969388,0.858107
0.969388,0.863461
0.969388,0.868816
0.969388,0.874170
0.969388,0.879525
0.969388,0.884879
0.969388,0.890234
0.969388,0.895588
0.969388,0.900942
0.969388,0.906297
0.969388,0.911651
0.969388,0.917006
0.969388,0.922360
0.969388,0.927715
0.969388,0.933069
0.969388,0.938424
0.969388,0.943778
0.969388,0.949133
0.969388,0.954487
0.969388,0.959842
0.969388,0.965196
0.969388,0.970550
0.969388,0.975905
0.969388,0.981259
0.969388,0.986614
0.969388,0.991968
0.969388,0.997323
0.989796,0.492476
0.989796,0.497629
0.989796,0.502781
0.989796,0.507934
0.989796,0.513086
0.989796,0.518239
0.989796,0.523391
0.989796,0.528544
0.989796,0.533697
0.989796,0.538849
0.989796,0.544002
0.989796,0.549154
0.989796,0.554307
0.989796,0.559459
0.989796,0.564612
0.989796,0.569764
0.989796,0.574917
0.989796,0.580069
0.989796,0.585222
0.989796,0.590374
0.989796,0.595527
0.989796,0.600679
0.989796,0.605832
0.989796,0.610984
0.989796,0.616137
0.989796,0.621289
0.989796,0.626442
0.989796,0.631594
0.989796,0.636747
0.989796,0.641900
0.989796,0.647052
0.989796,0.652205
0.989796,0.657357
0.989796,0.662510
0.989796,0.667662
0.989796,0.672815
0.989796,0.677967
0.989796,0.683120
0.989796,0.688272
0.989796,0.693425
0.989796,0.698577
0.989796,0.703730
0.989796,0.708882
0.989796,0.714035
0.989796,0.719187
0.989796,0.724340
0.989796,0.729492
0.989796,0.734645
0.989796,0.739797
0.989796,0.744950
0.989796,0.750103
0.989796,0.755255
0.989796,0.760408
0.989796,0.765560
0.989796,0.770713
0.989796,0.775865
0.989796,0.781018
0.989796,0.786170
0.989796,0.791323
0.989796,0.796475
0.989796,0.801628
0.989796,0.806780
0.989796,0.811933
0.989796,0.817085
0.989796,0.822238
0.989796,0.827390
0.989796,0.832543
0.989796,0.837695
0.989796,0.842848
0.989796,0.848001
0.989796,0.853153
0.989796,0.858306
0.989796,0.863458
0.989796,0.868611
0.989796,0.873763
0.989796,0.878916
0.989796,0.884068
0.989796,0.889221
0.989796,0.894373
0.989796,0.899526
0.989796,0.904678
0.989796,0.909831
0.989796,0.914983
0.989796,0.920136
0.989796,0.925288
0.989796,0.930441
0.989796,0.935593
0.989796,0.940746
0.989796,0.945898
0.989796,0.951051
0.989796,0.956204
0.989796,0.961356
0.989796,0.966509
0.989796,0.971661
0.989796,0.976814
0.989796,0.981966
0.989796,0.987119
0.989796,0.992271
0.989796,0.997424
1.010204,0.502525
1.010204,0.507576
1.010204,0.512626
1.010204,0.517677
1.010204,0.522727
1.010204,0.527778
1.010204,0.532828
1.010204,0.537879
1.010204,0.542929
1.010204,0.547980
1.010204,0.553030
1.010204,0.558081
1.010204,0.563131
1.010204,0.568182
1.010204,0.573232
1.010204,0.578283
1.010204,0.583333
1.010204,0.588384
1.010204,0.593434
1.010204,0.598485
1.010204,0.603535
1.010204,0.608586
1.010204,0.613636
1.010204,0.618687
1.010204,0.623737
1.010204,0.628788
1.010204,0.633838
1.010204,0.638889
1.010204,0.643939
1.010204,0.648990
1.010204,0.654040
1.010204,0.659091
1.010204,0.664141
1.010204,0.669192
1.010204,0.674242
1.010204,0.679293
1.010204,0.684343
1.010204,0.689394
1.010204,0.694444
1.010204,0.699495
1.010204,0.704545
1.010204,0.709596
1.010204,0.714646
1.010204,0.719697
1.010204,0.724747
1.010204,0.729798
1.010204,0.734848
1.010204,0.739899
1.010204,0.744949
1.010204,0.750000
1.010204,0.755051
1.010204,0.760101
1.010204,0.765152
1.010204,0.770202
1.010204,0.775253
1.010204,0.780303
1.010204,0.785354
1.010204,0.790404
1.010204,0.795455
1.010204,0.800505
1.010204,0.805556
1.010204,0.810606
1.010204,0.815657
1.010204,0.820707
1.010204,0.825758
1.010204,0.830808
1.010204,0.835859
1.010204,0.840909
1.010204,0.845960
1.010204,0.851010
1.010204,0.856061
1.010204,0.861111
1.010204,0.866162
1.010204,0.871212
1.010204,0.876263
1.010204,0.881313
1.010204,0.886364
1.010204,0.891414
1.010204,0.896465
1.010204,0.901515
1.010204,0.906566
1.010204,0.911616
1.010204,0.916667
1.010204,0.921717
1.010204,0.926768
1.010204,0.931818
1.010204,0.936869
1.010204,0.941919
1.010204,0.946970
1.010204,0.952020
1.010204,0.957071
1.010204,0.962121
1.010204,0.967172
1.010204,0.972222
1.010204,0.977273
1.010204,0.982323
1.010204,0.987374
1.010204,0.992424
1.010204,0.997475
1.030612,0.502525
1.030612,0.507576
1.030612,0.512626
1.030612,0.517677
1.030612,0.522727
1.030612,0.527778
1.030612,0.532828
1.030612,0.537879
1.030612,0.542929
1.030612,0.547980
1.030612,0.553030
1.030612,0.558081
1.030612,0.563131
1.030612,0.568182
1.030612,0.573232
1.030612,0.578283
1.030612,0.583333
1.030612,0.588384
1.030612,0.593434
1.030612,0.598485
1.030612,0.603535
1.030612,0.608586
1.030612,0.613636
1.030612,0.618687
1.030612,0.623737
1.030612,0.628788
1.030612,0.633838
1.030612,0.638889
1.030612,0.643939
1.030612,0.648990
1.030612,0.654040
1.030612,0.659091
1.030612,0.664141
1.030612,0.669192
1.030612,0.674242
1.030612,0.679293
1.030612,0.684343
1.030612,0.689394
1.030612,0.694444
1.030612,0.699495
1.030612,0.704545
1.030612,0.709596
1.030612,0.714646
1.030612,0.719697
1.030612,0.724747
1.030612,0.729798
1.030612,0.734848
1.030612,0.739899
1.030612,0.744949
1.030612,0.750000
1.030612,0.755051
1.030612,0.760101
1.030612,0.765152
1.030612,0.770202
1.030612,0.775253
1.030612,0.780303
1.030612,0.785354
1.030612,0.790404
1.030612,0.795455
1.030612,0.800505
1.030612,0.805556
1.030612,0.810606
1.030612,0.815657
1.030612,0.820707
1.030612,0.825758
1.030612,0.830808
1.030612,0.835859
1.030612,0.840909
1.030612,0.845960
1.030612,0.851010
1.030612,0.856061
1.030612,0.861111
1.030612,0.866162
1.030612,0.871212
1.030612,0.876263
1.030612,0.881313
1.030612,0.886364
1.030612,0.891414
1.030612,0.896465
1.030612,0.901515
1.030612,0.906566
1.030612,0.911616
1.030612,0.916667
1.030612,0.921717
1.030612,0.926768
1.030612,0.931818
1.030612,0.936869
1.030612,0.941919
1.030612,0.946970
1.030612,0.952020
1.030612,0.957071
1.030612,0.962121
1.030612,0.967172
1.030612,0.972222
1.030612,0.977273
1.030612,0.982323
1.030612,0.987374
1.030612,0.992424
1.030612,0.997475
1.051020,0.502525
1.051020,0.507576
1.051020,0.512626
1.051020,0.517677
1.051020,0.522727
1.051020,0.527778
1.051020,0.532828
1.051020,0.537879
1.051020,0.542929
1.051020,0.547980
1.051020,0.553030
1.051020,0.558081
1.051020,0.563131
1.051020,0.568182
1.051020,0.573232
1.051020,0.578283
1.051020,0.583333
1.051020,0.588384
1.051020,0.593434
1.051020,0.598485
1.051020,0.603535
1.051020,0.608586
1.051020,0.613636
1.051020,0.618687
1.051020,0.623737
1.051020,0.628788
1.051020,0.633838
1.051020,0.638889
1.051020,0.643939
1.051020,0.648990
1.051020,0.654040
1.051020,0.659091
1.051020,0.664141
1.051020,0.669192
1.051020,0.674242
1.051020,0.679293
1.051020,0.684343
1.051020,0.689394
1.051020,0.694444
1.051020,0.699495
1.051020,0.704545
1.051020,0.709596
1.051020,0.714646
1.051020,0.719697
1.051020,0.724747
1.051020,0.729798
1.051020,0.734848
1.051020,0.739899
1.051020,0.744949
1.051020,0.750000
1.051020,0.755051
1.051020,0.760101
1.051020,0.765152
1.051020,0.770202
1.051020,0.775253
1.051020,0.780303
1.051020,0.785354
1.051020,0.790404
1.051020,0.795455
1.051020,0.800505
1.051020,0.805556
1.051020,0.810606
1.051020,0.815657
1.051020,0.820707
1.051020,0.825758
1.051020,0.830808
1.051020,0.835859
1.051020,0.840909
1.051020,0.845960
1.051020,0.851010
1.051020,0.856061
1.051020,0.861111
1.051020,0.866162
1.051020,0.871212
1.051020,0.876263
1.051020,0.881313
1.051020,0.886364
1.051020,0.891414
1.051020,0.896465
1.051020,0.901515
1.051020,0.906566
1.051020,0.911616
1.051020,0.916667
1.051020,0.921717
1.051020,0.926768
1.051020,0.931818
1.051020,0.936869
1.051020,0.941919
1.051020,0.946970
1.051020,0.952020
1.051020,0.957071
1.051020,0.962121
1.051020,0.967172
1.051020,0.972222
1.051020,0.977273
1.051020,0.982323
1.051020,0.987374
1.051020,0.992424
1.051020,0.997475
1.071429,0.502525
1.071429,0.507576
1.071429,0.512626
1.071429,0.517677
1.071429,0.522727
1.071429,0.527778
1.071429,0.532828
1.071429,0.537879
1.071429,0.542929
1.071429,0.547980
1.071429,0.553030
1.071429,0.558081
1.071429,0.563131
1.071429,0.568182
1.071429,0.573232
1.071429,0.578283
1.071429,0.583333
1.071429,0.588384
1.071429,0.593434
1.071429,0.598485
1.071429,0.603535
1.071429,0.608586
1.071429,0.613636
1.071429,0.618687
1.071429,0.623737
1.071429,0.628788
1.071429,0.633838
1.071429,0.638889
1.071429,0.643939
1.071429,0.648990
1.071429,0.654040
1.071429,0.659091
1.071429,0.664141
1.071429,0.669192
1.071429,0.674242
1.071429,0.679293
1.071429,0.684343
1.071429,0.689394
1.071429,0.694444
1.071429,0.699495
1.071429,0.704545
1.071429,0.709596
1.071429,0.714646
1.071429,0.719697
1.071429,0.724747
1.071429,0.729798
1.071429,0.734848
1.071429,0.739899
1.071429,0.744949
1.071429,0.750000
1.071429,0.755051
1.071429,0.760101
1.071429,0.765152
1.071429,0.770202
1.071429,0.775253
1.071429,0.780303
1.071429,0.785354
1.071429,0.790404
1.071429,0.795455
1.071429,0.800505
1.071429,0.805556
1.071429,0.810606
1.071429,0.815657
1.071429,0.820707
1.071429,0.825758
1.071429,0.830808
1.071429,0.835859
1.071429,0.840909
1.071429,0.845960
1.071429,0.851010
1.071429,0.856061
1.071429,0.861111
1.071429,0.866162
1.071429,0.871212
1.071429,0.876263
1.071429,0.881313
1.071429,0.886364
1.071429,0.891414
1.071429,0.896465
1.071429,0.901515
1.071429,0.906566
1.071429,0.911616
1.071429,0.916667
1.071429,0.921717
1.071429,0.926768
1.071429,0.931818
1.071429,0.936869
1.071429,0.941919
1.071429,0.946970
1.071429,0.952020
1.071429,0.957071
1.071429,0.962121
1.071429,0.967172
1.071429,0.972222
1.071429,0.977273
1.071429,0.982323
1.071429,0.987374
1.071429,0.992424
1.071429,0.997475
1.091837,0.502525
1.091837,0.507576
1.091837,0.512626
1.091837,0.517677
1.091837,0.522727
1.091837,0.527778
1.091837,0.532828
1.091837,0.537879
1.091837,0.542929
1.091837,0.547980
1.091837,0.553030
1.091837,0.558081
1.091837,0.563131
1.091837,0.568182
1.091837,0.573232
1.091837,0.578283
1.091837,0.583333
1.091837,0.588384
1.091837,0.593434
1.091837,0.598485
1.091837,0.603535
1.091837,0.608586
1.091837,0.613636
1.091837,0.618687
1.091837,0.623737
1.091837,0.628788
1.091837,0.633838
1.091837,0.638889
1.091837,0.643939
1.091837,0.648990
1.091837,0.654040
1.091837,0.659091
1.091837,0.664141
1.091837,0.669192
1.091837,0.674242
1.091837,0.679293
1.091837,0.684343
1.091837,0.689394
1.091837,0.694444
1.091837,0.699495
1.091837,0.704545
1.091837,0.709596
1.091837,0.714646
1.091837,0.719697
1.091837,0.724747
1.091837,0.729798
1.091837,0.734848
1.091837,0.739899
1.091837,0.744949
1.091837,0.750000
1.091837,0.755051
1.091837,0.760101
1.091837,0.765152
1.091837,0.770202
1.091837,0.775253
1.091837,0.780303
1.091837,0.785354
1.091837,0.790404
1.091837,0.795455
1.091837,0.800505
1.091837,0.805556
1.091837,0.810606
1.091837,0.815657
1.091837,0.820707
1.091837,0.825758
1.091837,0.830808
1.091837,0.835859
1.091837,0.840909
1.091837,0.845960
1.091837,0.851010
1.091837,0.856061
1.091837,0.861111
1.091837,0.866162
1.091837,0.871212
1.091837,0.876263
1.091837,0.881313
1.091837,0.886364
1.091837,0.891414
1.091837,0.896465
1.091837,0.901515
1.091837,0.906566
1.091837,0.911616
1.091837,0.916667
1.091837,0.921717
1.091837,0.926768
1.091837,0.931818
1.091837,0.936869
1.091837,0.941919
1.091837,0.946970
1.091837,0.952020
1.091837,0.957071
1.091837,0.962121
1.091837,0.967172
1.091837,0.972222
1.091837,0.977273
1.091837,0.982323
1.091837,0.987374
1.091837,0.992424
1.091837,0.997475
1.112245,0.502525
1.112245,0.507576
1.112245,0.512626
1.112245,0.517677
1.112245,0.522727
1.112245,0.527778
1.112245,0.532828
1.112245,0.537879
1.112245,0.542929
1.112245,0.547980
1.112245,0.553030
1.112245,0.558081
1.112245,0.563131
1.112245,0.568182
1.112245,0.573232
1.112245,0.578283
1.112245,0.583333
1.112245,0.588384
1.112245,0.593434
1.112245,0.598485
1.112245,0.603535
1.112245,0.608586
1.112245,0.613636
1.112245,0.618687
1.112245,0.623737
1.112245,0.628788
1.112245,0.633838
1.112245,0.638889
1.112245,0.643939
1.112245,0.648990
1.112245,0.654040
1.112245,0.659091
1.112245,0.664141
1.112245,0.669192
1.112245,0.674242
1.112245,0.679293
1.112245,0.684343
1.112245,0.689394
1.112245,0.694444
1.112245,0.699495
1.112245,0.704545
1.112245,0.709596
1.112245,0.714646
1.112245,0.719697
1.112245,0.724747
1.112245,0.729798
1.112245,0.734848
1.112245,0.739899
1.112245,0.744949
1.112245,0.750000
1.112245,0.755051
1.112245,0.760101
1.112245,0.765152
1.112245,0.770202
1.112245,0.775253
1.112245,0.780303
1.112245,0.785354
1.112245,0.790404
1.112245,0.795455
1.112245,0.800505
1.112245,0.805556
1.112245,0.810606
1.112245,0.815657
1.112245,0.820707
1.112245,0.825758
1.112245,0.830808
1.112245,0.835859
1.112245,0.840909
1.112245,0.845960
1.112245,0.851010
1.112245,0.856061
1.112245,0.861111
1.112245,0.866162
1.112245,0.871212
1.112245,0.876263
1.112245,0.881313
1.112245,0.886364
1.112245,0.891414
1.112245,0.896465
1.112245,0.901515
1.112245,0.906566
1.112245,0.911616
1.112245,0.916667
1.112245,0.921717
1.112245,0.926768
1.112245,0.931818
1.112245,0.936869
1.112245,0.941919
1.112245,0.946970
1.112245,0.952020
1.112245,0.957071
1.112245,0.962121
1.112245,0.967172
1.112245,0.972222
1.112245,0.977273
1.112245,0.982323
1.112245,0.987374
1.112245,0.992424
1.112245,0.997475
1.132653,0.502525
1.132653,0.507576
1.132653,0.512626
1.132653,0.517677
1.132653,0.522727
1.132653,0.527778
1.132653,0.532828
1.132653,0.537879
1.132653,0.542929
1.132653,0.547980
1.132653,0.553030
1.132653,0.558081
1.132653,0.563131
1.132653,0.568182
1.132653,0.573232
1.132653,0.578283
1.132653,0.583333
1.132653,0.588384
1.132653,0.593434
1.132653,0.598485
1.132653,0.603535
1.132653,0.608586
1.132653,0.613636
1.132653,0.618687
1.132653,0.623737
1.132653,0.628788
1.132653,0.633838
1.132653,0.638889
1.132653,0.643939
1.132653,0.648990
1.132653,0.654040
1.132653,0.659091
1.132653,0.664141
1.132653,0.669192
1.132653,0.674242
1.132653,0.679293
1.132653,0.684343
1.132653,0.689394
1.132653,0.694444
1.132653,0.699495
1.132653,0.704545
1.132653,0.709596
1.132653,0.714646
1.132653,0.719697
1.132653,0.724747
1.132653,0.729798
1.132653,0.734848
1.132653,0.739899
1.132653,0.744949
1.132653,0.750000
1.132653,0.755051
1.132653,0.760101
1.132653,0.765152
1.132653,0.770202
1.132653,0.775253
1.132653,0.780303
1.132653,0.785354
1.132653,0.790404
1.132653,0.795455
1.132653,0.800505
1.132653,0.805556
1.132653,0.810606
1.132653,0.815657
1.132653,0.820707
1.132653,0.825758
1.132653,0.830808
1.132653,0.835859
1.132653,0.840909
1.132653,0.845960
1.132653,0.851010
1.132653,0.856061
1.132653,0.861111
1.132653,0.866162
1.132653,0.871212
1.132653,0.876263
1.132653,0.881313
1.132653,0.886364
1.132653,0.891414
1.132653,0.896465
1.132653,0.901515
1.132653,0.906566
1.132653,0.911616
1.132653,0.916667
1.132653,0.921717
1.132653,0.926768
1.132653,0.931818
1.132653,0.936869
1.132653,0.941919
1.132653,0.946970
1.132653,0.952020
1.132653,0.957071
1.132653,0.962121
1.132653,0.967172
1.132653,0.972222
1.132653,0.977273
1.132653,0.982323
1.132653,0.987374
1.132653,0.992424
1.132653,0.997475
1.153061,0.502525
1.153061,0.507576
1.153061,0.512626
1.153061,0.517677
1.153061,0.522727
1.153061,0.527778
1.153061,0.532828
1.153061,0.537879
1.153061,0.542929
1.153061,0.547980
1.153061,0.553030
1.153061,0.558081
1.153061,0.563131
1.153061,0.568182
1.153061,0.573232
1.153061,0.578283
1.153061,0.583333
1.153061,0.588384
1.153061,0.593434
1.153061,0.598485
1.153061,0.603535
1.153061,0.608586
1.153061,0.613636
1.153061,0.618687
1.153061,0.623737
1.153061,0.628788
1.153061,0.633838
1.153061,0.638889
1.153061,0.643939
1.153061,0.648990
1.153061,0.654040
1.153061,0.659091
1.153061,0.664141
1.153061,0.669192
1.153061,0.674242
1.153061,0.679293
1.153061,0.684343
1.153061,0.689394
1.153061,0.694444
1.153061,0.699495
1.153061,0.704545
1.153061,0.709596
1.153061,0.714646
1.153061,0.719697
1.153061,0.724747
1.153061,0.729798
1.153061,0.734848
1.153061,0.739899
1.153061,0.744949
1.153061,0.750000
1.153061,0.755051
1.153061,0.760101
1.153061,0.765152
1.153061,0.770202
1.153061,0.775253
1.153061,0.780303
1.153061,0.785354
1.153061,0.790404
1.153061,0.795455
1.153061,0.800505
1.153061,0.805556
1.153061,0.810606
1.153061,0.815657
1.153061,0.820707
1.153061,0.825758
1.153061,0.830808
1.153061,0.835859
1.153061,0.840909
1.153061,0.845960
1.153061,0.851010
1.153061,0.856061
1.153061,0.861111
1.153061,0.866162
1.153061,0.871212
1.153061,0.876263
1.153061,0.881313
1.153061,0.886364
1.153061,0.891414
1.153061,0.896465
1.153061,0.901515
1.153061,0.906566
1.153061,0.911616
1.153061,0.916667
1.153061,0.921717
1.153061,0.926768
1.153061,0.931818
1.153061,0.936869
1.153061,0.941919
1.153061,0.946970
1.153061,0.952020
1.153061,0.957071
1.153061,0.962121
1.153061,0.967172
1.153061,0.972222
1.153061,0.977273
1.153061,0.982323
1.153061,0.987374
1.153061,0.992424
1.153061,0.997475
1.173469,0.502525
1.173469,0.507576
1.173469,0.512626
1.173469,0.517677
1.173469,0.522727
1.173469,0.527778
1.173469,0.532828
1.173469,0.537879
1.173469,0.542929
1.173469,0.547980
1.173469,0.553030
1.173469,0.558081
1.173469,0.563131
1.173469,0.568182
1.173469,0.573232
1.173469,0.578283
1.173469,0.583333
1.173469,0.588384
1.173469,0.593434
1.173469,0.598485
1.173469,0.603535
1.173469,0.608586
1.173469,0.613636
1.173469,0.618687
1.173469,0.623737
1.173469,0.628788
1.173469,0.633838
1.173469,0.638889
1.173469,0.643939
1.173469,0.648990
1.173469,0.654040
1.173469,0.659091
1.173469,0.664141
1.173469,0.669192
1.173469,0.674242
1.173469,0.679293
1.173469,0.684343
1.173469,0.689394
1.173469,0.694444
1.173469,0.699495
1.173469,0.704545
1.173469,0.709596
1.173469,0.714646
1.173469,0.719697
1.173469,0.724747
1.173469,0.729798
1.173469,0.734848
1.173469,0.739899
1.173469,0.744949
1.173469,0.750000
1.173469,0.755051
1.173469,0.760101
1.173469,0.765152
1.173469,0.770202
1.173469,0.775253
1.173469,0.780303
1.173469,0.785354
1.173469,0.790404
1.173469,0.795455
1.173469,0.800505
1.173469,0.805556
1.173469,0.810606
1.173469,0.815657
1.173469,0.820707
1.173469,0.825758
1.173469,0.830808
1.173469,0.835859
1.173469,0.840909
1.173469,0.845960
1.173469,0.851010
1.173469,0.856061
1.173469,0.861111
1.173469,0.866162
1.173469,0.871212
1.173469,0.876263
1.173469,0.881313
1.173469,0.886364
1.173469,0.891414
1.173469,0.896465
1.173469,0.901515
1.173469,0.906566
1.173469,0.911616
1.173469,0.916667
1.173469,0.921717
1.173469,0.926768
1.173469,0.931818
1.173469,0.936869
1.173469,0.941919
1.173469,0.946970
1.173469,0.952020
1.173469,0.957071
1.173469,0.962121
1.173469,0.967172
1.173469,0.972222
1.173469,0.977273
1.173469,0.982323
1.173469,0.987374
1.173469,0.992424
1.173469,0.997475
1.193878,0.502525
1.193878,0.507576
1.193878,0.512626
1.193878,0.517677
1.193878,0.522727
1.193878,0.527778
1.193878,0.532828
1.193878,0.537879
1.193878,0.542929
1.193878,0.547980
1.193878,0.553030
1.193878,0.558081
1.193878,0.563131
1.193878,0.568182
1.193878,0.573232
1.193878,0.578283
1.193878,0.583333
1.193878,0.588384
1.193878,0.593434
1.193878,0.598485
1.193878,0.603535
1.193878,0.608586
1.193878,0.613636
1.193878,0.618687
1.193878,0.623737
1.193878,0.628788
1.193878,0.633838
1.193878,0.638889
1.193878,0.643939
1.193878,0.648990
1.193878,0.654040
1.193878,0.659091
1.193878,0.664141
1.193878,0.669192
1.193878,0.674242
1.193878,0.679293
1.193878,0.684343
1.193878,0.689394
1.193878,0.694444
1.193878,0.699495
1.193878,0.704545
1.193878,0.709596
1.193878,0.714646
1.193878,0.719697
1.193878,0.724747
1.193878,0.729798
1.193878,0.734848
1.193878,0.739899
1.193878,0.744949
1.193878,0.750000
1.193878,0.755051
1.193878,0.760101
1.193878,0.765152
1.193878,0.770202
1.193878,0.775253
1.193878,0.780303
1.193878,0.785354
1.193878,0.790404
1.193878,0.795455
1.193878,0.800505
1.193878,0.805556
1.193878,0.810606
1.193878,0.815657
1.193878,0.820707
1.193878,0.825758
1.193878,0.830808
1.193878,0.835859
1.193878,0.840909
1.193878,0.845960
1.193878,0.851010
1.193878,0.856061
1.193878,0.861111
1.193878,0.866162
1.193878,0.871212
1.193878,0.876263
1.193878,0.881313
1.193878,0.886364
1.193878,0.891414
1.193878,0.896465
1.193878,0.901515
1.193878,0.906566
1.193878,0.911616
1.193878,0.916667
1.193878,0.921717
1.193878,0.926768
1.193878,0.931818
1.193878,0.936869
1.193878,0.941919
1.193878,0.946970
1.193878,0.952020
1.193878,0.957071
1.193878,0.962121
1.193878,0.967172
1.193878,0.972222
1.193878,0.977273
1.193878,0.982323
1.193878,0.987374
1.193878,0.992424
1.193878,0.997475
1.214286,0.502525
1.214286,0.507576
1.214286,0.512626
1.214286,0.517677
1.214286,0.522727
1.214286,0.527778
1.214286,0.532828
1.214286,0.537879
1.214286,0.542929
1.214286,0.547980
1.214286,0.553030
1.214286,0.558081
1.214286,0.563131
1.214286,0.568182
1.214286,0.573232
1.214286,0.578283
1.214286,0.583333
1.214286,0.588384
1.214286,0.593434
1.214286,0.598485
1.214286,0.603535
1.214286,0.608586
1.214286,0.613636
1.214286,0.618687
1.214286,0.623737
1.214286,0.628788
1.214286,0.633838
1.214286,0.638889
1.214286,0.643939
1.214286,0.648990
1.214286,0.654040
1.214286,0.659091
1.214286,0.664141
1.214286,0.669192
1.214286,0.674242
1.214286,0.679293
1.214286,0.684343
1.214286,0.689394
1.214286,0.694444
1.214286,0.699495
1.214286,0.704545
1.214286,0.709596
1.214286,0.714646
1.214286,0.719697
1.214286,0.724747
1.214286,0.729798
1.214286,0.734848
1.214286,0.739899
1.214286,0.744949
1.214286,0.750000
1.214286,0.755051
1.214286,0.760101
1.214286,0.765152
1.214286,0.770202
1.214286,0.775253
1.214286,0.780303
1.214286,0.785354
1.214286,0.790404
1.214286,0.795455
1.214286,0.800505
1.214286,0.805556
1.214286,0.810606
1.214286,0.815657
1.214286,0.820707
1.214286,0.825758
1.214286,0.830808
1.214286,0.835859
1.214286,0.840909
1.214286,0.845960
1.214286,0.851010
1.214286,0.856061
1.214286,0.861111
1.214286,0.866162
1.214286,0.871212
1.214286,0.876263
1.214286,0.881313
1.214286,0.886364
1.214286,0.891414
1.214286,0.896465
1.214286,0.901515
1.214286,0.906566
1.214286,0.911616
1.214286,0.916667
1.214286,0.921717
1.214286,0.926768
1.214286,0.931818
1.214286,0.936869
1.214286,0.941919
1.214286,0.946970
1.214286,0.952020
1.214286,0.957071
1.214286,0.962121
1.214286,0.967172
1.214286,0.972222
1.214286,0.977273
1.214286,0.982323
1.214286,0.987374
1.214286,0.992424
1.214286,0.997475
1.234694,0.502525
1.234694,0.507576
1.234694,0.512626
1.234694,0.517677
1.234694,0.522727
1.234694,0.527778
1.234694,0.532828
1.234694,0.537879
1.234694,0.542929
1.234694,0.547980
1.234694,0.553030
1.234694,0.558081
1.234694,0.563131
1.234694,0.568182
1.234694,0.573232
1.234694,0.578283
1.234694,0.583333
1.234694,0.588384
1.234694,0.593434
1.234694,0.598485
1.234694,0.603535
1.234694,0.608586
1.234694,0.613636
1.234694,0.618687
1.234694,0.623737
1.234694,0.628788
1.234694,0.633838
1.234694,0.638889
1.234694,0.643939
1.234694,0.648990
1.234694,0.654040
1.234694,0.659091
1.234694,0.664141
1.234694,0.669192
1.234694,0.674242
1.234694,0.679293
1.234694,0.684343
1.234694,0.689394
1.234694,0.694444
1.234694,0.699495
1.234694,0.704545
1.234694,0.709596
1.234694,0.714646
1.234694,0.719697
1.234694,0.724747
1.234694,0.729798
1.234694,0.734848
1.234694,0.739899
1.234694,0.744949
1.234694,0.750000
1.234694,0.755051
1.234694,0.760101
1.234694,0.765152
1.234694,0.770202
1.234694,0.775253
1.234694,0.780303
1.234694,0.785354
1.234694,0.790404
1.234694,0.795455
1.234694,0.800505
1.234694,0.805556
1.234694,0.810606
1.234694,0.815657
1.234694,0.820707
1.234694,0.825758
1.234694,0.830808
1.234694,0.835859
1.234694,0.840909
1.234694,0.845960
1.234694,0.851010
1.234694,0.856061
1.234694,0.861111
1.234694,0.866162
1.234694,0.871212
1.234694,0.876263
1.234694,0.881313
1.234694,0.886364
1.234694,0.891414
1.234694,0.896465
1.234694,0.901515
1.234694,0.906566
1.234694,0.911616
1.234694,0.916667
1.234694,0.921717
1.234694,0.926768
1.234694,0.931818
1.234694,0.936869
1.234694,0.941919
1.234694,0.946970
1.234694,0.952020
1.234694,0.957071
1.234694,0.962121
1.234694,0.967172
1.234694,0.972222
1.234694,0.977273
1.234694,0.982323
1.234694,0.987374
1.234694,0.992424
1.234694,0.997475
1.255102,0.502525
1.255102,0.507576
1.255102,0.512626
1.255102,0.517677
1.255102,0.522727
1.255102,0.527778
1.255102,0.532828
1.255102,0.537879
1.255102,0.542929
1.255102,0.547980
1.255102,0.553030
1.255102,0.558081
1.255102,0.563131
1.255102,0.568182
1.255102,0.573232
1.255102,0.578283
1.255102,0.583333
1.255102,0.588384
1.255102,0.593434
1.255102,0.598485
1.255102,0.603535
1.255102,0.608586
1.255102,0.613636
1.255102,0.618687
1.255102,0.623737
1.255102,0.628788
1.255102,0.633838
1.255102,0.638889
1.255102,0.643939
1.255102,0.648990
1.255102,0.654040
1.255102,0.659091
1.255102,0.664141
1.255102,0.669192
1.255102,0.674242
1.255102,0.679293
1.255102,0.684343
1.255102,0.689394
1.255102,0.694444
1.255102,0.699495
1.255102,0.704545
1.255102,0.709596
1.255102,0.714646
1.255102,0.719697
1.255102,0.724747
1.255102,0.729798
1.255102,0.734848
1.255102,0.739899
1.255102,0.744949
1.255102,0.750000
1.255102,0.755051
1.255102,0.760101
1.255102,0.765152
1.255102,0.770202
1.255102,0.775253
1.255102,0.780303
1.255102,0.785354
1.255102,0.790404
1.255102,0.795455
1.255102,0.800505
1.255102,0.805556
1.255102,0.810606
1.255102,0.815657
1.255102,0.820707
1.255102,0.825758
1.255102,0.830808
1.255102,0.835859
1.255102,0.840909
1.255102,0.845960
1.255102,0.851010
1.255102,0.856061
1.255102,0.861111
1.255102,0.866162
1.255102,0.871212
1.255102,0.876263
1.255102,0.881313
1.255102,0.886364
1.255102,0.891414
1.255102,0.896465
1.255102,0.901515
1.255102,0.906566
1.255102,0.911616
1.255102,0.916667
1.255102,0.921717
1.255102,0.926768
1.255102,0.931818
1.255102,0.936869
1.255102,0.941919
1.255102,0.946970
1.255102,0.952020
1.255102,0.957071
1.255102,0.962121
1.255102,0.967172
1.255102,0.972222
1.255102,0.977273
1.255102,0.982323
1.255102,0.987374
1.255102,0.992424
1.255102,0.997475
1.275510,0.502525
1.275510,0.507576
1.275510,0.512626
1.275510,0.517677
1.275510,0.522727
1.275510,0.527778
1.275510,0.532828
1.275510,0.537879
1.275510,0.542929
1.275510,0.547980
1.275510,0.553030
1.275510,0.558081
1.275510,0.563131
1.275510,0.568182
1.275510,0.573232
1.275510,0.578283
1.275510,0.583333
1.275510,0.588384
1.275510,0.593434
1.275510,0.598485
1.275510,0.603535
1.275510,0.608586
1.275510,0.613636
1.275510,0.618687
1.275510,0.623737
1.275510,0.628788
1.275510,0.633838
1.275510,0.638889
1.275510,0.643939
1.275510,0.648990
1.275510,0.654040
1.275510,0.659091
1.275510,0.664141
1.275510,0.669192
1.275510,0.674242
1.275510,0.679293
1.275510,0.684343
1.275510,0.689394
1.275510,0.694444
1.275510,0.699495
1.275510,0.704545
1.275510,0.709596
1.275510,0.714646
1.275510,0.719697
1.275510,0.724747
1.275510,0.729798
1.275510,0.734848
1.275510,0.739899
1.275510,0.744949
1.275510,0.750000
1.275510,0.755051
1.275510,0.760101
1.275510,0.765152
1.275510,0.770202
1.275510,0.775253
1.275510,0.780303
1.275510,0.785354
1.275510,0.790404
1.275510,0.795455
1.275510,0.800505
1.275510,0.805556
1.275510,0.810606
1.275510,0.815657
1.275510,0.820707
1.275510,0.825758
1.275510,0.830808
1.275510,0.835859
1.275510,0.840909
1.275510,0.845960
1.275510,0.851010
1.275510,0.856061
1.275510,0.861111
1.275510,0.866162
1.275510,0.871212
1.275510,0.876263
1.275510,0.881313
1.275510,0.886364
1.275510,0.891414
1.275510,0.896465
1.275510,0.901515
1.275510,0.906566
1.275510,0.911616
1.275510,0.916667
1.275510,0.921717
1.275510,0.926768
1.275510,0.931818
1.275510,0.936869
1.275510,0.941919
1.275510,0.946970
1.275510,0.952020
1.275510,0.957071
1.275510,0.962121
1.275510,0.967172
1.275510,0.972222
1.275510,0.977273
1.275510,0.982323
1.275510,0.987374
1.275510,0.992424
1.275510,0.997475
1.295918,0.502525
1.295918,0.507576
1.295918,0.512626
1.295918,0.517677
1.295918,0.522727
1.295918,0.527778
1.295918,0.532828
1.295918,0.537879
1.295918,0.542929
1.295918,0.547980
1.295918,0.553030
1.295918,0.558081
1.295918,0.563131
1.295918,0.568182
1.295918,0.573232
1.295918,0.578283
1.295918,0.583333
1.295918,0.588384
1.295918,0.593434
1.295918,0.598485
1.295918,0.603535
1.295918,0.608586
1.295918,0.613636
1.295918,0.618687
1.295918,0.623737
1.295918,0.628788
1.295918,0.633838
1.295918,0.638889
1.295918,0.643939
1.295918,0.648990
1.295918,0.654040
1.295918,0.659091
1.295918,0.664141
1.295918,0.669192
1.295918,0.674242
1.295918,0.679293
1.295918,0.684343
1.295918,0.689394
1.295918,0.694444
1.295918,0.699495
1.295918,0.704545
1.295918,0.709596
1.295918,0.714646
1.295918,0.719697
1.295918,0.724747
1.295918,0.729798
1.295918,0.734848
1.295918,0.739899
1.295918,0.744949
1.295918,0.750000
1.295918,0.755051
1.295918,0.760101
1.295918,0.765152
1.295918,0.770202
1.295918,0.775253
1.295918,0.780303
1.295918,0.785354
1.295918,0.790404
1.295918,0.795455
1.295918,0.800505
1.295918,0.805556
1.295918,0.810606
1.295918,0.815657
1.295918,0.820707
1.295918,0.825758
1.295918,0.830808
1.295918,0.835859
1.295918,0.840909
1.295918,0.845960
1.295918,0.851010
1.295918,0.856061
1.295918,0.861111
1.295918,0.866162
1.295918,0.871212
1.295918,0.876263
1.295918,0.881313
1.295918,0.886364
1.295918,0.891414
1.295918,0.896465
1.295918,0.901515
1.295918,0.906566
1.295918,0.911616
1.295918,0.916667
1.295918,0.921717
1.295918,0.926768
1.295918,0.931818
1.295918,0.936869
1.295918,0.941919
1.295918,0.946970
1.295918,0.952020
1.295918,0.957071
1.295918,0.962121
1.295918,0.967172
1.295918,0.972222
1.295918,0.977273
1.295918,0.982323
1.295918,0.987374
1.295918,0.992424
1.295918,0.997475
1.316327,0.502525
1.316327,0.507576
1.316327,0.512626
1.316327,0.517677
1.316327,0.522727
1.316327,0.527778
1.316327,0.532828
1.316327,0.537879
1.316327,0.542929
1.316327,0.547980
1.316327,0.553030
1.316327,0.558081
1.316327,0.563131
1.316327,0.568182
1.316327,0.573232
1.316327,0.578283
1.316327,0.583333
1.316327,0.588384
1.316327,0.593434
1.316327,0.598485
1.316327,0.603535
1.316327,0.608586
1.316327,0.613636
1.316327,0.618687
1.316327,0.623737
1.316327,0.628788
1.316327,0.633838
1.316327,0.638889
1.316327,0.643939
1.316327,0.648990
1.316327,0.654040
1.316327,0.659091
1.316327,0.664141
1.316327,0.669192
1.316327,0.674242
1.316327,0.679293
1.316327,0.684343
1.316327,0.689394
1.316327,0.694444
1.316327,0.699495
1.316327,0.704545
1.316327,0.709596
1.316327,0.714646
1.316327,0.719697
1.316327,0.724747
1.316327,0.729798
1.316327,0.734848
1.316327,0.739899
1.316327,0.744949
1.316327,0.750000
1.316327,0.755051
1.316327,0.760101
1.316327,0.765152
1.316327,0.770202
1.316327,0.775253
1.316327,0.780303
1.316327,0.785354
1.316327,0.790404
1.316327,0.795455
1.316327,0.800505
1.316327,0.805556
1.316327,0.810606
1.316327,0.815657
1.316327,0.820707
1.316327,0.825758
1.316327,0.830808
1.316327,0.835859
1.316327,0.840909
1.316327,0.845960
1.316327,0.851010
1.316327,0.856061
1.316327,0.861111
1.316327,0.866162
1.316327,0.871212
1.316327,0.876263
1.316327,0.881313
1.316327,0.886364
1.316327,0.891414
1.316327,0.896465
1.316327,0.901515
1.316327,0.906566
1.316327,0.911616
1.316327,0.916667
1.316327,0.921717
1.316327,0.926768
1.316327,0.931818
1.316327,0.936869
1.316327,0.941919
1.316327,0.946970
1.316327,0.952020
1.316327,0.957071
1.316327,0.962121
1.316327,0.967172
1.316327,0.972222
1.316327,0.977273
1.316327,0.982323
1.316327,0.987374
1.316327,0.992424
1.316327,0.997475
1.336735,0.502525
1.336735,0.507576
1.336735,0.512626
1.336735,0.517677
1.336735,0.522727
1.336735,0.527778
1.336735,0.532828
1.336735,0.537879
1.336735,0.542929
1.336735,0.547980
1.336735,0.553030
1.336735,0.558081
1.336735,0.563131
1.336735,0.568182
1.336735,0.573232
1.336735,0.578283
1.336735,0.583333
1.336735,0.588384
1.336735,0.593434
1.336735,0.598485
1.336735,0.603535
1.336735,0.608586
1.336735,0.613636
1.336735,0.618687
1.336735,0.623737
1.336735,0.628788
1.336735,0.633838
1.336735,0.638889
1.336735,0.643939
1.336735,0.648990
1.336735,0.654040
1.336735,0.659091
1.336735,0.664141
1.336735,0.669192
1.336735,0.674242
1.336735,0.679293
1.336735,0.684343
1.336735,0.689394
1.336735,0.694444
1.336735,0.699495
1.336735,0.704545
1.336735,0.709596
1.336735,0.714646
1.336735,0.719697
1.336735,0.724747
1.336735,0.729798
1.336735,0.734848
1.336735,0.739899
1.336735,0.744949
1.336735,0.750000
1.336735,0.755051
1.336735,0.760101
1.336735,0.765152
1.336735,0.770202
1.336735,0.775253
1.336735,0.780303
1.336735,0.785354
1.336735,0.790404
1.336735,0.795455
1.336735,0.800505
1.336735,0.805556
1.336735,0.810606
1.336735,0.815657
1.336735,0.820707
1.336735,0.825758
1.336735,0.830808
1.336735,0.835859
1.336735,0.840909
1.336735,0.845960
1.336735,0.851010
1.336735,0.856061
1.336735,0.861111
1.336735,0.866162
1.336735,0.871212
1.336735,0.876263
1.336735,0.881313
1.336735,0.886364
1.336735,0.891414
1.336735,0.896465
1.336735,0.901515
1.336735,0.906566
1.336735,0.911616
1.336735,0.916667
1.336735,0.921717
1.336735,0.926768
1.336735,0.931818
1.336735,0.936869
1.336735,0.941919
1.336735,0.946970
1.336735,0.952020
1.336735,0.957071
1.336735,0.962121
1.336735,0.967172
1.336735,0.972222
1.336735,0.977273
1.336735,0.982323
1.336735,0.987374
1.336735,0.992424
1.336735,0.997475
1.357143,0.502525
1.357143,0.507576
1.357143,0.512626
1.357143,0.517677
1.357143,0.522727
1.357143,0.527778
1.357143,0.532828
1.357143,0.537879
1.357143,0.542929
1.357143,0.547980
1.357143,0.553030
1.357143,0.558081
1.357143,0.563131
1.357143,0.568182
1.357143,0.573232
1.357143,0.578283
1.357143,0.583333
1.357143,0.588384
1.357143,0.593434
1.357143,0.598485
1.357143,0.603535
1.357143,0.608586
1.357143,0.613636
1.357143,0.618687
1.357143,0.623737
1.357143,0.628788
1.357143,0.633838
1.357143,0.638889
1.357143,0.643939
1.357143,0.648990
1.357143,0.654040
1.357143,0.659091
1.357143,0.664141
1.357143,0.669192
1.357143,0.674242
1.357143,0.679293
1.357143,0.684343
1.357143,0.689394
1.357143,0.694444
1.357143,0.699495
1.357143,0.704545
1.357143,0.709596
1.357143,0.714646
1.357143,0.719697
1.357143,0.724747
1.357143,0.729798
1.357143,0.734848
1.357143,0.739899
1.357143,0.744949
1.357143,0.750000
1.357143,0.755051
1.357143,0.760101
1.357143,0.765152
1.357143,0.770202
1.357143,0.775253
1.357143,0.780303
1.357143,0.785354
1.357143,0.790404
1.357143,0.795455
1.357143,0.800505
1.357143,0.805556
1.357143,0.810606
1.357143,0.815657
1.357143,0.820707
1.357143,0.825758
1.357143,0.830808
1.357143,0.835859
1.357143,0.840909
1.357143,0.845960
1.357143,0.851010
1.357143,0.856061
1.357143,0.861111
1.357143,0.866162
1.357143,0.871212
1.357143,0.876263
1.357143,0.881313
1.357143,0.886364
1.357143,0.891414
1.357143,0.896465
1.357143,0.901515
1.357143,0.906566
1.357143,0.911616
1.357143,0.916667
1.357143,0.921717
1.357143,0.926768
1.357143,0.931818
1.357143,0.936869
1.357143,0.941919
1.357143,0.946970
1.357143,0.952020
1.357143,0.957071
1.357143,0.962121
1.357143,0.967172
1.357143,0.972222
1.357143,0.977273
1.357143,0.982323
1.357143,0.987374
1.357143,0.992424
1.357143,0.997475
1.377551,0.502525
1.377551,0.507576
1.377551,0.512626
1.377551,0.517677
1.377551,0.522727
1.377551,0.527778
1.377551,0.532828
1.377551,0.537879
1.377551,0.542929
1.377551,0.547980
1.377551,0.553030
1.377551,0.558081
1.377551,0.563131
1.377551,0.568182
1.377551,0.573232
1.377551,0.578283
1.377551,0.583333
1.377551,0.588384
1.377551,0.593434
1.377551,0.598485
1.377551,0.603535
1.377551,0.608586
1.377551,0.613636
1.377551,0.618687
1.377551,0.623737
1.377551,0.628788
1.377551,0.633838
1.377551,0.638889
1.377551,0.643939
1.377551,0.648990
1.377551,0.654040
1.377551,0.659091
1.377551,0.664141
1.377551,0.669192
1.377551,0.674242
1.377551,0.679293
1.377551,0.684343
1.377551,0.689394
1.377551,0.694444
1.377551,0.699495
1.377551,0.704545
1.377551,0.709596
1.377551,0.714646
1.377551,0.719697
1.377551,0.724747
1.377551,0.729798
1.377551,0.734848
1.377551,0.739899
1.377551,0.744949
1.377551,0.750000
1.377551,0.755051
1.377551,0.760101
1.377551,0.765152
1.377551,0.770202
1.377551,0.775253
1.377551,0.780303
1.377551,0.785354
1.377551,0.790404
1.377551,0.795455
1.377551,0.800505
1.377551,0.805556
1.377551,0.810606
1.377551,0.815657
1.377551,0.820707
1.377551,0.825758
1.377551,0.830808
1.377551,0.835859
1.377551,0.840909
1.377551,0.845960
1.377551,0.851010
1.377551,0.856061
1.377551,0.861111
1.377551,0.866162
1.377551,0.871212
1.377551,0.876263
1.377551,0.881313
1.377551,0.886364
1.377551,0.891414
1.377551,0.896465
1.377551,0.901515
1.377551,0.906566
1.377551,0.911616
1.377551,0.916667
1.377551,0.921717
1.377551,0.926768
1.377551,0.931818
1.377551,0.936869
1.377551,0.941919
1.377551,0.946970
1.377551,0.952020
1.377551,0.957071
1.377551,0.962121
1.377551,0.967172
1.377551,0.972222
1.377551,0.977273
1.377551,0.982323
1.377551,0.987374
1.377551,0.992424
1.377551,0.997475
1.397959,0.502525
1.397959,0.507576
1.397959,0.512626
1.397959,0.517677
1.397959,0.522727
1.397959,0.527778
1.397959,0.532828
1.397959,0.537879
1.397959,0.542929
1.397959,0.547980
1.397959,0.553030
1.397959,0.558081
1.397959,0.563131
1.397959,0.568182
1.397959,0.573232
1.397959,0.578283
1.397959,0.583333
1.397959,0.588384
1.397959,0.593434
1.397959,0.598485
1.397959,0.603535
1.397959,0.608586
1.397959,0.613636
1.397959,0.618687
1.397959,0.623737
1.397959,0.628788
1.397959,0.633838
1.397959,0.638889
1.397959,0.643939
1.397959,0.648990
1.397959,0.654040
1.397959,0.659091
1.397959,0.664141
1.397959,0.669192
1.397959,0.674242
1.397959,0.679293
1.397959,0.684343
1.397959,0.689394
1.397959,0.694444
1.397959,0.699495
1.397959,0.704545
1.397959,0.709596
1.397959,0.714646
1.397959,0.719697
1.397959,0.724747
1.397959,0.729798
1.397959,0.734848
1.397959,0.739899
1.397959,0.744949
1.397959,0.750000
1.397959,0.755051
1.397959,0.760101
1.397959,0.765152
1.397959,0.770202
1.397959,0.775253
1.397959,0.780303
1.397959,0.785354
1.397959,0.790404
1.397959,0.795455
1.397959,0.800505
1.397959,0.805556
1.397959,0.810606
1.397959,0.815657
1.397959,0.820707
1.397959,0.825758
1.397959,0.830808
1.397959,0.835859
1.397959,0.840909
1.397959,0.845960
1.397959,0.851010
1.397959,0.856061
1.397959,0.861111
1.397959,0.866162
1.397959,0.871212
1.397959,0.876263
1.397959,0.881313
1.397959,0.886364
1.397959,0.891414
1.397959,0.896465
1.397959,0.901515
1.397959,0.906566
1.397959,0.911616
1.397959,0.916667
1.397959,0.921717
1.397959,0.926768
1.397959,0.931818
1.397959,0.936869
1.397959,0.941919
1.397959,0.946970
1.397959,0.952020
1.397959,0.957071
1.397959,0.962121
1.397959,0.967172
1.397959,0.972222
1.397959,0.977273
1.397959,0.982323
1.397959,0.987374
1.397959,0.992424
1.397959,0.997475
1.418367,0.502525
1.418367,0.507576
1.418367,0.512626
1.418367,0.517677
1.418367,0.522727
1.418367,0.527778
1.418367,0.532828
1.418367,0.537879
1.418367,0.542929
1.418367,0.547980
1.418367,0.553030
1.418367,0.558081
1.418367,0.563131
1.418367,0.568182
1.418367,0.573232
1.418367,0.578283
1.418367,0.583333
1.418367,0.588384
1.418367,0.593434
1.418367,0.598485
1.418367,0.603535
1.418367,0.608586
1.418367,0.613636
1.418367,0.618687
1.418367,0.623737
1.418367,0.628788
1.418367,0.633838
1.418367,0.638889
1.418367,0.643939
1.418367,0.648990
1.418367,0.654040
1.418367,0.659091
1.418367,0.664141
1.418367,0.669192
1.418367,0.674242
1.418367,0.679293
1.418367,0.684343
1.418367,0.689394
1.418367,0.694444
1.418367,0.699495
1.418367,0.704545
1.418367,0.709596
1.418367,0.714646
1.418367,0.719697
1.418367,0.724747
1.418367,0.729798
1.418367,0.734848
1.418367,0.739899
1.418367,0.744949
1.418367,0.750000
1.418367,0.755051
1.418367,0.760101
1.418367,0.765152
1.418367,0.770202
1.418367,0.775253
1.418367,0.780303
1.418367,0.785354
1.418367,0.790404
1.418367,0.795455
1.418367,0.800505
1.418367,0.805556
1.418367,0.810606
1.418367,0.815657
1.418367,0.820707
1.418367,0.825758
1.418367,0.830808
1.418367,0.835859
1.418367,0.840909
1.418367,0.845960
1.418367,0.851010
1.418367,0.856061
1.418367,0.861111
1.418367,0.866162
1.418367,0.871212
1.418367,0.876263
1.418367,0.881313
1.418367,0.886364
1.418367,0.891414
1.418367,0.896465
1.418367,0.901515
1.418367,0.906566
1.418367,0.911616
1.418367,0.916667
1.418367,0.921717
1.418367,0.926768
1.418367,0.931818
1.418367,0.936869
1.418367,0.941919
1.418367,0.946970
1.418367,0.952020
1.418367,0.957071
1.418367,0.962121
1.418367,0.967172
1.418367,0.972222
1.418367,0.977273
1.418367,0.982323
1.418367,0.987374
1.418367,0.992424
1.418367,0.997475
1.438776,0.502525
1.438776,0.507576
1.438776,0.512626
1.438776,0.517677
1.438776,0.522727
1.438776,0.527778
1.438776,0.532828
1.438776,0.537879
1.438776,0.542929
1.438776,0.547980
1.438776,0.553030
1.438776,0.558081
1.438776,0.563131
1.438776,0.568182
1.438776,0.573232
1.438776,0.578283
1.438776,0.583333
1.438776,0.588384
1.438776,0.593434
1.438776,0.598485
1.438776,0.603535
1.438776,0.608586
1.438776,0.613636
1.438776,0.618687
1.438776,0.623737
1.438776,0.628788
1.438776,0.633838
1.438776,0.638889
1.438776,0.643939
1.438776,0.648990
1.438776,0.654040
1.438776,0.659091
1.438776,0.664141
1.438776,0.669192
1.438776,0.674242
1.438776,0.679293
1.438776,0.684343
1.438776,0.689394
1.438776,0.694444
1.438776,0.699495
1.438776,0.704545
1.438776,0.709596
1.438776,0.714646
1.438776,0.719697
1.438776,0.724747
1.438776,0.729798
1.438776,0.734848
1.438776,0.739899
1.438776,0.744949
1.438776,0.750000
1.438776,0.755051
1.438776,0.760101
1.438776,0.765152
1.438776,0.770202
1.438776,0.775253
1.438776,0.780303
1.438776,0.785354
1.438776,0.790404
1.438776,0.795455
1.438776,0.800505
1.438776,0.805556
1.438776,0.810606
1.438776,0.815657
1.438776,0.820707
1.438776,0.825758
1.438776,0.830808
1.438776,0.835859
1.438776,0.840909
1.438776,0.845960
1.438776,0.851010
1.438776,0.856061
1.438776,0.861111
1.438776,0.866162
1.438776,0.871212
1.438776,0.876263
1.438776,0.881313
1.438776,0.886364
1.438776,0.891414
1.438776,0.896465
1.438776,0.901515
1.438776,0.906566
1.438776,0.911616
1.438776,0.916667
1.438776,0.921717
1.438776,0.926768
1.438776,0.931818
1.438776,0.936869
1.438776,0.941919
1.438776,0.946970
1.438776,0.952020
1.438776,0.957071
1.438776,0.962121
1.438776,0.967172
1.438776,0.972222
1.438776,0.977273
1.438776,0.982323
1.438776,0.987374
1.438776,0.992424
1.438776,0.997475
1.459184,0.502525
1.459184,0.507576
1.459184,0.512626
1.459184,0.517677
1.459184,0.522727
1.459184,0.527778
1.459184,0.532828
1.459184,0.537879
1.459184,0.542929
1.459184,0.547980
1.459184,0.553030
1.459184,0.558081
1.459184,0.563131
1.459184,0.568182
1.459184,0.573232
1.459184,0.578283
1.459184,0.583333
1.459184,0.588384
1.459184,0.593434
1.459184,0.598485
1.459184,0.603535
1.459184,0.608586
1.459184,0.613636
1.459184,0.618687
1.459184,0.623737
1.459184,0.628788
1.459184,0.633838
1.459184,0.638889
1.459184,0.643939
1.459184,0.648990
1.459184,0.654040
1.459184,0.659091
1.459184,0.664141
1.459184,0.669192
1.459184,0.674242
1.459184,0.679293
1.459184,0.684343
1.459184,0.689394
1.459184,0.694444
1.459184,0.699495
1.459184,0.704545
1.459184,0.709596
1.459184,0.714646
1.459184,0.719697
1.459184,0.724747
1.459184,0.729798
1.459184,0.734848
1.459184,0.739899
1.459184,0.744949
1.459184,0.750000
1.459184,0.755051
1.459184,0.760101
1.459184,0.765152
1.459184,0.770202
1.459184,0.775253
1.459184,0.780303
1.459184,0.785354
1.459184,0.790404
1.459184,0.795455
1.459184,0.800505
1.459184,0.805556
1.459184,0.810606
1.459184,0.815657
1.459184,0.820707
1.459184,0.825758
1.459184,0.830808
1.459184,0.835859
1.459184,0.840909
1.459184,0.845960
1.459184,0.851010
1.459184,0.856061
1.459184,0.861111
1.459184,0.866162
1.459184,0.871212
1.459184,0.876263
1.459184,0.881313
1.459184,0.886364
1.459184,0.891414
1.459184,0.896465
1.459184,0.901515
1.459184,0.906566
1.459184,0.911616
1.459184,0.916667
1.459184,0.921717
1.459184,0.926768
1.459184,0.931818
1.459184,0.936869
1.459184,0.941919
1.459184,0.946970
1.459184,0.952020
1.459184,0.957071
1.459184,0.962121
1.459184,0.967172
1.459184,0.972222
1.459184,0.977273
1.459184,0.982323
1.459184,0.987374
1.459184,0.992424
1.459184,0.997475
1.479592,0.502525
1.479592,0.507576
1.479592,0.512626
1.479592,0.517677
1.479592,0.522727
1.479592,0.527778
1.479592,0.532828
1.479592,0.537879
1.479592,0.542929
1.479592,0.547980
1.479592,0.553030
1.479592,0.558081
1.479592,0.563131
1.479592,0.568182
1.479592,0.573232
1.479592,0.578283
1.479592,0.583333
1.479592,0.588384
1.479592,0.593434
1.479592,0.598485
1.479592,0.603535
1.479592,0.608586
1.479592,0.613636
1.479592,0.618687
1.479592,0.623737
1.479592,0.628788
1.479592,0.633838
1.479592,0.638889
1.479592,0.643939
1.479592,0.648990
1.479592,0.654040
1.479592,0.659091
1.479592,0.664141
1.479592,0.669192
1.479592,0.674242
1.479592,0.679293
1.479592,0.684343
1.479592,0.689394
1.479592,0.694444
1.479592,0.699495
1.479592,0.704545
1.479592,0.709596
1.479592,0.714646
1.479592,0.719697
1.479592,0.724747
1.479592,0.729798
1.479592,0.734848
1.479592,0.739899
1.479592,0.744949
1.479592,0.750000
1.479592,0.755051
1.479592,0.760101
1.479592,0.765152
1.479592,0.770202
1.479592,0.775253
1.479592,0.780303
1.479592,0.785354
1.479592,0.790404
1.479592,0.795455
1.479592,0.800505
1.479592,0.805556
1.479592,0.810606
1.479592,0.815657
1.479592,0.820707
1.479592,0.825758
1.479592,0.830808
1.479592,0.835859
1.479592,0.840909
1.479592,0.845960
1.479592,0.851010
1.479592,0.856061
1.479592,0.861111
1.479592,0.866162
1.479592,0.871212
1.479592,0.876263
1.479592,0.881313
1.479592,0.886364
1.479592,0.891414
1.479592,0.896465
1.479592,0.901515
1.479592,0.906566
1.479592,0.911616
1.479592,0.916667
1.479592,0.921717
1.479592,0.926768
1.479592,0.931818
1.479592,0.936869
1.479592,0.941919
1.479592,0.946970
1.479592,0.952020
1.479592,0.957071
1.479592,0.962121
1.479592,0.967172
1.479592,0.972222
1.479592,0.977273
1.479592,0.982323
1.479592,0.987374
1.479592,0.992424
1.479592,0.997475
1.500000,0.502525
1.500000,0.507576
1.500000,0.512626
1.500000,0.517677
1.500000,0.522727
1.500000,0.527778
1.500000,0.532828
1.500000,0.537879
1.500000,0.542929
1.500000,0.547980
1.500000,0.553030
1.500000,0.558081
1.500000,0.563131
1.500000,0.568182
1.500000,0.573232
1.500000,0.578283
1.500000,0.583333
1.500000,0.588384
1.500000,0.593434
1.500000,0.598485
1.500000,0.603535
1.500000,0.608586
1.500000,0.613636
1.500000,0.618687
1.500000,0.623737
1.500000,0.628788
1.500000,0.633838
1.500000,0.638889
1.500000,0.643939
1.500000,0.648990
1.500000,0.654040
1.500000,0.659091
1.500000,0.664141
1.500000,0.669192
1.500000,0.674242
1.500000,0.679293
1.500000,0.684343
1.500000,0.689394
1.500000,0.694444
1.500000,0.699495
1.500000,0.704545
1.500000,0.709596
1.500000,0.714646
1.500000,0.719697
1.500000,0.724747
1.500000,0.729798
1.500000,0.734848
1.500000,0.739899
1.500000,0.744949
1.500000,0.750000
1.500000,0.755051
1.500000,0.760101
1.500000,0.765152
1.500000,0.770202
1.500000,0.775253
1.500000,0.780303
1.500000,0.785354
1.500000,0.790404
1.500000,0.795455
1.500000,0.800505
1.500000,0.805556
1.500000,0.810606
1.500000,0.815657
1.500000,0.820707
1.500000,0.825758
1.500000,0.830808
1.500000,0.835859
1.500000,0.840909
1.500000,0.845960
1.500000,0.851010
1.500000,0.856061
1.500000,0.861111
1.500000,0.866162
1.500000,0.871212
1.500000,0.876263
1.500000,0.881313
1.500000,0.886364
1.500000,0.891414
1.500000,0.896465
1.500000,0.901515
1.500000,0.906566
1.500000,0.911616
1.500000,0.916667
1.500000,0.921717
1.500000,0.926768
1.500000,0.931818
1.500000,0.936869
1.500000,0.941919
1.500000,0.946970
1.500000,0.952020
1.500000,0.957071
1.500000,0.962121
1.500000,0.967172
1.500000,0.972222
1.500000,0.977273
1.500000,0.982323
1.500000,0.987374
1.500000,0.992424
1.500000,0.997475
1.520408,0.502525
1.520408,0.507576
1.520408,0.512626
1.520408,0.517677
1.520408,0.522727
1.520408,0.527778
1.520408,0.532828
1.520408,0.537879
1.520408,0.542929
1.520408,0.547980
1.520408,0.553030
1.520408,0.558081
1.520408,0.563131
1.520408,0.568182
1.520408,0.573232
1.520408,0.578283
1.520408,0.583333
1.520408,0.588384
1.520408,0.593434
1.520408,0.598485
1.520408,0.603535
1.520408,0.608586
1.520408,0.613636
1.520408,0.618687
1.520408,0.623737
1.520408,0.628788
1.520408,0.633838
1.520408,0.638889
1.520408,0.643939
1.520408,0.648990
1.520408,0.654040
1.520408,0.659091
1.520408,0.664141
1.520408,0.669192
1.520408,0.674242
1.520408,0.679293
1.520408,0.684343
1.520408,0.689394
1.520408,0.694444
1.520408,0.699495
1.520408,0.704545
1.520408,0.709596
1.520408,0.714646
1.520408,0.719697
1.520408,0.724747
1.520408,0.729798
1.520408,0.734848
1.520408,0.739899
1.520408,0.744949
1.520408,0.750000
1.520408,0.755051
1.520408,0.760101
1.520408,0.765152
1.520408,0.770202
1.520408,0.775253
1.520408,0.780303
1.520408,0.785354
1.520408,0.790404
1.520408,0.795455
1.520408,0.800505
1.520408,0.805556
1.520408,0.810606
1.520408,0.815657
1.520408,0.820707
1.520408,0.825758
1.520408,0.830808
1.520408,0.835859
1.520408,0.840909
1.520408,0.845960
1.520408,0.851010
1.520408,0.856061
1.520408,0.861111
1.520408,0.866162
1.520408,0.871212
1.520408,0.876263
1.520408,0.881313
1.520408,0.886364
1.520408,0.891414
1.520408,0.896465
1.520408,0.901515
1.520408,0.906566
1.520408,0.911616
1.520408,0.916667
1.520408,0.921717
1.520408,0.926768
1.520408,0.931818
1.520408,0.936869
1.520408,0.941919
1.520408,0.946970
1.520408,0.952020
1.520408,0.957071
1.520408,0.962121
1.520408,0.967172
1.520408,0.972222
1.520408,0.977273
1.520408,0.982323
1.520408,0.987374
1.520408,0.992424
1.520408,0.997475
1.540816,0.502525
1.540816,0.507576
1.540816,0.512626
1.540816,0.517677
1.540816,0.522727
1.540816,0.527778
1.540816,0.532828
1.540816,0.537879
1.540816,0.542929
1.540816,0.547980
1.540816,0.553030
1.540816,0.558081
1.540816,0.563131
1.540816,0.568182
1.540816,0.573232
1.540816,0.578283
1.540816,0.583333
1.540816,0.588384
1.540816,0.593434
1.540816,0.598485
1.540816,0.603535
1.540816,0.608586
1.540816,0.613636
1.540816,0.618687
1.540816,0.623737
1.540816,0.628788
1.540816,0.633838
1.540816,0.638889
1.540816,0.643939
1.540816,0.648990
1.540816,0.654040
1.540816,0.659091
1.540816,0.664141
1.540816,0.669192
1.540816,0.674242
1.540816,0.679293
1.540816,0.684343
1.540816,0.689394
1.540816,0.694444
1.540816,0.699495
1.540816,0.704545
1.540816,0.709596
1.540816,0.714646
1.540816,0.719697
1.540816,0.724747
1.540816,0.729798
1.540816,0.734848
1.540816,0.739899
1.540816,0.744949
1.540816,0.750000
1.540816,0.755051
1.540816,0.760101
1.540816,0.765152
1.540816,0.770202
1.540816,0.775253
1.540816,0.780303
1.540816,0.785354
1.540816,0.790404
1.540816,0.795455
1.540816,0.800505
1.540816,0.805556
1.540816,0.810606
1.540816,0.815657
1.540816,0.820707
1.540816,0.825758
1.540816,0.830808
1.540816,0.835859
1.540816,0.840909
1.540816,0.845960
1.540816,0.851010
1.540816,0.856061
1.540816,0.861111
1.540816,0.866162
1.540816,0.871212
1.540816,0.876263
1.540816,0.881313
1.540816,0.886364
1.540816,0.891414
1.540816,0.896465
1.540816,0.901515
1.540816,0.906566
1.540816,0.911616
1.540816,0.916667
1.540816,0.921717
1.540816,0.926768
1.540816,0.931818
1.540816,0.936869
1.540816,0.941919
1.540816,0.946970
1.540816,0.952020
1.540816,0.957071
1.540816,0.962121
1.540816,0.967172
1.540816,0.972222
1.540816,0.977273
1.540816,0.982323
1.540816,0.987374
1.540816,0.992424
1.540816,0.997475
1.561224,0.502525
1.561224,0.507576
1.561224,0.512626
1.561224,0.517677
1.561224,0.522727
1.561224,0.527778
1.561224,0.532828
1.561224,0.537879
1.561224,0.542929
1.561224,0.547980
1.561224,0.553030
1.561224,0.558081
1.561224,0.563131
1.561224,0.568182
1.561224,0.573232
1.561224,0.578283
1.561224,0.583333
1.561224,0.588384
1.561224,0.593434
1.561224,0.598485
1.561224,0.603535
1.561224,0.608586
1.561224,0.613636
1.561224,0.618687
1.561224,0.623737
1.561224,0.628788
1.561224,0.633838
1.561224,0.638889
1.561224,0.643939
1.561224,0.648990
1.561224,0.654040
1.561224,0.659091
1.561224,0.664141
1.561224,0.669192
1.561224,0.674242
1.561224,0.679293
1.561224,0.684343
1.561224,0.689394
1.561224,0.694444
1.561224,0.699495
1.561224,0.704545
1.561224,0.709596
1.561224,0.714646
1.561224,0.719697
1.561224,0.724747
1.561224,0.729798
1.561224,0.734848
1.561224,0.739899
1.561224,0.744949
1.561224,0.750000
1.561224,0.755051
1.561224,0.760101
1.561224,0.765152
1.561224,0.770202
1.561224,0.775253
1.561224,0.780303
1.561224,0.785354
1.561224,0.790404
1.561224,0.795455
1.561224,0.800505
1.561224,0.805556
1.561224,0.810606
1.561224,0.815657
1.561224,0.820707
1.561224,0.825758
1.561224,0.830808
1.561224,0.835859
1.561224,0.840909
1.561224,0.845960
1.561224,0.851010
1.561224,0.856061
1.561224,0.861111
1.561224,0.866162
1.561224,0.871212
1.561224,0.876263
1.561224,0.881313
1.561224,0.886364
1.561224,0.891414
1.561224,0.896465
1.561224,0.901515
1.561224,0.906566
1.561224,0.911616
1.561224,0.916667
1.561224,0.921717
1.561224,0.926768
1.561224,0.931818
1.561224,0.936869
1.561224,0.941919
1.561224,0.946970
1.561224,0.952020
1.561224,0.957071
1.561224,0.962121
1.561224,0.967172
1.561224,0.972222
1.561224,0.977273
1.561224,0.982323
1.561224,0.987374
1.561224,0.992424
1.561224,0.997475
1.581633,0.502525
1.581633,0.507576
1.581633,0.512626
1.581633,0.517677
1.581633,0.522727
1.581633,0.527778
1.581633,0.532828
1.581633,0.537879
1.581633,0.542929
1.581633,0.547980
1.581633,0.553030
1.581633,0.558081
1.581633,0.563131
1.581633,0.568182
1.581633,0.573232
1.581633,0.578283
1.581633,0.583333
1.581633,0.588384
1.581633,0.593434
1.581633,0.598485
1.581633,0.603535
1.581633,0.608586
1.581633,0.613636
1.581633,0.618687
1.581633,0.623737
1.581633,0.628788
1.581633,0.633838
1.581633,0.638889
1.581633,0.643939
1.581633,0.648990
1.581633,0.654040
1.581633,0.659091
1.581633,0.664141
1.581633,0.669192
1.581633,0.674242
1.581633,0.679293
1.581633,0.684343
1.581633,0.689394
1.581633,0.694444
1.581633,0.699495
1.581633,0.704545
1.581633,0.709596
1.581633,0.714646
1.581633,0.719697
1.581633,0.724747
1.581633,0.729798
1.581633,0.734848
1.581633,0.739899
1.581633,0.744949
1.581633,0.750000
1.581633,0.755051
1.581633,0.760101
1.581633,0.765152
1.581633,0.770202
1.581633,0.775253
1.581633,0.780303
1.581633,0.785354
1.581633,0.790404
1.581633,0.795455
1.581633,0.800505
1.581633,0.805556
1.581633,0.810606
1.581633,0.815657
1.581633,0.820707
1.581633,0.825758
1.581633,0.830808
1.581633,0.835859
1.581633,0.840909
1.581633,0.845960
1.581633,0.851010
1.581633,0.856061
1.581633,0.861111
1.581633,0.866162
1.581633,0.871212
1.581633,0.876263
1.581633,0.881313
1.581633,0.886364
1.581633,0.891414
1.581633,0.896465
1.581633,0.901515
1.581633,0.906566
1.581633,0.911616
1.581633,0.916667
1.581633,0.921717
1.581633,0.926768
1.581633,0.931818
1.581633,0.936869
1.581633,0.941919
1.581633,0.946970
1.581633,0.952020
1.581633,0.957071
1.581633,0.962121
1.581633,0.967172
1.581633,0.972222
1.581633,0.977273
1.581633,0.982323
1.581633,0.987374
1.581633,0.992424
1.581633,0.997475
1.602041,0.502525
1.602041,0.507576
1.602041,0.512626
1.602041,0.517677
1.602041,0.522727
1.602041,0.527778
1.602041,0.532828
1.602041,0.537879
1.602041,0.542929
1.602041,0.547980
1.602041,0.553030
1.602041,0.558081
1.602041,0.563131
1.602041,0.568182
1.602041,0.573232
1.602041,0.578283
1.602041,0.583333
1.602041,0.588384
1.602041,0.593434
1.602041,0.598485
1.602041,0.603535
1.602041,0.608586
1.602041,0.613636
1.602041,0.618687
1.602041,0.623737
1.602041,0.628788
1.602041,0.633838
1.602041,0.638889
1.602041,0.643939
1.602041,0.648990
1.602041,0.654040
1.602041,0.659091
1.602041,0.664141
1.602041,0.669192
1.602041,0.674242
1.602041,0.679293
1.602041,0.684343
1.602041,0.689394
1.602041,0.694444
1.602041,0.699495
1.602041,0.704545
1.602041,0.709596
1.602041,0.714646
1.602041,0.719697
1.602041,0.724747
1.602041,0.729798
1.602041,0.734848
1.602041,0.739899
1.602041,0.744949
1.602041,0.750000
1.602041,0.755051
1.602041,0.760101
1.602041,0.765152
1.602041,0.770202
1.602041,0.775253
1.602041,0.780303
1.602041,0.785354
1.602041,0.790404
1.602041,0.795455
1.602041,0.800505
1.602041,0.805556
1.602041,0.810606
1.602041,0.815657
1.602041,0.820707
1.602041,0.825758
1.602041,0.830808
1.602041,0.835859
1.602041,0.840909
1.602041,0.845960
1.602041,0.851010
1.602041,0.856061
1.602041,0.861111
1.602041,0.866162
1.602041,0.871212
1.602041,0.876263
1.602041,0.881313
1.602041,0.886364
1.602041,0.891414
1.602041,0.896465
1.602041,0.901515
1.602041,0.906566
1.602041,0.911616
1.602041,0.916667
1.602041,0.921717
1.602041,0.926768
1.602041,0.931818
1.602041,0.936869
1.602041,0.941919
1.602041,0.946970
1.602041,0.952020
1.602041,0.957071
1.602041,0.962121
1.602041,0.967172
1.602041,0.972222
1.602041,0.977273
1.602041,0.982323
1.602041,0.987374
1.602041,0.992424
1.602041,0.997475
1.622449,0.502525
1.622449,0.507576
1.622449,0.512626
1.622449,0.517677
1.622449,0.522727
1.622449,0.527778
1.622449,0.532828
1.622449,0.537879
1.622449,0.542929
1.622449,0.547980
1.622449,0.553030
1.622449,0.558081
1.622449,0.563131
1.622449,0.568182
1.622449,0.573232
1.622449,0.578283
1.622449,0.583333
1.622449,0.588384
1.622449,0.593434
1.622449,0.598485
1.622449,0.603535
1.622449,0.608586
1.622449,0.613636
1.622449,0.618687
1.622449,0.623737
1.622449,0.628788
1.622449,0.633838
1.622449,0.638889
1.622449,0.643939
1.622449,0.648990
1.622449,0.654040
1.622449,0.659091
1.622449,0.664141
1.622449,0.669192
1.622449,0.674242
1.622449,0.679293
1.622449,0.684343
1.622449,0.689394
1.622449,0.694444
1.622449,0.699495
1.622449,0.704545
1.622449,0.709596
1.622449,0.714646
1.622449,0.719697
1.622449,0.724747
1.622449,0.729798
1.622449,0.734848
1.622449,0.739899
1.622449,0.744949
1.622449,0.750000
1.622449,0.755051
1.622449,0.760101
1.622449,0.765152
1.622449,0.770202
1.622449,0.775253
1.622449,0.780303
1.622449,0.785354
1.622449,0.790404
1.622449,0.795455
1.622449,0.800505
1.622449,0.805556
1.622449,0.810606
1.622449,0.815657
1.622449,0.820707
1.622449,0.825758
1.622449,0.830808
1.622449,0.835859
1.622449,0.840909
1.622449,0.845960
1.622449,0.851010
1.622449,0.856061
1.622449,0.861111
1.622449,0.866162
1.622449,0.871212
1.622449,0.876263
1.622449,0.881313
1.622449,0.886364
1.622449,0.891414
1.622449,0.896465
1.622449,0.901515
1.622449,0.906566
1.622449,0.911616
1.622449,0.916667
1.622449,0.921717
1.622449,0.926768
1.622449,0.931818
1.622449,0.936869
1.622449,0.941919
1.622449,0.946970
1.622449,0.952020
1.622449,0.957071
1.622449,0.962121
1.622449,0.967172
1.622449,0.972222
1.622449,0.977273
1.622449,0.982323
1.622449,0.987374
1.622449,0.992424
1.622449,0.997475
1.642857,0.502525
1.642857,0.507576
1.642857,0.512626
1.642857,0.517677
1.642857,0.522727
1.642857,0.527778
1.642857,0.532828
1.642857,0.537879
1.642857,0.542929
1.642857,0.547980
1.642857,0.553030
1.642857,0.558081
1.642857,0.563131
1.642857,0.568182
1.642857,0.573232
1.642857,0.578283
1.642857,0.583333
1.642857,0.588384
1.642857,0.593434
1.642857,0.598485
1.642857,0.603535
1.642857,0.608586
1.642857,0.613636
1.642857,0.618687
1.642857,0.623737
1.642857,0.628788
1.642857,0.633838
1.642857,0.638889
1.642857,0.643939
1.642857,0.648990
1.642857,0.654040
1.642857,0.659091
1.642857,0.664141
1.642857,0.669192
1.642857,0.674242
1.642857,0.679293
1.642857,0.684343
1.642857,0.689394
1.642857,0.694444
1.642857,0.699495
1.642857,0.704545
1.642857,0.709596
1.642857,0.714646
1.642857,0.719697
1.642857,0.724747
1.642857,0.729798
1.642857,0.734848
1.642857,0.739899
1.642857,0.744949
1.642857,0.750000
1.642857,0.755051
1.642857,0.760101
1.642857,0.765152
1.642857,0.770202
1.642857,0.775253
1.642857,0.780303
1.642857,0.785354
1.642857,0.790404
1.642857,0.795455
1.642857,0.800505
1.642857,0.805556
1.642857,0.810606
1.642857,0.815657
1.642857,0.820707
1.642857,0.825758
1.642857,0.830808
1.642857,0.835859
1.642857,0.840909
1.642857,0.845960
1.642857,0.851010
1.642857,0.856061
1.642857,0.861111
1.642857,0.866162
1.642857,0.871212
1.642857,0.876263
1.642857,0.881313
1.642857,0.886364
1.642857,0.891414
1.642857,0.896465
1.642857,0.901515
1.642857,0.906566
1.642857,0.911616
1.642857,0.916667
1.642857,0.921717
1.642857,0.926768
1.642857,0.931818
1.642857,0.936869
1.642857,0.941919
1.642857,0.946970
1.642857,0.952020
1.642857,0.957071
1.642857,0.962121
1.642857,0.967172
1.642857,0.972222
1.642857,0.977273
1.642857,0.982323
1.642857,0.987374
1.642857,0.992424
1.642857,0.997475
1.663265,0.502525
1.663265,0.507576
1.663265,0.512626
1.663265,0.517677
1.663265,0.522727
1.663265,0.527778
1.663265,0.532828
1.663265,0.537879
1.663265,0.542929
1.663265,0.547980
1.663265,0.553030
1.663265,0.558081
1.663265,0.563131
1.663265,0.568182
1.663265,0.573232
1.663265,0.578283
1.663265,0.583333
1.663265,0.588384
1.663265,0.593434
1.663265,0.598485
1.663265,0.603535
1.663265,0.608586
1.663265,0.613636
1.663265,0.618687
1.663265,0.623737
1.663265,0.628788
1.663265,0.633838
1.663265,0.638889
1.663265,0.643939
1.663265,0.648990
1.663265,0.654040
1.663265,0.659091
1.663265,0.664141
1.663265,0.669192
1.663265,0.674242
1.663265,0.679293
1.663265,0.684343
1.663265,0.689394
1.663265,0.694444
1.663265,0.699495
1.663265,0.704545
1.663265,0.709596
1.663265,0.714646
1.663265,0.719697
1.663265,0.724747
1.663265,0.729798
1.663265,0.734848
1.663265,0.739899
1.663265,0.744949
1.663265,0.750000
1.663265,0.755051
1.663265,0.760101
1.663265,0.765152
1.663265,0.770202
1.663265,0.775253
1.663265,0.780303
1.663265,0.785354
1.663265,0.790404
1.663265,0.795455
1.663265,0.800505
1.663265,0.805556
1.663265,0.810606
1.663265,0.815657
1.663265,0.820707
1.663265,0.825758
1.663265,0.830808
1.663265,0.835859
1.663265,0.840909
1.663265,0.845960
1.663265,0.851010
1.663265,0.856061
1.663265,0.861111
1.663265,0.866162
1.663265,0.871212
1.663265,0.876263
1.663265,0.881313
1.663265,0.886364
1.663265,0.891414
1.663265,0.896465
1.663265,0.901515
1.663265,0.906566
1.663265,0.911616
1.663265,0.916667
1.663265,0.921717
1.663265,0.926768
1.663265,0.931818
1.663265,0.936869
1.663265,0.941919
1.663265,0.946970
1.663265,0.952020
1.663265,0.957071
1.663265,0.962121
1.663265,0.967172
1.663265,0.972222
1.663265,0.977273
1.663265,0.982323
1.663265,0.987374
1.663265,0.992424
1.663265,0.997475
1.683673,0.502525
1.683673,0.507576
1.683673,0.512626
1.683673,0.517677
1.683673,0.522727
1.683673,0.527778
1.683673,0.532828
1.683673,0.537879
1.683673,0.542929
1.683673,0.547980
1.683673,0.553030
1.683673,0.558081
1.683673,0.563131
1.683673,0.568182
1.683673,0.573232
1.683673,0.578283
1.683673,0.583333
1.683673,0.588384
1.683673,0.593434
1.683673,0.598485
1.683673,0.603535
1.683673,0.608586
1.683673,0.613636
1.683673,0.618687
1.683673,0.623737
1.683673,0.628788
1.683673,0.633838
1.683673,0.638889
1.683673,0.643939
1.683673,0.648990
1.683673,0.654040
1.683673,0.659091
1.683673,0.664141
1.683673,0.669192
1.683673,0.674242
1.683673,0.679293
1.683673,0.684343
1.683673,0.689394
1.683673,0.694444
1.683673,0.699495
1.683673,0.704545
1.683673,0.709596
1.683673,0.714646
1.683673,0.719697
1.683673,0.724747
1.683673,0.729798
1.683673,0.734848
1.683673,0.739899
1.683673,0.744949
1.683673,0.750000
1.683673,0.755051
1.683673,0.760101
1.683673,0.765152
1.683673,0.770202
1.683673,0.775253
1.683673,0.780303
1.683673,0.785354
1.683673,0.790404
1.683673,0.795455
1.683673,0.800505
1.683673,0.805556
1.683673,0.810606
1.683673,0.815657
1.683673,0.820707
1.683673,0.825758
1.683673,0.830808
1.683673,0.835859
1.683673,0.840909
1.683673,0.845960
1.683673,0.851010
1.683673,0.856061
1.683673,0.861111
1.683673,0.866162
1.683673,0.871212
1.683673,0.876263
1.683673,0.881313
1.683673,0.886364
1.683673,0.891414
1.683673,0.896465
1.683673,0.901515
1.683673,0.906566
1.683673,0.911616
1.683673,0.916667
1.683673,0.921717
1.683673,0.926768
1.683673,0.931818
1.683673,0.936869
1.683673,0.941919
1.683673,0.946970
1.683673,0.952020
1.683673,0.957071
1.683673,0.962121
1.683673,0.967172
1.683673,0.972222
1.683673,0.977273
1.683673,0.982323
1.683673,0.987374
1.683673,0.992424
1.683673,0.997475
1.704082,0.502525
1.704082,0.507576
1.704082,0.512626
1.704082,0.517677
1.704082,0.522727
1.704082,0.527778
1.704082,0.532828
1.704082,0.537879
1.704082,0.542929
1.704082,0.547980
1.704082,0.553030
1.704082,0.558081
1.704082,0.563131
1.704082,0.568182
1.704082,0.573232
1.704082,0.578283
1.704082,0.583333
1.704082,0.588384
1.704082,0.593434
1.704082,0.598485
1.704082,0.603535
1.704082,0.608586
1.704082,0.613636
1.704082,0.618687
1.704082,0.623737
1.704082,0.628788
1.704082,0.633838
1.704082,0.638889
1.704082,0.643939
1.704082,0.648990
1.704082,0.654040
1.704082,0.659091
1.704082,0.664141
1.704082,0.669192
1.704082,0.674242
1.704082,0.679293
1.704082,0.684343
1.704082,0.689394
1.704082,0.694444
1.704082,0.699495
1.704082,0.704545
1.704082,0.709596
1.704082,0.714646
1.704082,0.719697
1.704082,0.724747
1.704082,0.729798
1.704082,0.734848
1.704082,0.739899
1.704082,0.744949
1.704082,0.750000
1.704082,0.755051
1.704082,0.760101
1.704082,0.765152
1.704082,0.770202
1.704082,0.775253
1.704082,0.780303
1.704082,0.785354
1.704082,0.790404
1.704082,0.795455
1.704082,0.800505
1.704082,0.805556
1.704082,0.810606
1.704082,0.815657
1.704082,0.820707
1.704082,0.825758
1.704082,0.830808
1.704082,0.835859
1.704082,0.840909
1.704082,0.845960
1.704082,0.851010
1.704082,0.856061
1.704082,0.861111
1.704082,0.866162
1.704082,0.871212
1.704082,0.876263
1.704082,0.881313
1.704082,0.886364
1.704082,0.891414
1.704082,0.896465
1.704082,0.901515
1.704082,0.906566
1.704082,0.911616
1.704082,0.916667
1.704082,0.921717
1.704082,0.926768
1.704082,0.931818
1.704082,0.936869
1.704082,0.941919
1.704082,0.946970
1.704082,0.952020
1.704082,0.957071
1.704082,0.962121
1.704082,0.967172
1.704082,0.972222
1.704082,0.977273
1.704082,0.982323
1.704082,0.987374
1.704082,0.992424
1.704082,0.997475
1.724490,0.502525
1.724490,0.507576
1.724490,0.512626
1.724490,0.517677
1.724490,0.522727
1.724490,0.527778
1.724490,0.532828
1.724490,0.537879
1.724490,0.542929
1.724490,0.547980
1.724490,0.553030
1.724490,0.558081
1.724490,0.563131
1.724490,0.568182
1.724490,0.573232
1.724490,0.578283
1.724490,0.583333
1.724490,0.588384
1.724490,0.593434
1.724490,0.598485
1.724490,0.603535
1.724490,0.608586
1.724490,0.613636
1.724490,0.618687
1.724490,0.623737
1.724490,0.628788
1.724490,0.633838
1.724490,0.638889
1.724490,0.643939
1.724490,0.648990
1.724490,0.654040
1.724490,0.659091
1.724490,0.664141
1.724490,0.669192
1.724490,0.674242
1.724490,0.679293
1.724490,0.684343
1.724490,0.689394
1.724490,0.694444
1.724490,0.699495
1.724490,0.704545
1.724490,0.709596
1.724490,0.714646
1.724490,0.719697
1.724490,0.724747
1.724490,0.729798
1.724490,0.734848
1.724490,0.739899
1.724490,0.744949
1.724490,0.750000
1.724490,0.755051
1.724490,0.760101
1.724490,0.765152
1.724490,0.770202
1.724490,0.775253
1.724490,0.780303
1.724490,0.785354
1.724490,0.790404
1.724490,0.795455
1.724490,0.800505
1.724490,0.805556
1.724490,0.810606
1.724490,0.815657
1.724490,0.820707
1.724490,0.825758
1.724490,0.830808
1.724490,0.835859
1.724490,0.840909
1.724490,0.845960
1.724490,0.851010
1.724490,0.856061
1.724490,0.861111
1.724490,0.866162
1.724490,0.871212
1.724490,0.876263
1.724490,0.881313
1.724490,0.886364
1.724490,0.891414
1.724490,0.896465
1.724490,0.901515
1.724490,0.906566
1.724490,0.911616
1.724490,0.916667
1.724490,0.921717
1.724490,0.926768
1.724490,0.931818
1.724490,0.936869
1.724490,0.941919
1.724490,0.946970
1.724490,0.952020
1.724490,0.957071
1.724490,0.962121
1.724490,0.967172
1.724490,0.972222
1.724490,0.977273
1.724490,0.982323
1.724490,0.987374
1.724490,0.992424
1.724490,0.997475
1.744898,0.502525
1.744898,0.507576
1.744898,0.512626
1.744898,0.517677
1.744898,0.522727
1.744898,0.527778
1.744898,0.532828
1.744898,0.537879
1.744898,0.542929
1.744898,0.547980
1.744898,0.553030
1.744898,0.558081
1.744898,0.563131
1.744898,0.568182
1.744898,0.573232
1.744898,0.578283
1.744898,0.583333
1.744898,0.588384
1.744898,0.593434
1.744898,0.598485
1.744898,0.603535
1.744898,0.608586
1.744898,0.613636
1.744898,0.618687
1.744898,0.623737
1.744898,0.628788
1.744898,0.633838
1.744898,0.638889
1.744898,0.643939
1.744898,0.648990
1.744898,0.654040
1.744898,0.659091
1.744898,0.664141
1.744898,0.669192
1.744898,0.674242
1.744898,0.679293
1.744898,0.684343
1.744898,0.689394
1.744898,0.694444
1.744898,0.699495
1.744898,0.704545
1.744898,0.709596
1.744898,0.714646
1.744898,0.719697
1.744898,0.724747
1.744898,0.729798
1.744898,0.734848
1.744898,0.739899
1.744898,0.744949
1.744898,0.750000
1.744898,0.755051
1.744898,0.760101
1.744898,0.765152
1.744898,0.770202
1.744898,0.775253
1.744898,0.780303
1.744898,0.785354
1.744898,0.790404
1.744898,0.795455
1.744898,0.800505
1.744898,0.805556
1.744898,0.810606
1.744898,0.815657
1.744898,0.820707
1.744898,0.825758
1.744898,0.830808
1.744898,0.835859
1.744898,0.840909
1.744898,0.845960
1.744898,0.851010
1.744898,0.856061
1.744898,0.861111
1.744898,0.866162
1.744898,0.871212
1.744898,0.876263
1.744898,0.881313
1.744898,0.886364
1.744898,0.891414
1.744898,0.896465
1.744898,0.901515
1.744898,0.906566
1.744898,0.911616
1.744898,0.916667
1.744898,0.921717
1.744898,0.926768
1.744898,0.931818
1.744898,0.936869
1.744898,0.941919
1.744898,0.946970
1.744898,0.952020
1.744898,0.957071
1.744898,0.962121
1.744898,0.967172
1.744898,0.972222
1.744898,0.977273
1.744898,0.982323
1.744898,0.987374
1.744898,0.992424
1.744898,0.997475
1.765306,0.502525
1.765306,0.507576
1.765306,0.512626
1.765306,0.517677
1.765306,0.522727
1.765306,0.527778
1.765306,0.532828
1.765306,0.537879
1.765306,0.542929
1.765306,0.547980
1.765306,0.553030
1.765306,0.558081
1.765306,0.563131
1.765306,0.568182
1.765306,0.573232
1.765306,0.578283
1.765306,0.583333
1.765306,0.588384
1.765306,0.593434
1.765306,0.598485
1.765306,0.603535
1.765306,0.608586
1.765306,0.613636
1.765306,0.618687
1.765306,0.623737
1.765306,0.628788
1.765306,0.633838
1.765306,0.638889
1.765306,0.643939
1.765306,0.648990
1.765306,0.654040
1.765306,0.659091
1.765306,0.664141
1.765306,0.669192
1.765306,0.674242
1.765306,0.679293
1.765306,0.684343
1.765306,0.689394
1.765306,0.694444
1.765306,0.699495
1.765306,0.704545
1.765306,0.709596
1.765306,0.714646
1.765306,0.719697
1.765306,0.724747
1.765306,0.729798
1.765306,0.734848
1.765306,0.739899
1.765306,0.744949
1.765306,0.750000
1.765306,0.755051
1.765306,0.760101
1.765306,0.765152
1.765306,0.770202
1.765306,0.775253
1.765306,0.780303
1.765306,0.785354
1.765306,0.790404
1.765306,0.795455
1.765306,0.800505
1.765306,0.805556
1.765306,0.810606
1.765306,0.815657
1.765306,0.820707
1.765306,0.825758
1.765306,0.830808
1.765306,0.835859
1.765306,0.840909
1.765306,0.845960
1.765306,0.851010
1.765306,0.856061
1.765306,0.861111
1.765306,0.866162
1.765306,0.871212
1.765306,0.876263
1.765306,0.881313
1.765306,0.886364
1.765306,0.891414
1.765306,0.896465
1.765306,0.901515
1.765306,0.906566
1.765306,0.911616
1.765306,0.916667
1.765306,0.921717
1.765306,0.926768
1.765306,0.931818
1.765306,0.936869
1.765306,0.941919
1.765306,0.946970
1.765306,0.952020
1.765306,0.957071
1.765306,0.962121
1.765306,0.967172
1.765306,0.972222
1.765306,0.977273
1.765306,0.982323
1.765306,0.987374
1.765306,0.992424
1.765306,0.997475
1.785714,0.502525
1.785714,0.507576
1.785714,0.512626
1.785714,0.517677
1.785714,0.522727
1.785714,0.527778
1.785714,0.532828
1.785714,0.537879
1.785714,0.542929
1.785714,0.547980
1.785714,0.553030
1.785714,0.558081
1.785714,0.563131
1.785714,0.568182
1.785714,0.573232
1.785714,0.578283
1.785714,0.583333
1.785714,0.588384
1.785714,0.593434
1.785714,0.598485
1.785714,0.603535
1.785714,0.608586
1.785714,0.613636
1.785714,0.618687
1.785714,0.623737
1.785714,0.628788
1.785714,0.633838
1.785714,0.638889
1.785714,0.643939
1.785714,0.648990
1.785714,0.654040
1.785714,0.659091
1.785714,0.664141
1.785714,0.669192
1.785714,0.674242
1.785714,0.679293
1.785714,0.684343
1.785714,0.689394
1.785714,0.694444
1.785714,0.699495
1.785714,0.704545
1.785714,0.709596
1.785714,0.714646
1.785714,0.719697
1.785714,0.724747
1.785714,0.729798
1.785714,0.734848
1.785714,0.739899
1.785714,0.744949
1.785714,0.750000
1.785714,0.755051
1.785714,0.760101
1.785714,0.765152
1.785714,0.770202
1.785714,0.775253
1.785714,0.780303
1.785714,0.785354
1.785714,0.790404
1.785714,0.795455
1.785714,0.800505
1.785714,0.805556
1.785714,0.810606
1.785714,0.815657
1.785714,0.820707
1.785714,0.825758
1.785714,0.830808
1.785714,0.835859
1.785714,0.840909
1.785714,0.845960
1.785714,0.851010
1.785714,0.856061
1.785714,0.861111
1.785714,0.866162
1.785714,0.871212
1.785714,0.876263
1.785714,0.881313
1.785714,0.886364
1.785714,0.891414
1.785714,0.896465
1.785714,0.901515
1.785714,0.906566
1.785714,0.911616
1.785714,0.916667
1.785714,0.921717
1.785714,0.926768
1.785714,0.931818
1.785714,0.936869
1.785714,0.941919
1.785714,0.946970
1.785714,0.952020
1.785714,0.957071
1.785714,0.962121
1.785714,0.967172
1.785714,0.972222
1.785714,0.977273
1.785714,0.982323
1.785714,0.987374
1.785714,0.992424
1.785714,0.997475
1.806122,0.502525
1.806122,0.507576
1.806122,0.512626
1.806122,0.517677
1.806122,0.522727
1.806122,0.527778
1.806122,0.532828
1.806122,0.537879
1.806122,0.542929
1.806122,0.547980
1.806122,0.553030
1.806122,0.558081
1.806122,0.563131
1.806122,0.568182
1.806122,0.573232
1.806122,0.578283
1.806122,0.583333
1.806122,0.588384
1.806122,0.593434
1.806122,0.598485
1.806122,0.603535
1.806122,0.608586
1.806122,0.613636
1.806122,0.618687
1.806122,0.623737
1.806122,0.628788
1.806122,0.633838
1.806122,0.638889
1.806122,0.643939
1.806122,0.648990
1.806122,0.654040
1.806122,0.659091
1.806122,0.664141
1.806122,0.669192
1.806122,0.674242
1.806122,0.679293
1.806122,0.684343
1.806122,0.689394
1.806122,0.694444
1.806122,0.699495
1.806122,0.704545
1.806122,0.709596
1.806122,0.714646
1.806122,0.719697
1.806122,0.724747
1.806122,0.729798
1.806122,0.734848
1.806122,0.739899
1.806122,0.744949
1.806122,0.750000
1.806122,0.755051
1.806122,0.760101
1.806122,0.765152
1.806122,0.770202
1.806122,0.775253
1.806122,0.780303
1.806122,0.785354
1.806122,0.790404
1.806122,0.795455
1.806122,0.800505
1.806122,0.805556
1.806122,0.810606
1.806122,0.815657
1.806122,0.820707
1.806122,0.825758
1.806122,0.830808
1.806122,0.835859
1.806122,0.840909
1.806122,0.845960
1.806122,0.851010
1.806122,0.856061
1.806122,0.861111
1.806122,0.866162
1.806122,0.871212
1.806122,0.876263
1.806122,0.881313
1.806122,0.886364
1.806122,0.891414
1.806122,0.896465
1.806122,0.901515
1.806122,0.906566
1.806122,0.911616
1.806122,0.916667
1.806122,0.921717
1.806122,0.926768
1.806122,0.931818
1.806122,0.936869
1.806122,0.941919
1.806122,0.946970
1.806122,0.952020
1.806122,0.957071
1.806122,0.962121
1.806122,0.967172
1.806122,0.972222
1.806122,0.977273
1.806122,0.982323
1.806122,0.987374
1.806122,0.992424
1.806122,0.997475
1.826531,0.502525
1.826531,0.507576
1.826531,0.512626
1.826531,0.517677
1.826531,0.522727
1.826531,0.527778
1.826531,0.532828
1.826531,0.537879
1.826531,0.542929
1.826531,0.547980
1.826531,0.553030
1.826531,0.558081
1.826531,0.563131
1.826531,0.568182
1.826531,0.573232
1.826531,0.578283
1.826531,0.583333
1.826531,0.588384
1.826531,0.593434
1.826531,0.598485
1.826531,0.603535
1.826531,0.608586
1.826531,0.613636
1.826531,0.618687
1.826531,0.623737
1.826531,0.628788
1.826531,0.633838
1.826531,0.638889
1.826531,0.643939
1.826531,0.648990
1.826531,0.654040
1.826531,0.659091
1.826531,0.664141
1.826531,0.669192
1.826531,0.674242
1.826531,0.679293
1.826531,0.684343
1.826531,0.689394
1.826531,0.694444
1.826531,0.699495
1.826531,0.704545
1.826531,0.709596
1.826531,0.714646
1.826531,0.719697
1.826531,0.724747
1.826531,0.729798
1.826531,0.734848
1.826531,0.739899
1.826531,0.744949
1.826531,0.750000
1.826531,0.755051
1.826531,0.760101
1.826531,0.765152
1.826531,0.770202
1.826531,0.775253
1.826531,0.780303
1.826531,0.785354
1.826531,0.790404
1.826531,0.795455
1.826531,0.800505
1.826531,0.805556
1.826531,0.810606
1.826531,0.815657
1.826531,0.820707
1.826531,0.825758
1.826531,0.830808
1.826531,0.835859
1.826531,0.840909
1.826531,0.845960
1.826531,0.851010
1.826531,0.856061
1.826531,0.861111
1.826531,0.866162
1.826531,0.871212
1.826531,0.876263
1.826531,0.881313
1.826531,0.886364
1.826531,0.891414
1.826531,0.896465
1.826531,0.901515
1.826531,0.906566
1.826531,0.911616
1.826531,0.916667
1.826531,0.921717
1.826531,0.926768
1.826531,0.931818
1.826531,0.936869
1.826531,0.941919
1.826531,0.946970
1.826531,0.952020
1.826531,0.957071
1.826531,0.962121
1.826531,0.967172
1.826531,0.972222
1.826531,0.977273
1.826531,0.982323
1.826531,0.987374
1.826531,0.992424
1.826531,0.997475
1.846939,0.502525
1.846939,0.507576
1.846939,0.512626
1.846939,0.517677
1.846939,0.522727
1.846939,0.527778
1.846939,0.532828
1.846939,0.537879
1.846939,0.542929
1.846939,0.547980
1.846939,0.553030
1.846939,0.558081
1.846939,0.563131
1.846939,0.568182
1.846939,0.573232
1.846939,0.578283
1.846939,0.583333
1.846939,0.588384
1.846939,0.593434
1.846939,0.598485
1.846939,0.603535
1.846939,0.608586
1.846939,0.613636
1.846939,0.618687
1.846939,0.623737
1.846939,0.628788
1.846939,0.633838
1.846939,0.638889
1.846939,0.643939
1.846939,0.648990
1.846939,0.654040
1.846939,0.659091
1.846939,0.664141
1.846939,0.669192
1.846939,0.674242
1.846939,0.679293
1.846939,0.684343
1.846939,0.689394
1.846939,0.694444
1.846939,0.699495
1.846939,0.704545
1.846939,0.709596
1.846939,0.714646
1.846939,0.719697
1.846939,0.724747
1.846939,0.729798
1.846939,0.734848
1.846939,0.739899
1.846939,0.744949
1.846939,0.750000
1.846939,0.755051
1.846939,0.760101
1.846939,0.765152
1.846939,0.770202
1.846939,0.775253
1.846939,0.780303
1.846939,0.785354
1.846939,0.790404
1.846939,0.795455
1.846939,0.800505
1.846939,0.805556
1.846939,0.810606
1.846939,0.815657
1.846939,0.820707
1.846939,0.825758
1.846939,0.830808
1.846939,0.835859
1.846939,0.840909
1.846939,0.845960
1.846939,0.851010
1.846939,0.856061
1.846939,0.861111
1.846939,0.866162
1.846939,0.871212
1.846939,0.876263
1.846939,0.881313
1.846939,0.886364
1.846939,0.891414
1.846939,0.896465
1.846939,0.901515
1.846939,0.906566
1.846939,0.911616
1.846939,0.916667
1.846939,0.921717
1.846939,0.926768
1.846939,0.931818
1.846939,0.936869
1.846939,0.941919
1.846939,0.946970
1.846939,0.952020
1.846939,0.957071
1.846939,0.962121
1.846939,0.967172
1.846939,0.972222
1.846939,0.977273
1.846939,0.982323
1.846939,0.987374
1.846939,0.992424
1.846939,0.997475
1.867347,0.502525
1.867347,0.507576
1.867347,0.512626
1.867347,0.517677
1.867347,0.522727
1.867347,0.527778
1.867347,0.532828
1.867347,0.537879
1.867347,0.542929
1.867347,0.547980
1.867347,0.553030
1.867347,0.558081
1.867347,0.563131
1.867347,0.568182
1.867347,0.573232
1.867347,0.578283
1.867347,0.583333
1.867347,0.588384
1.867347,0.593434
1.867347,0.598485
1.867347,0.603535
1.867347,0.608586
1.867347,0.613636
1.867347,0.618687
1.867347,0.623737
1.867347,0.628788
1.867347,0.633838
1.867347,0.638889
1.867347,0.643939
1.867347,0.648990
1.867347,0.654040
1.867347,0.659091
1.867347,0.664141
1.867347,0.669192
1.867347,0.674242
1.867347,0.679293
1.867347,0.684343
1.867347,0.689394
1.867347,0.694444
1.867347,0.699495
1.867347,0.704545
1.867347,0.709596
1.867347,0.714646
1.867347,0.719697
1.867347,0.724747
1.867347,0.729798
1.867347,0.734848
1.867347,0.739899
1.867347,0.744949
1.867347,0.750000
1.867347,0.755051
1.867347,0.760101
1.867347,0.765152
1.867347,0.770202
1.867347,0.775253
1.867347,0.780303
1.867347,0.785354
1.867347,0.790404
1.867347,0.795455
1.867347,0.800505
1.867347,0.805556
1.867347,0.810606
1.867347,0.815657
1.867347,0.820707
1.867347,0.825758
1.867347,0.830808
1.867347,0.835859
1.867347,0.840909
1.867347,0.845960
1.867347,0.851010
1.867347,0.856061
1.867347,0.861111
1.867347,0.866162
1.867347,0.871212
1.867347,0.876263
1.867347,0.881313
1.867347,0.886364
1.867347,0.891414
1.867347,0.896465
1.867347,0.901515
1.867347,0.906566
1.867347,0.911616
1.867347,0.916667
1.867347,0.921717
1.867347,0.926768
1.867347,0.931818
1.867347,0.936869
1.867347,0.941919
1.867347,0.946970
1.867347,0.952020
1.867347,0.957071
1.867347,0.962121
1.867347,0.967172
1.867347,0.972222
1.867347,0.977273
1.867347,0.982323
1.867347,0.987374
1.867347,0.992424
1.867347,0.997475
1.887755,0.502525
1.887755,0.507576
1.887755,0.512626
1.887755,0.517677
1.887755,0.522727
1.887755,0.527778
1.887755,0.532828
1.887755,0.537879
1.887755,0.542929
1.887755,0.547980
1.887755,0.553030
1.887755,0.558081
1.887755,0.563131
1.887755,0.568182
1.887755,0.573232
1.887755,0.578283
1.887755,0.583333
1.887755,0.588384
1.887755,0.593434
1.887755,0.598485
1.887755,0.603535
1.887755,0.608586
1.887755,0.613636
1.887755,0.618687
1.887755,0.623737
1.887755,0.628788
1.887755,0.633838
1.887755,0.638889
1.887755,0.643939
1.887755,0.648990
1.887755,0.654040
1.887755,0.659091
1.887755,0.664141
1.887755,0.669192
1.887755,0.674242
1.887755,0.679293
1.887755,0.684343
1.887755,0.689394
1.887755,0.694444
1.887755,0.699495
1.887755,0.704545
1.887755,0.709596
1.887755,0.714646
1.887755,0.719697
1.887755,0.724747
1.887755,0.729798
1.887755,0.734848
1.887755,0.739899
1.887755,0.744949
1.887755,0.750000
1.887755,0.755051
1.887755,0.760101
1.887755,0.765152
1.887755,0.770202
1.887755,0.775253
1.887755,0.780303
1.887755,0.785354
1.887755,0.790404
1.887755,0.795455
1.887755,0.800505
1.887755,0.805556
1.887755,0.810606
1.887755,0.815657
1.887755,0.820707
1.887755,0.825758
1.887755,0.830808
1.887755,0.835859
1.887755,0.840909
1.887755,0.845960
1.887755,0.851010
1.887755,0.856061
1.887755,0.861111
1.887755,0.866162
1.887755,0.871212
1.887755,0.876263
1.887755,0.881313
1.887755,0.886364
1.887755,0.891414
1.887755,0.896465
1.887755,0.901515
1.887755,0.906566
1.887755,0.911616
1.887755,0.916667
1.887755,0.921717
1.887755,0.926768
1.887755,0.931818
1.887755,0.936869
1.887755,0.941919
1.887755,0.946970
1.887755,0.952020
1.887755,0.957071
1.887755,0.962121
1.887755,0.967172
1.887755,0.972222
1.887755,0.977273
1.887755,0.982323
1.887755,0.987374
1.887755,0.992424
1.887755,0.997475
1.908163,0.502525
1.908163,0.507576
1.908163,0.512626
1.908163,0.517677
1.908163,0.522727
1.908163,0.527778
1.908163,0.532828
1.908163,0.537879
1.908163,0.542929
1.908163,0.547980
1.908163,0.553030
1.908163,0.558081
1.908163,0.563131
1.908163,0.568182
1.908163,0.573232
1.908163,0.578283
1.908163,0.583333
1.908163,0.588384
1.908163,0.593434
1.908163,0.598485
1.908163,0.603535
1.908163,0.608586
1.908163,0.613636
1.908163,0.618687
1.908163,0.623737
1.908163,0.628788
1.908163,0.633838
1.908163,0.638889
1.908163,0.643939
1.908163,0.648990
1.908163,0.654040
1.908163,0.659091
1.908163,0.664141
1.908163,0.669192
1.908163,0.674242
1.908163,0.679293
1.908163,0.684343
1.908163,0.689394
1.908163,0.694444
1.908163,0.699495
1.908163,0.704545
1.908163,0.709596
1.908163,0.714646
1.908163,0.719697
1.908163,0.724747
1.908163,0.729798
1.908163,0.734848
1.908163,0.739899
1.908163,0.744949
1.908163,0.750000
1.908163,0.755051
1.908163,0.760101
1.908163,0.765152
1.908163,0.770202
1.908163,0.775253
1.908163,0.780303
1.908163,0.785354
1.908163,0.790404
1.908163,0.795455
1.908163,0.800505
1.908163,0.805556
1.908163,0.810606
1.908163,0.815657
1.908163,0.820707
1.908163,0.825758
1.908163,0.830808
1.908163,0.835859
1.908163,0.840909
1.908163,0.845960
1.908163,0.851010
1.908163,0.856061
1.908163,0.861111
1.908163,0.866162
1.908163,0.871212
1.908163,0.876263
1.908163,0.881313
1.908163,0.886364
1.908163,0.891414
1.908163,0.896465
1.908163,0.901515
1.908163,0.906566
1.908163,0.911616
1.908163,0.916667
1.908163,0.921717
1.908163,0.926768
1.908163,0.931818
1.908163,0.936869
1.908163,0.941919
1.908163,0.946970
1.908163,0.952020
1.908163,0.957071
1.908163,0.962121
1.908163,0.967172
1.908163,0.972222
1.908163,0.977273
1.908163,0.982323
1.908163,0.987374
1.908163,0.992424
1.908163,0.997475
1.928571,0.502525
1.928571,0.507576
1.928571,0.512626
1.928571,0.517677
1.928571,0.522727
1.928571,0.527778
1.928571,0.532828
1.928571,0.537879
1.928571,0.542929
1.928571,0.547980
1.928571,0.553030
1.928571,0.558081
1.928571,0.563131
1.928571,0.568182
1.928571,0.573232
1.928571,0.578283
1.928571,0.583333
1.928571,0.588384
1.928571,0.593434
1.928571,0.598485
1.928571,0.603535
1.928571,0.608586
1.928571,0.613636
1.928571,0.618687
1.928571,0.623737
1.928571,0.628788
1.928571,0.633838
1.928571,0.638889
1.928571,0.643939
1.928571,0.648990
1.928571,0.654040
1.928571,0.659091
1.928571,0.664141
1.928571,0.669192
1.928571,0.674242
1.928571,0.679293
1.928571,0.684343
1.928571,0.689394
1.928571,0.694444
1.928571,0.699495
1.928571,0.704545
1.928571,0.709596
1.928571,0.714646
1.928571,0.719697
1.928571,0.724747
1.928571,0.729798
1.928571,0.734848
1.928571,0.739899
1.928571,0.744949
1.928571,0.750000
1.928571,0.755051
1.928571,0.760101
1.928571,0.765152
1.928571,0.770202
1.928571,0.775253
1.928571,0.780303
1.928571,0.785354
1.928571,0.790404
1.928571,0.795455
1.928571,0.800505
1.928571,0.805556
1.928571,0.810606
1.928571,0.815657
1.928571,0.820707
1.928571,0.825758
1.928571,0.830808
1.928571,0.835859
1.928571,0.840909
1.928571,0.845960
1.928571,0.851010
1.928571,0.856061
1.928571,0.861111
1.928571,0.866162
1.928571,0.871212
1.928571,0.876263
1.928571,0.881313
1.928571,0.886364
1.928571,0.891414
1.928571,0.896465
1.928571,0.901515
1.928571,0.906566
1.928571,0.911616
1.928571,0.916667
1.928571,0.921717
1.928571,0.926768
1.928571,0.931818
1.928571,0.936869
1.928571,0.941919
1.928571,0.946970
1.928571,0.952020
1.928571,0.957071
1.928571,0.962121
1.928571,0.967172
1.928571,0.972222
1.928571,0.977273
1.928571,0.982323
1.928571,0.987374
1.928571,0.992424
1.928571,0.997475
1.948980,0.502525
1.948980,0.507576
1.948980,0.512626
1.948980,0.517677
1.948980,0.522727
1.948980,0.527778
1.948980,0.532828
1.948980,0.537879
1.948980,0.542929
1.948980,0.547980
1.948980,0.553030
1.948980,0.558081
1.948980,0.563131
1.948980,0.568182
1.948980,0.573232
1.948980,0.578283
1.948980,0.583333
1.948980,0.588384
1.948980,0.593434
1.948980,0.598485
1.948980,0.603535
1.948980,0.608586
1.948980,0.613636
1.948980,0.618687
1.948980,0.623737
1.948980,0.628788
1.948980,0.633838
1.948980,0.638889
1.948980,0.643939
1.948980,0.648990
1.948980,0.654040
1.948980,0.659091
1.948980,0.664141
1.948980,0.669192
1.948980,0.674242
1.948980,0.679293
1.948980,0.684343
1.948980,0.689394
1.948980,0.694444
1.948980,0.699495
1.948980,0.704545
1.948980,0.709596
1.948980,0.714646
1.948980,0.719697
1.948980,0.724747
1.948980,0.729798
1.948980,0.734848
1.948980,0.739899
1.948980,0.744949
1.948980,0.750000
1.948980,0.755051
1.948980,0.760101
1.948980,0.765152
1.948980,0.770202
1.948980,0.775253
1.948980,0.780303
1.948980,0.785354
1.948980,0.790404
1.948980,0.795455
1.948980,0.800505
1.948980,0.805556
1.948980,0.810606
1.948980,0.815657
1.948980,0.820707
1.948980,0.825758
1.948980,0.830808
1.948980,0.835859
1.948980,0.840909
1.948980,0.845960
1.948980,0.851010
1.948980,0.856061
1.948980,0.861111
1.948980,0.866162
1.948980,0.871212
1.948980,0.876263
1.948980,0.881313
1.948980,0.886364
1.948980,0.891414
1.948980,0.896465
1.948980,0.901515
1.948980,0.906566
1.948980,0.911616
1.948980,0.916667
1.948980,0.921717
1.948980,0.926768
1.948980,0.931818
1.948980,0.936869
1.948980,0.941919
1.948980,0.946970
1.948980,0.952020
1.948980,0.957071
1.948980,0.962121
1.948980,0.967172
1.948980,0.972222
1.948980,0.977273
1.948980,0.982323
1.948980,0.987374
1.948980,0.992424
1.948980,0.997475
1.969388,0.502525
1.969388,0.507576
1.969388,0.512626
1.969388,0.517677
1.969388,0.522727
1.969388,0.527778
1.969388,0.532828
1.969388,0.537879
1.969388,0.542929
1.969388,0.547980
1.969388,0.553030
1.969388,0.558081
1.969388,0.563131
1.969388,0.568182
1.969388,0.573232
1.969388,0.578283
1.969388,0.583333
1.969388,0.588384
1.969388,0.593434
1.969388,0.598485
1.969388,0.603535
1.969388,0.608586
1.969388,0.613636
1.969388,0.618687
1.969388,0.623737
1.969388,0.628788
1.969388,0.633838
1.969388,0.638889
1.969388,0.643939
1.969388,0.648990
1.969388,0.654040
1.969388,0.659091
1.969388,0.664141
1.969388,0.669192
1.969388,0.674242
1.969388,0.679293
1.969388,0.684343
1.969388,0.689394
1.969388,0.694444
1.969388,0.699495
1.969388,0.704545
1.969388,0.709596
1.969388,0.714646
1.969388,0.719697
1.969388,0.724747
1.969388,0.729798
1.969388,0.734848
1.969388,0.739899
1.969388,0.744949
1.969388,0.750000
1.969388,0.755051
1.969388,0.760101
1.969388,0.765152
1.969388,0.770202
1.969388,0.775253
1.969388,0.780303
1.969388,0.785354
1.969388,0.790404
1.969388,0.795455
1.969388,0.800505
1.969388,0.805556
1.969388,0.810606
1.969388,0.815657
1.969388,0.820707
1.969388,0.825758
1.969388,0.830808
1.969388,0.835859
1.969388,0.840909
1.969388,0.845960
1.969388,0.851010
1.969388,0.856061
1.969388,0.861111
1.969388,0.866162
1.969388,0.871212
1.969388,0.876263
1.969388,0.881313
1.969388,0.886364
1.969388,0.891414
1.969388,0.896465
1.969388,0.901515
1.969388,0.906566
1.969388,0.911616
1.969388,0.916667
1.969388,0.921717
1.969388,0.926768
1.969388,0.931818
1.969388,0.936869
1.969388,0.941919
1.969388,0.946970
1.969388,0.952020
1.969388,0.957071
1.969388,0.962121
1.969388,0.967172
1.969388,0.972222
1.969388,0.977273
1.969388,0.982323
1.969388,0.987374
1.969388,0.992424
1.969388,0.997475
1.989796,0.502525
1.989796,0.507576
1.989796,0.512626
1.989796,0.517677
1.989796,0.522727
1.989796,0.527778
1.989796,0.532828
1.989796,0.537879
1.989796,0.542929
1.989796,0.547980
1.989796,0.553030
1.989796,0.558081
1.989796,0.563131
1.989796,0.568182
1.989796,0.573232
1.989796,0.578283
1.989796,0.583333
1.989796,0.588384
1.989796,0.593434
1.989796,0.598485
1.989796,0.603535
1.989796,0.608586
1.989796,0.613636
1.989796,0.618687
1.989796,0.623737
1.989796,0.628788
1.989796,0.633838
1.989796,0.638889
1.989796,0.643939
1.989796,0.648990
1.989796,0.654040
1.989796,0.659091
1.989796,0.664141
1.989796,0.669192
1.989796,0.674242
1.989796,0.679293
1.989796,0.684343
1.989796,0.689394
1.989796,0.694444
1.989796,0.699495
1.989796,0.704545
1.989796,0.709596
1.989796,0.714646
1.989796,0.719697
1.989796,0.724747
1.989796,0.729798
1.989796,0.734848
1.989796,0.739899
1.989796,0.744949
1.989796,0.750000
1.989796,0.755051
1.989796,0.760101
1.989796,0.765152
1.989796,0.770202
1.989796,0.775253
1.989796,0.780303
1.989796,0.785354
1.989796,0.790404
1.989796,0.795455
1.989796,0.800505
1.989796,0.805556
1.989796,0.810606
1.989796,0.815657
1.989796,0.820707
1.989796,0.825758
1.989796,0.830808
1.989796,0.835859
1.989796,0.840909
1.989796,0.845960
1.989796,0.851010
1.989796,0.856061
1.989796,0.861111
1.989796,0.866162
1.989796,0.871212
1.989796,0.876263
1.989796,0.881313
1.989796,0.886364
1.989796,0.891414
1.989796,0.896465
1.989796,0.901515
1.989796,0.906566
1.989796,0.911616
1.989796,0.916667
1.989796,0.921717
1.989796,0.926768
1.989796,0.931818
1.989796,0.936869
1.989796,0.941919
1.989796,0.946970
1.989796,0.952020
1.989796,0.957071
1.989796,0.962121
1.989796,0.967172
1.989796,0.972222
1.989796,0.977273
1.989796,0.982323
1.989796,0.987374
1.989796,0.992424
1.989796,0.997475
2.010204,0.502525
2.010204,0.507576
2.010204,0.512626
2.010204,0.517677
2.010204,0.522727
2.010204,0.527778
2.010204,0.532828
2.010204,0.537879
2.010204,0.542929
2.010204,0.547980
2.010204,0.553030
2.010204,0.558081
2.010204,0.563131
2.010204,0.568182
2.010204,0.573232
2.010204,0.578283
2.010204,0.583333
2.010204,0.588384
2.010204,0.593434
2.010204,0.598485
2.010204,0.603535
2.010204,0.608586
2.010204,0.613636
2.010204,0.618687
2.010204,0.623737
2.010204,0.628788
2.010204,0.633838
2.010204,0.638889
2.010204,0.643939
2.010204,0.648990
2.010204,0.654040
2.010204,0.659091
2.010204,0.664141
2.010204,0.669192
2.010204,0.674242
2.010204,0.679293
2.010204,0.684343
2.010204,0.689394
2.010204,0.694444
2.010204,0.699495
2.010204,0.704545
2.010204,0.709596
2.010204,0.714646
2.010204,0.719697
2.010204,0.724747
2.010204,0.729798
2.010204,0.734848
2.010204,0.739899
2.010204,0.744949
2.010204,0.750000
2.010204,0.755051
2.010204,0.760101
2.010204,0.765152
2.010204,0.770202
2.010204,0.775253
2.010204,0.780303
2.010204,0.785354
2.010204,0.790404
2.010204,0.795455
2.010204,0.800505
2.010204,0.805556
2.010204,0.810606
2.010204,0.815657
2.010204,0.820707
2.010204,0.825758
2.010204,0.830808
2.010204,0.835859
2.010204,0.840909
2.010204,0.845960
2.010204,0.851010
2.010204,0.856061
2.010204,0.861111
2.010204,0.866162
2.010204,0.871212
2.010204,0.876263
2.010204,0.881313
2.010204,0.886364
2.010204,0.891414
2.010204,0.896465
2.010204,0.901515
2.010204,0.906566
2.010204,0.911616
2.010204,0.916667
2.010204,0.921717
2.010204,0.926768
2.010204,0.931818
2.010204,0.936869
2.010204,0.941919
2.010204,0.946970
2.010204,0.952020
2.010204,0.957071
2.010204,0.962121
2.010204,0.967172
2.010204,0.972222
2.010204,0.977273
2.010204,0.982323
2.010204,0.987374
2.010204,0.992424
2.010204,0.997475
