x,y,cell_number,p_stat, vel_u, vel_v
0.010204,0.005154,0,101344.505451,2.983093,0.023451
0.010204,0.015254,1,101344.420194,3.014102,0.047115
0.010204,0.025354,2,101344.332200,3.040117,0.049274
0.010204,0.035454,3,101344.238308,3.065979,0.051519
0.010204,0.045554,4,101344.140463,3.092336,0.052985
0.010204,0.055654,5,101344.039485,3.119147,0.054045
0.010204,0.065754,6,101343.935946,3.146310,0.054829
0.010204,0.075854,7,101343.830224,3.173752,0.055423
0.010204,0.085954,8,101343.722591,3.201415,0.055882
0.010204,0.096054,9,101343.613245,3.229254,0.056238
0.010204,0.106154,10,101343.502341,3.257233,0.056516
0.010204,0.116254,11,101343.390001,3.285321,0.056730
0.010204,0.126354,12,101343.276326,3.313494,0.056892
0.010204,0.136454,13,101343.161403,3.341730,0.057011
0.010204,0.146554,14,101343.045307,3.370011,0.057091
0.010204,0.156653,15,101342.928106,3.398320,0.057137
0.010204,0.166753,16,101342.809865,3.426641,0.057153
0.010204,0.176853,17,101342.690641,3.454961,0.057141
0.010204,0.186953,18,101342.570492,3.483268,0.057103
0.010204,0.197053,19,101342.449473,3.511548,0.057040
0.010204,0.207153,20,101342.327637,3.539790,0.056954
0.010204,0.217253,21,101342.205037,3.567984,0.056845
0.010204,0.227353,22,101342.081727,3.596117,0.056715
0.010204,0.237453,23,101341.957759,3.624181,0.056564
0.010204,0.247553,24,101341.833187,3.652164,0.056392
0.010204,0.257653,25,101341.708065,3.680057,0.056200
0.010204,0.267753,26,101341.582446,3.707850,0.055988
0.010204,0.277853,27,101341.456387,3.735532,0.055756
0.010204,0.287953,28,101341.329942,3.763095,0.055505
0.010204,0.298053,29,101341.203169,3.790528,0.055234
0.010204,0.308153,30,101341.076125,3.817823,0.054945
0.010204,0.318253,31,101340.948869,3.844969,0.054636
0.010204,0.328353,32,101340.821460,3.871957,0.054308
0.010204,0.338453,33,101340.693959,3.898778,0.053961
0.010204,0.348553,34,101340.566427,3.925423,0.053595
0.010204,0.358653,35,101340.438926,3.951881,0.053211
0.010204,0.368753,36,101340.311519,3.978145,0.052807
0.010204,0.378853,37,101340.184271,4.004204,0.052386
0.010204,0.388953,38,101340.057246,4.030050,0.051946
0.010204,0.399052,39,101339.930509,4.055673,0.051487
0.010204,0.409152,40,101339.804127,4.081065,0.051010
0.010204,0.419252,41,101339.678167,4.106216,0.050515
0.010204,0.429352,42,101339.552695,4.131118,0.050003
0.010204,0.439452,43,101339.427781,4.155760,0.049472
0.010204,0.449552,44,101339.303493,4.180136,0.048923
0.010204,0.459652,45,101339.179899,4.204235,0.048357
0.010204,0.469752,46,101339.057070,4.228050,0.047773
0.010204,0.479852,47,101338.935074,4.251570,0.047172
0.010204,0.489952,48,101338.813981,4.274790,0.046554
0.010204,0.500052,49,101338.693862,4.297698,0.045919
0.010204,0.510152,50,101338.574787,4.320288,0.045268
0.010204,0.520252,51,101338.456825,4.342551,0.044599
0.010204,0.530352,52,101338.340046,4.364479,0.043915
0.010204,0.540452,53,101338.224521,4.386063,0.043215
0.010204,0.550552,54,101338.110319,4.407297,0.042498
0.010204,0.560652,55,101337.997509,4.428173,0.041767
0.010204,0.570752,56,101337.886161,4.448682,0.041020
0.010204,0.580852,57,101337.776341,4.468817,0.040258
0.010204,0.590952,58,101337.668120,4.488571,0.039481
0.010204,0.601052,59,101337.561563,4.507936,0.038690
0.010204,0.611152,60,101337.456738,4.526906,0.037885
0.010204,0.621252,61,101337.353710,4.545474,0.037066
0.010204,0.631352,62,101337.252545,4.563633,0.036234
0.010204,0.641451,63,101337.153307,4.581376,0.035388
0.010204,0.651551,64,101337.056059,4.598697,0.034530
0.010204,0.661651,65,101336.960863,4.615589,0.033659
0.010204,0.671751,66,101336.867781,4.632047,0.032776
0.010204,0.681851,67,101336.776873,4.648064,0.031881
0.010204,0.691951,68,101336.688198,4.663635,0.030974
0.010204,0.702051,69,101336.601814,4.678754,0.030056
0.010204,0.712151,70,101336.517777,4.693416,0.029127
0.010204,0.722251,71,101336.436142,4.707614,0.028188
0.010204,0.732351,72,101336.356963,4.721345,0.027238
0.010204,0.742451,73,101336.280294,4.734603,0.026279
0.010204,0.752551,74,101336.206184,4.747383,0.025310
0.010204,0.762651,75,101336.134684,4.759681,0.024331
0.010204,0.772751,76,101336.065841,4.771491,0.023344
0.010204,0.782851,77,101335.999704,4.782811,0.022347
0.010204,0.792951,78,101335.936316,4.793634,0.021342
0.010204,0.803051,79,101335.875723,4.803958,0.020329
0.010204,0.813151,80,101335.817966,4.813779,0.019308
0.010204,0.823251,81,101335.763087,4.823091,0.018279
0.010204,0.833351,82,101335.711127,4.831892,0.017243
0.010204,0.843451,83,101335.662124,4.840178,0.016198
0.010204,0.853551,84,101335.616117,4.847945,0.015146
0.010204,0.863651,85,101335.573144,4.855190,0.014086
0.010204,0.873751,86,101335.533242,4.861907,0.013018
0.010204,0.883850,87,101335.496449,4.868095,0.011940
0.010204,0.893950,88,101335.462804,4.873747,0.010853
0.010204,0.904050,89,101335.432351,4.878861,0.009754
0.010204,0.914150,90,101335.405135,4.883430,0.008642
0.010204,0.924250,91,101335.381212,4.887449,0.007511
0.010204,0.934350,92,101335.360653,4.890910,0.006355
0.010204,0.944450,93,101335.343550,4.893805,0.005162
0.010204,0.954550,94,101335.330041,4.896123,0.003911
0.010204,0.964650,95,101335.320346,4.897849,0.002570
0.010204,0.974750,96,101335.314793,4.898984,0.001011
0.010204,0.984850,97,101335.314343,4.897968,-0.000388
0.010204,0.994950,98,101335.317103,4.894952,-0.000464
0.030612,0.005568,99,101344.561793,2.964506,0.058033
0.030612,0.015664,100,101344.437045,3.006228,0.106981
0.030612,0.025760,101,101344.342427,3.034862,0.102155
0.030612,0.035856,102,101344.242419,3.062485,0.105686
0.030612,0.045951,103,101344.141091,3.089848,0.107562
0.030612,0.056047,104,101344.037809,3.117384,0.109148
0.030612,0.066143,105,101343.932692,3.145061,0.110392
0.030612,0.076239,106,101343.825835,3.172883,0.111381
0.030612,0.086335,107,101343.717348,3.200833,0.112168
0.030612,0.096430,108,101343.607335,3.228897,0.112795
0.030612,0.106526,109,101343.495893,3.257054,0.113290
0.030612,0.116622,110,101343.383104,3.285291,0.113676
0.030612,0.126718,111,101343.269046,3.313588,0.113969
0.030612,0.136813,112,101343.153788,3.341932,0.114183
0.030612,0.146909,113,101343.037393,3.370306,0.114325
0.030612,0.157005,114,101342.919921,3.398699,0.114404
0.030612,0.167101,115,101342.801430,3.427097,0.114425
0.030612,0.177196,116,101342.681973,3.455489,0.114392
0.030612,0.187292,117,101342.561605,3.483861,0.114309
0.030612,0.197388,118,101342.440377,3.512204,0.114178
0.030612,0.207484,119,101342.318341,3.540506,0.114001
0.030612,0.217579,120,101342.195549,3.568757,0.113780
0.030612,0.227675,121,101342.072052,3.596947,0.113516
0.030612,0.237771,122,101341.947903,3.625065,0.113211
0.030612,0.247867,123,101341.823154,3.653101,0.112864
0.030612,0.257962,124,101341.697858,3.681046,0.112478
0.030612,0.268058,125,101341.572070,3.708889,0.112052
0.030612,0.278154,126,101341.445843,3.736623,0.111586
0.030612,0.288250,127,101341.319234,3.764235,0.111082
0.030612,0.298345,128,101341.192298,3.791718,0.110539
0.030612,0.308441,129,101341.065095,3.819062,0.109958
0.030612,0.318537,130,101340.937681,3.846257,0.109338
0.030612,0.328633,131,101340.810116,3.873293,0.108681
0.030612,0.338728,132,101340.682461,3.900163,0.107986
0.030612,0.348824,133,101340.554776,3.926855,0.107253
0.030612,0.358920,134,101340.427125,3.953362,0.106483
0.030612,0.369016,135,101340.299570,3.979673,0.105676
0.030612,0.379111,136,101340.172174,4.005779,0.104831
0.030612,0.389207,137,101340.045004,4.031672,0.103950
0.030612,0.399303,138,101339.918124,4.057342,0.103032
0.030612,0.409399,139,101339.791601,4.082780,0.102077
0.030612,0.419494,140,101339.665501,4.107977,0.101086
0.030612,0.429590,141,101339.539892,4.132923,0.100059
0.030612,0.439686,142,101339.414842,4.157611,0.098996
0.030612,0.449782,143,101339.290420,4.182031,0.097898
0.030612,0.459877,144,101339.166695,4.206175,0.096764
0.030612,0.469973,145,101339.043736,4.230033,0.095596
0.030612,0.480069,146,101338.921613,4.253597,0.094392
0.030612,0.490165,147,101338.800396,4.276859,0.093155
0.030612,0.500260,148,101338.680154,4.299810,0.091884
0.030612,0.510356,149,101338.560959,4.322441,0.090580
0.030612,0.520452,150,101338.442879,4.344746,0.089242
0.030612,0.530548,151,101338.325985,4.366714,0.087872
0.030612,0.540643,152,101338.210347,4.388339,0.086470
0.030612,0.550739,153,101338.096034,4.409612,0.085037
0.030612,0.560835,154,101337.983116,4.430525,0.083573
0.030612,0.570931,155,101337.871662,4.451072,0.082078
0.030612,0.581026,156,101337.761740,4.471244,0.080553
0.030612,0.591122,157,101337.653419,4.491034,0.078998
0.030612,0.601218,158,101337.546764,4.510436,0.077415
0.030612,0.611314,159,101337.441844,4.529440,0.075804
0.030612,0.621409,160,101337.338724,4.548042,0.074165
0.030612,0.631505,161,101337.237470,4.566234,0.072499
0.030612,0.641601,162,101337.138145,4.584010,0.070807
0.030612,0.651697,163,101337.040812,4.601362,0.069089
0.030612,0.661792,164,101336.945535,4.618285,0.067346
0.030612,0.671888,165,101336.852374,4.634773,0.065578
0.030612,0.681984,166,101336.761390,4.650820,0.063787
0.030612,0.692080,167,101336.672641,4.666419,0.061973
0.030612,0.702175,168,101336.586185,4.681565,0.060136
0.030612,0.712271,169,101336.502079,4.696253,0.058278
0.030612,0.722367,170,101336.420377,4.710478,0.056398
0.030612,0.732463,171,101336.341135,4.724233,0.054498
0.030612,0.742558,172,101336.264403,4.737516,0.052578
0.030612,0.752654,173,101336.190233,4.750319,0.050639
0.030612,0.762750,174,101336.118674,4.762640,0.048681
0.030612,0.772846,175,101336.049775,4.774472,0.046706
0.030612,0.782941,176,101335.983583,4.785813,0.044713
0.030612,0.793037,177,101335.920142,4.796657,0.042703
0.030612,0.803133,178,101335.859496,4.807002,0.040676
0.030612,0.813229,179,101335.801688,4.816842,0.038634
0.030612,0.823324,180,101335.746758,4.826174,0.036576
0.030612,0.833420,181,101335.694746,4.834994,0.034503
0.030612,0.843516,182,101335.645691,4.843300,0.032414
0.030612,0.853612,183,101335.599629,4.851086,0.030311
0.030612,0.863707,184,101335.556597,4.858351,0.028192
0.030612,0.873803,185,101335.516631,4.865090,0.026058
0.030612,0.883899,186,101335.479765,4.871301,0.023907
0.030612,0.893995,187,101335.446034,4.876980,0.021738
0.030612,0.904090,188,101335.415473,4.882124,0.019550
0.030612,0.914186,189,101335.388116,4.886731,0.017339
0.030612,0.924282,190,101335.363999,4.890798,0.015102
0.030612,0.934378,191,101335.343153,4.894324,0.012832
0.030612,0.944473,192,101335.325604,4.897308,0.010524
0.030612,0.954569,193,101335.311354,4.899757,0.008164
0.030612,0.964665,194,101335.300369,4.901673,0.005777
0.030612,0.974761,195,101335.292312,4.903105,0.003223
0.030612,0.984856,196,101335.287229,4.901099,0.000801
0.030612,0.994952,197,101335.285253,4.895613,-0.000130
0.051020,0.006397,198,101344.599038,2.951898,0.099235
0.051020,0.016485,199,101344.450937,2.999846,0.173379
0.051020,0.026572,200,101344.356186,3.029837,0.157258
0.051020,0.036659,201,101344.248745,3.059020,0.163100
0.051020,0.046747,202,101344.143091,3.087231,0.164302
0.051020,0.056834,203,101344.036332,3.115531,0.165924
0.051020,0.066921,204,101343.928598,3.143805,0.167220
0.051020,0.077009,205,101343.819717,3.172106,0.168316
0.051020,0.087096,206,101343.709640,3.200443,0.169225
0.051020,0.097183,207,101343.598351,3.228823,0.169971
0.051020,0.107271,208,101343.485861,3.257245,0.170573
0.051020,0.117358,209,101343.372195,3.285703,0.171048
0.051020,0.127445,210,101343.257387,3.314191,0.171411
0.051020,0.137533,211,101343.141476,3.342701,0.171672
0.051020,0.147620,212,101343.024503,3.371224,0.171840
0.051020,0.157707,213,101342.906513,3.399749,0.171922
0.051020,0.167795,214,101342.787547,3.428269,0.171925
0.051020,0.177882,215,101342.667654,3.456772,0.171853
0.051020,0.187969,216,101342.546878,3.485250,0.171709
0.051020,0.198057,217,101342.425267,3.513692,0.171497
0.051020,0.208144,218,101342.302867,3.542088,0.171219
0.051020,0.218231,219,101342.179727,3.570429,0.170877
0.051020,0.228319,220,101342.055896,3.598706,0.170472
0.051020,0.238406,221,101341.931425,3.626909,0.170006
0.051020,0.248493,222,101341.806362,3.655028,0.169480
0.051020,0.258581,223,101341.680762,3.683053,0.168894
0.051020,0.268668,224,101341.554676,3.710977,0.168249
0.051020,0.278755,225,101341.428159,3.738788,0.167546
0.051020,0.288843,226,101341.301264,3.766478,0.166785
0.051020,0.298930,227,101341.174049,3.794037,0.165966
0.051020,0.309017,228,101341.046570,3.821457,0.165091
0.051020,0.319105,229,101340.918885,3.848726,0.164158
0.051020,0.329192,230,101340.791053,3.875838,0.163169
0.051020,0.339279,231,101340.663135,3.902780,0.162123
0.051020,0.349367,232,101340.535192,3.929546,0.161021
0.051020,0.359454,233,101340.407285,3.956125,0.159862
0.051020,0.369541,234,101340.279478,3.982509,0.158648
0.051020,0.379629,235,101340.151834,4.008686,0.157379
0.051020,0.389716,236,101340.024419,4.034651,0.156054
0.051020,0.399803,237,101339.897298,4.060391,0.154674
0.051020,0.409891,238,101339.770537,4.085899,0.153239
0.051020,0.419978,239,101339.644203,4.111165,0.151750
0.051020,0.430065,240,101339.518364,4.136180,0.150206
0.051020,0.440153,241,101339.393089,4.160936,0.148609
0.051020,0.450240,242,101339.268445,4.185424,0.146959
0.051020,0.460327,243,101339.144501,4.209634,0.145256
0.051020,0.470415,244,101339.021328,4.233558,0.143501
0.051020,0.480502,245,101338.898995,4.257187,0.141693
0.051020,0.490589,246,101338.777572,4.280513,0.139835
0.051020,0.500677,247,101338.657130,4.303527,0.137925
0.051020,0.510764,248,101338.537737,4.326221,0.135966
0.051020,0.520851,249,101338.419465,4.348586,0.133957
0.051020,0.530939,250,101338.302383,4.370615,0.131900
0.051020,0.541026,251,101338.186563,4.392299,0.129794
0.051020,0.551113,252,101338.072072,4.413630,0.127641
0.051020,0.561201,253,101337.958981,4.434601,0.125442
0.051020,0.571288,254,101337.847358,4.455204,0.123196
0.051020,0.581376,255,101337.737272,4.475431,0.120906
0.051020,0.591463,256,101337.628792,4.495275,0.118572
0.051020,0.601550,257,101337.521984,4.514728,0.116195
0.051020,0.611638,258,101337.416915,4.533784,0.113775
0.051020,0.621725,259,101337.313651,4.552436,0.111314
0.051020,0.631812,260,101337.212257,4.570677,0.108813
0.051020,0.641900,261,101337.112797,4.588499,0.106272
0.051020,0.651987,262,101337.015335,4.605898,0.103693
0.051020,0.662074,263,101336.919933,4.622866,0.101076
0.051020,0.672162,264,101336.826651,4.639398,0.098423
0.051020,0.682249,265,101336.735551,4.655486,0.095734
0.051020,0.692336,266,101336.646691,4.671127,0.093010
0.051020,0.702424,267,101336.560128,4.686312,0.090253
0.051020,0.712511,268,101336.475918,4.701039,0.087464
0.051020,0.722598,269,101336.394117,4.715301,0.084642
0.051020,0.732686,270,101336.314779,4.729093,0.081790
0.051020,0.742773,271,101336.237954,4.742410,0.078909
0.051020,0.752860,272,101336.163695,4.755248,0.075999
0.051020,0.762948,273,101336.092050,4.767601,0.073061
0.051020,0.773035,274,101336.023067,4.779465,0.070096
0.051020,0.783122,275,101335.956793,4.790837,0.067106
0.051020,0.793210,276,101335.893271,4.801711,0.064090
0.051020,0.803297,277,101335.832545,4.812085,0.061050
0.051020,0.813384,278,101335.774657,4.821954,0.057987
0.051020,0.823472,279,101335.719646,4.831314,0.054900
0.051020,0.833559,280,101335.667550,4.840163,0.051792
0.051020,0.843646,281,101335.618407,4.848496,0.048661
0.051020,0.853734,282,101335.572252,4.856312,0.045509
0.051020,0.863821,283,101335.529117,4.863606,0.042335
0.051020,0.873908,284,101335.489033,4.870377,0.039140
0.051020,0.883996,285,101335.452032,4.876620,0.035924
0.051020,0.894083,286,101335.418138,4.882337,0.032685
0.051020,0.904170,287,101335.387376,4.887523,0.029423
0.051020,0.914258,288,101335.359763,4.892178,0.026136
0.051020,0.924345,289,101335.335312,4.896302,0.022824
0.051020,0.934432,290,101335.314022,4.899897,0.019484
0.051020,0.944520,291,101335.295878,4.902964,0.016118
0.051020,0.954607,292,101335.280831,4.905512,0.012714
0.051020,0.964694,293,101335.268871,4.907535,0.009327
0.051020,0.974782,294,101335.259746,4.909063,0.005814
0.051020,0.984869,295,101335.253464,4.905675,0.002361
0.051020,0.994956,296,101335.250479,4.897323,0.000374
0.071429,0.007640,297,101344.604168,2.945271,0.143459
0.071429,0.017715,298,101344.445579,2.996664,0.241199
0.071429,0.027790,299,101344.356407,3.027524,0.212386
0.071429,0.037865,300,101344.243805,3.057648,0.222460
0.071429,0.047939,301,101344.136311,3.086186,0.222275
0.071429,0.058014,302,101344.027074,3.114983,0.223975
0.071429,0.068089,303,101343.917234,3.143679,0.225144
0.071429,0.078163,304,101343.806487,3.172368,0.226204
0.071429,0.088238,305,101343.694791,3.201049,0.227100
0.071429,0.098313,306,101343.582097,3.229734,0.227852
0.071429,0.108388,307,101343.468381,3.258425,0.228467
0.071429,0.118462,308,101343.353638,3.287123,0.228956
0.071429,0.128537,309,101343.237874,3.315825,0.229325
0.071429,0.138612,310,101343.121105,3.344528,0.229583
0.071429,0.148686,311,101343.003354,3.373227,0.229736
0.071429,0.158761,312,101342.884650,3.401915,0.229788
0.071429,0.168836,313,101342.765026,3.430585,0.229745
0.071429,0.178911,314,101342.644517,3.459230,0.229611
0.071429,0.188985,315,101342.523161,3.487840,0.229387
0.071429,0.199060,316,101342.401000,3.516409,0.229078
0.071429,0.209135,317,101342.278077,3.544926,0.228685
0.071429,0.219209,318,101342.154434,3.573385,0.228209
0.071429,0.229284,319,101342.030119,3.601774,0.227653
0.071429,0.239359,320,101341.905178,3.630088,0.227017
0.071429,0.249434,321,101341.779661,3.658314,0.226303
0.071429,0.259508,322,101341.653617,3.686446,0.225511
0.071429,0.269583,323,101341.527098,3.714473,0.224641
0.071429,0.279658,324,101341.400156,3.742388,0.223695
0.071429,0.289732,325,101341.272846,3.770178,0.222672
0.071429,0.299807,326,101341.145222,3.797838,0.221573
0.071429,0.309882,327,101341.017342,3.825356,0.220398
0.071429,0.319957,328,101340.889262,3.852725,0.219148
0.071429,0.330031,329,101340.761042,3.879933,0.217822
0.071429,0.340106,330,101340.632742,3.906973,0.216422
0.071429,0.350181,331,101340.504422,3.933834,0.214946
0.071429,0.360256,332,101340.376144,3.960509,0.213396
0.071429,0.370330,333,101340.247971,3.986986,0.211772
0.071429,0.380405,334,101340.119968,4.013258,0.210074
0.071429,0.390480,335,101339.992199,4.039314,0.208302
0.071429,0.400554,336,101339.864729,4.065147,0.206457
0.071429,0.410629,337,101339.737626,4.090746,0.204539
0.071429,0.420704,338,101339.610955,4.116103,0.202548
0.071429,0.430779,339,101339.484785,4.141208,0.200485
0.071429,0.440853,340,101339.359184,4.166053,0.198350
0.071429,0.450928,341,101339.234222,4.190627,0.196145
0.071429,0.461003,342,101339.109966,4.214925,0.193869
0.071429,0.471077,343,101338.986487,4.238934,0.191523
0.071429,0.481152,344,101338.863854,4.262648,0.189108
0.071429,0.491227,345,101338.742138,4.286057,0.186625
0.071429,0.501302,346,101338.621409,4.309153,0.184074
0.071429,0.511376,347,101338.501737,4.331927,0.181457
0.071429,0.521451,348,101338.383193,4.354372,0.178773
0.071429,0.531526,349,101338.265846,4.376478,0.176025
0.071429,0.541600,350,101338.149767,4.398239,0.173212
0.071429,0.551675,351,101338.035026,4.419645,0.170336
0.071429,0.561750,352,101337.921691,4.440690,0.167399
0.071429,0.571825,353,101337.809833,4.461364,0.164400
0.071429,0.581899,354,101337.699518,4.481662,0.161342
0.071429,0.591974,355,101337.590817,4.501574,0.158225
0.071429,0.602049,356,101337.483794,4.521096,0.155051
0.071429,0.612123,357,101337.378519,4.540217,0.151820
0.071429,0.622198,358,101337.275056,4.558933,0.148534
0.071429,0.632273,359,101337.173470,4.577235,0.145194
0.071429,0.642348,360,101337.073826,4.595119,0.141802
0.071429,0.652422,361,101336.976186,4.612576,0.138359
0.071429,0.662497,362,101336.880613,4.629601,0.134865
0.071429,0.672572,363,101336.787168,4.646188,0.131323
0.071429,0.682646,364,101336.695910,4.662330,0.127734
0.071429,0.692721,365,101336.606899,4.678022,0.124099
0.071429,0.702796,366,101336.520191,4.693259,0.120419
0.071429,0.712871,367,101336.435843,4.708034,0.116696
0.071429,0.722945,368,101336.353909,4.722344,0.112931
0.071429,0.733020,369,101336.274443,4.736181,0.109126
0.071429,0.743095,370,101336.197495,4.749542,0.105281
0.071429,0.753169,371,101336.123118,4.762422,0.101398
0.071429,0.763244,372,101336.051358,4.774816,0.097479
0.071429,0.773319,373,101335.982264,4.786720,0.093524
0.071429,0.783394,374,101335.915881,4.798131,0.089535
0.071429,0.793468,375,101335.852253,4.809043,0.085513
0.071429,0.803543,376,101335.791422,4.819453,0.081459
0.071429,0.813618,377,101335.733429,4.829357,0.077375
0.071429,0.823692,378,101335.678311,4.838753,0.073261
0.071429,0.833767,379,101335.626107,4.847636,0.069117
0.071429,0.843842,380,101335.576850,4.856004,0.064947
0.071429,0.853917,381,101335.530574,4.863854,0.060748
0.071429,0.863991,382,101335.487309,4.871183,0.056524
0.071429,0.874066,383,101335.447083,4.877989,0.052274
0.071429,0.884141,384,101335.409920,4.884271,0.047998
0.071429,0.894215,385,101335.375844,4.890026,0.043697
0.071429,0.904290,386,101335.344870,4.895253,0.039371
0.071429,0.914365,387,101335.317012,4.899952,0.035021
0.071429,0.924440,388,101335.292277,4.904123,0.030646
0.071429,0.934514,389,101335.270665,4.907767,0.026247
0.071429,0.944589,390,101335.252175,4.910883,0.021830
0.071429,0.954664,391,101335.236774,4.913477,0.017371
0.071429,0.964738,392,101335.224523,4.915539,0.012939
0.071429,0.974813,393,101335.215310,4.917076,0.008405
0.071429,0.984888,394,101335.209103,4.912210,0.003899
0.071429,0.994963,395,101335.206164,4.900915,0.000871
0.091837,0.009298,396,101344.590268,2.941803,0.189526
0.091837,0.019356,397,101344.425350,2.995487,0.309239
0.091837,0.029414,398,101344.341985,3.027645,0.267229
0.091837,0.039472,399,101344.225064,3.058353,0.283022
0.091837,0.049530,400,101344.117600,3.086969,0.280731
0.091837,0.059587,401,101344.006814,3.116077,0.282827
0.091837,0.069645,402,101343.895710,3.145032,0.283803
0.091837,0.079703,403,101343.783637,3.173992,0.284815
0.091837,0.089761,404,101343.670670,3.202936,0.285658
0.091837,0.099819,405,101343.556768,3.231869,0.286371
0.091837,0.109877,406,101343.441919,3.260797,0.286953
0.091837,0.119935,407,101343.326117,3.289716,0.287409
0.091837,0.129993,408,101343.209364,3.318628,0.287745
0.091837,0.140051,409,101343.091670,3.347526,0.287963
0.091837,0.150108,410,101342.973051,3.376410,0.288067
0.091837,0.160166,411,101342.853530,3.405272,0.288061
0.091837,0.170224,412,101342.733132,3.434108,0.287948
0.091837,0.180282,413,101342.611887,3.462911,0.287729
0.091837,0.190340,414,101342.489828,3.491674,0.287407
0.091837,0.200398,415,101342.366993,3.520388,0.286984
0.091837,0.210456,416,101342.243419,3.549049,0.286461
0.091837,0.220514,417,101342.119149,3.577645,0.285840
0.091837,0.230572,418,101341.994224,3.606170,0.285121
0.091837,0.240629,419,101341.868691,3.634615,0.284306
0.091837,0.250687,420,101341.742595,3.662972,0.283394
0.091837,0.260745,421,101341.615986,3.691230,0.282387
0.091837,0.270803,422,101341.488913,3.719384,0.281285
0.091837,0.280861,423,101341.361429,3.747422,0.280088
0.091837,0.290919,424,101341.233586,3.775336,0.278797
0.091837,0.300977,425,101341.105440,3.803117,0.277411
0.091837,0.311035,426,101340.977045,3.830757,0.275932
0.091837,0.321093,427,101340.848460,3.858244,0.274358
0.091837,0.331150,428,101340.719741,3.885571,0.272691
0.091837,0.341208,429,101340.590951,3.912728,0.270931
0.091837,0.351266,430,101340.462148,3.939707,0.269077
0.091837,0.361324,431,101340.333395,3.966497,0.267131
0.091837,0.371382,432,101340.204755,3.993090,0.265092
0.091837,0.381440,433,101340.076292,4.019476,0.262960
0.091837,0.391498,434,101339.948071,4.045647,0.260737
0.091837,0.401556,435,101339.820157,4.071591,0.258421
0.091837,0.411614,436,101339.692616,4.097302,0.256015
0.091837,0.421671,437,101339.565517,4.122768,0.253518
0.091837,0.431729,438,101339.438926,4.147983,0.250931
0.091837,0.441787,439,101339.312913,4.172935,0.248255
0.091837,0.451845,440,101339.187545,4.197617,0.245490
0.091837,0.461903,441,101339.062894,4.222019,0.242636
0.091837,0.471961,442,101338.939028,4.246133,0.239696
0.091837,0.482019,443,101338.816018,4.269948,0.236669
0.091837,0.492077,444,101338.693932,4.293459,0.233557
0.091837,0.502135,445,101338.572844,4.316654,0.230360
0.091837,0.512192,446,101338.452821,4.339527,0.227080
0.091837,0.522250,447,101338.333937,4.362067,0.223717
0.091837,0.532308,448,101338.216258,4.384269,0.220273
0.091837,0.542366,449,101338.099858,4.406121,0.216749
0.091837,0.552424,450,101337.984804,4.427619,0.213147
0.091837,0.562482,451,101337.871168,4.448751,0.209467
0.091837,0.572540,452,101337.759016,4.469513,0.205711
0.091837,0.582598,453,101337.648420,4.489895,0.201880
0.091837,0.592656,454,101337.539445,4.509891,0.197976
0.091837,0.602713,455,101337.432161,4.529492,0.194000
0.091837,0.612771,456,101337.326632,4.548693,0.189954
0.091837,0.622829,457,101337.222926,4.567485,0.185840
0.091837,0.632887,458,101337.121106,4.585863,0.181658
0.091837,0.642945,459,101337.021238,4.603818,0.177411
0.091837,0.653003,460,101336.923383,4.621346,0.173099
0.091837,0.663061,461,101336.827604,4.638439,0.168726
0.091837,0.673119,462,101336.733962,4.655092,0.164292
0.091837,0.683177,463,101336.642516,4.671298,0.159799
0.091837,0.693234,464,101336.553324,4.687052,0.155249
0.091837,0.703292,465,101336.466445,4.702348,0.150644
0.091837,0.713350,466,101336.381931,4.717182,0.145985
0.091837,0.723408,467,101336.299840,4.731546,0.141273
0.091837,0.733466,468,101336.220223,4.745438,0.136512
0.091837,0.743524,469,101336.143132,4.758851,0.131701
0.091837,0.753582,470,101336.068616,4.771781,0.126844
0.091837,0.763640,471,101335.996723,4.784224,0.121941
0.091837,0.773698,472,101335.927501,4.796175,0.116995
0.091837,0.783755,473,101335.860993,4.807630,0.112006
0.091837,0.793813,474,101335.797243,4.818586,0.106977
0.091837,0.803871,475,101335.736293,4.829038,0.101909
0.091837,0.813929,476,101335.678180,4.838985,0.096803
0.091837,0.823987,477,101335.622945,4.848420,0.091661
0.091837,0.834045,478,101335.570620,4.857343,0.086484
0.091837,0.844103,479,101335.521241,4.865748,0.081274
0.091837,0.854161,480,101335.474837,4.873637,0.076031
0.091837,0.864219,481,101335.431439,4.881003,0.070758
0.091837,0.874276,482,101335.391072,4.887847,0.065455
0.091837,0.884334,483,101335.353759,4.894165,0.060123
0.091837,0.894392,484,101335.319521,4.899958,0.054764
0.091837,0.904450,485,101335.288376,4.905222,0.049378
0.091837,0.914508,486,101335.260336,4.909959,0.043966
0.091837,0.924566,487,101335.235414,4.914166,0.038531
0.091837,0.934624,488,101335.213615,4.917845,0.033069
0.091837,0.944682,489,101335.194955,4.920993,0.027594
0.091837,0.954740,490,101335.179403,4.923617,0.022073
0.091837,0.964797,491,101335.167023,4.925704,0.016582
0.091837,0.974855,492,101335.157752,4.927256,0.011008
0.091837,0.984913,493,101335.151528,4.920928,0.005447
0.091837,0.994971,494,101335.148546,4.906703,0.001375
0.112245,0.011370,495,101344.564639,2.940261,0.236968
0.112245,0.021407,496,101344.394998,2.995550,0.377372
0.112245,0.031444,497,101344.316275,3.029556,0.322096
0.112245,0.041481,498,101344.195019,3.060587,0.344611
0.112245,0.051517,499,101344.088233,3.089276,0.339469
0.112245,0.061554,500,101343.976002,3.118642,0.342343
0.112245,0.071591,501,101343.864035,3.147785,0.343019
0.112245,0.081628,502,101343.750915,3.176963,0.344015
0.112245,0.091665,503,101343.636921,3.206117,0.344792
0.112245,0.101702,504,101343.521989,3.235264,0.345454
0.112245,0.111738,505,101343.406126,3.264397,0.345985
0.112245,0.121775,506,101343.289333,3.293521,0.346390
0.112245,0.131812,507,101343.171618,3.322628,0.346669
0.112245,0.141849,508,101343.052992,3.351719,0.346826
0.112245,0.151886,509,101342.933473,3.380787,0.346861
0.112245,0.161923,510,101342.813080,3.409831,0.346776
0.112245,0.171960,511,101342.691839,3.438841,0.346574
0.112245,0.181996,512,101342.569778,3.467814,0.346254
0.112245,0.192033,513,101342.446928,3.496742,0.345818
0.112245,0.202070,514,101342.323322,3.525620,0.345267
0.112245,0.212107,515,101342.198999,3.554438,0.344601
0.112245,0.222144,516,101342.073996,3.583191,0.343822
0.112245,0.232181,517,101341.948357,3.611869,0.342929
0.112245,0.242218,518,101341.822123,3.640466,0.341924
0.112245,0.252254,519,101341.695342,3.668971,0.340806
0.112245,0.262291,520,101341.568060,3.697378,0.339575
0.112245,0.272328,521,101341.440327,3.725677,0.338232
0.112245,0.282365,522,101341.312193,3.753861,0.336777
0.112245,0.292402,523,101341.183711,3.781918,0.335210
0.112245,0.302439,524,101341.054935,3.809842,0.333531
0.112245,0.312476,525,101340.925922,3.837622,0.331739
0.112245,0.322512,526,101340.796726,3.865251,0.329836
0.112245,0.332549,527,101340.667408,3.892717,0.327822
0.112245,0.342586,528,101340.538025,3.920014,0.325695
0.112245,0.352623,529,101340.408641,3.947129,0.323458
0.112245,0.362660,530,101340.279315,3.974057,0.321109
0.112245,0.372697,531,101340.150111,4.000785,0.318649
0.112245,0.382734,532,101340.021093,4.027306,0.316078
0.112245,0.392770,533,101339.892327,4.053609,0.313397
0.112245,0.402807,534,101339.763877,4.079687,0.310606
0.112245,0.412844,535,101339.635811,4.105528,0.307706
0.112245,0.422881,536,101339.508195,4.131126,0.304698
0.112245,0.432918,537,101339.381099,4.156468,0.301581
0.112245,0.442955,538,101339.254590,4.181548,0.298357
0.112245,0.452991,539,101339.128739,4.206355,0.295027
0.112245,0.463028,540,101339.003613,4.230881,0.291590
0.112245,0.473065,541,101338.879285,4.255117,0.288050
0.112245,0.483102,542,101338.755822,4.279054,0.284405
0.112245,0.493139,543,101338.633297,4.302682,0.280658
0.112245,0.503176,544,101338.511779,4.325995,0.276810
0.112245,0.513213,545,101338.391341,4.348982,0.272861
0.112245,0.523249,546,101338.272050,4.371636,0.268814
0.112245,0.533286,547,101338.153980,4.393947,0.264669
0.112245,0.543323,548,101338.037198,4.415909,0.260429
0.112245,0.553360,549,101337.921776,4.437511,0.256094
0.112245,0.563397,550,101337.807783,4.458749,0.251666
0.112245,0.573434,551,101337.695289,4.479611,0.247147
0.112245,0.583471,552,101337.584360,4.500093,0.242539
0.112245,0.593507,553,101337.475067,4.520185,0.237843
0.112245,0.603544,554,101337.367475,4.539881,0.233061
0.112245,0.613581,555,101337.261652,4.559172,0.228194
0.112245,0.623618,556,101337.157662,4.578054,0.223246
0.112245,0.633655,557,101337.055572,4.596518,0.218217
0.112245,0.643692,558,101336.955444,4.614558,0.213110
0.112245,0.653729,559,101336.857342,4.632166,0.207927
0.112245,0.663765,560,101336.761326,4.649339,0.202669
0.112245,0.673802,561,101336.667459,4.666068,0.197339
0.112245,0.683839,562,101336.575798,4.682349,0.191939
0.112245,0.693876,563,101336.486402,4.698174,0.186470
0.112245,0.703913,564,101336.399326,4.713539,0.180936
0.112245,0.713950,565,101336.314629,4.728438,0.175337
0.112245,0.723987,566,101336.232360,4.742868,0.169676
0.112245,0.734023,567,101336.152576,4.756820,0.163955
0.112245,0.744060,568,101336.075324,4.770294,0.158176
0.112245,0.754097,569,101336.000655,4.783280,0.152342
0.112245,0.764134,570,101335.928615,4.795779,0.146453
0.112245,0.774171,571,101335.859253,4.807783,0.140513
0.112245,0.784208,572,101335.792609,4.819290,0.134523
0.112245,0.794245,573,101335.728729,4.830294,0.128485
0.112245,0.804281,574,101335.667650,4.840795,0.122401
0.112245,0.814318,575,101335.609413,4.850786,0.116273
0.112245,0.824355,576,101335.554054,4.860266,0.110102
0.112245,0.834392,577,101335.501607,4.869231,0.103892
0.112245,0.844429,578,101335.452104,4.877680,0.097643
0.112245,0.854466,579,101335.405577,4.885607,0.091356
0.112245,0.864502,580,101335.362052,4.893014,0.085035
0.112245,0.874539,581,101335.321555,4.899895,0.078680
0.112245,0.884576,582,101335.284109,4.906252,0.072294
0.112245,0.894613,583,101335.249736,4.912080,0.065877
0.112245,0.904650,584,101335.218451,4.917380,0.059431
0.112245,0.914687,585,101335.190271,4.922150,0.052958
0.112245,0.924724,586,101335.165209,4.926390,0.046462
0.112245,0.934760,587,101335.143270,4.930100,0.039937
0.112245,0.944797,588,101335.124473,4.933278,0.033402
0.112245,0.954834,589,101335.108790,4.935928,0.026821
0.112245,0.964871,590,101335.096267,4.938042,0.020269
0.112245,0.974908,591,101335.086868,4.939611,0.013649
0.112245,0.984945,592,101335.080535,4.931828,0.007028
0.112245,0.994982,593,101335.077462,4.914678,0.001894
0.132653,0.013856,594,101344.528669,2.940409,0.285475
0.132653,0.023868,595,101344.355373,2.996762,0.445533
0.132653,0.033880,596,101344.280443,3.033075,0.377175
0.132653,0.043891,597,101344.154994,3.064123,0.407113
0.132653,0.053903,598,101344.049151,3.092970,0.398466
0.132653,0.063914,599,101343.935306,3.122548,0.402526
0.132653,0.073926,600,101343.822627,3.151862,0.402744
0.132653,0.083938,601,101343.708499,3.181235,0.403777
0.132653,0.093949,602,101343.593551,3.210583,0.404473
0.132653,0.103961,603,101343.477647,3.239922,0.405080
0.132653,0.113972,604,101343.360814,3.269252,0.405551
0.132653,0.123984,605,101343.243056,3.298567,0.405892
0.132653,0.133996,606,101343.124384,3.327867,0.406104
0.132653,0.144007,607,101343.004815,3.357146,0.406186
0.132653,0.154019,608,101342.884365,3.386404,0.406139
0.132653,0.164030,609,101342.763058,3.415630,0.405963
0.132653,0.174042,610,101342.640918,3.444824,0.405657
0.132653,0.184054,611,101342.517974,3.473976,0.405223
0.132653,0.194065,612,101342.394256,3.503083,0.404661
0.132653,0.204077,613,101342.269799,3.532135,0.403970
0.132653,0.214089,614,101342.144637,3.561129,0.403150
0.132653,0.224100,615,101342.018812,3.590052,0.402202
0.132653,0.234112,616,101341.892361,3.618902,0.401126
0.132653,0.244123,617,101341.765331,3.647667,0.399921
0.132653,0.254135,618,101341.637763,3.676341,0.398587
0.132653,0.264147,619,101341.509707,3.704914,0.397124
0.132653,0.274158,620,101341.381210,3.733380,0.395532
0.132653,0.284170,621,101341.252324,3.761727,0.393810
0.132653,0.294181,622,101341.123100,3.789949,0.391959
0.132653,0.304193,623,101340.993593,3.818035,0.389979
0.132653,0.314205,624,101340.863857,3.845978,0.387869
0.132653,0.324216,625,101340.733951,3.873767,0.385629
0.132653,0.334228,626,101340.603931,3.901395,0.383259
0.132653,0.344239,627,101340.473858,3.928849,0.380760
0.132653,0.354251,628,101340.343792,3.956125,0.378131
0.132653,0.364263,629,101340.213796,3.983208,0.375372
0.132653,0.374274,630,101340.083932,4.010094,0.372485
0.132653,0.384286,631,101339.954266,4.036769,0.369468
0.132653,0.394298,632,101339.824861,4.063227,0.366323
0.132653,0.404309,633,101339.695786,4.089456,0.363050
0.132653,0.414321,634,101339.567104,4.115450,0.359650
0.132653,0.424332,635,101339.438886,4.141196,0.356123
0.132653,0.434344,636,101339.311199,4.166688,0.352470
0.132653,0.444356,637,101339.184112,4.191913,0.348691
0.132653,0.454367,638,101339.057695,4.216866,0.344788
0.132653,0.464379,639,101338.932017,4.241534,0.340763
0.132653,0.474390,640,101338.807149,4.265911,0.336615
0.132653,0.484402,641,101338.683161,4.289986,0.332346
0.132653,0.494414,642,101338.560124,4.313752,0.327957
0.132653,0.504425,643,101338.438110,4.337197,0.323451
0.132653,0.514437,644,101338.317187,4.360317,0.318827
0.132653,0.524448,645,101338.197428,4.383099,0.314089
0.132653,0.534460,646,101338.078902,4.405538,0.309237
0.132653,0.544472,647,101337.961682,4.427623,0.304273
0.132653,0.554483,648,101337.845835,4.449349,0.299199
0.132653,0.564495,649,101337.731433,4.470704,0.294017
0.132653,0.574507,650,101337.618542,4.491683,0.288729
0.132653,0.584518,651,101337.507235,4.512277,0.283336
0.132653,0.594530,652,101337.397575,4.532480,0.277842
0.132653,0.604541,653,101337.289634,4.552283,0.272247
0.132653,0.614553,654,101337.183474,4.571680,0.266555
0.132653,0.624565,655,101337.079164,4.590662,0.260767
0.132653,0.634576,656,101336.976767,4.609225,0.254886
0.132653,0.644588,657,101336.876346,4.627359,0.248914
0.132653,0.654599,658,101336.777964,4.645062,0.242853
0.132653,0.664611,659,101336.681684,4.662323,0.236706
0.132653,0.674623,660,101336.587563,4.679139,0.230474
0.132653,0.684634,661,101336.495663,4.695502,0.224162
0.132653,0.694646,662,101336.406039,4.711408,0.217770
0.132653,0.704657,663,101336.318748,4.726851,0.211301
0.132653,0.714669,664,101336.233845,4.741826,0.204759
0.132653,0.724681,665,101336.151384,4.756326,0.198144
0.132653,0.734692,666,101336.071415,4.770349,0.191461
0.132653,0.744704,667,101335.993989,4.783887,0.184710
0.132653,0.754716,668,101335.919155,4.796939,0.177895
0.132653,0.764727,669,101335.846959,4.809498,0.171018
0.132653,0.774739,670,101335.777446,4.821562,0.164081
0.132653,0.784750,671,101335.710660,4.833124,0.157087
0.132653,0.794762,672,101335.646642,4.844184,0.150038
0.132653,0.804774,673,101335.585432,4.854735,0.142937
0.132653,0.814785,674,101335.527066,4.864778,0.135785
0.132653,0.824797,675,101335.471583,4.874305,0.128586
0.132653,0.834808,676,101335.419014,4.883317,0.121340
0.132653,0.844820,677,101335.369392,4.891808,0.114051
0.132653,0.854832,678,101335.322745,4.899779,0.106721
0.132653,0.864843,679,101335.279102,4.907226,0.099351
0.132653,0.874855,680,101335.238486,4.914147,0.091945
0.132653,0.884866,681,101335.200922,4.920540,0.084503
0.132653,0.894878,682,101335.166428,4.926405,0.077029
0.132653,0.904890,683,101335.135024,4.931739,0.069524
0.132653,0.914901,684,101335.106723,4.936543,0.061990
0.132653,0.924913,685,101335.081540,4.940813,0.054432
0.132653,0.934925,686,101335.059478,4.944554,0.046844
0.132653,0.944936,687,101335.040561,4.947758,0.039249
0.132653,0.954948,688,101335.024761,4.950434,0.031608
0.132653,0.964959,689,101335.012120,4.952567,0.023992
0.132653,0.974971,690,101335.002618,4.954150,0.016319
0.132653,0.984983,691,101334.996211,4.944906,0.008630
0.132653,0.994994,692,101334.993080,4.924829,0.002424
0.153061,0.016757,693,101344.482460,2.942172,0.334852
0.153061,0.026739,694,101344.306175,2.999168,0.513710
0.153061,0.036721,695,101344.234406,3.038179,0.432562
0.153061,0.046703,696,101344.105033,3.068937,0.470407
0.153061,0.056686,697,101344.000305,3.098057,0.457715
0.153061,0.066668,698,101343.884700,3.127785,0.463378
0.153061,0.076650,699,101343.771440,3.157262,0.462954
0.153061,0.086632,700,101343.656274,3.186820,0.464104
0.153061,0.096614,701,101343.540396,3.216347,0.464696
0.153061,0.106596,702,101343.423515,3.245875,0.465253
0.153061,0.116579,703,101343.305708,3.275392,0.465658
0.153061,0.126561,704,101343.186969,3.304899,0.465931
0.153061,0.136543,705,101343.067318,3.334388,0.466068
0.153061,0.146525,706,101342.946771,3.363861,0.466067
0.153061,0.156507,707,101342.825350,3.393308,0.465929
0.153061,0.166489,708,101342.703076,3.422727,0.465651
0.153061,0.176472,709,101342.579979,3.452110,0.465234
0.153061,0.186454,710,101342.456084,3.481454,0.464676
0.153061,0.196436,711,101342.331426,3.510749,0.463977
0.153061,0.206418,712,101342.206036,3.539991,0.463136
0.153061,0.216400,713,101342.079954,3.569171,0.462153
0.153061,0.226382,714,101341.953215,3.598284,0.461027
0.153061,0.236365,715,101341.825863,3.627319,0.459758
0.153061,0.246347,716,101341.697939,3.656272,0.458344
0.153061,0.256329,717,101341.569490,3.685130,0.456785
0.153061,0.266311,718,101341.440560,3.713890,0.455081
0.153061,0.276293,719,101341.311201,3.742539,0.453232
0.153061,0.286275,720,101341.181460,3.771072,0.451236
0.153061,0.296258,721,101341.051394,3.799476,0.449093
0.153061,0.306240,722,101340.921053,3.827746,0.446803
0.153061,0.316222,723,101340.790496,3.855870,0.444366
0.153061,0.326204,724,101340.659776,3.883842,0.441781
0.153061,0.336186,725,101340.528955,3.911649,0.439049
0.153061,0.346168,726,101340.398091,3.939285,0.436169
0.153061,0.356151,727,101340.267246,3.966738,0.433141
0.153061,0.366133,728,101340.136482,3.994001,0.429965
0.153061,0.376115,729,101340.005863,4.021062,0.426642
0.153061,0.386097,730,101339.875452,4.047914,0.423172
0.153061,0.396079,731,101339.745318,4.074545,0.419555
0.153061,0.406061,732,101339.615523,4.100949,0.415792
0.153061,0.416044,733,101339.486138,4.127112,0.411883
0.153061,0.426026,734,101339.357228,4.153029,0.407829
0.153061,0.436008,735,101339.228866,4.178687,0.403632
0.153061,0.445990,736,101339.101116,4.204079,0.399291
0.153061,0.455972,737,101338.974053,4.229194,0.394808
0.153061,0.465954,738,101338.847743,4.254025,0.390185
0.153061,0.475936,739,101338.722260,4.278560,0.385422
0.153061,0.485919,740,101338.597672,4.302793,0.380520
0.153061,0.495901,741,101338.474052,4.326711,0.375482
0.153061,0.505883,742,101338.351470,4.350310,0.370310
0.153061,0.515865,743,101338.229998,4.373577,0.365003
0.153061,0.525847,744,101338.109706,4.396506,0.359566
0.153061,0.535829,745,101337.990666,4.419087,0.353998
0.153061,0.545812,746,101337.872946,4.441313,0.348303
0.153061,0.555794,747,101337.756619,4.463174,0.342483
0.153061,0.565776,748,101337.641753,4.484664,0.336539
0.153061,0.575758,749,101337.528419,4.505772,0.330474
0.153061,0.585740,750,101337.416682,4.526495,0.324290
0.153061,0.595722,751,101337.306614,4.546820,0.317990
0.153061,0.605705,752,101337.198278,4.566744,0.311576
0.153061,0.615687,753,101337.091744,4.586256,0.305051
0.153061,0.625669,754,101336.987075,4.605353,0.298416
0.153061,0.635651,755,101336.884337,4.624025,0.291676
0.153061,0.645633,756,101336.783590,4.642267,0.284832
0.153061,0.655615,757,101336.684900,4.660070,0.277887
0.153061,0.665598,758,101336.588326,4.677432,0.270844
0.153061,0.675580,759,101336.493928,4.694343,0.263706
0.153061,0.685562,760,101336.401764,4.710800,0.256475
0.153061,0.695544,761,101336.311893,4.726794,0.249155
0.153061,0.705526,762,101336.224367,4.742324,0.241747
0.153061,0.715508,763,101336.139244,4.757380,0.234256
0.153061,0.725491,764,101336.056573,4.771960,0.226684
0.153061,0.735473,765,101335.976408,4.786058,0.219033
0.153061,0.745455,766,101335.898797,4.799671,0.211306
0.153061,0.755437,767,101335.823788,4.812791,0.203507
0.153061,0.765419,768,101335.751426,4.825418,0.195638
0.153061,0.775401,769,101335.681758,4.837544,0.187701
0.153061,0.785384,770,101335.614824,4.849169,0.179701
0.153061,0.795366,771,101335.550666,4.860286,0.171638
0.153061,0.805348,772,101335.489322,4.870895,0.163517
0.153061,0.815330,773,101335.430830,4.880989,0.155340
0.153061,0.825312,774,101335.375223,4.890569,0.147109
0.153061,0.835294,775,101335.322536,4.899628,0.138827
0.153061,0.845276,776,101335.272798,4.908167,0.130498
0.153061,0.855259,777,101335.226040,4.916181,0.122122
0.153061,0.865241,778,101335.182287,4.923671,0.113704
0.153061,0.875223,779,101335.141564,4.930631,0.105245
0.153061,0.885205,780,101335.103893,4.937063,0.096748
0.153061,0.895187,781,101335.069294,4.942963,0.088216
0.153061,0.905169,782,101335.037785,4.948332,0.079651
0.153061,0.915152,783,101335.009381,4.953166,0.071056
0.153061,0.925134,784,101334.984097,4.957467,0.062435
0.153061,0.935116,785,101334.961936,4.961232,0.053783
0.153061,0.945098,786,101334.942924,4.964463,0.045125
0.153061,0.955080,787,101334.927041,4.967158,0.036420
0.153061,0.965062,788,101334.914319,4.969310,0.027739
0.153061,0.975045,789,101334.904753,4.970899,0.019006
0.153061,0.985027,790,101334.898304,4.960194,0.010243
0.153061,0.995009,791,101334.895144,4.937188,0.002958
0.173469,0.020072,792,101344.426196,2.945464,0.384991
0.173469,0.030021,793,101344.247284,3.002753,0.581962
0.173469,0.039969,794,101344.178106,3.044826,0.488348
0.173469,0.049918,795,101344.045032,3.075002,0.534421
0.173469,0.059866,796,101343.941460,3.104558,0.517242
0.173469,0.069815,797,101343.823969,3.134348,0.524903
0.173469,0.079763,798,101343.710233,3.164009,0.523639
0.173469,0.089712,799,101343.593977,3.193733,0.525008
0.173469,0.099660,800,101343.477174,3.223440,0.525469
0.173469,0.109609,801,101343.359296,3.253150,0.525988
0.173469,0.119557,802,101343.240486,3.282856,0.526325
0.173469,0.129506,803,101343.120735,3.312552,0.526528
0.173469,0.139454,804,101343.000062,3.342237,0.526586
0.173469,0.149403,805,101342.878491,3.371904,0.526497
0.173469,0.159351,806,101342.756043,3.401550,0.526262
0.173469,0.169300,807,101342.632744,3.431167,0.525876
0.173469,0.179248,808,101342.508620,3.460752,0.525340
0.173469,0.189197,809,101342.383705,3.490294,0.524650
0.173469,0.199145,810,101342.258028,3.519793,0.523807
0.173469,0.209094,811,101342.131627,3.549236,0.522809
0.173469,0.219042,812,101342.004536,3.578620,0.521654
0.173469,0.228991,813,101341.876797,3.607934,0.520342
0.173469,0.238939,814,101341.748450,3.637175,0.518871
0.173469,0.248888,815,101341.619540,3.666329,0.517240
0.173469,0.258836,816,101341.490110,3.695393,0.515449
0.173469,0.268785,817,101341.360211,3.724354,0.513495
0.173469,0.278733,818,101341.229888,3.753208,0.511380
0.173469,0.288682,819,101341.099196,3.781943,0.509100
0.173469,0.298630,820,101340.968184,3.810552,0.506658
0.173469,0.308579,821,101340.836911,3.839023,0.504050
0.173469,0.318527,822,101340.705428,3.867351,0.501278
0.173469,0.328476,823,101340.573796,3.895523,0.498339
0.173469,0.338424,824,101340.442072,3.923533,0.495236
0.173469,0.348373,825,101340.310319,3.951368,0.491966
0.173469,0.358321,826,101340.178595,3.979022,0.488531
0.173469,0.368270,827,101340.046966,4.006482,0.484929
0.173469,0.378218,828,101339.915494,4.033742,0.481162
0.173469,0.388167,829,101339.784246,4.060788,0.477229
0.173469,0.398115,830,101339.653285,4.087616,0.473131
0.173469,0.408064,831,101339.522682,4.114210,0.468869
0.173469,0.418012,832,101339.392502,4.140567,0.464443
0.173469,0.427961,833,101339.262815,4.166671,0.459854
0.173469,0.437909,834,101339.133689,4.192517,0.455103
0.173469,0.447858,835,101339.005196,4.218093,0.450190
0.173469,0.457806,836,101338.877403,4.243392,0.445118
0.173469,0.467755,837,101338.750384,4.268401,0.439888
0.173469,0.477703,838,101338.624208,4.293115,0.434501
0.173469,0.487652,839,101338.498947,4.317521,0.428958
0.173469,0.497600,840,101338.374672,4.341613,0.423261
0.173469,0.507549,841,101338.251456,4.365378,0.417413
0.173469,0.517497,842,101338.129367,4.388812,0.411415
0.173469,0.527446,843,101338.008481,4.411902,0.405268
0.173469,0.537394,844,101337.888864,4.434643,0.398977
0.173469,0.547343,845,101337.770590,4.457023,0.392542
0.173469,0.557291,846,101337.653727,4.479037,0.385966
0.173469,0.567240,847,101337.538348,4.500673,0.379251
0.173469,0.577188,848,101337.424518,4.521927,0.372401
0.173469,0.587137,849,101337.312309,4.542788,0.365417
0.173469,0.597085,850,101337.201786,4.563251,0.358303
0.173469,0.607034,851,101337.093019,4.583306,0.351061
0.173469,0.616983,852,101336.986070,4.602949,0.343694
0.173469,0.626931,853,101336.881009,4.622169,0.336206
0.173469,0.636880,854,101336.777895,4.640962,0.328598
0.173469,0.646828,855,101336.676795,4.659320,0.320875
0.173469,0.656777,856,101336.577768,4.677237,0.313039
0.173469,0.666725,857,101336.480877,4.694706,0.305093
0.173469,0.676674,858,101336.386179,4.711723,0.297041
0.173469,0.686622,859,101336.293733,4.728279,0.288886
0.173469,0.696571,860,101336.203594,4.744372,0.280631
0.173469,0.706519,861,101336.115820,4.759993,0.272279
0.173469,0.716468,862,101336.030461,4.775140,0.263833
0.173469,0.726416,863,101335.947571,4.789805,0.255297
0.173469,0.736365,864,101335.867199,4.803986,0.246674
0.173469,0.746313,865,101335.789396,4.817676,0.237966
0.173469,0.756262,866,101335.714205,4.830873,0.229179
0.173469,0.766210,867,101335.641676,4.843570,0.220313
0.173469,0.776159,868,101335.571848,4.855767,0.211374
0.173469,0.786107,869,101335.504766,4.867455,0.202363
0.173469,0.796056,870,101335.440468,4.878636,0.193284
0.173469,0.806004,871,101335.378993,4.889302,0.184140
0.173469,0.815953,872,101335.320375,4.899454,0.174935
0.173469,0.825901,873,101335.264652,4.909085,0.165671
0.173469,0.835850,874,101335.211852,4.918196,0.156351
0.173469,0.845798,875,101335.162008,4.926782,0.146978
0.173469,0.855747,876,101335.115146,4.934843,0.137556
0.173469,0.865695,877,101335.071294,4.942374,0.128088
0.173469,0.875644,878,101335.030475,4.949376,0.118575
0.173469,0.885592,879,101334.992712,4.955844,0.109022
0.173469,0.895541,880,101334.958022,4.961781,0.099431
0.173469,0.905489,881,101334.926427,4.967181,0.089806
0.173469,0.915438,882,101334.897938,4.972047,0.080147
0.173469,0.925386,883,101334.872575,4.976374,0.070464
0.173469,0.935335,884,101334.850338,4.980167,0.060746
0.173469,0.945283,885,101334.831256,4.983418,0.051022
0.173469,0.955232,886,101334.815311,4.986133,0.041252
0.173469,0.965180,887,101334.802533,4.988298,0.031502
0.173469,0.975129,888,101334.792921,4.989894,0.021704
0.173469,0.985077,889,101334.786443,4.977725,0.011864
0.173469,0.995026,890,101334.783263,4.951794,0.003496
0.193878,0.023802,891,101344.360023,2.950216,0.435835
0.193878,0.033712,892,101344.178666,3.007505,0.650377
0.193878,0.043623,893,101344.111583,3.052957,0.544624
0.193878,0.053534,894,101343.974962,3.082295,0.599133
0.193878,0.063444,895,101343.872482,3.112461,0.577106
0.193878,0.073355,896,101343.752958,3.142230,0.587126
0.193878,0.083265,897,101343.638801,3.172108,0.584811
0.193878,0.093176,898,101343.521358,3.201992,0.586519
0.193878,0.103087,899,101343.403618,3.231877,0.586811
0.193878,0.112997,900,101343.284689,3.261775,0.587312
0.193878,0.122908,901,101343.164837,3.291669,0.587577
0.193878,0.132819,902,101343.044018,3.321563,0.587712
0.193878,0.142729,903,101342.922271,3.351446,0.587689
0.193878,0.152640,904,101342.799614,3.381318,0.587511
0.193878,0.162551,905,101342.676074,3.411168,0.587174
0.193878,0.172461,906,101342.551677,3.440996,0.586676
0.193878,0.182372,907,101342.426456,3.470790,0.586015
0.193878,0.192283,908,101342.300439,3.500548,0.585189
0.193878,0.202193,909,101342.173663,3.530259,0.584195
0.193878,0.212104,910,101342.046161,3.559921,0.583033
0.193878,0.222015,911,101341.917976,3.589521,0.581699
0.193878,0.231925,912,101341.789143,3.619056,0.580193
0.193878,0.241836,913,101341.659709,3.648514,0.578513
0.193878,0.251746,914,101341.529714,3.677892,0.576657
0.193878,0.261657,915,101341.399209,3.707175,0.574624
0.193878,0.271568,916,101341.268238,3.736361,0.572414
0.193878,0.281478,917,101341.136854,3.765435,0.570023
0.193878,0.291389,918,101341.005106,3.794395,0.567453
0.193878,0.301300,919,101340.873050,3.823225,0.564701
0.193878,0.311210,920,101340.740738,3.851921,0.561767
0.193878,0.321121,921,101340.608231,3.880470,0.558649
0.193878,0.331032,922,101340.475584,3.908866,0.555349
0.193878,0.340942,923,101340.342858,3.937096,0.551865
0.193878,0.350853,924,101340.210112,3.965154,0.548197
0.193878,0.360764,925,101340.077412,3.993026,0.544344
0.193878,0.370674,926,101339.944818,4.020707,0.540307
0.193878,0.380585,927,101339.812398,4.048182,0.536086
0.193878,0.390495,928,101339.680215,4.075447,0.531681
0.193878,0.400406,929,101339.548337,4.102487,0.527092
0.193878,0.410317,930,101339.416831,4.129297,0.522321
0.193878,0.420227,931,101339.285768,4.155862,0.517367
0.193878,0.430138,932,101339.155213,4.182177,0.512232
0.193878,0.440049,933,101339.025241,4.208229,0.506917
0.193878,0.449959,934,101338.895917,4.234010,0.501423
0.193878,0.459870,935,101338.767317,4.259509,0.495751
0.193878,0.469781,936,101338.639508,4.284718,0.489904
0.193878,0.479691,937,101338.512566,4.309626,0.483881
0.193878,0.489602,938,101338.386558,4.334225,0.477686
0.193878,0.499513,939,101338.261559,4.358504,0.471320
0.193878,0.509423,940,101338.137639,4.382457,0.464786
0.193878,0.519334,941,101338.014872,4.406070,0.458085
0.193878,0.529244,942,101337.893326,4.429340,0.451220
0.193878,0.539155,943,101337.773077,4.452253,0.444194
0.193878,0.549066,944,101337.654191,4.474805,0.437008
0.193878,0.558976,945,101337.536742,4.496982,0.429666
0.193878,0.568887,946,101337.420797,4.518782,0.422171
0.193878,0.578798,947,101337.306428,4.540192,0.414525
0.193878,0.588708,948,101337.193700,4.561208,0.406732
0.193878,0.598619,949,101337.082685,4.581818,0.398794
0.193878,0.608530,950,101336.973445,4.602019,0.390714
0.193878,0.618440,951,101336.866051,4.621800,0.382497
0.193878,0.628351,952,101336.760563,4.641157,0.374145
0.193878,0.638262,953,101336.657048,4.660079,0.365662
0.193878,0.648172,954,101336.555565,4.678565,0.357051
0.193878,0.658083,955,101336.456180,4.696602,0.348316
0.193878,0.667993,956,101336.358949,4.714190,0.339459
0.193878,0.677904,957,101336.263933,4.731318,0.330486
0.193878,0.687815,958,101336.171187,4.747985,0.321399
0.193878,0.697725,959,101336.080770,4.764180,0.312202
0.193878,0.707636,960,101335.992733,4.779902,0.302898
0.193878,0.717547,961,101335.907131,4.795143,0.293491
0.193878,0.727457,962,101335.824013,4.809901,0.283986
0.193878,0.737368,963,101335.743430,4.824168,0.274385
0.193878,0.747279,964,101335.665429,4.837943,0.264692
0.193878,0.757189,965,101335.590057,4.851217,0.254910
0.193878,0.767100,966,101335.517357,4.863992,0.245044
0.193878,0.777011,967,101335.447374,4.876258,0.235097
0.193878,0.786921,968,101335.380145,4.888017,0.225072
0.193878,0.796832,969,101335.315712,4.899261,0.214973
0.193878,0.806742,970,101335.254110,4.909990,0.204804
0.193878,0.816653,971,101335.195376,4.920199,0.194567
0.193878,0.826564,972,101335.139542,4.929887,0.184267
0.193878,0.836474,973,101335.086640,4.939048,0.173907
0.193878,0.846385,974,101335.036699,4.947684,0.163490
0.193878,0.856296,975,101334.989747,4.955790,0.153019
0.193878,0.866206,976,101334.945808,4.963365,0.142498
0.193878,0.876117,977,101334.904908,4.970406,0.131931
0.193878,0.886028,978,101334.867066,4.976914,0.121320
0.193878,0.895938,979,101334.832304,4.982884,0.110669
0.193878,0.905849,980,101334.800638,4.988318,0.099982
0.193878,0.915760,981,101334.772083,4.993211,0.089259
0.193878,0.925670,982,101334.746657,4.997567,0.078511
0.193878,0.935581,983,101334.724363,5.001381,0.067726
0.193878,0.945491,984,101334.705227,5.004655,0.056935
0.193878,0.955402,985,101334.689237,5.007386,0.046097
0.193878,0.965313,986,101334.676415,5.009565,0.035276
0.193878,0.975223,987,101334.666768,5.011164,0.024412
0.193878,0.985134,988,101334.660263,4.997536,0.013491
0.193878,0.995045,989,101334.657070,4.968678,0.004037
0.214286,0.027946,990,101344.283907,2.956402,0.487359
0.214286,0.037814,991,101344.100187,3.013415,0.719053
0.214286,0.047683,992,101344.034777,3.062548,0.601477
0.214286,0.057551,993,101343.894726,3.090796,0.664548
0.214286,0.067420,994,101343.793208,3.121773,0.637385
0.214286,0.077288,995,101343.671510,3.151416,0.650083
0.214286,0.087157,996,101343.556935,3.181575,0.646509
0.214286,0.097026,997,101343.438180,3.211599,0.648683
0.214286,0.106894,998,101343.319459,3.241684,0.648759
0.214286,0.116763,999,101343.199401,3.271768,0.649265
0.214286,0.126631,1000,101343.078438,3.301865,0.649455
0.214286,0.136500,1001,101342.956484,3.331960,0.649524
0.214286,0.146368,1002,101342.833586,3.362054,0.649420
0.214286,0.156237,1003,101342.709769,3.392137,0.649150
0.214286,0.166106,1004,101342.585058,3.422207,0.648710
0.214286,0.175974,1005,101342.459484,3.452253,0.648096
0.214286,0.185843,1006,101342.333077,3.482274,0.647306
0.214286,0.195711,1007,101342.205874,3.512256,0.646337
0.214286,0.205580,1008,101342.077906,3.542200,0.645188
0.214286,0.215448,1009,101341.949215,3.572091,0.643854
0.214286,0.225317,1010,101341.819836,3.601928,0.642336
0.214286,0.235186,1011,101341.689816,3.631697,0.640628
0.214286,0.245054,1012,101341.559193,3.661395,0.638732
0.214286,0.254923,1013,101341.428016,3.691009,0.636643
0.214286,0.264791,1014,101341.296331,3.720535,0.634362
0.214286,0.274660,1015,101341.164188,3.749960,0.631885
0.214286,0.284528,1016,101341.031636,3.779279,0.629212
0.214286,0.294397,1017,101340.898731,3.808478,0.626340
0.214286,0.304266,1018,101340.765523,3.837554,0.623270
0.214286,0.314134,1019,101340.632073,3.866491,0.620000
0.214286,0.324003,1020,101340.498434,3.895286,0.616529
0.214286,0.333871,1021,101340.364670,3.923922,0.612857
0.214286,0.343740,1022,101340.230837,3.952397,0.608982
0.214286,0.353608,1023,101340.097000,3.980695,0.604904
0.214286,0.363477,1024,101339.963219,4.008810,0.600624
0.214286,0.373346,1025,101339.829564,4.036729,0.596141
0.214286,0.383214,1026,101339.696094,4.064446,0.591455
0.214286,0.393083,1027,101339.562882,4.091945,0.586567
0.214286,0.402951,1028,101339.429990,4.119223,0.581476
0.214286,0.412820,1029,101339.297491,4.146264,0.576184
0.214286,0.422688,1030,101339.165451,4.173062,0.570692
0.214286,0.432557,1031,101339.033943,4.199604,0.565000
0.214286,0.442426,1032,101338.903035,4.225883,0.559109
0.214286,0.452294,1033,101338.772801,4.251885,0.553021
0.214286,0.462163,1034,101338.643310,4.277606,0.546738
0.214286,0.472031,1035,101338.514636,4.303030,0.540261
0.214286,0.481900,1036,101338.386849,4.328153,0.533592
0.214286,0.491768,1037,101338.260024,4.352960,0.526733
0.214286,0.501637,1038,101338.134230,4.377447,0.519686
0.214286,0.511506,1039,101338.009542,4.401599,0.512454
0.214286,0.521374,1040,101337.886031,4.425413,0.505038
0.214286,0.531243,1041,101337.763770,4.448873,0.497443
0.214286,0.541111,1042,101337.642828,4.471978,0.489670
0.214286,0.550980,1043,101337.523279,4.494711,0.481722
0.214286,0.560848,1044,101337.405191,4.517071,0.473603
0.214286,0.570717,1045,101337.288636,4.539044,0.465315
0.214286,0.580586,1046,101337.173681,4.560626,0.456862
0.214286,0.590454,1047,101337.060397,4.581805,0.448248
0.214286,0.600323,1048,101336.948849,4.602578,0.439475
0.214286,0.610191,1049,101336.839106,4.622932,0.430548
0.214286,0.620060,1050,101336.731230,4.642865,0.421470
0.214286,0.629929,1051,101336.625290,4.662365,0.412244
0.214286,0.639797,1052,101336.521346,4.681430,0.402875
0.214286,0.649666,1053,101336.419462,4.700048,0.393367
0.214286,0.659534,1054,101336.319696,4.718218,0.383723
0.214286,0.669403,1055,101336.222110,4.735929,0.373947
0.214286,0.679271,1056,101336.126760,4.753179,0.364043
0.214286,0.689140,1057,101336.033705,4.769958,0.354016
0.214286,0.699009,1058,101335.942997,4.786265,0.343869
0.214286,0.708877,1059,101335.854693,4.802091,0.333606
0.214286,0.718746,1060,101335.768840,4.817435,0.323232
0.214286,0.728614,1061,101335.685493,4.832287,0.312750
0.214286,0.738483,1062,101335.604697,4.846647,0.302165
0.214286,0.748351,1063,101335.526501,4.860507,0.291480
0.214286,0.758220,1064,101335.450948,4.873867,0.280699
0.214286,0.768089,1065,101335.378085,4.886718,0.269827
0.214286,0.777957,1066,101335.307948,4.899061,0.258868
0.214286,0.787826,1067,101335.240582,4.910888,0.247824
0.214286,0.797694,1068,101335.176021,4.922201,0.236701
0.214286,0.807563,1069,101335.114304,4.932992,0.225503
0.214286,0.817431,1070,101335.055463,4.943261,0.214232
0.214286,0.827300,1071,101334.999532,4.953003,0.202893
0.214286,0.837169,1072,101334.946540,4.962219,0.191490
0.214286,0.847037,1073,101334.896517,4.970903,0.180025
0.214286,0.856906,1074,101334.849487,4.979056,0.168504
0.214286,0.866774,1075,101334.805479,4.986673,0.156930
0.214286,0.876643,1076,101334.764512,4.993756,0.145306
0.214286,0.886511,1077,101334.726610,5.000299,0.133636
0.214286,0.896380,1078,101334.691789,5.006304,0.121924
0.214286,0.906249,1079,101334.660071,5.011768,0.110173
0.214286,0.916117,1080,101334.631465,5.016692,0.098385
0.214286,0.925986,1081,101334.605993,5.021071,0.086571
0.214286,0.935854,1082,101334.583655,5.024910,0.074718
0.214286,0.945723,1083,101334.564480,5.028201,0.062858
0.214286,0.955591,1084,101334.548454,5.030951,0.050952
0.214286,0.965460,1085,101334.535602,5.033140,0.039060
0.214286,0.975329,1086,101334.525925,5.034743,0.027126
0.214286,0.985197,1087,101334.519401,5.019653,0.015122
0.214286,0.995066,1088,101334.516196,4.987872,0.004579
0.234694,0.032504,1089,101344.197677,2.964014,0.539556
0.234694,0.042326,1090,101344.011598,3.020505,0.788091
0.234694,0.052148,1091,101343.947506,3.073583,0.658980
0.234694,0.061971,1092,101343.804102,3.100522,0.730693
0.234694,0.071793,1093,101343.703391,3.132498,0.698160
0.234694,0.081615,1094,101343.579380,3.161919,0.713819
0.234694,0.091438,1095,101343.464362,3.192424,0.708782
0.234694,0.101260,1096,101343.344145,3.222579,0.711556
0.234694,0.111082,1097,101343.224388,3.252877,0.711355
0.234694,0.120904,1098,101343.103093,3.283163,0.711898
0.234694,0.130727,1099,101342.980939,3.313468,0.712005
0.234694,0.140549,1100,101342.857755,3.343782,0.712012
0.234694,0.150371,1101,101342.733621,3.374095,0.711825
0.234694,0.160194,1102,101342.608550,3.404407,0.711463
0.234694,0.170016,1103,101342.482577,3.434705,0.710917
0.234694,0.179838,1104,101342.355729,3.464989,0.710184
0.234694,0.189661,1105,101342.228044,3.495246,0.709262
0.234694,0.199483,1106,101342.099554,3.525475,0.708147
0.234694,0.209305,1107,101341.970298,3.555662,0.706835
0.234694,0.219127,1108,101341.840312,3.585805,0.705326
0.234694,0.228950,1109,101341.709641,3.615891,0.703615
0.234694,0.238772,1110,101341.578325,3.645917,0.701701
0.234694,0.248594,1111,101341.446411,3.675868,0.699580
0.234694,0.258417,1112,101341.313943,3.705743,0.697251
0.234694,0.268239,1113,101341.180973,3.735527,0.694712
0.234694,0.278061,1114,101341.047548,3.765216,0.691960
0.234694,0.287884,1115,101340.913723,3.794795,0.688995
0.234694,0.297706,1116,101340.779549,3.824260,0.685814
0.234694,0.307528,1117,101340.645085,3.853597,0.682416
0.234694,0.317350,1118,101340.510385,3.882802,0.678800
0.234694,0.327173,1119,101340.375511,3.911858,0.674965
0.234694,0.336995,1120,101340.240519,3.940762,0.670909
0.234694,0.346817,1121,101340.105475,3.969498,0.666633
0.234694,0.356640,1122,101339.970439,3.998061,0.662135
0.234694,0.366462,1123,101339.835479,4.026437,0.657416
0.234694,0.376284,1124,101339.700655,4.054619,0.652475
0.234694,0.386106,1125,101339.566040,4.082593,0.647312
0.234694,0.395929,1126,101339.431697,4.110353,0.641929
0.234694,0.405751,1127,101339.297697,4.137884,0.636324
0.234694,0.415573,1128,101339.164108,4.165181,0.630499
0.234694,0.425396,1129,101339.031004,4.192228,0.624455
0.234694,0.435218,1130,101338.898450,4.219020,0.618193
0.234694,0.445040,1131,101338.766524,4.245543,0.611713
0.234694,0.454863,1132,101338.635292,4.271790,0.605019
0.234694,0.464685,1133,101338.504832,4.297746,0.598111
0.234694,0.474507,1134,101338.375212,4.323408,0.590991
0.234694,0.484329,1135,101338.246509,4.348759,0.583661
0.234694,0.494152,1136,101338.118792,4.373796,0.576125
0.234694,0.503974,1137,101337.992137,4.398503,0.568383
0.234694,0.513796,1138,101337.866615,4.422875,0.560439
0.234694,0.523619,1139,101337.742300,4.446900,0.552296
0.234694,0.533441,1140,101337.619262,4.470572,0.543956
0.234694,0.543263,1141,101337.497576,4.493877,0.535423
0.234694,0.553086,1142,101337.377310,4.516811,0.526700
0.234694,0.562908,1143,101337.258538,4.539362,0.517790
0.234694,0.572730,1144,101337.141327,4.561525,0.508698
0.234694,0.582552,1145,101337.025748,4.583287,0.499425
0.234694,0.592375,1146,101336.911868,4.604645,0.489977
0.234694,0.602197,1147,101336.799756,4.625586,0.480358
0.234694,0.612019,1148,101336.689476,4.646108,0.470571
0.234694,0.621842,1149,101336.581096,4.666199,0.460620
0.234694,0.631664,1150,101336.474676,4.685855,0.450509
0.234694,0.641486,1151,101336.370284,4.705066,0.440244
0.234694,0.651308,1152,101336.267977,4.723830,0.429827
0.234694,0.661131,1153,101336.167819,4.742134,0.419264
0.234694,0.670953,1154,101336.069864,4.759979,0.408558
0.234694,0.680775,1155,101335.974173,4.777353,0.397715
0.234694,0.690598,1156,101335.880799,4.794256,0.386738
0.234694,0.700420,1157,101335.789799,4.810676,0.375633
0.234694,0.710242,1158,101335.701222,4.826614,0.364403
0.234694,0.720065,1159,101335.615123,4.842060,0.353053
0.234694,0.729887,1160,101335.531546,4.857015,0.341587
0.234694,0.739709,1161,101335.450543,4.871468,0.330010
0.234694,0.749531,1162,101335.372157,4.885420,0.318327
0.234694,0.759354,1163,101335.296434,4.898862,0.306541
0.234694,0.769176,1164,101335.223412,4.911796,0.294658
0.234694,0.778998,1165,101335.153137,4.924213,0.282680
0.234694,0.788821,1166,101335.085643,4.936115,0.270614
0.234694,0.798643,1167,101335.020970,4.947493,0.258463
0.234694,0.808465,1168,101334.959150,4.958349,0.246231
0.234694,0.818288,1169,101334.900219,4.968677,0.233922
0.234694,0.828110,1170,101334.844206,4.978477,0.221541
0.234694,0.837932,1171,101334.791142,4.987744,0.209092
0.234694,0.847754,1172,101334.741052,4.996478,0.196579
0.234694,0.857577,1173,101334.693965,5.004675,0.184005
0.234694,0.867399,1174,101334.649902,5.012336,0.171376
0.234694,0.877221,1175,101334.608889,5.019456,0.158693
0.234694,0.887044,1176,101334.570942,5.026037,0.145963
0.234694,0.896866,1177,101334.536083,5.032074,0.133188
0.234694,0.906688,1178,101334.504327,5.037569,0.120374
0.234694,0.916510,1179,101334.475689,5.042518,0.107519
0.234694,0.926333,1180,101334.450185,5.046923,0.094638
0.234694,0.936155,1181,101334.427821,5.050782,0.081717
0.234694,0.945977,1182,101334.408617,5.054094,0.068788
0.234694,0.955800,1183,101334.392570,5.056858,0.055813
0.234694,0.965622,1184,101334.379695,5.059059,0.042849
0.234694,0.975444,1185,101334.369998,5.060661,0.029845
0.234694,0.985267,1186,101334.363457,5.044113,0.016756
0.234694,0.995089,1187,101334.360248,5.009408,0.005123
0.255102,0.037476,1188,101344.101065,2.973067,0.592438
0.255102,0.047248,1189,101343.912580,3.028790,0.857596
0.255102,0.057020,1190,101343.849489,3.086075,0.717212
0.255102,0.066792,1191,101343.702778,3.111485,0.797608
0.255102,0.076564,1192,101343.602694,3.144667,0.759519
0.255102,0.086336,1193,101343.476243,3.173749,0.778386
0.255102,0.096107,1194,101343.360723,3.204691,0.771693
0.255102,0.105879,1195,101343.238891,3.234949,0.775200
0.255102,0.115651,1196,101343.118020,3.265498,0.774658
0.255102,0.125423,1197,101342.995372,3.295986,0.775269
0.255102,0.135195,1198,101342.871925,3.326523,0.775283
0.255102,0.144966,1199,101342.747407,3.357063,0.775233
0.255102,0.154738,1200,101342.621929,3.387616,0.774962
0.255102,0.164510,1201,101342.495502,3.418167,0.774506
0.255102,0.174282,1202,101342.368158,3.448716,0.773852
0.255102,0.184054,1203,101342.239934,3.479249,0.772997
0.255102,0.193825,1204,101342.110859,3.509766,0.771938
0.255102,0.203597,1205,101341.980976,3.540252,0.770671
0.255102,0.213369,1206,101341.850318,3.570707,0.769194
0.255102,0.223141,1207,101341.718931,3.601114,0.767501
0.255102,0.232913,1208,101341.586853,3.631474,0.765593
0.255102,0.242685,1209,101341.454132,3.661771,0.763463
0.255102,0.252456,1210,101341.320811,3.692003,0.761111
0.255102,0.262228,1211,101341.186941,3.722153,0.758533
0.255102,0.272000,1212,101341.052569,3.752221,0.755729
0.255102,0.281772,1213,101340.917751,3.782189,0.752693
0.255102,0.291544,1214,101340.782536,3.812055,0.749426
0.255102,0.301315,1215,101340.646983,3.841803,0.745925
0.255102,0.311087,1216,101340.511145,3.871429,0.742190
0.255102,0.320859,1217,101340.375085,3.900916,0.738216
0.255102,0.330631,1218,101340.238860,3.930262,0.734006
0.255102,0.340403,1219,101340.102534,3.959449,0.729555
0.255102,0.350174,1220,101339.966166,3.988474,0.724866
0.255102,0.359946,1221,101339.829826,4.017320,0.719936
0.255102,0.369718,1222,101339.693575,4.045983,0.714765
0.255102,0.379490,1223,101339.557484,4.074445,0.709353
0.255102,0.389262,1224,101339.421616,4.102703,0.703701
0.255102,0.399034,1225,101339.286044,4.130739,0.697807
0.255102,0.408805,1226,101339.150836,4.158550,0.691675
0.255102,0.418577,1227,101339.016064,4.186119,0.685302
0.255102,0.428349,1228,101338.881798,4.213440,0.678692
0.255102,0.438121,1229,101338.748112,4.240498,0.671845
0.255102,0.447893,1230,101338.615076,4.267288,0.664763
0.255102,0.457664,1231,101338.482767,4.293794,0.657447
0.255102,0.467436,1232,101338.351253,4.320010,0.649899
0.255102,0.477208,1233,101338.220613,4.345922,0.642121
0.255102,0.486980,1234,101338.090917,4.371525,0.634117
0.255102,0.496752,1235,101337.962241,4.396802,0.625887
0.255102,0.506523,1236,101337.834655,4.421751,0.617436
0.255102,0.516295,1237,101337.708238,4.446355,0.608765
0.255102,0.526067,1238,101337.583057,4.470610,0.599879
0.255102,0.535839,1239,101337.459190,4.494503,0.590780
0.255102,0.545611,1240,101337.336705,4.518028,0.581472
0.255102,0.555383,1241,101337.215677,4.541171,0.571958
0.255102,0.565154,1242,101337.096174,4.563930,0.562244
0.255102,0.574926,1243,101336.978268,4.586290,0.552331
0.255102,0.584698,1244,101336.862025,4.608248,0.542225
0.255102,0.594470,1245,101336.747518,4.629791,0.531930
0.255102,0.604242,1246,101336.634810,4.650916,0.521450
0.255102,0.614013,1247,101336.523970,4.671610,0.510789
0.255102,0.623785,1248,101336.415059,4.691872,0.499953
0.255102,0.633557,1249,101336.308145,4.711688,0.488944
0.255102,0.643329,1250,101336.203287,4.731058,0.477770
0.255102,0.653101,1251,101336.100547,4.749968,0.466433
0.255102,0.662872,1252,101335.999983,4.768419,0.454939
0.255102,0.672644,1253,101335.901656,4.786399,0.443293
0.255102,0.682416,1254,101335.805618,4.803906,0.431499
0.255102,0.692188,1255,101335.711928,4.820931,0.419563
0.255102,0.701960,1256,101335.620634,4.837473,0.407489
0.255102,0.711732,1257,101335.531792,4.853523,0.395283
0.255102,0.721503,1258,101335.445449,4.869079,0.382948
0.255102,0.731275,1259,101335.361654,4.884133,0.370491
0.255102,0.741047,1260,101335.280452,4.898685,0.357915
0.255102,0.750819,1261,101335.201890,4.912726,0.345226
0.255102,0.760591,1262,101335.126007,4.926258,0.332429
0.255102,0.770362,1263,101335.052847,4.939271,0.319527
0.255102,0.780134,1264,101334.982447,4.951767,0.306527
0.255102,0.789906,1265,101334.914846,4.963738,0.293433
0.255102,0.799678,1266,101334.850077,4.975186,0.280249
0.255102,0.809450,1267,101334.788176,4.986104,0.266979
0.255102,0.819221,1268,101334.729173,4.996493,0.253630
0.255102,0.828993,1269,101334.673100,5.006346,0.240204
0.255102,0.838765,1270,101334.619982,5.015666,0.226706
0.255102,0.848537,1271,101334.569850,5.024446,0.213141
0.255102,0.858309,1272,101334.522725,5.032689,0.199513
0.255102,0.868081,1273,101334.478632,5.040389,0.185826
0.255102,0.877852,1274,101334.437590,5.047549,0.172085
0.255102,0.887624,1275,101334.399622,5.054162,0.158293
0.255102,0.897396,1276,101334.364742,5.060232,0.144455
0.255102,0.907168,1277,101334.332970,5.065754,0.130576
0.255102,0.916940,1278,101334.304315,5.070731,0.116655
0.255102,0.926711,1279,101334.278800,5.075156,0.102707
0.255102,0.936483,1280,101334.256421,5.079037,0.088717
0.255102,0.946255,1281,101334.237206,5.082364,0.074719
0.255102,0.956027,1282,101334.221146,5.085145,0.060675
0.255102,0.965799,1283,101334.208261,5.087353,0.046640
0.255102,0.975570,1284,101334.198551,5.088957,0.032566
0.255102,0.985342,1285,101334.192000,5.070946,0.018392
0.255102,0.995114,1286,101334.188787,5.033322,0.005667
0.275510,0.042864,1287,101343.993727,2.983576,0.646027
0.275510,0.052581,1288,101343.802736,3.038308,0.927678
0.275510,0.062298,1289,101343.740376,3.100031,0.776244
0.275510,0.072015,1290,101343.590360,3.123727,0.865347
0.275510,0.081732,1291,101343.490717,3.158301,0.821552
0.275510,0.091449,1292,101343.361693,3.186941,0.843843
0.275510,0.101166,1293,101343.245596,3.218408,0.835308
0.275510,0.110883,1294,101343.121980,3.248752,0.839684
0.275510,0.120601,1295,101342.999911,3.279578,0.838726
0.275510,0.130318,1296,101342.875770,3.310287,0.839447
0.275510,0.140035,1297,101342.750924,3.341067,0.839351
0.275510,0.149752,1298,101342.624947,3.371858,0.839250
0.275510,0.159469,1299,101342.498013,3.402662,0.838892
0.275510,0.169186,1300,101342.370107,3.433477,0.838341
0.275510,0.178903,1301,101342.241277,3.464288,0.837575
0.275510,0.188620,1302,101342.111552,3.495096,0.836595
0.275510,0.198337,1303,101341.980973,3.525885,0.835395
0.275510,0.208055,1304,101341.849573,3.556655,0.833973
0.275510,0.217772,1305,101341.717397,3.587390,0.832322
0.275510,0.227489,1306,101341.584483,3.618090,0.830442
0.275510,0.237206,1307,101341.450880,3.648739,0.828327
0.275510,0.246923,1308,101341.316629,3.679334,0.825976
0.275510,0.256640,1309,101341.181783,3.709861,0.823384
0.275510,0.266357,1310,101341.046385,3.740316,0.820550
0.275510,0.276074,1311,101340.910494,3.770683,0.817469
0.275510,0.285792,1312,101340.774157,3.800959,0.814140
0.275510,0.295509,1313,101340.637434,3.831128,0.810561
0.275510,0.305226,1314,101340.500378,3.861187,0.806730
0.275510,0.314943,1315,101340.363051,3.891118,0.802643
0.275510,0.324660,1316,101340.225509,3.920919,0.798302
0.275510,0.334377,1317,101340.087818,3.950571,0.793703
0.275510,0.344094,1318,101339.950038,3.980071,0.788846
0.275510,0.353811,1319,101339.812237,4.009401,0.783729
0.275510,0.363529,1320,101339.674476,4.038558,0.778353
0.275510,0.373246,1321,101339.536828,4.067524,0.772716
0.275510,0.382963,1322,101339.399355,4.096295,0.766820
0.275510,0.392680,1323,101339.262133,4.124853,0.760662
0.275510,0.402397,1324,101339.125226,4.153193,0.754245
0.275510,0.412114,1325,101338.988712,4.181299,0.747568
0.275510,0.421831,1326,101338.852656,4.209166,0.740634
0.275510,0.431548,1327,101338.717138,4.236777,0.733441
0.275510,0.441266,1328,101338.582224,4.264126,0.725994
0.275510,0.450983,1329,101338.447995,4.291198,0.718291
0.275510,0.460700,1330,101338.314519,4.317987,0.710337
0.275510,0.470417,1331,101338.181875,4.344476,0.702133
0.275510,0.480134,1332,101338.050134,4.370662,0.693681
0.275510,0.489851,1333,101337.919375,4.396527,0.684983
0.275510,0.499568,1334,101337.789667,4.422069,0.676044
0.275510,0.509285,1335,101337.661089,4.447269,0.666866
0.275510,0.519002,1336,101337.533712,4.472125,0.657452
0.275510,0.528720,1337,101337.407612,4.496621,0.647805
0.275510,0.538437,1338,101337.282859,4.520753,0.637931
0.275510,0.548154,1339,101337.159530,4.544506,0.627831
0.275510,0.557871,1340,101337.037691,4.567877,0.617511
0.275510,0.567588,1341,101336.917419,4.590850,0.606974
0.275510,0.577305,1342,101336.798779,4.613424,0.596226
0.275510,0.587022,1343,101336.681844,4.635583,0.585271
0.275510,0.596739,1344,101336.566678,4.657326,0.574113
0.275510,0.606457,1345,101336.453353,4.678638,0.562756
0.275510,0.616174,1346,101336.341929,4.699518,0.551208
0.275510,0.625891,1347,101336.232475,4.719953,0.539470
0.275510,0.635608,1348,101336.125049,4.739941,0.527551
0.275510,0.645325,1349,101336.019718,4.759470,0.515453
0.275510,0.655042,1350,101335.916537,4.778538,0.503183
0.275510,0.664759,1351,101335.815568,4.797135,0.490746
0.275510,0.674476,1352,101335.716865,4.815258,0.478147
0.275510,0.684194,1353,101335.620486,4.832898,0.465392
0.275510,0.693911,1354,101335.526481,4.850054,0.452485
0.275510,0.703628,1355,101335.434907,4.866715,0.439432
0.275510,0.713345,1356,101335.345808,4.882882,0.426239
0.275510,0.723062,1357,101335.259237,4.898545,0.412911
0.275510,0.732779,1358,101335.175237,4.913705,0.399453
0.275510,0.742496,1359,101335.093857,4.928352,0.385870
0.275510,0.752213,1360,101335.015134,4.942488,0.372168
0.275510,0.761931,1361,101334.939116,4.956103,0.358352
0.275510,0.771648,1362,101334.865836,4.969199,0.344427
0.275510,0.781365,1363,101334.795337,4.981769,0.330398
0.275510,0.791082,1364,101334.727650,4.993814,0.316270
0.275510,0.800799,1365,101334.662813,5.005325,0.302048
0.275510,0.810516,1366,101334.600855,5.016307,0.287737
0.275510,0.820233,1367,101334.541808,5.026751,0.273342
0.275510,0.829950,1368,101334.485699,5.036660,0.258868
0.275510,0.839667,1369,101334.432559,5.046027,0.244320
0.275510,0.849385,1370,101334.382407,5.054855,0.229701
0.275510,0.859102,1371,101334.335272,5.063138,0.215017
0.275510,0.868819,1372,101334.291172,5.070878,0.200272
0.275510,0.878536,1373,101334.250130,5.078071,0.185470
0.275510,0.888253,1374,101334.212161,5.084718,0.170617
0.275510,0.897970,1375,101334.177285,5.090815,0.155715
0.275510,0.907687,1376,101334.145517,5.096365,0.140771
0.275510,0.917404,1377,101334.116869,5.101363,0.125785
0.275510,0.927122,1378,101334.091356,5.105812,0.110770
0.275510,0.936839,1379,101334.068984,5.109708,0.095713
0.275510,0.946556,1380,101334.049769,5.113054,0.080646
0.275510,0.956273,1381,101334.033713,5.115845,0.065534
0.275510,0.965990,1382,101334.020826,5.118063,0.050430
0.275510,0.975707,1383,101334.011112,5.119663,0.035286
0.275510,0.985424,1384,101334.004554,5.100194,0.020027
0.275510,0.995141,1385,101334.001345,5.059648,0.006211
0.295918,0.048665,1386,101343.875237,2.995579,0.700359
0.295918,0.058323,1387,101343.681611,3.049086,0.998447
0.295918,0.067981,1388,101343.619727,3.115490,0.836157
0.295918,0.077640,1389,101343.466390,3.137276,0.933976
0.295918,0.087298,1390,101343.366983,3.173446,0.884354
0.295918,0.096956,1391,101343.235260,3.201526,0.910253
0.295918,0.106614,1392,101343.118478,3.233627,0.899709
0.295918,0.116273,1393,101342.992909,3.264020,0.905082
0.295918,0.125931,1394,101342.869538,3.295176,0.903633
0.295918,0.135589,1395,101342.743757,3.326104,0.904503
0.295918,0.145247,1396,101342.617386,3.357160,0.904280
0.295918,0.154905,1397,101342.489820,3.388211,0.904133
0.295918,0.164564,1398,101342.361294,3.419296,0.903684
0.295918,0.174222,1399,101342.231783,3.450387,0.903036
0.295918,0.183880,1400,101342.101332,3.481489,0.902156
0.295918,0.193538,1401,101341.969980,3.512584,0.901046
0.295918,0.203197,1402,101341.837759,3.543675,0.899701
0.295918,0.212855,1403,101341.704715,3.574743,0.898116
0.295918,0.222513,1404,101341.570885,3.605789,0.896288
0.295918,0.232171,1405,101341.436318,3.636796,0.894211
0.295918,0.241829,1406,101341.301054,3.667764,0.891885
0.295918,0.251488,1407,101341.165145,3.698674,0.889302
0.295918,0.261146,1408,101341.028637,3.729526,0.886462
0.295918,0.270804,1409,101340.891586,3.760301,0.883359
0.295918,0.280462,1410,101340.754039,3.790999,0.879994
0.295918,0.290121,1411,101340.616058,3.821600,0.876360
0.295918,0.299779,1412,101340.477694,3.852104,0.872458
0.295918,0.309437,1413,101340.339011,3.882491,0.868283
0.295918,0.319095,1414,101340.200064,3.912759,0.863835
0.295918,0.328753,1415,101340.060919,3.942889,0.859111
0.295918,0.338412,1416,101339.921636,3.972878,0.854111
0.295918,0.348070,1417,101339.782284,4.002707,0.848832
0.295918,0.357728,1418,101339.642924,4.032374,0.843274
0.295918,0.367386,1419,101339.503630,4.061858,0.837436
0.295918,0.377045,1420,101339.364464,4.091158,0.831319
0.295918,0.386703,1421,101339.225503,4.120253,0.824920
0.295918,0.396361,1422,101339.086812,4.149140,0.818242
0.295918,0.406019,1423,101338.948469,4.177801,0.811283
0.295918,0.415677,1424,101338.810540,4.206230,0.804046
0.295918,0.425336,1425,101338.673106,4.234411,0.796530
0.295918,0.434994,1426,101338.536234,4.262337,0.788739
0.295918,0.444652,1427,101338.400005,4.289992,0.780671
0.295918,0.454310,1428,101338.264489,4.317371,0.772332
0.295918,0.463969,1429,101338.129766,4.344456,0.763720
0.295918,0.473627,1430,101337.995907,4.371244,0.754841
0.295918,0.483285,1431,101337.862993,4.397715,0.745695
0.295918,0.492943,1432,101337.731094,4.423867,0.736287
0.295918,0.502602,1433,101337.600291,4.449682,0.726619
0.295918,0.512260,1434,101337.470654,4.475156,0.716695
0.295918,0.521918,1435,101337.342262,4.500273,0.706518
0.295918,0.531576,1436,101337.215185,4.525029,0.696093
0.295918,0.541234,1437,101337.089501,4.549409,0.685423
0.295918,0.550893,1438,101336.965278,4.573408,0.674513
0.295918,0.560551,1439,101336.842593,4.597011,0.663368
0.295918,0.570209,1440,101336.721512,4.620216,0.651992
0.295918,0.579867,1441,101336.602111,4.643007,0.640390
0.295918,0.589526,1442,101336.484452,4.665383,0.628567
0.295918,0.599184,1443,101336.368610,4.687328,0.616529
0.295918,0.608842,1444,101336.254645,4.708841,0.604280
0.295918,0.618500,1445,101336.142627,4.729908,0.591826
0.295918,0.628158,1446,101336.032615,4.750528,0.579173
0.295918,0.637817,1447,101335.924676,4.770688,0.566326
0.295918,0.647475,1448,101335.818866,4.790386,0.553291
0.295918,0.657133,1449,101335.715248,4.809611,0.540073
0.295918,0.666791,1450,101335.613875,4.828362,0.526679
0.295918,0.676450,1451,101335.514809,4.846627,0.513114
0.295918,0.686108,1452,101335.418096,4.864406,0.499384
0.295918,0.695766,1453,101335.323796,4.881689,0.485494
0.295918,0.705424,1454,101335.231953,4.898476,0.471452
0.295918,0.715082,1455,101335.142620,4.914756,0.457261
0.295918,0.724741,1456,101335.055840,4.930531,0.442929
0.295918,0.734399,1457,101334.971662,4.945790,0.428461
0.295918,0.744057,1458,101334.890125,4.960536,0.413862
0.295918,0.753715,1459,101334.811275,4.974759,0.399139
0.295918,0.763374,1460,101334.735145,4.988462,0.384297
0.295918,0.773032,1461,101334.661780,5.001634,0.369341
0.295918,0.782690,1462,101334.591209,5.014280,0.354277
0.295918,0.792348,1463,101334.523472,5.026391,0.339111
0.295918,0.802006,1464,101334.458596,5.037969,0.323847
0.295918,0.811665,1465,101334.396616,5.049006,0.308490
0.295918,0.821323,1466,101334.337556,5.059507,0.293047
0.295918,0.830981,1467,101334.281448,5.069463,0.277522
0.295918,0.840639,1468,101334.228312,5.078879,0.261920
0.295918,0.850298,1469,101334.178177,5.087746,0.246246
0.295918,0.859956,1470,101334.131060,5.096070,0.230504
0.295918,0.869614,1471,101334.086986,5.103843,0.214700
0.295918,0.879272,1472,101334.045969,5.111070,0.198838
0.295918,0.888930,1473,101334.008032,5.117744,0.182923
0.295918,0.898589,1474,101333.973185,5.123870,0.166958
0.295918,0.908247,1475,101333.941448,5.129441,0.150951
0.295918,0.917905,1476,101333.912826,5.134462,0.134899
0.295918,0.927563,1477,101333.887342,5.138927,0.118820
0.295918,0.937222,1478,101333.864991,5.142841,0.102696
0.295918,0.946880,1479,101333.845798,5.146198,0.086563
0.295918,0.956538,1480,101333.829756,5.149003,0.070384
0.295918,0.966196,1481,101333.816882,5.151225,0.054213
0.295918,0.975854,1482,101333.807171,5.152821,0.038002
0.295918,0.985513,1483,101333.800614,5.131888,0.021660
0.295918,0.995171,1484,101333.797408,5.088424,0.006755
0.316327,0.054881,1485,101343.745095,3.009112,0.755476
0.316327,0.064476,1486,101343.548664,3.061175,1.070023
0.316327,0.074071,1487,101343.487034,3.132477,0.897026
0.316327,0.083666,1488,101343.330316,3.152192,1.003574
0.316327,0.093261,1489,101343.230946,3.190138,0.948019
0.316327,0.102856,1490,101343.096381,3.217558,0.977692
0.316327,0.112452,1491,101342.978798,3.250394,0.964978
0.316327,0.122047,1492,101342.851092,3.280814,0.971476
0.316327,0.131642,1493,101342.726308,3.312338,0.969453
0.316327,0.141237,1494,101342.598717,3.343504,0.970520
0.316327,0.150832,1495,101342.470693,3.374855,0.970144
0.316327,0.160427,1496,101342.341384,3.406195,0.969962
0.316327,0.170022,1497,101342.211129,3.437573,0.969413
0.316327,0.179617,1498,101342.079862,3.468972,0.968667
0.316327,0.189213,1499,101341.947652,3.500379,0.967667
0.316327,0.198808,1500,101341.814523,3.531795,0.966424
0.316327,0.208403,1501,101341.680523,3.563202,0.964927
0.316327,0.217998,1502,101341.545687,3.594600,0.963174
0.316327,0.227593,1503,101341.410064,3.625973,0.961160
0.316327,0.237188,1504,101341.273694,3.657320,0.958881
0.316327,0.246783,1505,101341.136630,3.688623,0.956331
0.316327,0.256378,1506,101340.998917,3.719881,0.953509
0.316327,0.265973,1507,101340.860611,3.751075,0.950410
0.316327,0.275569,1508,101340.721759,3.782204,0.947031
0.316327,0.285164,1509,101340.582423,3.813250,0.943367
0.316327,0.294759,1510,101340.442654,3.844210,0.939418
0.316327,0.304354,1511,101340.302516,3.875066,0.935178
0.316327,0.313949,1512,101340.162065,3.905814,0.930648
0.316327,0.323544,1513,101340.021367,3.936436,0.925823
0.316327,0.333139,1514,101339.880482,3.966929,0.920703
0.316327,0.342734,1515,101339.739480,3.997272,0.915285
0.316327,0.352330,1516,101339.598423,4.027464,0.909569
0.316327,0.361925,1517,101339.457384,4.057484,0.903553
0.316327,0.371520,1518,101339.316428,4.087329,0.897237
0.316327,0.381115,1519,101339.175631,4.116978,0.890619
0.316327,0.390710,1520,101339.035060,4.146429,0.883702
0.316327,0.400305,1521,101338.894792,4.175662,0.876483
0.316327,0.409900,1522,101338.754896,4.204672,0.868965
0.316327,0.419495,1523,101338.615453,4.233440,0.861147
0.316327,0.429090,1524,101338.476532,4.261963,0.853032
0.316327,0.438686,1525,101338.338214,4.290220,0.844620
0.316327,0.448281,1526,101338.200570,4.318208,0.835914
0.316327,0.457876,1527,101338.063683,4.345907,0.826915
0.316327,0.467471,1528,101337.927624,4.373314,0.817626
0.316327,0.477066,1529,101337.792475,4.400410,0.808050
0.316327,0.486661,1530,101337.658308,4.427192,0.798190
0.316327,0.496256,1531,101337.525204,4.453640,0.788049
0.316327,0.505851,1532,101337.393235,4.479751,0.777631
0.316327,0.515447,1533,101337.262483,4.505507,0.766940
0.316327,0.525042,1534,101337.133016,4.530906,0.755980
0.316327,0.534637,1535,101337.004916,4.555930,0.744754
0.316327,0.544232,1536,101336.878251,4.580575,0.733269
0.316327,0.553827,1537,101336.753099,4.604826,0.721528
0.316327,0.563422,1538,101336.629528,4.628679,0.709538
0.316327,0.573017,1539,101336.507614,4.652119,0.697301
0.316327,0.582612,1540,101336.387422,4.675143,0.684826
0.316327,0.592207,1541,101336.269024,4.697736,0.672116
0.316327,0.601803,1542,101336.152485,4.719897,0.659179
0.316327,0.611398,1543,101336.037874,4.741611,0.646019
0.316327,0.620993,1544,101335.925251,4.762877,0.632642
0.316327,0.630588,1545,101335.814685,4.783680,0.619055
0.316327,0.640183,1546,101335.706230,4.804021,0.605264
0.316327,0.649778,1547,101335.599952,4.823886,0.591274
0.316327,0.659373,1548,101335.495904,4.843276,0.577093
0.316327,0.668968,1549,101335.394146,4.862177,0.562727
0.316327,0.678564,1550,101335.294728,4.880590,0.548181
0.316327,0.688159,1551,101335.197708,4.898503,0.533462
0.316327,0.697754,1552,101335.103131,4.915918,0.518578
0.316327,0.707349,1553,101335.011050,4.932824,0.503532
0.316327,0.716944,1554,101334.921508,4.949221,0.488333
0.316327,0.726539,1555,101334.834555,4.965100,0.472987
0.316327,0.736134,1556,101334.750228,4.980463,0.457499
0.316327,0.745729,1557,101334.668574,4.995299,0.441875
0.316327,0.755324,1558,101334.589628,5.009613,0.426122
0.316327,0.764920,1559,101334.513431,5.023393,0.410246
0.316327,0.774515,1560,101334.440014,5.036644,0.394253
0.316327,0.784110,1561,101334.369416,5.049356,0.378148
0.316327,0.793705,1562,101334.301665,5.061533,0.361938
0.316327,0.803300,1563,101334.236795,5.073167,0.345627
0.316327,0.812895,1564,101334.174830,5.084262,0.329221
0.316327,0.822490,1565,101334.115801,5.094809,0.312726
0.316327,0.832085,1566,101334.059730,5.104814,0.296148
0.316327,0.841681,1567,101334.006643,5.114268,0.279490
0.316327,0.851276,1568,101333.956559,5.123176,0.262759
0.316327,0.860871,1569,101333.909503,5.131530,0.245959
0.316327,0.870466,1570,101333.865488,5.139337,0.229096
0.316327,0.880061,1571,101333.824536,5.146589,0.212174
0.316327,0.889656,1572,101333.786659,5.153290,0.195198
0.316327,0.899251,1573,101333.751876,5.159435,0.178171
0.316327,0.908846,1574,101333.720196,5.165028,0.161102
0.316327,0.918441,1575,101333.691631,5.170064,0.143988
0.316327,0.928037,1576,101333.666196,5.174546,0.126846
0.316327,0.937632,1577,101333.643893,5.178471,0.109659
0.316327,0.947227,1578,101333.624737,5.181842,0.092463
0.316327,0.956822,1579,101333.608728,5.184653,0.075221
0.316327,0.966417,1580,101333.595876,5.186882,0.057986
0.316327,0.976012,1581,101333.586181,5.188467,0.040710
0.316327,0.985607,1582,101333.579630,5.166073,0.023289
0.316327,0.995202,1583,101333.576437,5.119687,0.007296
0.336735,0.061511,1584,101343.602711,3.024232,0.811430
0.336735,0.071039,1585,101343.403285,3.074616,1.142522
0.336735,0.080567,1586,101343.341690,3.151053,0.958938
0.336735,0.090095,1587,101343.181515,3.168521,1.074225
0.336735,0.099622,1588,101343.081966,3.208442,1.012650
0.336735,0.109150,1589,101342.944419,3.235085,1.046238
0.336735,0.118678,1590,101342.825890,3.268779,1.031212
0.336735,0.128206,1591,101342.695864,3.299182,1.038950
0.336735,0.137734,1592,101342.569532,3.331142,1.036274
0.336735,0.147261,1593,101342.439959,3.362543,1.037581
0.336735,0.156789,1594,101342.310130,3.394229,1.037029
0.336735,0.166317,1595,101342.178919,3.425870,1.036816
0.336735,0.175845,1596,101342.046776,3.457578,1.036162
0.336735,0.185373,1597,101341.913601,3.489299,1.035314
0.336735,0.194900,1598,101341.779469,3.521046,1.034191
0.336735,0.204428,1599,101341.644412,3.552798,1.032806
0.336735,0.213956,1600,101341.508469,3.584557,1.031152
0.336735,0.223484,1601,101341.371689,3.616303,1.029223
0.336735,0.233012,1602,101341.234112,3.648038,1.027016
0.336735,0.242539,1603,101341.095790,3.679743,1.024523
0.336735,0.252067,1604,101340.956767,3.711417,1.021743
0.336735,0.261595,1605,101340.817100,3.743040,1.018670
0.336735,0.271123,1606,101340.676836,3.774613,1.015301
0.336735,0.280651,1607,101340.536038,3.806115,1.011631
0.336735,0.290178,1608,101340.394756,3.837544,1.007658
0.336735,0.299706,1609,101340.253055,3.868882,1.003377
0.336735,0.309234,1610,101340.110990,3.900125,0.998788
0.336735,0.318762,1611,101339.968631,3.931253,0.993885
0.336735,0.328290,1612,101339.826034,3.962265,0.988669
0.336735,0.337817,1613,101339.683273,3.993139,0.983135
0.336735,0.347345,1614,101339.540409,4.023872,0.977284
0.336735,0.356873,1615,101339.397517,4.054444,0.971111
0.336735,0.366401,1616,101339.254662,4.084851,0.964620
0.336735,0.375929,1617,101339.111921,4.115073,0.957805
0.336735,0.385457,1618,101338.969362,4.145106,0.950670
0.336735,0.394984,1619,101338.827063,4.174929,0.943212
0.336735,0.404512,1620,101338.685095,4.204539,0.935433
0.336735,0.414040,1621,101338.543540,4.233914,0.927333
0.336735,0.423568,1622,101338.402467,4.263052,0.918914
0.336735,0.433096,1623,101338.261960,4.291931,0.910176
0.336735,0.442623,1624,101338.122091,4.320547,0.901122
0.336735,0.452151,1625,101337.982944,4.348881,0.891753
0.336735,0.461679,1626,101337.844591,4.376928,0.882073
0.336735,0.471207,1627,101337.707117,4.404669,0.872083
0.336735,0.480735,1628,101337.570593,4.432100,0.861787
0.336735,0.490262,1629,101337.435104,4.459201,0.851189
0.336735,0.499790,1630,101337.300723,4.485968,0.840292
0.336735,0.509318,1631,101337.167531,4.512384,0.829100
0.336735,0.518846,1632,101337.035601,4.538445,0.817618
0.336735,0.528374,1633,101336.905015,4.564131,0.805850
0.336735,0.537901,1634,101336.775841,4.589441,0.793802
0.336735,0.547429,1635,101336.648160,4.614357,0.781477
0.336735,0.556957,1636,101336.522041,4.638877,0.768883
0.336735,0.566485,1637,101336.397561,4.662982,0.756023
0.336735,0.576013,1638,101336.274785,4.686672,0.742905
0.336735,0.585540,1639,101336.153789,4.709930,0.729534
0.336735,0.595068,1640,101336.034636,4.732754,0.715916
0.336735,0.604596,1641,101335.917398,4.755130,0.702058
0.336735,0.614124,1642,101335.802135,4.777056,0.687966
0.336735,0.623652,1643,101335.688916,4.798517,0.673646
0.336735,0.633179,1644,101335.577797,4.819514,0.659107
0.336735,0.642707,1645,101335.468844,4.840032,0.644352
0.336735,0.652235,1646,101335.362111,4.860071,0.629391
0.336735,0.661763,1647,101335.257658,4.879618,0.614229
0.336735,0.671291,1648,101335.155535,4.898675,0.598874
0.336735,0.680818,1649,101335.055800,4.917229,0.583332
0.336735,0.690346,1650,101334.958498,4.935281,0.567610
0.336735,0.699874,1651,101334.863684,4.952819,0.551716
0.336735,0.709402,1652,101334.771399,4.969847,0.535655
0.336735,0.718930,1653,101334.681693,4.986352,0.519435
0.336735,0.728458,1654,101334.594604,5.002337,0.503063
0.336735,0.737985,1655,101334.510178,5.017792,0.486544
0.336735,0.747513,1656,101334.428449,5.032721,0.469886
0.336735,0.757041,1657,101334.349459,5.047112,0.453095
0.336735,0.766569,1658,101334.273238,5.060971,0.436178
0.336735,0.776097,1659,101334.199825,5.074288,0.419140
0.336735,0.785624,1660,101334.129246,5.087066,0.401988
0.336735,0.795152,1661,101334.061536,5.099298,0.384728
0.336735,0.804680,1662,101333.996718,5.110988,0.367366
0.336735,0.814208,1663,101333.934823,5.122127,0.349908
0.336735,0.823736,1664,101333.875871,5.132721,0.332358
0.336735,0.833263,1665,101333.819890,5.142761,0.314724
0.336735,0.842791,1666,101333.766896,5.152253,0.297010
0.336735,0.852319,1667,101333.716915,5.161189,0.279222
0.336735,0.861847,1668,101333.669959,5.169575,0.261364
0.336735,0.871375,1669,101333.626051,5.177404,0.243443
0.336735,0.880902,1670,101333.585201,5.184680,0.225461
0.336735,0.890430,1671,101333.547429,5.191398,0.207427
0.336735,0.899958,1672,101333.512742,5.197563,0.189341
0.336735,0.909486,1673,101333.481158,5.203168,0.171213
0.336735,0.919014,1674,101333.452678,5.208219,0.153039
0.336735,0.928541,1675,101333.427324,5.212710,0.134838
0.336735,0.938069,1676,101333.405090,5.216647,0.116592
0.336735,0.947597,1677,101333.385998,5.220022,0.098337
0.336735,0.957125,1678,101333.370038,5.222844,0.080037
0.336735,0.966653,1679,101333.357225,5.225072,0.061741
0.336735,0.976180,1680,101333.347553,5.226645,0.043409
0.336735,0.985708,1681,101333.341023,5.202783,0.024911
0.336735,0.995236,1682,101333.337843,5.153479,0.007836
0.357143,0.068556,1683,101343.447416,3.040994,0.868279
0.357143,0.078012,1684,101343.244764,3.089478,1.216077
0.357143,0.087468,1685,101343.183009,3.171265,1.021976
0.357143,0.096925,1686,101343.019261,3.186339,1.146029
0.357143,0.106381,1687,101342.919322,3.228410,1.078349
0.357143,0.115837,1688,101342.778631,3.254184,1.115985
0.357143,0.125293,1689,101342.659003,3.288844,1.098504
0.357143,0.134750,1690,101342.526454,3.319206,1.107601
0.357143,0.144206,1691,101342.398435,3.351650,1.104186
0.357143,0.153662,1692,101342.266683,3.383305,1.105783
0.357143,0.163119,1693,101342.134896,3.415351,1.105022
0.357143,0.172575,1694,101342.001599,3.447328,1.104791
0.357143,0.182031,1695,101341.867405,3.479383,1.104019
0.357143,0.191487,1696,101341.732143,3.511464,1.103068
0.357143,0.200944,1697,101341.595923,3.543569,1.101811
0.357143,0.210400,1698,101341.458761,3.575696,1.100281
0.357143,0.219856,1699,101341.320712,3.607824,1.098460
0.357143,0.229313,1700,101341.181812,3.639957,1.096348
0.357143,0.238769,1701,101341.042116,3.672073,1.093936
0.357143,0.248225,1702,101340.901667,3.704174,1.091222
0.357143,0.257681,1703,101340.760522,3.736238,1.088198
0.357143,0.267138,1704,101340.618729,3.768266,1.084863
0.357143,0.276594,1705,101340.476350,3.800237,1.081210
0.357143,0.286050,1706,101340.333435,3.832150,1.077237
0.357143,0.295507,1707,101340.190051,3.863983,1.072938
0.357143,0.304963,1708,101340.046252,3.895736,1.068313
0.357143,0.314419,1709,101339.902109,3.927387,1.063356
0.357143,0.323875,1710,101339.757680,3.958934,1.058066
0.357143,0.333332,1711,101339.613038,3.990354,1.052438
0.357143,0.342788,1712,101339.468246,4.021646,1.046473
0.357143,0.352244,1713,101339.323379,4.052788,1.040167
0.357143,0.361701,1714,101339.178503,4.083776,1.033520
0.357143,0.371157,1715,101339.033698,4.114590,1.026529
0.357143,0.380613,1716,101338.889031,4.145224,1.019197
0.357143,0.390069,1717,101338.744584,4.175658,1.011520
0.357143,0.399526,1718,101338.600426,4.205887,1.003500
0.357143,0.408982,1719,101338.456642,4.235891,0.995136
0.357143,0.418438,1720,101338.313304,4.265664,0.986432
0.357143,0.427895,1721,101338.170496,4.295186,0.977385
0.357143,0.437351,1722,101338.028291,4.324452,0.968001
0.357143,0.446807,1723,101337.886776,4.353442,0.958278
0.357143,0.456263,1724,101337.746024,4.382150,0.948222
0.357143,0.465720,1725,101337.606122,4.410557,0.937833
0.357143,0.475176,1726,101337.467143,4.438658,0.927117
0.357143,0.484632,1727,101337.329173,4.466433,0.916075
0.357143,0.494089,1728,101337.192287,4.493878,0.904712
0.357143,0.503545,1729,101337.056568,4.520974,0.893032
0.357143,0.513001,1730,101336.922090,4.547716,0.881040
0.357143,0.522457,1731,101336.788936,4.574086,0.868740
0.357143,0.531914,1732,101336.657178,4.600081,0.856139
0.357143,0.541370,1733,101336.526898,4.625682,0.843240
0.357143,0.550826,1734,101336.398164,4.650886,0.830051
0.357143,0.560283,1735,101336.271056,4.675675,0.816577
0.357143,0.569739,1736,101336.145641,4.700048,0.802824
0.357143,0.579195,1737,101336.021995,4.723988,0.788799
0.357143,0.588652,1738,101335.900183,4.747492,0.774508
0.357143,0.598108,1739,101335.780277,4.770545,0.759958
0.357143,0.607564,1740,101335.662339,4.793146,0.745157
0.357143,0.617020,1741,101335.546438,4.815280,0.730110
0.357143,0.626477,1742,101335.432632,4.836945,0.714826
0.357143,0.635933,1743,101335.320986,4.858128,0.699311
0.357143,0.645389,1744,101335.211555,4.878830,0.683574
0.357143,0.654846,1745,101335.104400,4.899035,0.667621
0.357143,0.664302,1746,101334.999571,4.918746,0.651460
0.357143,0.673758,1747,101334.897125,4.937949,0.635098
0.357143,0.683214,1748,101334.797109,4.956646,0.618544
0.357143,0.692671,1749,101334.699577,4.974826,0.601803
0.357143,0.702127,1750,101334.604569,4.992490,0.584884
0.357143,0.711583,1751,101334.512136,5.009626,0.567794
0.357143,0.721040,1752,101334.422315,5.026239,0.550540
0.357143,0.730496,1753,101334.335151,5.042318,0.533130
0.357143,0.739952,1754,101334.250678,5.057865,0.515570
0.357143,0.749408,1755,101334.168939,5.072871,0.497868
0.357143,0.758865,1756,101334.089960,5.087340,0.480030
0.357143,0.768321,1757,101334.013782,5.101263,0.462063
0.357143,0.777777,1758,101333.940430,5.114644,0.443974
0.357143,0.787234,1759,101333.869937,5.127475,0.425769
0.357143,0.796690,1760,101333.802325,5.139759,0.407456
0.357143,0.806146,1761,101333.737626,5.151490,0.389038
0.357143,0.815602,1762,101333.675858,5.162672,0.370524
0.357143,0.825059,1763,101333.617048,5.173297,0.351918
0.357143,0.834515,1764,101333.561212,5.183371,0.333227
0.357143,0.843971,1765,101333.508374,5.192886,0.314456
0.357143,0.853428,1766,101333.458547,5.201849,0.295611
0.357143,0.862884,1767,101333.411751,5.210252,0.276696
0.357143,0.872340,1768,101333.367997,5.218101,0.257718
0.357143,0.881796,1769,101333.327302,5.225389,0.238681
0.357143,0.891253,1770,101333.289676,5.232123,0.219590
0.357143,0.900709,1771,101333.255133,5.238295,0.200449
0.357143,0.910165,1772,101333.223680,5.243912,0.181266
0.357143,0.919622,1773,101333.195327,5.248967,0.162038
0.357143,0.929078,1774,101333.170084,5.253467,0.142783
0.357143,0.938534,1775,101333.147953,5.257406,0.123484
0.357143,0.947990,1776,101333.128946,5.260790,0.104176
0.357143,0.957447,1777,101333.113060,5.263612,0.084822
0.357143,0.966903,1778,101333.100297,5.265842,0.065474
0.357143,0.976359,1779,101333.090670,5.267391,0.046092
0.357143,0.985816,1780,101333.084167,5.242063,0.026523
0.357143,0.995272,1781,101333.081010,5.189835,0.008372
0.377551,0.076015,1782,101343.278435,3.059475,0.926092
0.377551,0.085395,1783,101343.072309,3.105812,1.290818
0.377551,0.094776,1784,101343.010191,3.193194,1.086239
0.377551,0.104156,1785,101342.842737,3.205710,1.219090
0.377551,0.113537,1786,101342.742181,3.250128,1.145230
0.377551,0.122918,1787,101342.598181,3.274920,1.187025
0.377551,0.132298,1788,101342.477272,3.310680,1.166968
0.377551,0.141679,1789,101342.341999,3.340954,1.177527
0.377551,0.151059,1790,101342.212124,3.373962,1.173293
0.377551,0.160440,1791,101342.077994,3.405867,1.175225
0.377551,0.169820,1792,101341.944068,3.438324,1.174225
0.377551,0.179201,1793,101341.808498,3.470649,1.173982
0.377551,0.188581,1794,101341.672063,3.503095,1.173083
0.377551,0.197962,1795,101341.534532,3.535554,1.172021
0.377551,0.207343,1796,101341.396033,3.568059,1.170626
0.377551,0.216723,1797,101341.256585,3.600579,1.168940
0.377551,0.226104,1798,101341.116237,3.633120,1.166945
0.377551,0.235484,1799,101340.975039,3.665659,1.164637
0.377551,0.244865,1800,101340.833034,3.698198,1.162012
0.377551,0.254245,1801,101340.690281,3.730716,1.159061
0.377551,0.263626,1802,101340.546827,3.763212,1.155783
0.377551,0.273007,1803,101340.402733,3.795666,1.152170
0.377551,0.282387,1804,101340.258053,3.828077,1.148221
0.377551,0.291768,1805,101340.112851,3.860422,1.143927
0.377551,0.301148,1806,101339.967184,3.892701,1.139288
0.377551,0.310529,1807,101339.821122,3.924891,1.134298
0.377551,0.319909,1808,101339.674725,3.956990,1.128956
0.377551,0.329290,1809,101339.528067,3.988976,1.123257
0.377551,0.338670,1810,101339.381211,4.020846,1.117200
0.377551,0.348051,1811,101339.234234,4.052577,1.110780
0.377551,0.357432,1812,101339.087203,4.084166,1.103999
0.377551,0.366812,1813,101338.940199,4.115591,1.096853
0.377551,0.376193,1814,101338.793291,4.146848,1.089342
0.377551,0.385573,1815,101338.646562,4.177913,1.081465
0.377551,0.394954,1816,101338.500084,4.208784,1.073223
0.377551,0.404334,1817,101338.353942,4.239437,1.064613
0.377551,0.413715,1818,101338.208210,4.269869,1.055640
0.377551,0.423095,1819,101338.062975,4.300056,1.046302
0.377551,0.432476,1820,101337.918311,4.329995,1.036603
0.377551,0.441857,1821,101337.774307,4.359662,1.026542
0.377551,0.451237,1822,101337.631038,4.389055,1.016124
0.377551,0.460618,1823,101337.488593,4.418151,1.005350
0.377551,0.469998,1824,101337.347046,4.446945,0.994225
0.377551,0.479379,1825,101337.206488,4.475417,0.982751
0.377551,0.488759,1826,101337.066992,4.503562,0.970934
0.377551,0.498140,1827,101336.928646,4.531359,0.958776
0.377551,0.507521,1828,101336.791524,4.558806,0.946284
0.377551,0.516901,1829,101336.655713,4.585881,0.933462
0.377551,0.526282,1830,101336.521284,4.612581,0.920316
0.377551,0.535662,1831,101336.388323,4.638886,0.906851
0.377551,0.545043,1832,101336.256898,4.664795,0.893074
0.377551,0.554423,1833,101336.127093,4.690288,0.878990
0.377551,0.563804,1834,101335.998974,4.715363,0.864609
0.377551,0.573184,1835,101335.872620,4.740002,0.849933
0.377551,0.582565,1836,101335.748095,4.764204,0.834974
0.377551,0.591946,1837,101335.625476,4.787951,0.819736
0.377551,0.601326,1838,101335.504822,4.811243,0.804228
0.377551,0.610707,1839,101335.386206,4.834063,0.788457
0.377551,0.620087,1840,101335.269685,4.856412,0.772432
0.377551,0.629468,1841,101335.155325,4.878273,0.756159
0.377551,0.638848,1842,101335.043181,4.899648,0.739648
0.377551,0.648229,1843,101334.933316,4.920522,0.722905
0.377551,0.657610,1844,101334.825778,4.940897,0.705940
0.377551,0.666990,1845,101334.720626,4.960759,0.688759
0.377551,0.676371,1846,101334.617906,4.980110,0.671372
0.377551,0.685751,1847,101334.517672,4.998938,0.653786
0.377551,0.695132,1848,101334.419963,5.017245,0.636010
0.377551,0.704512,1849,101334.324831,5.035019,0.618050
0.377551,0.713893,1850,101334.232311,5.052264,0.599917
0.377551,0.723273,1851,101334.142449,5.068969,0.581615
0.377551,0.732654,1852,101334.055276,5.085138,0.563155
0.377551,0.742035,1853,101333.970836,5.100761,0.544543
0.377551,0.751415,1854,101333.889154,5.115842,0.525786
0.377551,0.760796,1855,101333.810269,5.130371,0.506892
0.377551,0.770176,1856,101333.734205,5.144354,0.487869
0.377551,0.779557,1857,101333.660994,5.157782,0.468722
0.377551,0.788937,1858,101333.590658,5.170660,0.449459
0.377551,0.798318,1859,101333.523226,5.182980,0.430086
0.377551,0.807698,1860,101333.458716,5.194747,0.410611
0.377551,0.817079,1861,101333.397154,5.205954,0.391038
0.377551,0.826460,1862,101333.338554,5.216606,0.371375
0.377551,0.835840,1863,101333.282939,5.226697,0.351626
0.377551,0.845221,1864,101333.230320,5.236233,0.331799
0.377551,0.854601,1865,101333.180719,5.245205,0.311898
0.377551,0.863982,1866,101333.134141,5.253622,0.291930
0.377551,0.873362,1867,101333.090607,5.261476,0.271898
0.377551,0.882743,1868,101333.050121,5.268774,0.251808
0.377551,0.892124,1869,101333.012700,5.275509,0.231667
0.377551,0.901504,1870,101332.978347,5.281688,0.211475
0.377551,0.910885,1871,101332.947079,5.287303,0.191243
0.377551,0.920265,1872,101332.918891,5.292363,0.170967
0.377551,0.929646,1873,101332.893803,5.296860,0.150665
0.377551,0.939026,1874,101332.871802,5.300802,0.130319
0.377551,0.948407,1875,101332.852910,5.304181,0.109966
0.377551,0.957787,1876,101332.837118,5.307006,0.089569
0.377551,0.967168,1877,101332.824438,5.309227,0.069177
0.377551,0.976549,1878,101332.814870,5.310752,0.048753
0.377551,0.985929,1879,101332.808409,5.283948,0.028122
0.377551,0.995310,1880,101332.805276,5.228799,0.008904
0.397959,0.083888,1881,101343.094896,3.079750,0.984942
0.397959,0.093189,1882,101342.885006,3.123707,1.366892
0.397959,0.102489,1883,101342.822340,3.216908,1.151822
0.397959,0.111790,1884,101342.651005,3.226732,1.293532
0.397959,0.121091,1885,101342.549608,3.273667,1.213403
0.397959,0.130391,1886,101342.402106,3.297394,1.259474
0.397959,0.139692,1887,101342.279729,3.334367,1.236712
0.397959,0.148993,1888,101342.141503,3.364530,1.248842
0.397959,0.158293,1889,101342.009598,3.398163,1.243700
0.397959,0.167594,1890,101341.872863,3.430337,1.246021
0.397959,0.176894,1891,101341.736613,3.463238,1.244740
0.397959,0.186195,1892,101341.598553,3.495950,1.244501
0.397959,0.195496,1893,101341.459684,3.528810,1.243455
0.397959,0.204796,1894,101341.319671,3.561691,1.242283
0.397959,0.214097,1895,101341.178697,3.594617,1.240734
0.397959,0.223398,1896,101341.036755,3.627577,1.238886
0.397959,0.232698,1897,101340.893912,3.660551,1.236703
0.397959,0.241999,1898,101340.750207,3.693542,1.234190
0.397959,0.251299,1899,101340.605701,3.726527,1.231336
0.397959,0.260600,1900,101340.460439,3.759507,1.228138
0.397959,0.269901,1901,101340.314484,3.792459,1.224588
0.397959,0.279201,1902,101340.167889,3.825384,1.220684
0.397959,0.288502,1903,101340.020721,3.858258,1.216418
0.397959,0.297803,1904,101339.873036,3.891081,1.211788
0.397959,0.307103,1905,101339.724905,3.923828,1.206787
0.397959,0.316404,1906,101339.576388,3.956499,1.201415
0.397959,0.325704,1907,101339.427562,3.989069,1.195665
0.397959,0.335005,1908,101339.278491,4.021537,1.189536
0.397959,0.344306,1909,101339.129253,4.053878,1.183024
0.397959,0.353606,1910,101338.979916,4.086091,1.176128
0.397959,0.362907,1911,101338.830563,4.118149,1.168845
0.397959,0.372208,1912,101338.681265,4.150051,1.161175
0.397959,0.381508,1913,101338.532106,4.181771,1.153115
0.397959,0.390809,1914,101338.383160,4.213307,1.144668
0.397959,0.400109,1915,101338.234515,4.244633,1.135829
0.397959,0.409410,1916,101338.086246,4.275747,1.126603
0.397959,0.418711,1917,101337.938442,4.306624,1.116988
0.397959,0.428011,1918,101337.791180,4.337260,1.106988
0.397959,0.437312,1919,101337.644551,4.367630,1.096602
0.397959,0.446613,1920,101337.498632,4.397732,1.085836
0.397959,0.455913,1921,101337.353514,4.427540,1.074688
0.397959,0.465214,1922,101337.209275,4.457053,1.063166
0.397959,0.474515,1923,101337.066005,4.486245,1.051270
0.397959,0.483815,1924,101336.923783,4.515115,1.039008
0.397959,0.493116,1925,101336.782697,4.543638,1.026380
0.397959,0.502416,1926,101336.642823,4.571811,1.013396
0.397959,0.511717,1927,101336.504251,4.599614,1.000057
0.397959,0.521018,1928,101336.367055,4.627042,0.986372
0.397959,0.530318,1929,101336.231321,4.654075,0.972345
0.397959,0.539619,1930,101336.097120,4.680710,0.957985
0.397959,0.548920,1931,101335.964537,4.706926,0.943296
0.397959,0.558220,1932,101335.833641,4.732723,0.928288
0.397959,0.567521,1933,101335.704512,4.758081,0.912965
0.397959,0.576821,1934,101335.577216,4.782998,0.897338
0.397959,0.586122,1935,101335.451830,4.807456,0.881413
0.397959,0.595423,1936,101335.328415,4.831455,0.865200
0.397959,0.604723,1937,101335.207044,4.854977,0.848704
0.397959,0.614024,1938,101335.087776,4.878023,0.831937
0.397959,0.623325,1939,101334.970678,4.900576,0.814905
0.397959,0.632625,1940,101334.855804,4.922638,0.797618
0.397959,0.641926,1941,101334.743219,4.944192,0.780084
0.397959,0.651226,1942,101334.632969,4.965241,0.762312
0.397959,0.660527,1943,101334.525116,4.985771,0.744311
0.397959,0.669828,1944,101334.419704,5.005784,0.726090
0.397959,0.679128,1945,101334.316786,5.025266,0.707656
0.397959,0.688429,1946,101334.216402,5.044222,0.689021
0.397959,0.697730,1947,101334.118603,5.062638,0.670191
0.397959,0.707030,1948,101334.023422,5.080520,0.651175
0.397959,0.716331,1949,101333.930905,5.097854,0.631981
0.397959,0.725631,1950,101333.841084,5.114647,0.612619
0.397959,0.734932,1951,101333.753998,5.130886,0.593096
0.397959,0.744233,1952,101333.669674,5.146579,0.573420
0.397959,0.753533,1953,101333.588148,5.161713,0.553599
0.397959,0.762834,1954,101333.509444,5.176297,0.533641
0.397959,0.772135,1955,101333.433592,5.190318,0.513553
0.397959,0.781435,1956,101333.360610,5.203787,0.493343
0.397959,0.790736,1957,101333.290529,5.216692,0.473016
0.397959,0.800036,1958,101333.223363,5.229040,0.452581
0.397959,0.809337,1959,101333.159138,5.240824,0.432045
0.397959,0.818638,1960,101333.097865,5.252050,0.411413
0.397959,0.827938,1961,101333.039567,5.262710,0.390691
0.397959,0.837239,1962,101332.984252,5.272812,0.369887
0.397959,0.846540,1963,101332.931941,5.282348,0.349005
0.397959,0.855840,1964,101332.882639,5.291325,0.328052
0.397959,0.865141,1965,101332.836363,5.299738,0.307032
0.397959,0.874442,1966,101332.793113,5.307593,0.285951
0.397959,0.883742,1967,101332.752907,5.314883,0.264815
0.397959,0.893043,1968,101332.715749,5.321616,0.243629
0.397959,0.902343,1969,101332.681650,5.327784,0.222394
0.397959,0.911644,1970,101332.650613,5.333396,0.201122
0.397959,0.920945,1971,101332.622644,5.338445,0.179806
0.397959,0.930245,1972,101332.597748,5.342939,0.158467
0.397959,0.939546,1973,101332.575926,5.346871,0.137085
0.397959,0.948847,1974,101332.557184,5.350247,0.115697
0.397959,0.958147,1975,101332.541524,5.353063,0.094267
0.397959,0.967448,1976,101332.528946,5.355278,0.072842
0.397959,0.976748,1977,101332.519462,5.356761,0.051387
0.397959,0.986049,1978,101332.513051,5.328483,0.029705
0.397959,0.995350,1979,101332.509954,5.270405,0.009430
0.418367,0.092176,1980,101342.895796,3.101921,1.044913
0.418367,0.101392,1981,101342.681835,3.143232,1.444448
0.418367,0.110609,1982,101342.618420,3.242515,1.218839
0.418367,0.119825,1983,101342.443013,3.249487,1.369479
0.418367,0.129042,1984,101342.340529,3.299139,1.282998
0.418367,0.138258,1985,101342.189324,3.321693,1.333445
0.418367,0.147475,1986,101342.065259,3.360024,1.307866
0.418367,0.156691,1987,101341.923850,3.390026,1.321661
0.418367,0.165908,1988,101341.789709,3.424377,1.315530
0.418367,0.175124,1989,101341.650135,3.456815,1.318285
0.418367,0.184341,1990,101341.511347,3.490223,1.316688
0.418367,0.193557,1991,101341.370573,3.523336,1.316458
0.418367,0.202774,1992,101341.229045,3.556662,1.315253
0.418367,0.211990,1993,101341.086334,3.589988,1.313960
0.418367,0.221207,1994,101340.942657,3.623385,1.312251
0.418367,0.230423,1995,101340.798005,3.656807,1.310225
0.418367,0.239640,1996,101340.652442,3.690265,1.307845
0.418367,0.248856,1997,101340.506019,3.723732,1.305110
0.418367,0.258073,1998,101340.358785,3.757212,1.302015
0.418367,0.267289,1999,101340.210805,3.790680,1.298550
0.418367,0.276506,2000,101340.062130,3.824137,1.294715
0.418367,0.285722,2001,101339.912829,3.857558,1.290497
0.418367,0.294939,2002,101339.762957,3.890944,1.285898
0.418367,0.304155,2003,101339.612589,3.924268,1.280908
0.418367,0.313372,2004,101339.461785,3.957532,1.275527
0.418367,0.322588,2005,101339.310622,3.990709,1.269746
0.418367,0.331805,2006,101339.159166,4.023797,1.263566
0.418367,0.341021,2007,101339.007498,4.056772,1.256980
0.418367,0.350238,2008,101338.855687,4.089630,1.249989
0.418367,0.359454,2009,101338.703817,4.122346,1.242587
0.418367,0.368671,2010,101338.551961,4.154917,1.234775
0.418367,0.377887,2011,101338.400206,4.187318,1.226549
0.418367,0.387104,2012,101338.248628,4.219544,1.217912
0.418367,0.396320,2013,101338.097317,4.251570,1.208859
0.418367,0.405537,2014,101337.946349,4.283392,1.199395
0.418367,0.414753,2015,101337.795819,4.314985,1.189517
0.418367,0.423969,2016,101337.645803,4.346344,1.179229
0.418367,0.433186,2017,101337.496396,4.377444,1.168529
0.418367,0.442402,2018,101337.347677,4.408281,1.157424
0.418367,0.451619,2019,101337.199741,4.438830,1.145913
0.418367,0.460835,2020,101337.052667,4.469087,1.134002
0.418367,0.470052,2021,101336.906550,4.499026,1.121692
0.418367,0.479268,2022,101336.761468,4.528646,1.108991
0.418367,0.488485,2023,101336.617514,4.557920,1.095900
0.418367,0.497701,2024,101336.474768,4.586847,1.082427
0.418367,0.506918,2025,101336.333319,4.615401,1.068576
0.418367,0.516134,2026,101336.193245,4.643582,1.054355
0.418367,0.525351,2027,101336.054635,4.671365,1.039769
0.418367,0.534567,2028,101335.917561,4.698749,1.024826
0.418367,0.543784,2029,101335.782111,4.725711,1.009532
0.418367,0.553000,2030,101335.648356,4.752251,0.993897
0.418367,0.562217,2031,101335.516377,4.778348,0.977926
0.418367,0.571433,2032,101335.386241,4.803999,0.961630
0.418367,0.580650,2033,101335.258028,4.829187,0.945015
0.418367,0.589866,2034,101335.131800,4.853910,0.928092
0.418367,0.599083,2035,101335.007632,4.878151,0.910869
0.418367,0.608299,2036,101334.885581,4.901909,0.893355
0.418367,0.617516,2037,101334.765718,4.925167,0.875559
0.418367,0.626732,2038,101334.648096,4.947927,0.857492
0.418367,0.635949,2039,101334.532779,4.970173,0.839162
0.418367,0.645165,2040,101334.419815,4.991907,0.820579
0.418367,0.654382,2041,101334.309266,5.013113,0.801752
0.418367,0.663598,2042,101334.201174,5.033795,0.782691
0.418367,0.672815,2043,101334.095594,5.053939,0.763406
0.418367,0.682031,2044,101333.992565,5.073548,0.743905
0.418367,0.691248,2045,101333.892135,5.092610,0.724199
0.418367,0.700464,2046,101333.794338,5.111129,0.704297
0.418367,0.709681,2047,101333.699217,5.129095,0.684207
0.418367,0.718897,2048,101333.606805,5.146512,0.663939
0.418367,0.728114,2049,101333.517139,5.163369,0.643500
0.418367,0.737330,2050,101333.430244,5.179671,0.622902
0.418367,0.746547,2051,101333.346156,5.195409,0.602150
0.418367,0.755763,2052,101333.264894,5.210589,0.581255
0.418367,0.764980,2053,101333.186491,5.225202,0.560223
0.418367,0.774196,2054,101333.110963,5.239255,0.539064
0.418367,0.783413,2055,101333.038329,5.252741,0.517781
0.418367,0.792629,2056,101332.968603,5.265663,0.496389
0.418367,0.801846,2057,101332.901815,5.278015,0.474890
0.418367,0.811062,2058,101332.837973,5.289805,0.453291
0.418367,0.820278,2059,101332.777098,5.301025,0.431600
0.418367,0.829495,2060,101332.719196,5.311684,0.409822
0.418367,0.838711,2061,101332.664285,5.321773,0.387964
0.418367,0.847928,2062,101332.612368,5.331302,0.366032
0.418367,0.857144,2063,101332.563461,5.340263,0.344032
0.418367,0.866361,2064,101332.517565,5.348664,0.321968
0.418367,0.875577,2065,101332.474692,5.356499,0.299846
0.418367,0.884794,2066,101332.434842,5.363775,0.277672
0.418367,0.894010,2067,101332.398030,5.370486,0.255450
0.418367,0.903227,2068,101332.364250,5.376641,0.233182
0.418367,0.912443,2069,101332.333516,5.382232,0.210879
0.418367,0.921660,2070,101332.305820,5.387268,0.188536
0.418367,0.930876,2071,101332.281178,5.391742,0.166171
0.418367,0.940093,2072,101332.259577,5.395664,0.143765
0.418367,0.949309,2073,101332.241034,5.399024,0.121355
0.418367,0.958526,2074,101332.225537,5.401831,0.098905
0.418367,0.967742,2075,101332.213095,5.404029,0.076459
0.418367,0.976959,2076,101332.203710,5.405467,0.053987
0.418367,0.986175,2077,101332.197369,5.375701,0.031266
0.418367,0.995392,2078,101332.194311,5.314697,0.009950
0.438776,0.100878,2079,101342.680011,3.126085,1.106096
0.438776,0.110006,2080,101342.461623,3.164497,1.523658
0.438776,0.119134,2081,101342.397270,3.270109,1.287401
0.438776,0.128263,2082,101342.217554,3.274097,1.447083
0.438776,0.137391,2083,101342.113739,3.326640,1.354140
0.438776,0.146519,2084,101341.958593,3.347947,1.409078
0.438776,0.155647,2085,101341.832614,3.387755,1.380558
0.438776,0.164775,2086,101341.687759,3.417578,1.396119
0.438776,0.173903,2087,101341.551167,3.452715,1.388909
0.438776,0.183031,2088,101341.408487,3.485442,1.392153
0.438776,0.192160,2089,101341.266939,3.519397,1.390190
0.438776,0.201288,2090,101341.123192,3.552956,1.389986
0.438776,0.210416,2091,101340.978775,3.586778,1.388595
0.438776,0.219544,2092,101340.833113,3.620599,1.387181
0.438776,0.228672,2093,101340.686500,3.654494,1.385292
0.438776,0.237800,2094,101340.538890,3.688432,1.383081
0.438776,0.246928,2095,101340.390372,3.722401,1.380483
0.438776,0.256057,2096,101340.240984,3.756399,1.377515
0.438776,0.265185,2097,101340.090795,3.790401,1.374157
0.438776,0.274313,2098,101339.939855,3.824410,1.370411
0.438776,0.283441,2099,101339.788234,3.858399,1.366265
0.438776,0.292569,2100,101339.635989,3.892369,1.361717
0.438776,0.301697,2101,101339.483196,3.926294,1.356758
0.438776,0.310825,2102,101339.329915,3.960173,1.351388
0.438776,0.319953,2103,101339.176227,3.993980,1.345596
0.438776,0.329082,2104,101339.022197,4.027714,1.339384
0.438776,0.338210,2105,101338.867910,4.061347,1.332743
0.438776,0.347338,2106,101338.713435,4.094877,1.325674
0.438776,0.356466,2107,101338.558859,4.128278,1.318170
0.438776,0.365594,2108,101338.404258,4.161546,1.310232
0.438776,0.374722,2109,101338.249721,4.194654,1.301856
0.438776,0.383850,2110,101338.095326,4.227598,1.293044
0.438776,0.392979,2111,101337.941165,4.260352,1.283791
0.438776,0.402107,2112,101337.787319,4.292912,1.274101
0.438776,0.411235,2113,101337.633883,4.325249,1.263970
0.438776,0.420363,2114,101337.480939,4.357361,1.253404
0.438776,0.429491,2115,101337.328582,4.389220,1.242401
0.438776,0.438619,2116,101337.176896,4.420821,1.230966
0.438776,0.447747,2117,101337.025978,4.452139,1.219098
0.438776,0.456876,2118,101336.875910,4.483169,1.206804
0.438776,0.466004,2119,101336.726790,4.513885,1.194086
0.438776,0.475132,2120,101336.578700,4.544283,1.180950
0.438776,0.484260,2121,101336.431736,4.574336,1.167398
0.438776,0.493388,2122,101336.285979,4.604043,1.153439
0.438776,0.502516,2123,101336.141524,4.633377,1.139077
0.438776,0.511644,2124,101335.998448,4.662335,1.124320
0.438776,0.520773,2125,101335.856845,4.690894,1.109172
0.438776,0.529901,2126,101335.716791,4.719052,1.093645
0.438776,0.539029,2127,101335.578373,4.746784,1.077743
0.438776,0.548157,2128,101335.441665,4.774090,1.061476
0.438776,0.557285,2129,101335.306752,4.800946,1.044852
0.438776,0.566413,2130,101335.173702,4.827353,1.027881
0.438776,0.575541,2131,101335.042595,4.853289,1.010570
0.438776,0.584670,2132,101334.913497,4.878755,0.992932
0.438776,0.593798,2133,101334.786481,4.903730,0.974973
0.438776,0.602926,2134,101334.661609,4.928216,0.956705
0.438776,0.612054,2135,101334.538950,4.952194,0.938137
0.438776,0.621182,2136,101334.418559,4.975665,0.919281
0.438776,0.630310,2137,101334.300500,4.998612,0.900146
0.438776,0.639438,2138,101334.184820,5.021039,0.880743
0.438776,0.648567,2139,101334.071581,5.042931,0.861081
0.438776,0.657695,2140,101333.960827,5.064291,0.841171
0.438776,0.666823,2141,101333.852612,5.085103,0.821023
0.438776,0.675951,2142,101333.746973,5.105371,0.800649
0.438776,0.685079,2143,101333.643960,5.125083,0.780056
0.438776,0.694207,2144,101333.543606,5.144244,0.759259
0.438776,0.703335,2145,101333.445952,5.162843,0.738262
0.438776,0.712464,2146,101333.351013,5.180887,0.717078
0.438776,0.721592,2147,101333.258833,5.198357,0.695719
0.438776,0.730720,2148,101333.169441,5.215266,0.674192
0.438776,0.739848,2149,101333.082871,5.231601,0.652504
0.438776,0.748976,2150,101332.999140,5.247372,0.630667
0.438776,0.758104,2151,101332.918277,5.262567,0.608689
0.438776,0.767232,2152,101332.840294,5.277196,0.586577
0.438776,0.776361,2153,101332.765219,5.291249,0.564341
0.438776,0.785489,2154,101332.693057,5.304737,0.541986
0.438776,0.794617,2155,101332.623829,5.317646,0.519525
0.438776,0.803745,2156,101332.557546,5.329989,0.496959
0.438776,0.812873,2157,101332.494225,5.341757,0.474299
0.438776,0.822001,2158,101332.433870,5.352959,0.451551
0.438776,0.831129,2159,101332.376494,5.363588,0.428720
0.438776,0.840258,2160,101332.322101,5.373654,0.405814
0.438776,0.849386,2161,101332.270701,5.383149,0.382837
0.438776,0.858514,2162,101332.222294,5.392083,0.359797
0.438776,0.867642,2163,101332.176892,5.400448,0.336697
0.438776,0.876770,2164,101332.134489,5.408255,0.313544
0.438776,0.885898,2165,101332.095098,5.415494,0.290341
0.438776,0.895026,2166,101332.058713,5.422178,0.267095
0.438776,0.904155,2167,101332.025342,5.428298,0.243806
0.438776,0.913283,2168,101331.994981,5.433864,0.220486
0.438776,0.922411,2169,101331.967635,5.438869,0.197128
0.438776,0.931539,2170,101331.943303,5.443322,0.173752
0.438776,0.940667,2171,101331.921985,5.447216,0.150338
0.438776,0.949795,2172,101331.903681,5.450560,0.126921
0.438776,0.958923,2173,101331.888393,5.453346,0.103467
0.438776,0.968052,2174,101331.876114,5.455528,0.080017
0.438776,0.977180,2175,101331.866860,5.456901,0.056545
0.438776,0.986308,2176,101331.860600,5.425646,0.032802
0.438776,0.995436,2177,101331.857597,5.361704,0.010461
0.459184,0.109995,2178,101342.446248,3.152375,1.168592
0.459184,0.119030,2179,101342.223057,3.187591,1.604693
0.459184,0.128066,2180,101342.157553,3.299828,1.357641
0.459184,0.137101,2181,101341.973271,3.300670,1.526494
0.459184,0.146137,2182,101341.867853,3.356312,1.426978
0.459184,0.155173,2183,101341.708516,3.376270,1.486512
0.459184,0.164208,2184,101341.580360,3.417709,1.454938
0.459184,0.173244,2185,101341.431787,3.447305,1.472356
0.459184,0.182279,2186,101341.292491,3.483337,1.463983
0.459184,0.191315,2187,101341.146430,3.516346,1.467759
0.459184,0.200351,2188,101341.001861,3.550924,1.465390
0.459184,0.209386,2189,101340.854874,3.584948,1.465217
0.459184,0.218422,2190,101340.707298,3.619328,1.463623
0.459184,0.227457,2191,101340.558426,3.653671,1.462073
0.459184,0.236493,2192,101340.408604,3.688124,1.459992
0.459184,0.245528,2193,101340.257778,3.722608,1.457575
0.459184,0.254564,2194,101340.106036,3.757146,1.454749
0.459184,0.263600,2195,101339.953431,3.791704,1.451522
0.459184,0.272635,2196,101339.800019,3.826287,1.447887
0.459184,0.281671,2197,101339.645870,3.860867,1.443832
0.459184,0.290706,2198,101339.491043,3.895446,1.439357
0.459184,0.299742,2199,101339.335614,3.929996,1.434450
0.459184,0.308778,2200,101339.179646,3.964517,1.429110
0.459184,0.317813,2201,101339.023220,3.998981,1.423326
0.459184,0.326849,2202,101338.866404,4.033387,1.417100
0.459184,0.335884,2203,101338.709285,4.067706,1.410421
0.459184,0.344920,2204,101338.551934,4.101938,1.403290
0.459184,0.353956,2205,101338.394442,4.136052,1.395700
0.459184,0.362991,2206,101338.236885,4.170047,1.387652
0.459184,0.372027,2207,101338.079357,4.203893,1.379139
0.459184,0.381062,2208,101337.921937,4.237587,1.370165
0.459184,0.390098,2209,101337.764722,4.271100,1.360723
0.459184,0.399133,2210,101337.607794,4.304428,1.350817
0.459184,0.408169,2211,101337.451253,4.337542,1.340445
0.459184,0.417205,2212,101337.295182,4.370439,1.329609
0.459184,0.426240,2213,101337.139683,4.403088,1.318309
0.459184,0.435276,2214,101336.984841,4.435487,1.306549
0.459184,0.444311,2215,101336.830756,4.467606,1.294330
0.459184,0.453347,2216,101336.677516,4.499441,1.281657
0.459184,0.462383,2217,101336.525220,4.530964,1.268531
0.459184,0.471418,2218,101336.373954,4.562171,1.254961
0.459184,0.480454,2219,101336.223819,4.593035,1.240949
0.459184,0.489489,2220,101336.074898,4.623551,1.226502
0.459184,0.498525,2221,101335.927289,4.653694,1.211625
0.459184,0.507561,2222,101335.781074,4.683459,1.196328
0.459184,0.516596,2223,101335.636348,4.712822,1.180615
0.459184,0.525632,2224,101335.493190,4.741779,1.164497
0.459184,0.534667,2225,101335.351692,4.770306,1.147979
0.459184,0.543703,2226,101335.211927,4.798402,1.131073
0.459184,0.552738,2227,101335.073986,4.826042,1.113786
0.459184,0.561774,2228,101334.937937,4.853225,1.096130
0.459184,0.570810,2229,101334.803863,4.879930,1.078113
0.459184,0.579845,2230,101334.671831,4.906155,1.059748
0.459184,0.588881,2231,101334.541913,4.931882,1.041042
0.459184,0.597916,2232,101334.414176,4.957114,1.022007
0.459184,0.606952,2233,101334.288692,4.981827,1.002653
0.459184,0.615988,2234,101334.165513,5.006025,0.982994
0.459184,0.625023,2235,101334.044707,5.029689,0.963038
0.459184,0.634059,2236,101333.926327,5.052822,0.942800
0.459184,0.643094,2237,101333.810420,5.075414,0.922286
0.459184,0.652130,2238,101333.697018,5.097462,0.901513
0.459184,0.661165,2239,101333.586183,5.118947,0.880491
0.459184,0.670201,2240,101333.477958,5.139877,0.859230
0.459184,0.679237,2241,101333.372393,5.160240,0.837741
0.459184,0.688272,2242,101333.269516,5.180041,0.816034
0.459184,0.697308,2243,101333.169372,5.199268,0.794122
0.459184,0.706343,2244,101333.071983,5.217929,0.772015
0.459184,0.715379,2245,101332.977382,5.236012,0.749722
0.459184,0.724415,2246,101332.885592,5.253519,0.727256
0.459184,0.733450,2247,101332.796648,5.270443,0.704623
0.459184,0.742486,2248,101332.710564,5.286794,0.681836
0.459184,0.751521,2249,101332.627366,5.302561,0.658902
0.459184,0.760557,2250,101332.547065,5.317753,0.635832
0.459184,0.769593,2251,101332.469681,5.332362,0.612633
0.459184,0.778628,2252,101332.395222,5.346397,0.589316
0.459184,0.787664,2253,101332.323706,5.359852,0.565885
0.459184,0.796699,2254,101332.255133,5.372732,0.542353
0.459184,0.805735,2255,101332.189524,5.385031,0.518722
0.459184,0.814770,2256,101332.126873,5.396761,0.495004
0.459184,0.823806,2257,101332.067196,5.407913,0.471202
0.459184,0.832842,2258,101332.010488,5.418499,0.447324
0.459184,0.841877,2259,101331.956760,5.428510,0.423376
0.459184,0.850913,2260,101331.906007,5.437958,0.399364
0.459184,0.859948,2261,101331.858237,5.446836,0.375293
0.459184,0.868984,2262,101331.813444,5.455154,0.351169
0.459184,0.878020,2263,101331.771636,5.462906,0.326996
0.459184,0.887055,2264,101331.732803,5.470101,0.302779
0.459184,0.896091,2265,101331.696955,5.476732,0.278523
0.459184,0.905126,2266,101331.664079,5.482811,0.254230
0.459184,0.914162,2267,101331.634186,5.488329,0.229909
0.459184,0.923198,2268,101331.607261,5.493299,0.205554
0.459184,0.932233,2269,101331.583317,5.497711,0.181184
0.459184,0.941269,2270,101331.562337,5.501577,0.156780
0.459184,0.950304,2271,101331.544333,5.504888,0.132375
0.459184,0.959340,2272,101331.529293,5.507653,0.107937
0.459184,0.968375,2273,101331.517221,5.509805,0.083503
0.459184,0.977411,2274,101331.508121,5.511105,0.059051
0.459184,0.986447,2275,101331.501968,5.478343,0.034306
0.459184,0.995482,2276,101331.499025,5.411465,0.010962
0.479592,0.119526,2277,101342.193055,3.180917,1.232512
0.479592,0.128464,2278,101341.964625,3.212655,1.687759
0.479592,0.137403,2279,101341.897764,3.331796,1.429692
0.479592,0.146342,2280,101341.708605,3.329360,1.607897
0.479592,0.155281,2281,101341.601308,3.388283,1.501656
0.479592,0.164220,2282,101341.437484,3.406825,1.565919
0.479592,0.173159,2283,101341.306880,3.450025,1.531155
0.479592,0.182097,2284,101341.154276,3.479379,1.550535
0.479592,0.191036,2285,101341.012010,3.516388,1.540900
0.479592,0.199975,2286,101340.862251,3.549708,1.545265
0.479592,0.208914,2287,101340.714390,3.584960,1.542431
0.479592,0.217853,2288,101340.563851,3.619500,1.542308
0.479592,0.226792,2289,101340.412839,3.654477,1.540477
0.479592,0.235730,2290,101340.260451,3.689403,1.538789
0.479592,0.244669,2291,101340.107140,3.724447,1.536489
0.479592,0.253608,2292,101339.952800,3.759541,1.533855
0.479592,0.262547,2293,101339.797555,3.794681,1.530772
0.479592,0.271486,2294,101339.641438,3.829863,1.527271
0.479592,0.280425,2295,101339.484528,3.865061,1.523328
0.479592,0.289363,2296,101339.326884,3.900276,1.518946
0.479592,0.298302,2297,101339.168583,3.935479,1.514109
0.479592,0.307241,2298,101339.009690,3.970670,1.508818
0.479592,0.316180,2299,101338.850289,4.005821,1.503061
0.479592,0.325119,2300,101338.690449,4.040930,1.496838
0.479592,0.334057,2301,101338.530260,4.075967,1.490137
0.479592,0.342996,2302,101338.369795,4.110932,1.482961
0.479592,0.351935,2303,101338.209149,4.145793,1.475299
0.479592,0.360874,2304,101338.048400,4.180548,1.467153
0.479592,0.369813,2305,101337.887645,4.215165,1.458516
0.479592,0.378752,2306,101337.726966,4.249643,1.449390
0.479592,0.387690,2307,101337.566466,4.283950,1.439769
0.479592,0.396629,2308,101337.406228,4.318083,1.429657
0.479592,0.405568,2309,101337.246356,4.352009,1.419049
0.479592,0.414507,2310,101337.086938,4.385726,1.407950
0.479592,0.423446,2311,101336.928079,4.419202,1.396357
0.479592,0.432385,2312,101336.769868,4.452433,1.384276
0.479592,0.441323,2313,101336.612410,4.485388,1.371706
0.479592,0.450262,2314,101336.455795,4.518064,1.358655
0.479592,0.459201,2315,101336.300129,4.550429,1.345121
0.479592,0.468140,2316,101336.145500,4.582480,1.331114
0.479592,0.477079,2317,101335.992012,4.614187,1.316636
0.479592,0.486018,2318,101335.839754,4.645546,1.301697
0.479592,0.494956,2319,101335.688827,4.676529,1.286298
0.479592,0.503895,2320,101335.539316,4.707132,1.270453
0.479592,0.512834,2321,101335.391322,4.737328,1.254164
0.479592,0.521773,2322,101335.244924,4.767114,1.237444
0.479592,0.530712,2323,101335.100220,4.796461,1.220299
0.479592,0.539650,2324,101334.957281,4.825372,1.202742
0.479592,0.548589,2325,101334.816207,4.853823,1.184777
0.479592,0.557528,2326,101334.677069,4.881810,1.166421
0.479592,0.566467,2327,101334.539951,4.909309,1.147680
0.479592,0.575406,2328,101334.404923,4.936322,1.128566
0.479592,0.584345,2329,101334.272074,4.962822,1.109097
0.479592,0.593283,2330,101334.141434,4.988832,1.089271
0.479592,0.602222,2331,101334.013068,5.014298,1.069118
0.479592,0.611161,2332,101333.887052,5.039236,1.048640
0.479592,0.620100,2333,101333.763454,5.063628,1.027847
0.479592,0.629039,2334,101333.642323,5.087477,1.006755
0.479592,0.637978,2335,101333.523721,5.110764,0.985376
0.479592,0.646916,2336,101333.407686,5.133503,0.963722
0.479592,0.655855,2337,101333.294267,5.155667,0.941805
0.479592,0.664794,2338,101333.183507,5.177259,0.919639
0.479592,0.673733,2339,101333.075456,5.198271,0.897232
0.479592,0.682672,2340,101332.970141,5.218708,0.874601
0.479592,0.691611,2341,101332.867602,5.238558,0.851753
0.479592,0.700549,2342,101332.767861,5.257828,0.828704
0.479592,0.709488,2343,101332.670954,5.276509,0.805463
0.479592,0.718427,2344,101332.576894,5.294608,0.782042
0.479592,0.727366,2345,101332.485712,5.312109,0.758451
0.479592,0.736305,2346,101332.397421,5.329027,0.734700
0.479592,0.745243,2347,101332.312041,5.345350,0.710800
0.479592,0.754182,2348,101332.229579,5.361091,0.686762
0.479592,0.763121,2349,101332.150054,5.376238,0.662593
0.479592,0.772060,2350,101332.073467,5.390805,0.638303
0.479592,0.780999,2351,101331.999834,5.404782,0.613901
0.479592,0.789938,2352,101331.929152,5.418182,0.589394
0.479592,0.798876,2353,101331.861433,5.430992,0.564792
0.479592,0.807815,2354,101331.796673,5.443228,0.540101
0.479592,0.816754,2355,101331.734881,5.454882,0.515328
0.479592,0.825693,2356,101331.676049,5.465966,0.490481
0.479592,0.834632,2357,101331.620183,5.476472,0.465564
0.479592,0.843571,2358,101331.567275,5.486412,0.440586
0.479592,0.852509,2359,101331.517331,5.495780,0.415549
0.479592,0.861448,2360,101331.470339,5.504588,0.390462
0.479592,0.870387,2361,101331.426303,5.512828,0.365328
0.479592,0.879326,2362,101331.385213,5.520512,0.340152
0.479592,0.888265,2363,101331.347071,5.527633,0.314937
0.479592,0.897204,2364,101331.311867,5.534203,0.289690
0.479592,0.906142,2365,101331.279602,5.540215,0.264411
0.479592,0.915081,2366,101331.250267,5.545680,0.239109
0.479592,0.924020,2367,101331.223860,5.550590,0.213778
0.479592,0.932959,2368,101331.200377,5.554958,0.188437
0.479592,0.941898,2369,101331.179813,5.558775,0.163065
0.479592,0.950836,2370,101331.162165,5.562052,0.137695
0.479592,0.959775,2371,101331.147432,5.564780,0.112296
0.479592,0.968714,2372,101331.135601,5.566904,0.086901
0.479592,0.977653,2373,101331.126696,5.568103,0.061495
0.479592,0.986592,2374,101331.120665,5.533831,0.035773
0.479592,0.995531,2375,101331.117801,5.464001,0.011450
0.500000,0.129471,2376,101341.918756,3.211882,1.297981
0.500000,0.138309,2377,101341.684624,3.239806,1.773061
0.500000,0.147147,2378,101341.616166,3.366194,1.503714
0.500000,0.155985,2379,101341.421797,3.360305,1.691479
0.500000,0.164822,2380,101341.312309,3.422737,1.578351
0.500000,0.173660,2381,101341.143681,3.439762,1.647471
0.500000,0.182498,2382,101341.010312,3.484893,1.609390
0.500000,0.191336,2383,101340.853348,3.513960,1.630824
0.500000,0.200174,2384,101340.707801,3.552069,1.619836
0.500000,0.209012,2385,101340.554011,3.585698,1.624835
0.500000,0.217850,2386,101340.402541,3.621717,1.621488
0.500000,0.226687,2387,101340.248126,3.656795,1.621418
0.500000,0.235525,2388,101340.093352,3.692445,1.619324
0.500000,0.244363,2389,101339.937131,3.727988,1.617481
0.500000,0.253201,2390,101339.780002,3.763695,1.614945
0.500000,0.262039,2391,101339.621837,3.799434,1.612066
0.500000,0.270877,2392,101339.462763,3.835247,1.608708
0.500000,0.279715,2393,101339.302829,3.871091,1.604901
0.500000,0.288552,2394,101339.142104,3.906973,1.600629
0.500000,0.297390,2395,101338.980666,3.942860,1.595883
0.500000,0.306228,2396,101338.818583,3.978755,1.590659
0.500000,0.315066,2397,101338.655939,4.014625,1.584945
0.500000,0.323904,2398,101338.492807,4.050472,1.578741
0.500000,0.332742,2399,101338.329280,4.086263,1.572034
0.500000,0.341580,2400,101338.165434,4.121996,1.564825
0.500000,0.350417,2401,101338.001366,4.157640,1.557104
0.500000,0.359255,2402,101337.837158,4.193193,1.548872
0.500000,0.368093,2403,101337.672911,4.228621,1.540121
0.500000,0.376931,2404,101337.508712,4.263922,1.530853
0.500000,0.385769,2405,101337.344665,4.299061,1.521060
0.500000,0.394607,2406,101337.180860,4.334037,1.510748
0.500000,0.403445,2407,101337.017404,4.368816,1.499909
0.500000,0.412282,2408,101336.854389,4.403393,1.488549
0.500000,0.421120,2409,101336.691925,4.437735,1.476665
0.500000,0.429958,2410,101336.530106,4.471838,1.464263
0.500000,0.438796,2411,101336.369042,4.505669,1.451340
0.500000,0.447634,2412,101336.208826,4.539224,1.437906
0.500000,0.456472,2413,101336.049569,4.572469,1.423959
0.500000,0.465310,2414,101335.891364,4.605401,1.409509
0.500000,0.474147,2415,101335.734321,4.637988,1.394557
0.500000,0.482985,2416,101335.578532,4.670225,1.379114
0.500000,0.491823,2417,101335.424103,4.702082,1.363183
0.500000,0.500661,2418,101335.271120,4.733558,1.346775
0.500000,0.509499,2419,101335.119696,4.764624,1.329894
0.500000,0.518337,2420,101334.969913,4.795275,1.312555
0.500000,0.527175,2421,101334.821871,4.825484,1.294761
0.500000,0.536012,2422,101334.675662,4.855245,1.276533
0.500000,0.544850,2423,101334.531352,4.884553,1.257868
0.500000,0.553688,2424,101334.388997,4.913376,1.238795
0.500000,0.562526,2425,101334.248704,4.941695,1.219313
0.500000,0.571364,2426,101334.110548,4.969515,1.199437
0.500000,0.580202,2427,101333.974612,4.996814,1.179174
0.500000,0.589040,2428,101333.840964,5.023589,1.158550
0.500000,0.597877,2429,101333.709667,5.049837,1.137563
0.500000,0.606715,2430,101333.580777,5.075528,1.116242
0.500000,0.615553,2431,101333.454380,5.100655,1.094585
0.500000,0.624391,2432,101333.330521,5.125225,1.072614
0.500000,0.633229,2433,101333.209257,5.149219,1.050338
0.500000,0.642067,2434,101333.090632,5.172641,1.027777
0.500000,0.650905,2435,101332.974699,5.195481,1.004939
0.500000,0.659742,2436,101332.861488,5.217737,0.981842
0.500000,0.668580,2437,101332.751048,5.239392,0.958495
0.500000,0.677418,2438,101332.643406,5.260458,0.934913
0.500000,0.686256,2439,101332.538596,5.280922,0.911109
0.500000,0.695094,2440,101332.436638,5.300793,0.887096
0.500000,0.703932,2441,101332.337564,5.320058,0.862886
0.500000,0.712770,2442,101332.241384,5.338731,0.838491
0.500000,0.721607,2443,101332.148124,5.356797,0.813923
0.500000,0.730445,2444,101332.057791,5.374264,0.789194
0.500000,0.739283,2445,101331.970405,5.391126,0.764312
0.500000,0.748121,2446,101331.885966,5.407394,0.739291
0.500000,0.756959,2447,101331.804490,5.423060,0.714139
0.500000,0.765797,2448,101331.725972,5.438135,0.688867
0.500000,0.774635,2449,101331.650425,5.452612,0.663483
0.500000,0.783472,2450,101331.577840,5.466504,0.637998
0.500000,0.792310,2451,101331.508227,5.479803,0.612416
0.500000,0.801148,2452,101331.441573,5.492520,0.586750
0.500000,0.809986,2453,101331.377885,5.504649,0.561004
0.500000,0.818824,2454,101331.317150,5.516204,0.535186
0.500000,0.827662,2455,101331.259371,5.527177,0.509303
0.500000,0.836500,2456,101331.204534,5.537582,0.483361
0.500000,0.845337,2457,101331.152640,5.547412,0.457365
0.500000,0.854175,2458,101331.103674,5.556682,0.431321
0.500000,0.863013,2459,101331.057636,5.565382,0.405234
0.500000,0.871851,2460,101331.014510,5.573528,0.379108
0.500000,0.880689,2461,101330.974297,5.581112,0.352949
0.500000,0.889527,2462,101330.936979,5.588146,0.326758
0.500000,0.898365,2463,101330.902559,5.594624,0.300543
0.500000,0.907202,2464,101330.871018,5.600559,0.274301
0.500000,0.916040,2465,101330.842361,5.605943,0.248043
0.500000,0.924878,2466,101330.816566,5.610789,0.221762
0.500000,0.933716,2467,101330.793642,5.615088,0.195475
0.500000,0.942554,2468,101330.773568,5.618853,0.169162
0.500000,0.951392,2469,101330.756352,5.622076,0.142855
0.500000,0.960230,2470,101330.741978,5.624766,0.116524
0.500000,0.969067,2471,101330.730444,5.626845,0.090196
0.500000,0.977905,2472,101330.721762,5.627930,0.063864
0.500000,0.986743,2473,101330.715887,5.592124,0.037193
0.500000,0.995581,2474,101330.713108,5.519342,0.011924
0.520408,0.139831,2475,101341.621458,3.245437,1.365130
0.520408,0.148563,2476,101341.381091,3.269220,1.860849
0.520408,0.157296,2477,101341.310795,3.403186,1.579866
0.520408,0.166029,2478,101341.110816,3.393702,1.777467
0.520408,0.174761,2479,101340.998815,3.459843,1.657233
0.520408,0.183494,2480,101340.825010,3.475289,1.731380
0.520408,0.192227,2481,101340.688545,3.522496,1.689819
0.520408,0.200960,2482,101340.526838,3.551268,1.713425
0.520408,0.209692,2483,101340.377680,3.590575,1.700968
0.520408,0.218425,2484,101340.219474,3.624548,1.706665
0.520408,0.227158,2485,101340.064059,3.661397,1.702732
0.520408,0.235890,2486,101339.905390,3.697077,1.702735
0.520408,0.244623,2487,101339.746511,3.733447,1.700333
0.520408,0.253356,2488,101339.586088,3.769680,1.698330
0.520408,0.262088,2489,101339.424798,3.806094,1.695521
0.520408,0.270821,2490,101339.262445,3.842555,1.692382
0.520408,0.279554,2491,101339.099203,3.879083,1.688712
0.520408,0.288286,2492,101338.935098,3.915665,1.684576
0.520408,0.297019,2493,101338.770226,3.952273,1.679935
0.520408,0.305752,2494,101338.604651,3.988908,1.674796
0.520408,0.314484,2495,101338.438464,4.025537,1.669141
0.520408,0.323217,2496,101338.271739,4.062160,1.662971
0.520408,0.331950,2497,101338.104571,4.098744,1.656271
0.520408,0.340682,2498,101337.937041,4.135288,1.649043
0.520408,0.349415,2499,101337.769249,4.171756,1.641274
0.520408,0.358148,2500,101337.601282,4.208149,1.632967
0.520408,0.366880,2501,101337.433245,4.244430,1.624109
0.520408,0.375613,2502,101337.265228,4.280597,1.614705
0.520408,0.384346,2503,101337.097341,4.316613,1.604746
0.520408,0.393079,2504,101336.929678,4.352477,1.594235
0.520408,0.401811,2505,101336.762351,4.388152,1.583167
0.520408,0.410544,2506,101336.595458,4.423633,1.571547
0.520408,0.419277,2507,101336.429113,4.458886,1.559369
0.520408,0.428009,2508,101336.263415,4.493905,1.546641
0.520408,0.436742,2509,101336.098481,4.528655,1.533360
0.520408,0.445475,2510,101335.934408,4.563130,1.519535
0.520408,0.454207,2511,101335.771313,4.597297,1.505165
0.520408,0.462940,2512,101335.609295,4.631156,1.490258
0.520408,0.471673,2513,101335.448475,4.664670,1.474817
0.520408,0.480405,2514,101335.288945,4.697835,1.458852
0.520408,0.489138,2515,101335.130825,4.730617,1.442367
0.520408,0.497871,2516,101334.974209,4.763017,1.425379
0.520408,0.506603,2517,101334.819165,4.795016,1.407886
0.520408,0.515336,2518,101334.665777,4.826572,1.389915
0.520408,0.524069,2519,101334.514170,4.857675,1.371459
0.520408,0.532801,2520,101334.364429,4.888324,1.352533
0.520408,0.541534,2521,101334.216660,4.918487,1.333154
0.520408,0.550267,2522,101334.070930,4.948183,1.313329
0.520408,0.559000,2523,101333.927331,4.977351,1.293076
0.520408,0.567732,2524,101333.785955,5.006001,1.272402
0.520408,0.576465,2525,101333.646888,5.034111,1.251321
0.520408,0.585198,2526,101333.510188,5.061684,1.229849
0.520408,0.593930,2527,101333.375941,5.088694,1.208006
0.520408,0.602663,2528,101333.244197,5.115161,1.185797
0.520408,0.611396,2529,101333.115026,5.141032,1.163246
0.520408,0.620128,2530,101332.988485,5.166327,1.140360
0.520408,0.628861,2531,101332.864628,5.191027,1.117157
0.520408,0.637594,2532,101332.743492,5.215138,1.093653
0.520408,0.646326,2533,101332.625129,5.238643,1.069863
0.520408,0.655059,2534,101332.509571,5.261555,1.045802
0.520408,0.663792,2535,101332.396858,5.283850,1.021484
0.520408,0.672524,2536,101332.287014,5.305536,0.996923
0.520408,0.681257,2537,101332.180074,5.326602,0.972133
0.520408,0.689990,2538,101332.076051,5.347059,0.947129
0.520408,0.698722,2539,101331.974974,5.366894,0.921923
0.520408,0.707455,2540,101331.876850,5.386120,0.896531
0.520408,0.716188,2541,101331.781699,5.404728,0.870963
0.520408,0.724920,2542,101331.689523,5.422726,0.845233
0.520408,0.733653,2543,101331.600337,5.440103,0.819351
0.520408,0.742386,2544,101331.514137,5.456874,0.793329
0.520408,0.751119,2545,101331.430933,5.473031,0.767178
0.520408,0.759851,2546,101331.350716,5.488588,0.740910
0.520408,0.768584,2547,101331.273493,5.503537,0.714532
0.520408,0.777317,2548,101331.199250,5.517892,0.688055
0.520408,0.786049,2549,101331.127991,5.531645,0.661489
0.520408,0.794782,2550,101331.059699,5.544813,0.634840
0.520408,0.803515,2551,101330.994373,5.557385,0.608117
0.520408,0.812247,2552,101330.931997,5.569377,0.581326
0.520408,0.820980,2553,101330.872567,5.580784,0.554476
0.520408,0.829713,2554,101330.816065,5.591621,0.527572
0.520408,0.838445,2555,101330.762486,5.601880,0.500620
0.520408,0.847178,2556,101330.711810,5.611577,0.473626
0.520408,0.855911,2557,101330.664033,5.620705,0.446594
0.520408,0.864643,2558,101330.619133,5.629278,0.419530
0.520408,0.873376,2559,101330.577108,5.637291,0.392436
0.520408,0.882109,2560,101330.537935,5.644757,0.365319
0.520408,0.890841,2561,101330.501611,5.651669,0.338178
0.520408,0.899574,2562,101330.468116,5.658041,0.311021
0.520408,0.908307,2563,101330.437445,5.663868,0.283846
0.520408,0.917040,2564,101330.409584,5.669160,0.256662
0.520408,0.925772,2565,101330.384524,5.673913,0.229460
0.520408,0.934505,2566,101330.362254,5.678138,0.202259
0.520408,0.943238,2567,101330.342768,5.681827,0.175038
0.520408,0.951970,2568,101330.326053,5.684994,0.147826
0.520408,0.960703,2569,101330.312112,5.687626,0.120595
0.520408,0.969436,2570,101330.300921,5.689660,0.093369
0.520408,0.978168,2571,101330.292512,5.690596,0.066145
0.520408,0.986901,2572,101330.286812,5.653249,0.038561
0.520408,0.995634,2573,101330.284143,5.577497,0.012380
0.540816,0.150605,2574,101341.298967,3.281804,1.434114
0.540816,0.159228,2575,101341.051791,3.301054,1.951376
0.540816,0.167851,2576,101340.979372,3.443005,1.658345
0.540816,0.176475,2577,101340.773353,3.429732,1.866095
0.540816,0.185098,2578,101340.658467,3.499839,1.738512
0.540816,0.193721,2579,101340.479081,3.513604,1.817862
0.540816,0.202345,2580,101340.339133,3.563082,1.772658
0.540816,0.210968,2581,101340.172275,3.591514,1.798546
0.540816,0.219591,2582,101340.019119,3.632165,1.784511
0.540816,0.228215,2583,101339.856087,3.666483,1.790955
0.540816,0.236838,2584,101339.696334,3.704276,1.786374
0.540816,0.245461,2585,101339.533009,3.740585,1.786452
0.540816,0.254084,2586,101339.369626,3.777772,1.783708
0.540816,0.262708,2587,101339.204609,3.814736,1.781520
0.540816,0.271331,2588,101339.038758,3.851944,1.778413
0.540816,0.279954,2589,101338.871835,3.889173,1.774976
0.540816,0.288578,2590,101338.704030,3.926502,1.770968
0.540816,0.297201,2591,101338.535383,3.963869,1.766459
0.540816,0.305824,2592,101338.365979,4.001287,1.761418
0.540816,0.314448,2593,101338.195908,4.038717,1.755838
0.540816,0.323071,2594,101338.025248,4.076161,1.749716
0.540816,0.331694,2595,101337.854098,4.113583,1.743036
0.540816,0.340317,2596,101337.682543,4.150983,1.735799
0.540816,0.348941,2597,101337.510687,4.188324,1.727991
0.540816,0.357564,2598,101337.338621,4.225605,1.719614
0.540816,0.366187,2599,101337.166455,4.262787,1.710656
0.540816,0.374811,2600,101336.994285,4.299869,1.701120
0.540816,0.383434,2601,101336.822225,4.336813,1.690996
0.540816,0.392057,2602,101336.650375,4.373613,1.680288
0.540816,0.400681,2603,101336.478853,4.410233,1.668988
0.540816,0.409304,2604,101336.307763,4.446667,1.657102
0.540816,0.417927,2605,101336.137224,4.482879,1.644624
0.540816,0.426550,2606,101335.967344,4.518867,1.631560
0.540816,0.435174,2607,101335.798250,4.554594,1.617908
0.540816,0.443797,2608,101335.630044,4.590053,1.603676
0.540816,0.452420,2609,101335.462858,4.625204,1.588864
0.540816,0.461044,2610,101335.296784,4.660060,1.573486
0.540816,0.469667,2611,101335.131904,4.694573,1.557542
0.540816,0.478290,2612,101334.968318,4.728716,1.541048
0.540816,0.486914,2613,101334.806163,4.762471,1.523996
0.540816,0.495537,2614,101334.645538,4.795834,1.506403
0.540816,0.504160,2615,101334.486563,4.828774,1.488281
0.540816,0.512783,2616,101334.329322,4.861296,1.469637
0.540816,0.521407,2617,101334.173935,4.893331,1.450485
0.540816,0.530030,2618,101334.020514,4.924897,1.430830
0.540816,0.538653,2619,101333.869153,4.955963,1.410685
0.540816,0.547277,2620,101333.719942,4.986526,1.390076
0.540816,0.555900,2621,101333.572976,5.016574,1.369004
0.540816,0.564523,2622,101333.428329,5.046076,1.347494
0.540816,0.573147,2623,101333.286100,5.075016,1.325549
0.540816,0.581770,2624,101333.146351,5.103398,1.303195
0.540816,0.590393,2625,101333.009156,5.131198,1.280441
0.540816,0.599017,2626,101332.874577,5.158420,1.257314
0.540816,0.607640,2627,101332.742678,5.185054,1.233817
0.540816,0.616263,2628,101332.613506,5.211077,1.209980
0.540816,0.624886,2629,101332.487124,5.236484,1.185805
0.540816,0.633510,2630,101332.363565,5.261282,1.161320
0.540816,0.642133,2631,101332.242878,5.285452,1.136536
0.540816,0.650756,2632,101332.125091,5.309004,1.111473
0.540816,0.659380,2633,101332.010243,5.331926,1.086145
0.540816,0.668003,2634,101331.898351,5.354221,1.060569
0.540816,0.676626,2635,101331.789450,5.375873,1.034757
0.540816,0.685250,2636,101331.683545,5.396898,1.008728
0.540816,0.693873,2637,101331.580663,5.417283,0.982496
0.540816,0.702496,2638,101331.480805,5.437041,0.956074
0.540816,0.711119,2639,101331.383986,5.456162,0.929477
0.540816,0.719743,2640,101331.290203,5.474661,0.902719
0.540816,0.728366,2641,101331.199464,5.492526,0.875811
0.540816,0.736989,2642,101331.111761,5.509770,0.848767
0.540816,0.745613,2643,101331.027097,5.526385,0.821597
0.540816,0.754236,2644,101330.945457,5.542390,0.794314
0.540816,0.762859,2645,101330.866841,5.557774,0.766926
0.540816,0.771483,2646,101330.791229,5.572555,0.739446
0.540816,0.780106,2647,101330.718619,5.586726,0.711880
0.540816,0.788729,2648,101330.648987,5.600303,0.684241
0.540816,0.797352,2649,101330.582328,5.613281,0.656533
0.540816,0.805976,2650,101330.518617,5.625672,0.628767
0.540816,0.814599,2651,101330.457846,5.637472,0.600947
0.540816,0.823222,2652,101330.399988,5.648699,0.573083
0.540816,0.831846,2653,101330.345035,5.659346,0.545177
0.540816,0.840469,2654,101330.292960,5.669430,0.517238
0.540816,0.849092,2655,101330.243753,5.678944,0.489269
0.540816,0.857716,2656,101330.197387,5.687905,0.461275
0.540816,0.866339,2657,101330.153854,5.696306,0.433260
0.540816,0.874962,2658,101330.113126,5.704164,0.405228
0.540816,0.883585,2659,101330.075196,5.711471,0.377182
0.540816,0.892209,2660,101330.040037,5.718243,0.349124
0.540816,0.900832,2661,101330.007644,5.724473,0.321058
0.540816,0.909455,2662,101329.977991,5.730177,0.292984
0.540816,0.918079,2663,101329.951075,5.735346,0.264908
0.540816,0.926702,2664,101329.926869,5.739996,0.236823
0.540816,0.935325,2665,101329.905376,5.744118,0.208744
0.540816,0.943949,2666,101329.886570,5.747727,0.180653
0.540816,0.952572,2667,101329.870454,5.750813,0.152574
0.540816,0.961195,2668,101329.857011,5.753387,0.124484
0.540816,0.969818,2669,101329.846230,5.755354,0.096398
0.540816,0.978442,2670,101329.838132,5.756122,0.068324
0.540816,0.987065,2671,101329.832646,5.717203,0.039865
0.540816,0.995688,2672,101329.830097,5.638477,0.012816
0.561224,0.161793,2673,101340.948783,3.321205,1.505097
0.561224,0.170303,2674,101340.694135,3.335535,2.044952
0.561224,0.178813,2675,101340.619297,3.485870,1.739343
0.561224,0.187323,2676,101340.406725,3.468646,1.957648
0.561224,0.195832,2677,101340.288565,3.542954,1.822397
0.561224,0.204342,2678,101340.103120,3.554977,1.907185
0.561224,0.212852,2679,101339.959280,3.606892,1.858122
0.561224,0.221361,2680,101339.786789,3.634985,1.886438
0.561224,0.229871,2681,101339.629222,3.677098,1.870681
0.561224,0.238381,2682,101339.460885,3.711808,1.877945
0.561224,0.246891,2683,101339.296374,3.750626,1.872626
0.561224,0.255400,2684,101339.127924,3.787640,1.872801
0.561224,0.263910,2685,101338.959611,3.825707,1.869653
0.561224,0.272420,2686,101338.789543,3.863491,1.867271
0.561224,0.280929,2687,101338.618707,3.901549,1.863816
0.561224,0.289439,2688,101338.446768,3.939640,1.860056
0.561224,0.297949,2689,101338.273985,3.977824,1.855659
0.561224,0.306458,2690,101338.100363,4.016069,1.850745
0.561224,0.314968,2691,101337.926025,4.054351,1.845249
0.561224,0.323478,2692,101337.751042,4.092666,1.839188
0.561224,0.331988,2693,101337.575524,4.130978,1.832537
0.561224,0.340497,2694,101337.399555,4.169288,1.825301
0.561224,0.349007,2695,101337.223248,4.207554,1.817461
0.561224,0.357517,2696,101337.046697,4.245777,1.809020
0.561224,0.366026,2697,101336.870018,4.283915,1.799965
0.561224,0.374536,2698,101336.693313,4.321966,1.790297
0.561224,0.383046,2699,101336.516703,4.359890,1.780006
0.561224,0.391556,2700,101336.340294,4.397688,1.769095
0.561224,0.400065,2701,101336.164220,4.435320,1.757554
0.561224,0.408575,2702,101335.988584,4.472780,1.745390
0.561224,0.417085,2703,101335.813526,4.510025,1.732598
0.561224,0.425594,2704,101335.639141,4.547068,1.719189
0.561224,0.434104,2705,101335.465519,4.583857,1.705160
0.561224,0.442614,2706,101335.292763,4.620360,1.690521
0.561224,0.451124,2707,101335.121019,4.656560,1.675259
0.561224,0.459633,2708,101334.950402,4.692447,1.659392
0.561224,0.468143,2709,101334.781041,4.727996,1.642921
0.561224,0.476653,2710,101334.613037,4.763190,1.625859
0.561224,0.485162,2711,101334.446539,4.797968,1.608206
0.561224,0.493672,2712,101334.281668,4.832343,1.589973
0.561224,0.502182,2713,101334.118542,4.866276,1.571167
0.561224,0.510692,2714,101333.957268,4.899767,1.551814
0.561224,0.519201,2715,101333.797963,4.932789,1.531911
0.561224,0.527711,2716,101333.640727,4.965305,1.511482
0.561224,0.536221,2717,101333.485681,4.997301,1.490530
0.561224,0.544730,2718,101333.332901,5.028776,1.469078
0.561224,0.553240,2719,101333.182492,5.059698,1.447143
0.561224,0.561750,2720,101333.034530,5.090083,1.424740
0.561224,0.570260,2721,101332.889105,5.119874,1.401885
0.561224,0.578769,2722,101332.746288,5.149081,1.378593
0.561224,0.587279,2723,101332.606156,5.177682,1.354884
0.561224,0.595789,2724,101332.468763,5.205681,1.330776
0.561224,0.604298,2725,101332.334181,5.233055,1.306291
0.561224,0.612808,2726,101332.202452,5.259822,1.281442
0.561224,0.621318,2727,101332.073633,5.285933,1.256251
0.561224,0.629828,2728,101331.947761,5.311412,1.230732
0.561224,0.638337,2729,101331.824881,5.336238,1.204907
0.561224,0.646847,2730,101331.705015,5.360423,1.178793
0.561224,0.655357,2731,101331.588202,5.383949,1.152408
0.561224,0.663866,2732,101331.474455,5.406833,1.125770
0.561224,0.672376,2733,101331.363799,5.429053,1.098895
0.561224,0.680886,2734,101331.256239,5.450621,1.071800
0.561224,0.689396,2735,101331.151794,5.471528,1.044499
0.561224,0.697905,2736,101331.050459,5.491789,1.017013
0.561224,0.706415,2737,101330.952246,5.511392,0.989351
0.561224,0.714925,2738,101330.857140,5.530355,0.961532
0.561224,0.723434,2739,101330.765148,5.548669,0.933568
0.561224,0.731944,2740,101330.676251,5.566348,0.905474
0.561224,0.740454,2741,101330.590446,5.583382,0.877259
0.561224,0.748964,2742,101330.507711,5.599791,0.848938
0.561224,0.757473,2743,101330.428038,5.615569,0.820520
0.561224,0.765983,2744,101330.351401,5.630732,0.792019
0.561224,0.774493,2745,101330.277790,5.645275,0.763441
0.561224,0.783002,2746,101330.207173,5.659215,0.734798
0.561224,0.791512,2747,101330.139539,5.672547,0.706098
0.561224,0.800022,2748,101330.074854,5.685291,0.677348
0.561224,0.808531,2749,101330.013104,5.697437,0.648557
0.561224,0.817041,2750,101329.954255,5.709006,0.619729
0.561224,0.825551,2751,101329.898292,5.719992,0.590873
0.561224,0.834061,2752,101329.845180,5.730414,0.561993
0.561224,0.842570,2753,101329.794905,5.740266,0.533093
0.561224,0.851080,2754,101329.747433,5.749566,0.504180
0.561224,0.859590,2755,101329.702748,5.758308,0.475255
0.561224,0.868099,2756,101329.660818,5.766509,0.446324
0.561224,0.876609,2757,101329.621629,5.774165,0.417388
0.561224,0.885119,2758,101329.585150,5.781291,0.388451
0.561224,0.893629,2759,101329.551368,5.787880,0.359513
0.561224,0.902138,2760,101329.520256,5.793950,0.330580
0.561224,0.910648,2761,101329.491801,5.799493,0.301646
0.561224,0.919158,2762,101329.465979,5.804525,0.272721
0.561224,0.927667,2763,101329.442779,5.809040,0.243794
0.561224,0.936177,2764,101329.422182,5.813050,0.214883
0.561224,0.944687,2765,101329.404177,5.816549,0.185965
0.561224,0.953197,2766,101329.388746,5.819551,0.157065
0.561224,0.961706,2767,101329.375892,5.822043,0.128161
0.561224,0.970216,2768,101329.365578,5.823944,0.099260
0.561224,0.978726,2769,101329.357851,5.824497,0.070382
0.561224,0.987235,2770,101329.352605,5.783995,0.041096
0.561224,0.995745,2771,101329.350203,5.702271,0.013228
0.581633,0.173396,2772,101340.567992,3.363932,1.578268
0.581633,0.181788,2773,101340.305151,3.372870,2.141898
0.581633,0.190180,2774,101340.227538,3.532088,1.823103
0.581633,0.198572,2775,101340.007852,3.510685,2.052425
0.581633,0.206964,2776,101339.885961,3.589500,1.909143
0.581633,0.215356,2777,101339.693934,3.599669,1.999626
0.581633,0.223748,2778,101339.545720,3.654257,1.946475
0.581633,0.232140,2779,101339.367076,3.681963,1.977364
0.581633,0.240532,2780,101339.204610,3.725719,1.959739
0.581633,0.248924,2781,101339.030452,3.760824,1.967885
0.581633,0.257315,2782,101338.860689,3.800809,1.961743
0.581633,0.265707,2783,101338.686609,3.838566,1.962016
0.581633,0.274099,2784,101338.512868,3.877631,1.958415
0.581633,0.282491,2785,101338.337261,3.916289,1.955807
0.581633,0.290883,2786,101338.160942,3.955308,1.951964
0.581633,0.299275,2787,101337.983515,3.994319,1.947831
0.581633,0.307667,2788,101337.805267,4.033463,1.943006
0.581633,0.316059,2789,101337.626213,4.072647,1.937626
0.581633,0.324451,2790,101337.446472,4.111893,1.931630
0.581633,0.332843,2791,101337.266142,4.151153,1.925020
0.581633,0.341235,2792,101337.085319,4.190431,1.917789
0.581633,0.349627,2793,101336.904121,4.229682,1.909922
0.581633,0.358018,2794,101336.722646,4.268911,1.901417
0.581633,0.366410,2795,101336.541028,4.308078,1.892260
0.581633,0.374802,2796,101336.359369,4.347180,1.882455
0.581633,0.383194,2797,101336.177803,4.386171,1.871989
0.581633,0.391586,2798,101335.996439,4.425059,1.860872
0.581633,0.399978,2799,101335.815363,4.463806,1.849093
0.581633,0.408370,2800,101335.634673,4.502364,1.836663
0.581633,0.416762,2801,101335.454517,4.540719,1.823558
0.581633,0.425154,2802,101335.275018,4.578861,1.809793
0.581633,0.433546,2803,101335.096315,4.616761,1.795365
0.581633,0.441938,2804,101334.918522,4.654401,1.780283
0.581633,0.450330,2805,101334.741804,4.691711,1.764540
0.581633,0.458721,2806,101334.566295,4.728705,1.748143
0.581633,0.467113,2807,101334.392134,4.765337,1.731098
0.581633,0.475505,2808,101334.219444,4.801614,1.713424
0.581633,0.483897,2809,101334.048363,4.837482,1.695118
0.581633,0.492289,2810,101333.879018,4.872915,1.676195
0.581633,0.500681,2811,101333.711547,4.907891,1.656660
0.581633,0.509073,2812,101333.546050,4.942404,1.636534
0.581633,0.517465,2813,101333.382658,4.976420,1.615831
0.581633,0.525857,2814,101333.221469,5.009942,1.594566
0.581633,0.534249,2815,101333.062600,5.042902,1.572749
0.581633,0.542641,2816,101332.906148,5.075320,1.550400
0.581633,0.551033,2817,101332.752209,5.107160,1.527534
0.581633,0.559424,2818,101332.600869,5.138422,1.504179
0.581633,0.567816,2819,101332.452218,5.169091,1.480344
0.581633,0.576208,2820,101332.306323,5.199141,1.456056
0.581633,0.584600,2821,101332.163268,5.228554,1.431324
0.581633,0.592992,2822,101332.023108,5.257337,1.406179
0.581633,0.601384,2823,101331.885909,5.285467,1.380633
0.581633,0.609776,2824,101331.751717,5.312948,1.354716
0.581633,0.618168,2825,101331.620586,5.339772,1.328440
0.581633,0.626560,2826,101331.492547,5.365920,1.301832
0.581633,0.634952,2827,101331.367646,5.391389,1.274901
0.581633,0.643344,2828,101331.245898,5.416187,1.247681
0.581633,0.651735,2829,101331.127339,5.440301,1.220181
0.581633,0.660127,2830,101331.011975,5.463741,1.192427
0.581633,0.668519,2831,101330.899828,5.486499,1.164434
0.581633,0.676911,2832,101330.790894,5.508580,1.136224
0.581633,0.685303,2833,101330.685186,5.529974,1.107809
0.581633,0.693695,2834,101330.582693,5.550698,1.079210
0.581633,0.702087,2835,101330.483416,5.570744,1.050443
0.581633,0.710479,2836,101330.387338,5.590128,1.021524
0.581633,0.718871,2837,101330.294452,5.608843,0.992466
0.581633,0.727263,2838,101330.204734,5.626908,0.963287
0.581633,0.735655,2839,101330.118172,5.644313,0.933997
0.581633,0.744047,2840,101330.034735,5.661076,0.904612
0.581633,0.752438,2841,101329.954408,5.677193,0.875140
0.581633,0.760830,2842,101329.877155,5.692684,0.845596
0.581633,0.769222,2843,101329.802957,5.707544,0.815988
0.581633,0.777614,2844,101329.731775,5.721792,0.786328
0.581633,0.786006,2845,101329.663587,5.735423,0.756622
0.581633,0.794398,2846,101329.598354,5.748459,0.726882
0.581633,0.802790,2847,101329.536052,5.760895,0.697112
0.581633,0.811182,2848,101329.476638,5.772748,0.667321
0.581633,0.819574,2849,101329.420092,5.784016,0.637513
0.581633,0.827966,2850,101329.366370,5.794718,0.607697
0.581633,0.836358,2851,101329.315449,5.804850,0.577874
0.581633,0.844750,2852,101329.267289,5.814432,0.548051
0.581633,0.853141,2853,101329.221868,5.823458,0.518230
0.581633,0.861533,2854,101329.179146,5.831947,0.488415
0.581633,0.869925,2855,101329.139104,5.839895,0.458608
0.581633,0.878317,2856,101329.101702,5.847320,0.428812
0.581633,0.886709,2857,101329.066925,5.854215,0.399028
0.581633,0.895101,2858,101329.034736,5.860599,0.369256
0.581633,0.903493,2859,101329.005122,5.866465,0.339500
0.581633,0.911885,2860,101328.978047,5.871830,0.309756
0.581633,0.920277,2861,101328.953503,5.876687,0.280031
0.581633,0.928669,2862,101328.931456,5.881054,0.250313
0.581633,0.937061,2863,101328.911904,5.884920,0.220619
0.581633,0.945453,2864,101328.894814,5.888303,0.190927
0.581633,0.953844,2865,101328.880185,5.891192,0.161257
0.581633,0.962236,2866,101328.867999,5.893599,0.131592
0.581633,0.970628,2867,101328.858233,5.895410,0.101929
0.581633,0.979020,2868,101328.850924,5.895721,0.072301
0.581633,0.987412,2869,101328.845966,5.853596,0.042242
0.581633,0.995804,2870,101328.843723,5.768868,0.013613
0.602041,0.185414,2871,101340.153234,3.410287,1.653833
0.602041,0.193684,2872,101339.881362,3.413357,2.242612
0.602041,0.201953,2873,101339.800592,3.581957,1.909867
0.602041,0.210223,2874,101339.573129,3.556179,2.150794
0.602041,0.218493,2875,101339.447018,3.639787,1.999006
0.602041,0.226763,2876,101339.247784,3.648037,2.095527
0.602041,0.235033,2877,101339.094678,3.705504,2.037982
0.602041,0.243303,2878,101338.909265,3.732828,2.071644
0.602041,0.251573,2879,101338.741372,3.778378,2.051952
0.602041,0.259843,2880,101338.560785,3.813937,2.061078
0.602041,0.268113,2881,101338.385235,3.855197,2.053985
0.602041,0.276383,2882,101338.204935,3.893790,2.054384
0.602041,0.284653,2883,101338.025227,3.933939,2.050243
0.602041,0.292922,2884,101337.843507,3.973579,2.047394
0.602041,0.301192,2885,101337.661174,4.013632,2.043093
0.602041,0.309462,2886,101337.477704,4.053677,2.038552
0.602041,0.317732,2887,101337.293474,4.093849,2.033227
0.602041,0.326002,2888,101337.108458,4.134086,2.027330
0.602041,0.334272,2889,101336.922828,4.174374,2.020754
0.602041,0.342542,2890,101336.736659,4.214703,2.013534
0.602041,0.350812,2891,101336.550084,4.255035,2.005634
0.602041,0.359082,2892,101336.363217,4.295367,1.997072
0.602041,0.367352,2893,101336.176142,4.335685,1.987826
0.602041,0.375622,2894,101335.988936,4.375920,1.977906
0.602041,0.383891,2895,101335.801748,4.416062,1.967280
0.602041,0.392161,2896,101335.614697,4.456108,1.955955
0.602041,0.400431,2897,101335.427928,4.496017,1.943927
0.602041,0.408701,2898,101335.241557,4.535787,1.931198
0.602041,0.416971,2899,101335.055755,4.575330,1.917754
0.602041,0.425241,2900,101334.870672,4.614664,1.903596
0.602041,0.433511,2901,101334.686458,4.653738,1.888726
0.602041,0.441781,2902,101334.503250,4.692558,1.873158
0.602041,0.450051,2903,101334.321202,4.731065,1.856884
0.602041,0.458321,2904,101334.140461,4.769228,1.839912
0.602041,0.466591,2905,101333.961184,4.807021,1.822242
0.602041,0.474861,2906,101333.783497,4.844432,1.803896
0.602041,0.483130,2907,101333.607551,4.881430,1.784878
0.602041,0.491400,2908,101333.433469,4.917995,1.765204
0.602041,0.499670,2909,101333.261399,4.954068,1.744877
0.602041,0.507940,2910,101333.091456,4.989656,1.723918
0.602041,0.516210,2911,101332.923771,5.024721,1.702339
0.602041,0.524480,2912,101332.758453,5.059261,1.680168
0.602041,0.532750,2913,101332.595623,5.093242,1.657410
0.602041,0.541020,2914,101332.435375,5.126635,1.634092
0.602041,0.549290,2915,101332.277825,5.159421,1.610223
0.602041,0.557560,2916,101332.123048,5.191600,1.585835
0.602041,0.565830,2917,101331.971146,5.223140,1.560945
0.602041,0.574099,2918,101331.822187,5.254055,1.535576
0.602041,0.582369,2919,101331.676251,5.284291,1.509749
0.602041,0.590639,2920,101331.533397,5.313862,1.483484
0.602041,0.598909,2921,101331.393692,5.342743,1.456806
0.602041,0.607179,2922,101331.257174,5.370945,1.429738
0.602041,0.615449,2923,101331.123901,5.398443,1.402305
0.602041,0.623719,2924,101330.993897,5.425258,1.374527
0.602041,0.631989,2925,101330.867201,5.451347,1.346427
0.602041,0.640259,2926,101330.743829,5.476734,1.318024
0.602041,0.648529,2927,101330.623806,5.501403,1.289344
0.602041,0.656799,2928,101330.507133,5.525369,1.260407
0.602041,0.665069,2929,101330.393824,5.548619,1.231234
0.602041,0.673338,2930,101330.283870,5.571172,1.201847
0.602041,0.681608,2931,101330.177272,5.593009,1.172261
0.602041,0.689878,2932,101330.074012,5.614149,1.142498
0.602041,0.698148,2933,101329.974083,5.634585,1.112574
0.602041,0.706418,2934,101329.877455,5.654337,1.082508
0.602041,0.714688,2935,101329.784116,5.673397,1.052314
0.602041,0.722958,2936,101329.694029,5.691786,1.022011
0.602041,0.731228,2937,101329.607174,5.709500,0.991610
0.602041,0.739498,2938,101329.523508,5.726557,0.961128
0.602041,0.747768,2939,101329.443007,5.742950,0.930574
0.602041,0.756038,2940,101329.365624,5.758703,0.899962
0.602041,0.764307,2941,101329.291332,5.773813,0.869303
0.602041,0.772577,2942,101329.220081,5.788302,0.838608
0.602041,0.780847,2943,101329.151841,5.802165,0.807885
0.602041,0.789117,2944,101329.086560,5.815425,0.777142
0.602041,0.797387,2945,101329.024207,5.828080,0.746389
0.602041,0.805657,2946,101328.964731,5.840151,0.715630
0.602041,0.813927,2947,101328.908100,5.851631,0.684874
0.602041,0.822197,2948,101328.854264,5.862546,0.654124
0.602041,0.830467,2949,101328.803191,5.872891,0.623385
0.602041,0.838737,2950,101328.754832,5.882687,0.592663
0.602041,0.847007,2951,101328.709158,5.891931,0.561959
0.602041,0.855277,2952,101328.666122,5.900643,0.531277
0.602041,0.863546,2953,101328.625696,5.908819,0.500618
0.602041,0.871816,2954,101328.587836,5.916479,0.469986
0.602041,0.880086,2955,101328.552517,5.923618,0.439380
0.602041,0.888356,2956,101328.519699,5.930254,0.408802
0.602041,0.896626,2957,101328.489359,5.936383,0.378250
0.602041,0.904896,2958,101328.461461,5.942022,0.347728
0.602041,0.913166,2959,101328.435985,5.947165,0.317229
0.602041,0.921436,2960,101328.412899,5.951831,0.286761
0.602041,0.929706,2961,101328.392188,5.956011,0.256311
0.602041,0.937976,2962,101328.373823,5.959722,0.225892
0.602041,0.946246,2963,101328.357793,5.962956,0.195485
0.602041,0.954515,2964,101328.344070,5.965729,0.165107
0.602041,0.962785,2965,101328.332660,5.968024,0.134741
0.602041,0.971055,2966,101328.323511,5.969742,0.104377
0.602041,0.979325,2967,101328.316690,5.969753,0.074062
0.602041,0.987595,2968,101328.312050,5.925987,0.043292
0.602041,0.995865,2969,101328.310000,5.838225,0.013967
0.622449,0.197845,2970,101339.700564,3.460659,1.732031
0.622449,0.205989,2971,101339.418732,3.457279,2.347513
0.622449,0.214133,2972,101339.334340,3.635883,1.999941
0.622449,0.222276,2973,101339.098363,3.605455,2.253146
0.622449,0.230420,2974,101338.967448,3.694238,2.092305
0.622449,0.238564,2975,101338.760316,3.700437,2.195251
0.622449,0.246707,2976,101338.601704,3.761079,2.132968
0.622449,0.254851,2977,101338.408841,3.787969,2.169616
0.622449,0.262995,2978,101338.234899,3.835542,2.147645
0.622449,0.271139,2979,101338.047215,3.871562,2.157838
0.622449,0.279282,2980,101337.865249,3.914279,2.149671
0.622449,0.287426,2981,101337.678082,3.953754,2.150198
0.622449,0.295570,2982,101337.491780,3.995139,2.145440
0.622449,0.303713,2983,101337.303330,4.035837,2.142303
0.622449,0.311857,2984,101337.114373,4.077073,2.137480
0.622449,0.320001,2985,101336.924280,4.118251,2.132455
0.622449,0.328145,2986,101336.733496,4.159610,2.126572
0.622449,0.336288,2987,101336.541962,4.201041,2.120089
0.622449,0.344432,2988,101336.349797,4.242526,2.112897
0.622449,0.352576,2989,101336.157109,4.284026,2.105005
0.622449,0.360719,2990,101335.964015,4.325555,2.096393
0.622449,0.368863,2991,101335.770655,4.367059,2.087059
0.622449,0.377007,2992,101335.577139,4.408563,2.077001
0.622449,0.385150,2993,101335.383630,4.449954,2.066196
0.622449,0.393294,2994,101335.190291,4.491259,2.054640
0.622449,0.401438,2995,101334.997272,4.532424,2.042323
0.622449,0.409582,2996,101334.804718,4.573451,2.029259
0.622449,0.417725,2997,101334.612792,4.614291,2.015431
0.622449,0.425869,2998,101334.421653,4.654897,2.000844
0.622449,0.434013,2999,101334.231476,4.695243,1.985483
0.622449,0.442156,3000,101334.042402,4.735316,1.969372
0.622449,0.450300,3001,101333.854604,4.775078,1.952508
0.622449,0.458444,3002,101333.668224,4.814508,1.934900
0.622449,0.466587,3003,101333.483437,4.853535,1.916545
0.622449,0.474731,3004,101333.300382,4.892168,1.897460
0.622449,0.482875,3005,101333.119218,4.930356,1.877655
0.622449,0.491019,3006,101332.940082,4.968102,1.857152
0.622449,0.499162,3007,101332.763125,5.005348,1.835953
0.622449,0.507306,3008,101332.588475,5.042070,1.814080
0.622449,0.515450,3009,101332.416274,5.078240,1.791545
0.622449,0.523593,3010,101332.246635,5.113851,1.768374
0.622449,0.531737,3011,101332.079691,5.148867,1.744586
0.622449,0.539881,3012,101331.915541,5.183286,1.720203
0.622449,0.548024,3013,101331.754300,5.217048,1.695240
0.622449,0.556168,3014,101331.596058,5.250166,1.669726
0.622449,0.564312,3015,101331.440910,5.282607,1.643682
0.622449,0.572456,3016,101331.288932,5.314373,1.617139
0.622449,0.580599,3017,101331.140205,5.345444,1.590114
0.622449,0.588743,3018,101330.994781,5.375802,1.562640
0.622449,0.596887,3019,101330.852732,5.405430,1.534731
0.622449,0.605030,3020,101330.714091,5.434336,1.506425
0.622449,0.613174,3021,101330.578910,5.462500,1.477737
0.622449,0.621318,3022,101330.447211,5.489932,1.448704
0.622449,0.629462,3023,101330.319027,5.516622,1.419341
0.622449,0.637605,3024,101330.194364,5.542561,1.389679
0.622449,0.645749,3025,101330.073243,5.567746,1.359734
0.622449,0.653893,3026,101329.955654,5.592192,1.329539
0.622449,0.662036,3027,101329.841605,5.615887,1.299110
0.622449,0.670180,3028,101329.731072,5.638849,1.268476
0.622449,0.678324,3029,101329.624053,5.661072,1.237651
0.622449,0.686467,3030,101329.520512,5.682568,1.206662
0.622449,0.694611,3031,101329.420435,5.703330,1.175522
0.622449,0.702755,3032,101329.323781,5.723381,1.144255
0.622449,0.710899,3033,101329.230525,5.742717,1.112876
0.622449,0.719042,3034,101329.140618,5.761360,1.081403
0.622449,0.727186,3035,101329.054029,5.779305,1.049849
0.622449,0.735330,3036,101328.970704,5.796577,1.018233
0.622449,0.743473,3037,101328.890606,5.813171,0.986564
0.622449,0.751617,3038,101328.813678,5.829108,0.954858
0.622449,0.759761,3039,101328.739879,5.844389,0.923124
0.622449,0.767904,3040,101328.669149,5.859038,0.891375
0.622449,0.776048,3041,101328.601447,5.873052,0.859617
0.622449,0.784192,3042,101328.536710,5.886457,0.827863
0.622449,0.792336,3043,101328.474897,5.899249,0.796118
0.622449,0.800479,3044,101328.415946,5.911455,0.764390
0.622449,0.808623,3045,101328.359815,5.923070,0.732683
0.622449,0.816767,3046,101328.306444,5.934118,0.701006
0.622449,0.824910,3047,101328.255793,5.944596,0.669359
0.622449,0.833054,3048,101328.207803,5.954529,0.637750
0.622449,0.841198,3049,101328.162437,5.963913,0.606178
0.622449,0.849341,3050,101328.119639,5.972772,0.574649
0.622449,0.857485,3051,101328.079375,5.981101,0.543161
0.622449,0.865629,3052,101328.041590,5.988922,0.511718
0.622449,0.873773,3053,101328.006256,5.996231,0.480319
0.622449,0.881916,3054,101327.973322,6.003049,0.448964
0.622449,0.890060,3055,101327.942763,6.009371,0.417654
0.622449,0.898204,3056,101327.914531,6.015217,0.386386
0.622449,0.906347,3057,101327.888607,6.020580,0.355161
0.622449,0.914491,3058,101327.864947,6.025481,0.323974
0.622449,0.922635,3059,101327.843536,6.029911,0.292829
0.622449,0.930779,3060,101327.824334,6.033890,0.261713
0.622449,0.938922,3061,101327.807332,6.037409,0.230638
0.622449,0.947066,3062,101327.792496,6.040486,0.199585
0.622449,0.955210,3063,101327.779815,6.043111,0.168565
0.622449,0.963353,3064,101327.769274,6.045292,0.137569
0.622449,0.971497,3065,101327.760836,6.046887,0.106573
0.622449,0.979641,3066,101327.754559,6.046559,0.075641
0.622449,0.987784,3067,101327.750291,6.001104,0.044231
0.622449,0.995928,3068,101327.748448,5.910298,0.014285
0.642857,0.210691,3069,101339.205376,3.515458,1.813125
0.642857,0.218705,3070,101338.912497,3.505024,2.457124
0.642857,0.226718,3071,101338.823956,3.694286,2.093639
0.642857,0.234731,3072,101338.578585,3.658959,2.359968
0.642857,0.242745,3073,101338.442221,3.753288,2.189361
0.642857,0.250758,3074,101338.226364,3.757353,2.299248
0.642857,0.258771,3075,101338.061572,3.821442,2.231764
0.642857,0.266784,3076,101337.860452,3.847901,2.271692
0.642857,0.274798,3077,101337.679784,3.897701,2.247144
0.642857,0.282811,3078,101337.484223,3.934264,2.258544
0.642857,0.290824,3079,101337.295167,3.978603,2.249113
0.642857,0.298838,3080,101337.100394,4.019099,2.249806
0.642857,0.306851,3081,101336.906825,4.061884,2.244315
0.642857,0.314864,3082,101336.710873,4.103816,2.240894
0.642857,0.322877,3083,101336.514499,4.146364,2.235483
0.642857,0.330891,3084,101336.316882,4.188840,2.229958
0.642857,0.338904,3085,101336.118578,4.231506,2.223452
0.642857,0.346917,3086,101335.919493,4.274263,2.216334
0.642857,0.354931,3087,101335.719856,4.317057,2.208418
0.642857,0.362944,3088,101335.519788,4.359887,2.199757
0.642857,0.370957,3089,101335.319452,4.402711,2.190304
0.642857,0.378970,3090,101335.118983,4.445523,2.180084
0.642857,0.386984,3091,101334.918547,4.488293,2.169065
0.642857,0.394997,3092,101334.718301,4.530957,2.157248
0.642857,0.403010,3093,101334.518434,4.573491,2.144606
0.642857,0.411024,3094,101334.319091,4.615883,2.131158
0.642857,0.419037,3095,101334.120460,4.658086,2.116894
0.642857,0.427050,3096,101333.922699,4.700090,2.101818
0.642857,0.435063,3097,101333.725998,4.741807,2.085916
0.642857,0.443077,3098,101333.530519,4.783246,2.069198
0.642857,0.451090,3099,101333.336443,4.824351,2.051670
0.642857,0.459103,3100,101333.143933,4.865121,2.033347
0.642857,0.467117,3101,101332.953169,4.905490,2.014226
0.642857,0.475130,3102,101332.764309,4.945429,1.994322
0.642857,0.483143,3103,101332.577528,4.984901,1.973639
0.642857,0.491156,3104,101332.392971,5.023894,1.952208
0.642857,0.499170,3105,101332.210808,5.062367,1.930036
0.642857,0.507183,3106,101332.031172,5.100300,1.907147
0.642857,0.515196,3107,101331.854220,5.137633,1.883548
0.642857,0.523210,3108,101331.680075,5.174369,1.859272
0.642857,0.531223,3109,101331.508874,5.210467,1.834336
0.642857,0.539236,3110,101331.340728,5.245925,1.808773
0.642857,0.547249,3111,101331.175757,5.280705,1.782599
0.642857,0.555263,3112,101331.014050,5.314783,1.755844
0.642857,0.563276,3113,101330.855715,5.348138,1.728530
0.642857,0.571289,3114,101330.700818,5.380771,1.700692
0.642857,0.579303,3115,101330.549447,5.412653,1.672354
0.642857,0.587316,3116,101330.401653,5.443797,1.643550
0.642857,0.595329,3117,101330.257499,5.474154,1.614302
0.642857,0.603342,3118,101330.117019,5.503743,1.584640
0.642857,0.611356,3119,101329.980258,5.532541,1.554595
0.642857,0.619369,3120,101329.847230,5.560562,1.524194
0.642857,0.627382,3121,101329.717963,5.587788,1.493467
0.642857,0.635396,3122,101329.592451,5.614240,1.462441
0.642857,0.643409,3123,101329.470706,5.639884,1.431141
0.642857,0.651422,3124,101329.352709,5.664749,1.399593
0.642857,0.659435,3125,101329.238452,5.688824,1.367824
0.642857,0.667449,3126,101329.127905,5.712129,1.335858
0.642857,0.675462,3127,101329.021047,5.734657,1.303718
0.642857,0.683475,3128,101328.917834,5.756431,1.271429
0.642857,0.691489,3129,101328.818237,5.777439,1.239008
0.642857,0.699502,3130,101328.722199,5.797707,1.206477
0.642857,0.707515,3131,101328.629684,5.817231,1.173855
0.642857,0.715528,3132,101328.540628,5.836038,1.141161
0.642857,0.723542,3133,101328.454986,5.854125,1.108409
0.642857,0.731555,3134,101328.372689,5.871518,1.075617
0.642857,0.739568,3135,101328.293690,5.888217,1.042798
0.642857,0.747582,3136,101328.217913,5.904246,1.009966
0.642857,0.755595,3137,101328.145309,5.919603,0.977132
0.642857,0.763608,3138,101328.075801,5.934316,0.944307
0.642857,0.771621,3139,101328.009338,5.948387,0.911501
0.642857,0.779635,3140,101327.945843,5.961840,0.878723
0.642857,0.787648,3141,101327.885264,5.974676,0.845980
0.642857,0.795661,3142,101327.827526,5.986921,0.813280
0.642857,0.803675,3143,101327.772579,5.998575,0.780628
0.642857,0.811688,3144,101327.720349,6.009664,0.748028
0.642857,0.819701,3145,101327.670788,6.020184,0.715485
0.642857,0.827714,3146,101327.623827,6.030163,0.683002
0.642857,0.835728,3147,101327.579418,6.039599,0.650582
0.642857,0.843741,3148,101327.537497,6.048516,0.618226
0.642857,0.851754,3149,101327.498021,6.056911,0.585935
0.642857,0.859768,3150,101327.460929,6.064809,0.553710
0.642857,0.867781,3151,101327.426182,6.072205,0.521550
0.642857,0.875794,3152,101327.393724,6.079123,0.489455
0.642857,0.883807,3153,101327.363522,6.085559,0.457423
0.642857,0.891821,3154,101327.335524,6.091533,0.425454
0.642857,0.899834,3155,101327.309700,6.097040,0.393543
0.642857,0.907847,3156,101327.286005,6.102101,0.361691
0.642857,0.915861,3157,101327.264413,6.106710,0.329890
0.642857,0.923874,3158,101327.244886,6.110887,0.298145
0.642857,0.931887,3159,101327.227402,6.114623,0.266440
0.642857,0.939900,3160,101327.211928,6.117938,0.234786
0.642857,0.947914,3161,101327.198449,6.120822,0.203164
0.642857,0.955927,3162,101327.186931,6.123293,0.171582
0.642857,0.963940,3163,101327.177381,6.125330,0.140034
0.642857,0.971954,3164,101327.169734,6.126799,0.108485
0.642857,0.979967,3165,101327.164079,6.126059,0.077015
0.642857,0.987980,3166,101327.160218,6.078888,0.045045
0.642857,0.995993,3167,101327.158620,5.985002,0.014562
0.663265,0.223952,3168,101338.662234,3.575226,1.897637
0.663265,0.231830,3169,101338.357079,3.556973,2.571848
0.663265,0.239709,3170,101338.263619,3.757705,2.191378
0.663265,0.247588,3171,101338.007890,3.717165,2.471775
0.663265,0.255466,3172,101337.865333,3.817522,2.290565
0.663265,0.263345,3173,101337.639817,3.819318,2.407994
0.663265,0.271224,3174,101337.468083,3.887249,2.334765
0.663265,0.279102,3175,101337.257791,3.913252,2.378309
0.663265,0.286981,3176,101337.069607,3.965617,2.350897
0.663265,0.294860,3177,101336.865177,4.002765,2.363636
0.663265,0.302738,3178,101336.668074,4.048979,2.352829
0.663265,0.310617,3179,101336.464584,4.090595,2.353702
0.663265,0.318496,3180,101336.262596,4.134977,2.347421
0.663265,0.326374,3181,101336.057995,4.178256,2.343652
0.663265,0.334253,3182,101335.853116,4.222316,2.337570
0.663265,0.342132,3183,101335.647000,4.266218,2.331437
0.663265,0.350010,3184,101335.440299,4.310369,2.324209
0.663265,0.357889,3185,101335.232926,4.354565,2.316320
0.663265,0.365768,3186,101335.025132,4.398829,2.307563
0.663265,0.373646,3187,101334.817060,4.443092,2.297986
0.663265,0.381525,3188,101334.608872,4.487363,2.287562
0.663265,0.389404,3189,101334.400750,4.531580,2.276289
0.663265,0.397282,3190,101334.192860,4.575759,2.264163
0.663265,0.405161,3191,101333.985396,4.619786,2.251156
0.663265,0.413040,3192,101333.778538,4.663678,2.237272
0.663265,0.420918,3193,101333.572478,4.707373,2.222505
0.663265,0.428797,3194,101333.367398,4.750867,2.206868
0.663265,0.436676,3195,101333.163499,4.794097,2.190346
0.663265,0.444554,3196,101332.960964,4.837020,2.172947
0.663265,0.452433,3197,101332.759998,4.879595,2.154666
0.663265,0.460312,3198,101332.560776,4.921807,2.135528
0.663265,0.468190,3199,101332.363500,4.963606,2.115535
0.663265,0.476069,3200,101332.168342,5.004965,2.094702
0.663265,0.483948,3201,101331.975496,5.045812,2.073033
0.663265,0.491826,3202,101331.785125,5.086148,2.050553
0.663265,0.499705,3203,101331.597410,5.125918,2.027279
0.663265,0.507584,3204,101331.412503,5.165119,2.003239
0.663265,0.515462,3205,101331.230569,5.203687,1.978446
0.663265,0.523341,3206,101331.051743,5.241603,1.952927
0.663265,0.531220,3207,101330.876176,5.278830,1.926706
0.663265,0.539098,3208,101330.703979,5.315364,1.899817
0.663265,0.546977,3209,101330.535283,5.351167,1.872286
0.663265,0.554856,3210,101330.370181,5.386233,1.844146
0.663265,0.562734,3211,101330.208780,5.420508,1.815419
0.663265,0.570613,3212,101330.051151,5.454007,1.786144
0.663265,0.578492,3213,101329.897376,5.486697,1.756349
0.663265,0.586370,3214,101329.747506,5.518586,1.726074
0.663265,0.594249,3215,101329.601599,5.549651,1.695345
0.663265,0.602128,3216,101329.459680,5.579884,1.664199
0.663265,0.610006,3217,101329.321790,5.609271,1.632659
0.663265,0.617885,3218,101329.187930,5.637827,1.600770
0.663265,0.625764,3219,101329.058119,5.665535,1.568552
0.663265,0.633642,3220,101328.932340,5.692413,1.536046
0.663265,0.641521,3221,101328.810591,5.718452,1.503275
0.663265,0.649400,3222,101328.692836,5.743656,1.470272
0.663265,0.657278,3223,101328.579060,5.768026,1.437058
0.663265,0.665157,3224,101328.469210,5.791584,1.403669
0.663265,0.673036,3225,101328.363254,5.814323,1.370124
0.663265,0.680914,3226,101328.261130,5.836271,1.336452
0.663265,0.688793,3227,101328.162792,5.857424,1.302673
0.663265,0.696672,3228,101328.068168,5.877804,1.268811
0.663265,0.704550,3229,101327.977203,5.897410,1.234882
0.663265,0.712429,3230,101327.889818,5.916272,1.200910
0.663265,0.720308,3231,101327.805952,5.934390,1.166910
0.663265,0.728186,3232,101327.725518,5.951793,1.132899
0.663265,0.736065,3233,101327.648453,5.968482,1.098891
0.663265,0.743943,3234,101327.574668,5.984488,1.064902
0.663265,0.751822,3235,101327.504095,5.999809,1.030941
0.663265,0.759701,3236,101327.436644,6.014474,0.997022
0.663265,0.767579,3237,101327.372249,6.028486,0.963151
0.663265,0.775458,3238,101327.310821,6.041876,0.929341
0.663265,0.783337,3239,101327.252292,6.054644,0.895595
0.663265,0.791215,3240,101327.196576,6.066819,0.861924
0.663265,0.799094,3241,101327.143610,6.078403,0.828330
0.663265,0.806973,3242,101327.093308,6.089423,0.794819
0.663265,0.814851,3243,101327.045612,6.099881,0.761393
0.663265,0.822730,3244,101327.000440,6.109801,0.728057
0.663265,0.830609,3245,101326.957737,6.119185,0.694810
0.663265,0.838487,3246,101326.917428,6.128059,0.661655
0.663265,0.846366,3247,101326.879461,6.136422,0.628590
0.663265,0.854245,3248,101326.843766,6.144299,0.595617
0.663265,0.862123,3249,101326.810298,6.151688,0.562734
0.663265,0.870002,3250,101326.778991,6.158613,0.529939
0.663265,0.877881,3251,101326.749805,6.165071,0.497231
0.663265,0.885759,3252,101326.722682,6.171085,0.464606
0.663265,0.893638,3253,101326.697586,6.176650,0.432061
0.663265,0.901517,3254,101326.674465,6.181789,0.399593
0.663265,0.909395,3255,101326.653289,6.186494,0.367199
0.663265,0.917274,3256,101326.634011,6.190789,0.334872
0.663265,0.925153,3257,101326.616610,6.194665,0.302612
0.663265,0.933031,3258,101326.601040,6.198143,0.270407
0.663265,0.940910,3259,101326.587288,6.201213,0.238261
0.663265,0.948789,3260,101326.575316,6.203896,0.206159
0.663265,0.956667,3261,101326.565109,6.206180,0.174103
0.663265,0.964546,3262,101326.556656,6.208069,0.142092
0.663265,0.972425,3263,101326.549902,6.209377,0.110076
0.663265,0.980303,3264,101326.544931,6.208176,0.078159
0.663265,0.988182,3265,101326.541536,6.159229,0.045718
0.663265,0.996061,3266,101326.540198,6.062246,0.014795
0.683673,0.237627,3267,101338.064498,3.640570,1.986023
0.683673,0.245367,3268,101337.745637,3.613750,2.692264
0.683673,0.253106,3269,101337.646552,3.826719,2.293702
0.683673,0.260846,3270,101337.379178,3.780804,2.589045
0.683673,0.268586,3271,101337.229661,3.887604,2.396559
0.683673,0.276326,3272,101336.993105,3.887163,2.521912
0.683673,0.284066,3273,101336.813470,3.959201,2.442735
0.683673,0.291805,3274,101336.592600,3.984884,2.489961
0.683673,0.299545,3275,101336.395686,4.040003,2.459603
0.683673,0.307285,3276,101336.181077,4.077923,2.473668
0.683673,0.315025,3277,101335.974754,4.126199,2.461367
0.683673,0.322765,3278,101335.761392,4.169127,2.462383
0.683673,0.330505,3279,101335.549979,4.215269,2.455175
0.683673,0.338244,3280,101335.335754,4.260087,2.450983
0.683673,0.345984,3281,101335.121475,4.305806,2.444088
0.683673,0.353724,3282,101334.905959,4.351327,2.437245
0.683673,0.361464,3283,101334.690027,4.397105,2.429137
0.683673,0.369204,3284,101334.473533,4.442933,2.420347
0.683673,0.376944,3285,101334.256802,4.488801,2.410579
0.683673,0.384683,3286,101334.039956,4.534680,2.399937
0.683673,0.392423,3287,101333.823213,4.580525,2.388355
0.683673,0.400163,3288,101333.606753,4.626320,2.375861
0.683673,0.407903,3289,101333.390792,4.672021,2.362422
0.683673,0.415643,3290,101333.175523,4.717565,2.348040
0.683673,0.423383,3291,101332.961174,4.762914,2.332693
0.683673,0.431122,3292,101332.747937,4.808047,2.316402
0.683673,0.438862,3293,101332.536047,4.852908,2.299157
0.683673,0.446602,3294,101332.325702,4.897474,2.280969
0.683673,0.454342,3295,101332.117132,4.941654,2.261827
0.683673,0.462082,3296,101331.910539,4.985447,2.241751
0.683673,0.469822,3297,101331.706143,5.028788,2.220749
0.683673,0.477561,3298,101331.504141,5.071667,2.198845
0.683673,0.485301,3299,101331.304744,5.114009,2.176042
0.683673,0.493041,3300,101331.108137,5.155784,2.152366
0.683673,0.500781,3301,101330.914520,5.196947,2.127830
0.683673,0.508521,3302,101330.724057,5.237481,2.102473
0.683673,0.516261,3303,101330.536933,5.277340,2.076312
0.683673,0.524000,3304,101330.353290,5.316499,2.049382
0.683673,0.531740,3305,101330.173290,5.354900,2.021701
0.683673,0.539480,3306,101329.997056,5.392544,1.993312
0.683673,0.547220,3307,101329.824721,5.429389,1.964243
0.683673,0.554960,3308,101329.656383,5.465434,1.934538
0.683673,0.562700,3309,101329.492149,5.500638,1.904222
0.683673,0.570439,3310,101329.332089,5.534986,1.873336
0.683673,0.578179,3311,101329.176284,5.568458,1.841912
0.683673,0.585919,3312,101329.024775,5.601060,1.809996
0.683673,0.593659,3313,101328.877617,5.632768,1.777619
0.683673,0.601399,3314,101328.734823,5.663595,1.744823
0.683673,0.609139,3315,101328.596423,5.693504,1.711639
0.683673,0.616878,3316,101328.462405,5.722519,1.678106
0.683673,0.624618,3317,101328.332773,5.750625,1.644258
0.683673,0.632358,3318,101328.207494,5.777843,1.610132
0.683673,0.640098,3319,101328.086551,5.804162,1.575761
0.683673,0.647838,3320,101327.969889,5.829608,1.541176
0.683673,0.655578,3321,101327.857472,5.854160,1.506407
0.683673,0.663317,3322,101327.749231,5.877854,1.471484
0.683673,0.671057,3323,101327.645113,5.900685,1.436436
0.683673,0.678797,3324,101327.545035,5.922683,1.401289
0.683673,0.686537,3325,101327.448932,5.943848,1.366068
0.683673,0.694277,3326,101327.356710,5.964210,1.330797
0.683673,0.702017,3327,101327.268296,5.983766,1.295496
0.683673,0.709756,3328,101327.183589,6.002549,1.260186
0.683673,0.717496,3329,101327.102509,6.020562,1.224883
0.683673,0.725236,3330,101327.024951,6.037839,1.189609
0.683673,0.732976,3331,101326.950832,6.054383,1.154374
0.683673,0.740716,3332,101326.880044,6.070227,1.119195
0.683673,0.748456,3333,101326.812504,6.085376,1.084084
0.683673,0.756195,3334,101326.748103,6.099860,1.049051
0.683673,0.763935,3335,101326.686760,6.113681,1.014105
0.683673,0.771675,3336,101326.628369,6.126875,0.979256
0.683673,0.779415,3337,101326.572849,6.139445,0.944509
0.683673,0.787155,3338,101326.520099,6.151422,0.909872
0.683673,0.794894,3339,101326.470043,6.162809,0.875347
0.683673,0.802634,3340,101326.422582,6.173636,0.840940
0.683673,0.810374,3341,101326.377646,6.183907,0.806653
0.683673,0.818114,3342,101326.335143,6.193650,0.772487
0.683673,0.825854,3343,101326.295006,6.202865,0.738443
0.683673,0.833594,3344,101326.257150,6.211582,0.704522
0.683673,0.841333,3345,101326.221515,6.219800,0.670722
0.683673,0.849073,3346,101326.188021,6.227547,0.637042
0.683673,0.856813,3347,101326.156615,6.234821,0.603480
0.683673,0.864553,3348,101326.127224,6.241650,0.570034
0.683673,0.872293,3349,101326.099801,6.248028,0.536699
0.683673,0.880033,3350,101326.074279,6.253983,0.503474
0.683673,0.887772,3351,101326.050619,6.259509,0.470351
0.683673,0.895512,3352,101326.028760,6.264631,0.437330
0.683673,0.903252,3353,101326.008669,6.269342,0.404401
0.683673,0.910992,3354,101325.990292,6.273665,0.371564
0.683673,0.918732,3355,101325.973602,6.277594,0.338807
0.683673,0.926472,3356,101325.958552,6.281151,0.306132
0.683673,0.934211,3357,101325.945120,6.284326,0.273524
0.683673,0.941951,3358,101325.933268,6.287140,0.240986
0.683673,0.949691,3359,101325.922979,6.289584,0.208502
0.683673,0.957431,3360,101325.914214,6.291676,0.176070
0.683673,0.965171,3361,101325.906985,6.293387,0.143694
0.683673,0.972911,3362,101325.901208,6.294527,0.111312
0.683673,0.980650,3363,101325.897005,6.292774,0.079048
0.683673,0.988390,3364,101325.894114,6.242015,0.046236
0.683673,0.996130,3365,101325.893077,6.141891,0.014976
0.704082,0.251716,3366,101337.404249,3.712206,2.078920
0.704082,0.259313,3367,101337.069609,3.676170,2.818842
0.704082,0.266910,3368,101336.964267,3.902013,2.401722
0.704082,0.274506,3369,101336.683393,3.850769,2.712004
0.704082,0.282103,3370,101336.525695,3.964239,2.508474
0.704082,0.289700,3371,101336.276639,3.961766,2.641457
0.704082,0.297297,3372,101336.087749,4.038147,2.556475
0.704082,0.304893,3373,101335.855005,4.063680,2.607194
0.704082,0.312490,3374,101335.648096,4.121813,2.573891
0.704082,0.320087,3375,101335.422100,4.160659,2.589155
0.704082,0.327684,3376,101335.205349,4.211259,2.575288
0.704082,0.335281,3377,101334.980948,4.255660,2.576324
0.704082,0.342877,3378,101334.758955,4.303819,2.568077
0.704082,0.350474,3379,101334.533985,4.350348,2.563320
0.704082,0.358071,3380,101334.309194,4.397972,2.555480
0.704082,0.365668,3381,101334.083218,4.445286,2.547758
0.704082,0.373265,3382,101333.857008,4.492926,2.538618
0.704082,0.380861,3383,101333.630405,4.540556,2.528733
0.704082,0.388458,3384,101333.403769,4.588252,2.517777
0.704082,0.396055,3385,101333.177261,4.635907,2.505851
0.704082,0.403652,3386,101332.951113,4.683531,2.492908
0.704082,0.411249,3387,101332.725560,4.731047,2.478950
0.704082,0.418845,3388,101332.500823,4.778455,2.463972
0.704082,0.426442,3389,101332.277154,4.825638,2.447949
0.704082,0.434039,3390,101332.054785,4.872599,2.430890
0.704082,0.441636,3391,101331.833967,4.919263,2.412791
0.704082,0.449233,3392,101331.614938,4.965615,2.393670
0.704082,0.456829,3393,101331.397951,5.011576,2.373517
0.704082,0.464426,3394,101331.183237,5.057102,2.352349
0.704082,0.472023,3395,101330.971047,5.102137,2.330169
0.704082,0.479620,3396,101330.761599,5.146657,2.307010
0.704082,0.487217,3397,101330.555136,5.190601,2.282882
0.704082,0.494813,3398,101330.351859,5.233935,2.257814
0.704082,0.502410,3399,101330.151992,5.276585,2.231819
0.704082,0.510007,3400,101329.955719,5.318542,2.204937
0.704082,0.517604,3401,101329.763237,5.359749,2.177193
0.704082,0.525200,3402,101329.574708,5.400195,2.148631
0.704082,0.532797,3403,101329.390300,5.439816,2.119274
0.704082,0.540394,3404,101329.210145,5.478595,2.089166
0.704082,0.547991,3405,101329.034382,5.516494,2.058341
0.704082,0.555588,3406,101328.863108,5.553510,2.026848
0.704082,0.563184,3407,101328.696434,5.589606,1.994723
0.704082,0.570781,3408,101328.534422,5.624779,1.962013
0.704082,0.578378,3409,101328.377147,5.658984,1.928752
0.704082,0.585975,3410,101328.224642,5.692240,1.894990
0.704082,0.593572,3411,101328.076948,5.724520,1.860766
0.704082,0.601168,3412,101327.934067,5.755840,1.826128
0.704082,0.608765,3413,101327.796010,5.786181,1.791112
0.704082,0.616362,3414,101327.662748,5.815548,1.755764
0.704082,0.623959,3415,101327.534266,5.843936,1.720115
0.704082,0.631556,3416,101327.410508,5.871369,1.684213
0.704082,0.639152,3417,101327.291435,5.897839,1.648089
0.704082,0.646749,3418,101327.176969,5.923374,1.611785
0.704082,0.654346,3419,101327.067051,5.947970,1.575328
0.704082,0.661943,3420,101326.961584,5.971649,1.538756
0.704082,0.669540,3421,101326.860493,5.994418,1.502092
0.704082,0.677136,3422,101326.763669,6.016309,1.465373
0.704082,0.684733,3423,101326.671022,6.037325,1.428618
0.704082,0.692330,3424,101326.582434,6.057503,1.391859
0.704082,0.699927,3425,101326.497807,6.076845,1.355113
0.704082,0.707523,3426,101326.417015,6.095385,1.318404
0.704082,0.715120,3427,101326.339957,6.113129,1.281747
0.704082,0.722717,3428,101326.266504,6.130115,1.245165
0.704082,0.730314,3429,101326.196552,6.146351,1.208668
0.704082,0.737911,3430,101326.129971,6.161871,1.172274
0.704082,0.745507,3431,101326.066659,6.176685,1.135991
0.704082,0.753104,3432,101326.006489,6.190827,1.099833
0.704082,0.760701,3433,101325.949360,6.204303,1.063807
0.704082,0.768298,3434,101325.895150,6.217147,1.027921
0.704082,0.775895,3435,101325.843761,6.229367,0.992180
0.704082,0.783491,3436,101325.795078,6.240996,0.956591
0.704082,0.791088,3437,101325.749010,6.252041,0.921155
0.704082,0.798685,3438,101325.705445,6.262534,0.885878
0.704082,0.806282,3439,101325.664300,6.272478,0.850758
0.704082,0.813879,3440,101325.625472,6.281907,0.815798
0.704082,0.821475,3441,101325.588884,6.290821,0.780996
0.704082,0.829072,3442,101325.554438,6.299251,0.746352
0.704082,0.836669,3443,101325.522068,6.307198,0.711863
0.704082,0.844266,3444,101325.491684,6.314692,0.677527
0.704082,0.851863,3445,101325.463226,6.321732,0.643340
0.704082,0.859459,3446,101325.436611,6.328347,0.609300
0.704082,0.867056,3447,101325.411788,6.334533,0.575400
0.704082,0.874653,3448,101325.388681,6.340318,0.541636
0.704082,0.882250,3449,101325.367247,6.345698,0.508003
0.704082,0.889847,3450,101325.347419,6.350699,0.474495
0.704082,0.897443,3451,101325.329159,6.355314,0.441106
0.704082,0.905040,3452,101325.312407,6.359568,0.407828
0.704082,0.912637,3453,101325.297133,6.363455,0.374657
0.704082,0.920234,3454,101325.283284,6.366997,0.341582
0.704082,0.927830,3455,101325.270837,6.370186,0.308601
0.704082,0.935427,3456,101325.259745,6.373045,0.275700
0.704082,0.943024,3457,101325.249992,6.375563,0.242879
0.704082,0.950621,3458,101325.241539,6.377761,0.210123
0.704082,0.958218,3459,101325.234367,6.379627,0.177425
0.704082,0.965814,3460,101325.228469,6.381157,0.144795
0.704082,0.973411,3461,101325.223776,6.382088,0.112154
0.704082,0.981008,3462,101325.220402,6.379718,0.079653
0.704082,0.988605,3463,101325.218075,6.327074,0.046582
0.704082,0.996202,3464,101325.217354,6.223787,0.015103
0.724490,0.266220,3465,101336.671586,3.790937,2.177134
0.724490,0.273669,3466,101336.318408,3.745201,2.952281
0.724490,0.281119,3467,101336.205879,3.984387,2.516431
0.724490,0.288568,3468,101335.909741,3.928073,2.841355
0.724490,0.296018,3469,101335.742452,4.048332,2.627139
0.724490,0.303467,3470,101335.479365,4.044207,2.767305
0.724490,0.310917,3471,101335.279712,4.125064,2.676754
0.724490,0.318366,3472,101335.033612,4.150786,2.730673
0.724490,0.325816,3473,101334.815227,4.212126,2.694454
0.724490,0.333265,3474,101334.576368,4.252200,2.710742
0.724490,0.340715,3475,101334.347749,4.305349,2.695211
0.724490,0.348165,3476,101334.110863,4.351513,2.696131
0.724490,0.355614,3477,101333.876898,4.401922,2.686680
0.724490,0.363064,3478,101333.639784,4.450448,2.681211
0.724490,0.370513,3479,101333.403155,4.500205,2.672224
0.724490,0.377963,3480,101333.165410,4.549593,2.663446
0.724490,0.385412,3481,101332.927699,4.599313,2.653040
0.724490,0.392862,3482,101332.689800,4.649013,2.641846
0.724490,0.400311,3483,101332.452177,4.698737,2.629439
0.724490,0.407761,3484,101332.214982,4.748415,2.615982
0.724490,0.415211,3485,101331.978526,4.797997,2.601383
0.724490,0.422660,3486,101331.743052,4.847452,2.585681
0.724490,0.430110,3487,101331.508852,4.896714,2.568840
0.724490,0.437559,3488,101331.276188,4.945718,2.550868
0.724490,0.445009,3489,101331.045360,4.994403,2.531749
0.724490,0.452458,3490,101330.816629,5.042738,2.511509
0.724490,0.459908,3491,101330.590296,5.090650,2.490145
0.724490,0.467357,3492,101330.366619,5.138101,2.467676
0.724490,0.474807,3493,101330.145888,5.184995,2.444103
0.724490,0.482256,3494,101329.928352,5.231315,2.419457
0.724490,0.489706,3495,101329.714282,5.276987,2.393759
0.724490,0.497156,3496,101329.503911,5.321988,2.367045
0.724490,0.504605,3497,101329.297483,5.366236,2.339332
0.724490,0.512055,3498,101329.095206,5.409700,2.310662
0.724490,0.519504,3499,101328.897297,5.452326,2.281066
0.724490,0.526954,3500,101328.703926,5.494096,2.250596
0.724490,0.534403,3501,101328.515279,5.534956,2.219286
0.724490,0.541853,3502,101328.331489,5.574884,2.187185
0.724490,0.549302,3503,101328.152702,5.613828,2.154331
0.724490,0.556752,3504,101327.979013,5.651788,2.120781
0.724490,0.564201,3505,101327.810526,5.688726,2.086579
0.724490,0.571651,3506,101327.647297,5.724647,2.051781
0.724490,0.579101,3507,101327.489389,5.759512,2.016429
0.724490,0.586550,3508,101327.336819,5.793323,1.980577
0.724490,0.594000,3509,101327.189611,5.826065,1.944270
0.724490,0.601449,3510,101327.047744,5.857754,1.907562
0.724490,0.608899,3511,101326.911207,5.888376,1.870497
0.724490,0.616348,3512,101326.779946,5.917951,1.833126
0.724490,0.623798,3513,101326.653918,5.946462,1.795487
0.724490,0.631247,3514,101326.533039,5.973940,1.757627
0.724490,0.638697,3515,101326.417239,6.000384,1.719585
0.724490,0.646146,3516,101326.306411,6.025826,1.681403
0.724490,0.653596,3517,101326.200463,6.050268,1.643117
0.724490,0.661046,3518,101326.099269,6.073744,1.604763
0.724490,0.668495,3519,101326.002720,6.096252,1.566370
0.724490,0.675945,3520,101325.910677,6.117836,1.527971
0.724490,0.683394,3521,101325.823019,6.138503,1.489593
0.724490,0.690844,3522,101325.739598,6.158293,1.451263
0.724490,0.698293,3523,101325.660287,6.177216,1.413003
0.724490,0.705743,3524,101325.584932,6.195312,1.374837
0.724490,0.713192,3525,101325.513404,6.212587,1.336780
0.724490,0.720642,3526,101325.445547,6.229084,1.298852
0.724490,0.728092,3527,101325.381234,6.244814,1.261066
0.724490,0.735541,3528,101325.320310,6.259819,1.223438
0.724490,0.742991,3529,101325.262652,6.274107,1.185975
0.724490,0.750440,3530,101325.208110,6.287720,1.148691
0.724490,0.757890,3531,101325.156565,6.300666,1.111590
0.724490,0.765339,3532,101325.107874,6.312982,1.074681
0.724490,0.772789,3533,101325.061926,6.324677,1.037966
0.724490,0.780238,3534,101325.018586,6.335788,1.001452
0.724490,0.787688,3535,101324.977751,6.346324,0.965138
0.724490,0.795137,3536,101324.939293,6.356320,0.929028
0.724490,0.802587,3537,101324.903119,6.365781,0.893119
0.724490,0.810037,3538,101324.869112,6.374741,0.857412
0.724490,0.817486,3539,101324.837185,6.383205,0.821904
0.724490,0.824936,3540,101324.807233,6.391204,0.786594
0.724490,0.832385,3541,101324.779178,6.398740,0.751476
0.724490,0.839835,3542,101324.752922,6.405845,0.716548
0.724490,0.847284,3543,101324.728399,6.412519,0.681803
0.724490,0.854734,3544,101324.705519,6.418792,0.647237
0.724490,0.862183,3545,101324.684224,6.424662,0.612844
0.724490,0.869633,3546,101324.664435,6.430156,0.578618
0.724490,0.877082,3547,101324.646101,6.435273,0.544551
0.724490,0.884532,3548,101324.629151,6.440039,0.510637
0.724490,0.891982,3549,101324.613543,6.444448,0.476867
0.724490,0.899431,3550,101324.599213,6.448526,0.443236
0.724490,0.906881,3551,101324.586127,6.452267,0.409732
0.724490,0.914330,3552,101324.574230,6.455694,0.376351
0.724490,0.921780,3553,101324.563494,6.458800,0.343081
0.724490,0.929229,3554,101324.553870,6.461608,0.309917
0.724490,0.936679,3555,101324.545337,6.464107,0.276844
0.724490,0.944128,3556,101324.537853,6.466321,0.243862
0.724490,0.951578,3557,101324.531407,6.468237,0.210954
0.724490,0.959027,3558,101324.525951,6.469875,0.178110
0.724490,0.966477,3559,101324.521510,6.471190,0.145346
0.724490,0.973927,3560,101324.517978,6.471902,0.112567
0.724490,0.981376,3561,101324.515515,6.468808,0.079950
0.724490,0.988826,3562,101324.513787,6.414232,0.046739
0.724490,0.996275,3563,101324.513422,6.307725,0.015167
0.744898,0.281138,3564,101335.854142,3.877855,2.281577
0.744898,0.288436,3565,101335.479429,3.821843,3.093477
0.744898,0.295734,3566,101335.358552,4.074974,2.638875
0.744898,0.303032,3567,101335.045046,4.013887,2.977854
0.744898,0.310330,3568,101334.866443,4.141098,2.753605
0.744898,0.317628,3569,101334.587498,4.135777,2.900197
0.744898,0.324926,3570,101334.375212,4.221293,2.804547
0.744898,0.332224,3571,101334.113982,4.247598,2.861140
0.744898,0.339522,3572,101333.882253,4.312421,2.822177
0.744898,0.346820,3573,101333.628764,4.354054,2.839153
0.744898,0.354119,3574,101333.386462,4.410084,2.821927
0.744898,0.361417,3575,101333.135364,4.458309,2.822473
0.744898,0.368715,3576,101332.887698,4.511320,2.811672
0.744898,0.376013,3577,101332.636798,4.562126,2.805237
0.744898,0.383311,3578,101332.386725,4.614362,2.794890
0.744898,0.390609,3579,101332.135707,4.666095,2.784773
0.744898,0.397907,3580,101331.885053,4.718222,2.772838
0.744898,0.405205,3581,101331.634543,4.770243,2.760013
0.744898,0.412503,3582,101331.384703,4.822295,2.745844
0.744898,0.419801,3583,101331.135745,4.874217,2.730494
0.744898,0.427100,3584,101330.888014,4.926017,2.713888
0.744898,0.434398,3585,101330.641829,4.977594,2.696041
0.744898,0.441696,3586,101330.397506,5.028924,2.676948
0.744898,0.448994,3587,101330.155386,5.079882,2.656594
0.744898,0.456292,3588,101329.915786,5.130449,2.634995
0.744898,0.463590,3589,101329.679043,5.180534,2.612158
0.744898,0.470888,3590,101329.445469,5.230103,2.588109
0.744898,0.478186,3591,101329.215388,5.279058,2.562853
0.744898,0.485484,3592,101328.989094,5.327350,2.536422
0.744898,0.492782,3593,101328.766894,5.374906,2.508837
0.744898,0.500080,3594,101328.549050,5.421692,2.480148
0.744898,0.507379,3595,101328.335841,5.467635,2.450380
0.744898,0.514677,3596,101328.127493,5.512693,2.419584
0.744898,0.521975,3597,101327.924245,5.556793,2.387793
0.744898,0.529273,3598,101327.726283,5.599920,2.355068
0.744898,0.536571,3599,101327.533798,5.642017,2.321454
0.744898,0.543869,3600,101327.346932,5.683069,2.287014
0.744898,0.551167,3601,101327.165825,5.723018,2.251792
0.744898,0.558465,3602,101326.990568,5.761855,2.215852
0.744898,0.565763,3603,101326.821254,5.799548,2.179246
0.744898,0.573061,3604,101326.657922,5.836102,2.142042
0.744898,0.580360,3605,101326.500617,5.871487,2.104291
0.744898,0.587658,3606,101326.349329,5.905710,2.066056
0.744898,0.594956,3607,101326.204056,5.938747,2.027385
0.744898,0.602254,3608,101326.064746,5.970624,1.988343
0.744898,0.609552,3609,101325.931355,6.001330,1.948979
0.744898,0.616850,3610,101325.803793,6.030895,1.909350
0.744898,0.624148,3611,101325.681978,6.059312,1.869500
0.744898,0.631446,3612,101325.565789,6.086609,1.829483
0.744898,0.638744,3613,101325.455117,6.112791,1.789337
0.744898,0.646042,3614,101325.349812,6.137898,1.749112
0.744898,0.653340,3615,101325.249745,6.161939,1.708843
0.744898,0.660639,3616,101325.154747,6.184955,1.668573
0.744898,0.667937,3617,101325.064672,6.206956,1.628330
0.744898,0.675235,3618,101324.979341,6.227979,1.588150
0.744898,0.682533,3619,101324.898596,6.248045,1.548058
0.744898,0.689831,3620,101324.822251,6.267197,1.508086
0.744898,0.697129,3621,101324.750146,6.285451,1.468252
0.744898,0.704427,3622,101324.682093,6.302853,1.428581
0.744898,0.711725,3623,101324.617931,6.319418,1.389088
0.744898,0.719023,3624,101324.557475,6.335188,1.349792
0.744898,0.726321,3625,101324.500569,6.350180,1.310705
0.744898,0.733620,3626,101324.447033,6.364439,1.271840
0.744898,0.740918,3627,101324.396717,6.377979,1.233205
0.744898,0.748216,3628,101324.349451,6.390844,1.194810
0.744898,0.755514,3629,101324.305093,6.403047,1.156659
0.744898,0.762812,3630,101324.263482,6.414629,1.118760
0.744898,0.770110,3631,101324.224488,6.425599,1.081111
0.744898,0.777408,3632,101324.187961,6.435999,1.043717
0.744898,0.784706,3633,101324.153782,6.445838,1.006576
0.744898,0.792004,3634,101324.121811,6.455155,0.969689
0.744898,0.799302,3635,101324.091943,6.463956,0.933053
0.744898,0.806600,3636,101324.064048,6.472278,0.896666
0.744898,0.813899,3637,101324.038033,6.480126,0.860522
0.744898,0.821197,3638,101324.013781,6.487535,0.824619
0.744898,0.828495,3639,101323.991208,6.494507,0.788949
0.744898,0.835793,3640,101323.970210,6.501074,0.753508
0.744898,0.843091,3641,101323.950712,6.507238,0.718288
0.744898,0.850389,3642,101323.932621,6.513030,0.683283
0.744898,0.857687,3643,101323.915874,6.518449,0.648484
0.744898,0.864985,3644,101323.900386,6.523523,0.613885
0.744898,0.872283,3645,101323.886104,6.528251,0.579476
0.744898,0.879581,3646,101323.872953,6.532660,0.545249
0.744898,0.886880,3647,101323.860889,6.536745,0.511195
0.744898,0.894178,3648,101323.849844,6.540533,0.477305
0.744898,0.901476,3649,101323.839783,6.544017,0.443569
0.744898,0.908774,3650,101323.830647,6.547222,0.409978
0.744898,0.916072,3651,101323.822407,6.550140,0.376523
0.744898,0.923370,3652,101323.815011,6.552795,0.343192
0.744898,0.930668,3653,101323.808438,6.555177,0.309979
0.744898,0.937966,3654,101323.802642,6.557310,0.276869
0.744898,0.945264,3655,101323.797609,6.559182,0.243856
0.744898,0.952562,3656,101323.793303,6.560815,0.210929
0.744898,0.959860,3657,101323.789702,6.562192,0.178070
0.744898,0.967159,3658,101323.786808,6.563295,0.145303
0.744898,0.974457,3659,101323.784534,6.563739,0.112514
0.744898,0.981755,3660,101323.783034,6.559839,0.079911
0.744898,0.989053,3661,101323.781959,6.503240,0.046692
0.744898,0.996351,3662,101323.781962,6.393483,0.015166
0.765306,0.296470,3663,101334.936666,3.974262,2.393334
0.765306,0.303612,3664,101334.536779,3.907497,3.243540
0.765306,0.310755,3665,101334.406150,4.175112,2.770296
0.765306,0.317897,3666,101334.072597,4.109795,3.122488
0.765306,0.325040,3667,101333.880558,4.243999,2.889102
0.765306,0.332182,3668,101333.583441,4.238219,3.041102
0.765306,0.339325,3669,101333.356208,4.328472,2.940987
0.765306,0.346467,3670,101333.077618,4.356003,2.999552
0.765306,0.353610,3671,101332.830246,4.424524,2.958070
0.765306,0.360752,3672,101332.559928,4.468252,2.975298
0.765306,0.367894,3673,101332.301741,4.527470,2.956311
0.765306,0.375037,3674,101332.034304,4.578229,2.956166
0.765306,0.382179,3675,101331.770877,4.634185,2.943782
0.765306,0.389322,3676,101331.504205,4.687707,2.936079
0.765306,0.396464,3677,101331.238821,4.742765,2.924042
0.765306,0.403607,3678,101330.972757,4.797247,2.912246
0.765306,0.410749,3679,101330.707549,4.852102,2.898383
0.765306,0.417891,3680,101330.442939,4.906809,2.883533
0.765306,0.425034,3681,101330.179592,4.961468,2.867147
0.765306,0.432176,3682,101329.917736,5.015950,2.849454
0.765306,0.439319,3683,101329.657826,5.070196,2.830334
0.765306,0.446461,3684,101329.400211,5.124146,2.809844
0.765306,0.453604,3685,101329.145305,5.177704,2.787951
0.765306,0.460746,3686,101328.893478,5.230794,2.764676
0.765306,0.467888,3687,101328.645135,5.283327,2.740019
0.765306,0.475031,3688,101328.400635,5.335254,2.714020
0.765306,0.482173,3689,101328.160365,5.386478,2.686691
0.765306,0.489316,3690,101327.924660,5.436942,2.658074
0.765306,0.496458,3691,101327.693875,5.486543,2.628190
0.765306,0.503601,3692,101327.468311,5.535249,2.597097
0.765306,0.510743,3693,101327.248277,5.582973,2.564836
0.765306,0.517886,3694,101327.034028,5.629684,2.531470
0.765306,0.525028,3695,101326.825819,5.675294,2.497042
0.765306,0.532170,3696,101326.623849,5.719777,2.461621
0.765306,0.539313,3697,101326.428315,5.763076,2.425264
0.765306,0.546455,3698,101326.239354,5.805177,2.388049
0.765306,0.553598,3699,101326.057101,5.846028,2.350032
0.765306,0.560740,3700,101325.881627,5.885620,2.311290
0.765306,0.567883,3701,101325.713005,5.923912,2.271883
0.765306,0.575025,3702,101325.551245,5.960918,2.231890
0.765306,0.582167,3703,101325.396359,5.996614,2.191373
0.765306,0.589310,3704,101325.248300,6.031016,2.150406
0.765306,0.596452,3705,101325.107024,6.064106,2.109047
0.765306,0.603595,3706,101324.972433,6.095907,2.067365
0.765306,0.610737,3707,101324.844436,6.126423,2.025417
0.765306,0.617880,3708,101324.722890,6.155686,1.983268
0.765306,0.625022,3709,101324.607667,6.183703,1.940969
0.765306,0.632165,3710,101324.498588,6.210512,1.898576
0.765306,0.639307,3711,101324.395493,6.236119,1.856134
0.765306,0.646449,3712,101324.298182,6.260574,1.813692
0.765306,0.653592,3713,101324.206471,6.283894,1.771291
0.765306,0.660734,3714,101324.120142,6.306128,1.728972
0.765306,0.667877,3715,101324.038999,6.327296,1.686769
0.765306,0.675019,3716,101323.962815,6.347445,1.644716
0.765306,0.682162,3717,101323.891389,6.366594,1.602838
0.765306,0.689304,3718,101323.824490,6.384799,1.561164
0.765306,0.696446,3719,101323.761917,6.402081,1.519716
0.765306,0.703589,3720,101323.703443,6.418492,1.478514
0.765306,0.710731,3721,101323.648873,6.434052,1.437573
0.765306,0.717874,3722,101323.597987,6.448812,1.396911
0.765306,0.725016,3723,101323.550598,6.462790,1.356535
0.765306,0.732159,3724,101323.506498,6.476035,1.316458
0.765306,0.739301,3725,101323.465512,6.488568,1.276685
0.765306,0.746444,3726,101323.427444,6.500434,1.237223
0.765306,0.753586,3727,101323.392134,6.511651,1.198074
0.765306,0.760728,3728,101323.359398,6.522263,1.159243
0.765306,0.767871,3729,101323.329092,6.532284,1.120726
0.765306,0.775013,3730,101323.301049,6.541755,1.082524
0.765306,0.782156,3731,101323.275136,6.550688,1.044634
0.765306,0.789298,3732,101323.251203,6.559124,1.007054
0.765306,0.796441,3733,101323.229132,6.567072,0.969777
0.765306,0.803583,3734,101323.208787,6.574569,0.932800
0.765306,0.810725,3735,101323.190064,6.581623,0.896114
0.765306,0.817868,3736,101323.172841,6.588268,0.859715
0.765306,0.825010,3737,101323.157028,6.594510,0.823592
0.765306,0.832153,3738,101323.142516,6.600380,0.787740
0.765306,0.839295,3739,101323.129227,6.605881,0.752148
0.765306,0.846438,3740,101323.117063,6.611044,0.716809
0.765306,0.853580,3741,101323.105961,6.615869,0.681711
0.765306,0.860722,3742,101323.095831,6.620387,0.646846
0.765306,0.867865,3743,101323.086620,6.624594,0.612204
0.765306,0.875007,3744,101323.078252,6.628518,0.577774
0.765306,0.882150,3745,101323.070680,6.632156,0.543545
0.765306,0.889292,3746,101323.063837,6.635534,0.509508
0.765306,0.896435,3747,101323.057686,6.638646,0.475651
0.765306,0.903577,3748,101323.052169,6.641516,0.441965
0.765306,0.910720,3749,101323.047255,6.644137,0.408436
0.765306,0.917862,3750,101323.042893,6.646534,0.375056
0.765306,0.925004,3751,101323.039061,6.648697,0.341812
0.765306,0.932147,3752,101323.035714,6.650649,0.308695
0.765306,0.939289,3753,101323.032835,6.652378,0.275691
0.765306,0.946432,3754,101323.030385,6.653909,0.242792
0.765306,0.953574,3755,101323.028358,6.655225,0.209987
0.765306,0.960717,3756,101323.026704,6.656346,0.177253
0.765306,0.967859,3757,101323.025460,6.657203,0.144622
0.765306,0.975001,3758,101323.024502,6.657364,0.111963
0.765306,0.982144,3759,101323.024031,6.652531,0.079515
0.765306,0.989286,3760,101323.023633,6.593849,0.046427
0.765306,0.996429,3761,101323.024039,6.480773,0.015094
0.785714,0.312217,3762,101333.899720,4.081886,2.513805
0.785714,0.319199,3763,101333.470142,4.003871,3.403747
0.785714,0.326182,3764,101333.327875,4.286618,2.912343
0.785714,0.333165,3765,101332.970924,4.217746,3.276399
0.785714,0.340147,3766,101332.762719,4.359036,3.035229
0.785714,0.347130,3767,101332.444543,4.353705,3.191148
0.785714,0.354112,3768,101332.199391,4.448839,3.087525
0.785714,0.361095,3769,101331.900682,4.478375,3.147015
0.785714,0.368077,3770,101331.634734,4.550919,3.103404
0.785714,0.375060,3771,101331.344894,4.597372,3.120203
0.785714,0.382043,3772,101331.068049,4.660232,3.099440
0.785714,0.389025,3773,101330.781708,4.714055,3.098092
0.785714,0.396008,3774,101330.499981,4.773461,3.083869
0.785714,0.402990,3775,101330.215200,4.830170,3.074414
0.785714,0.409973,3776,101329.932278,4.888548,3.060284
0.785714,0.416955,3777,101329.649166,4.946200,3.046284
0.785714,0.423938,3778,101329.367575,5.004238,3.029989
0.785714,0.430921,3779,101329.087304,5.061992,3.012523
0.785714,0.437903,3780,101328.809112,5.119645,2.993335
0.785714,0.444886,3781,101328.533333,5.176970,2.972642
0.785714,0.451868,3782,101328.260485,5.233960,2.950356
0.785714,0.458851,3783,101327.991031,5.290472,2.926511
0.785714,0.465833,3784,101327.725434,5.346451,2.901114
0.785714,0.472816,3785,101327.464170,5.401752,2.874171
0.785714,0.479799,3786,101327.207675,5.456327,2.845723
0.785714,0.486781,3787,101326.956399,5.510059,2.815797
0.785714,0.493764,3788,101326.710742,5.562890,2.784447
0.785714,0.500746,3789,101326.471107,5.614706,2.751710
0.785714,0.507729,3790,101326.237840,5.665448,2.717649
0.785714,0.514711,3791,101326.011286,5.715029,2.682321
0.785714,0.521694,3792,101325.791724,5.763408,2.645805
0.785714,0.528676,3793,101325.579426,5.810506,2.608163
0.785714,0.535659,3794,101325.374594,5.856283,2.569480
0.785714,0.542642,3795,101325.177421,5.900677,2.529824
0.785714,0.549624,3796,101324.988028,5.943678,2.489288
0.785714,0.556607,3797,101324.806527,5.985237,2.447949
0.785714,0.563589,3798,101324.632957,6.025354,2.405898
0.785714,0.570572,3799,101324.467350,6.063991,2.363207
0.785714,0.577554,3800,101324.309669,6.101161,2.319967
0.785714,0.584537,3801,101324.159872,6.136852,2.276253
0.785714,0.591520,3802,101324.017853,6.171090,2.232152
0.785714,0.598502,3803,101323.883506,6.203869,2.187731
0.785714,0.605485,3804,101323.756665,6.235222,2.143069
0.785714,0.612467,3805,101323.637171,6.265154,2.098227
0.785714,0.619450,3806,101323.524812,6.293716,2.053279
0.785714,0.626432,3807,101323.419387,6.320923,2.008280
0.785714,0.633415,3808,101323.320650,6.346826,1.963292
0.785714,0.640398,3809,101323.228370,6.371444,1.918362
0.785714,0.647380,3810,101323.142277,6.394831,1.873541
0.785714,0.654363,3811,101323.062124,6.417017,1.828871
0.785714,0.661345,3812,101322.987628,6.438060,1.784395
0.785714,0.668328,3813,101322.918534,6.457990,1.740143
0.785714,0.675310,3814,101322.854556,6.476866,1.696153
0.785714,0.682293,3815,101322.795441,6.494714,1.652446
0.785714,0.689276,3816,101322.740905,6.511594,1.609050
0.785714,0.696258,3817,101322.690704,6.527536,1.565981
0.785714,0.703241,3818,101322.644566,6.542598,1.523260
0.785714,0.710223,3819,101322.602257,6.556809,1.480898
0.785714,0.717206,3820,101322.563520,6.570224,1.438909
0.785714,0.724188,3821,101322.528138,6.582868,1.397298
0.785714,0.731171,3822,101322.495872,6.594791,1.356073
0.785714,0.738154,3823,101322.466521,6.606019,1.315236
0.785714,0.745136,3824,101322.439867,6.616602,1.274791
0.785714,0.752119,3825,101322.415730,6.626561,1.234735
0.785714,0.759101,3826,101322.393908,6.635942,1.195069
0.785714,0.766084,3827,101322.374242,6.644762,1.155787
0.785714,0.773066,3828,101322.356551,6.653065,1.116887
0.785714,0.780049,3829,101322.340693,6.660864,1.078360
0.785714,0.787032,3830,101322.326507,6.668201,1.040203
0.785714,0.794014,3831,101322.313870,6.675086,1.002405
0.785714,0.800997,3832,101322.302637,6.681560,0.964960
0.785714,0.807979,3833,101322.292702,6.687628,0.927856
0.785714,0.814962,3834,101322.283939,6.693329,0.891087
0.785714,0.821944,3835,101322.276255,6.698665,0.854639
0.785714,0.828927,3836,101322.269539,6.703672,0.818504
0.785714,0.835910,3837,101322.263714,6.708350,0.782669
0.785714,0.842892,3838,101322.258681,6.712732,0.747124
0.785714,0.849875,3839,101322.254376,6.716817,0.711856
0.785714,0.856857,3840,101322.250712,6.720637,0.676856
0.785714,0.863840,3841,101322.247636,6.724187,0.642109
0.785714,0.870822,3842,101322.245072,6.727497,0.607606
0.785714,0.877805,3843,101322.242977,6.730561,0.573332
0.785714,0.884788,3844,101322.241285,6.733408,0.539277
0.785714,0.891770,3845,101322.239961,6.736030,0.505427
0.785714,0.898753,3846,101322.238947,6.738452,0.471773
0.785714,0.905735,3847,101322.238217,6.740667,0.438299
0.785714,0.912718,3848,101322.237719,6.742699,0.404996
0.785714,0.919700,3849,101322.237434,6.744537,0.371851
0.785714,0.926683,3850,101322.237316,6.746206,0.338850
0.785714,0.933666,3851,101322.237353,6.747694,0.305985
0.785714,0.940648,3852,101322.237505,6.749025,0.273241
0.785714,0.947631,3853,101322.237762,6.750183,0.240607
0.785714,0.954613,3854,101322.238096,6.751192,0.208074
0.785714,0.961596,3855,101322.238485,6.752030,0.175614
0.785714,0.968578,3856,101322.238944,6.752647,0.143267
0.785714,0.975561,3857,101322.239370,6.752465,0.110886
0.785714,0.982544,3858,101322.239957,6.746600,0.078740
0.785714,0.989526,3859,101322.240275,6.685727,0.045931
0.785714,0.996509,3860,101322.241088,6.569290,0.014947
0.806122,0.328378,3861,101332.718009,4.202930,2.644761
0.806122,0.335197,3862,101332.252911,4.113344,3.575790
0.806122,0.342015,3863,101332.096528,4.411776,3.067059
0.806122,0.348834,3864,101331.711843,4.340434,3.441100
0.806122,0.355652,3865,101331.483959,4.488778,3.193924
0.806122,0.362470,3866,101331.140976,4.485224,3.351826
0.806122,0.369289,3867,101330.874109,4.585302,3.245882
0.806122,0.376107,3868,101330.551723,4.617991,3.304959
0.806122,0.382926,3869,101330.263490,4.694868,3.259649
0.806122,0.389744,3870,101329.950701,4.744981,3.275149
0.806122,0.396563,3871,101329.651754,4.811965,3.252502
0.806122,0.403381,3872,101329.343312,4.869641,3.249285
0.806122,0.410200,3873,101329.040226,4.933044,3.232790
0.806122,0.417018,3874,101328.734522,4.993625,3.220943
0.806122,0.423837,3875,101328.431512,5.055857,3.204090
0.806122,0.430655,3876,101328.129085,5.117270,3.187183
0.806122,0.437474,3877,101327.829201,5.178953,3.167688
0.806122,0.444292,3878,101327.531701,5.240236,3.146813
0.806122,0.451111,3879,101327.237529,5.301238,3.123952
0.806122,0.457929,3880,101326.947089,5.361757,3.099381
0.806122,0.464748,3881,101326.661056,5.421706,3.072983
0.806122,0.471566,3882,101326.379959,5.480976,3.044843
0.806122,0.478385,3883,101326.104392,5.539434,3.014951
0.806122,0.485203,3884,101325.834877,5.596976,2.983366
0.806122,0.492022,3885,101325.571952,5.653482,2.950123
0.806122,0.498840,3886,101325.316086,5.708874,2.915301
0.806122,0.505659,3887,101325.067747,5.763035,2.878952
0.806122,0.512477,3888,101324.827324,5.815890,2.841164
0.806122,0.519296,3889,101324.595197,5.867336,2.802007
0.806122,0.526114,3890,101324.371659,5.917329,2.761583
0.806122,0.532933,3891,101324.156989,5.965788,2.719980
0.806122,0.539751,3892,101323.951375,6.012680,2.677302
0.806122,0.546570,3893,101323.754988,6.057938,2.633641
0.806122,0.553388,3894,101323.567908,6.101551,2.589108
0.806122,0.560207,3895,101323.390199,6.143484,2.543798
0.806122,0.567025,3896,101323.221837,6.183743,2.497822
0.806122,0.573844,3897,101323.062785,6.222305,2.451273
0.806122,0.580662,3898,101322.912926,6.259190,2.404253
0.806122,0.587481,3899,101322.772135,6.294397,2.356852
0.806122,0.594299,3900,101322.640213,6.327966,2.309166
0.806122,0.601118,3901,101322.516961,6.359909,2.261277
0.806122,0.607936,3902,101322.402116,6.390274,2.213271
0.806122,0.614755,3903,101322.295424,6.419082,2.165217
0.806122,0.621573,3904,101322.196573,6.446391,2.117192
0.806122,0.628392,3905,101322.105269,6.472236,2.069255
0.806122,0.635210,3906,101322.021170,6.496681,2.021473
0.806122,0.642029,3907,101321.943958,6.519762,1.973892
0.806122,0.648847,3908,101321.873274,6.541545,1.926567
0.806122,0.655666,3909,101321.808791,6.562070,1.879534
0.806122,0.662484,3910,101321.750147,6.581407,1.832836
0.806122,0.669303,3911,101321.697016,6.599598,1.786502
0.806122,0.676121,3912,101321.649046,6.616711,1.740563
0.806122,0.682940,3913,101321.605920,6.632786,1.695041
0.806122,0.689758,3914,101321.567302,6.647888,1.649957
0.806122,0.696577,3915,101321.532893,6.662054,1.605323
0.806122,0.703395,3916,101321.502378,6.675350,1.561155
0.806122,0.710214,3917,101321.475482,6.687811,1.517459
0.806122,0.717032,3918,101321.451912,6.699497,1.474244
0.806122,0.723851,3919,101321.431420,6.710439,1.431509
0.806122,0.730669,3920,101321.413739,6.720694,1.389259
0.806122,0.737488,3921,101321.398647,6.730287,1.347488
0.806122,0.744306,3922,101321.385905,6.739272,1.306198
0.806122,0.751125,3923,101321.375315,6.747673,1.265378
0.806122,0.757943,3924,101321.366665,6.755539,1.225027
0.806122,0.764762,3925,101321.359783,6.762889,1.185134
0.806122,0.771580,3926,101321.354482,6.769768,1.145691
0.806122,0.778399,3927,101321.350613,6.776191,1.106687
0.806122,0.785217,3928,101321.348011,6.782200,1.068113
0.806122,0.792036,3929,101321.346550,6.787806,1.029956
0.806122,0.798854,3930,101321.346086,6.793049,0.992205
0.806122,0.805673,3931,101321.346513,6.797937,0.954846
0.806122,0.812491,3932,101321.347704,6.802506,0.917868
0.806122,0.819310,3933,101321.349571,6.806761,0.881255
0.806122,0.826128,3934,101321.352004,6.810735,0.844997
0.806122,0.832947,3935,101321.354932,6.814430,0.809078
0.806122,0.839765,3936,101321.358258,6.817878,0.773486
0.806122,0.846584,3937,101321.361924,6.821078,0.738205
0.806122,0.853402,3938,101321.365846,6.824059,0.703224
0.806122,0.860221,3939,101321.369978,6.826819,0.668526
0.806122,0.867039,3940,101321.374248,6.829386,0.634101
0.806122,0.873858,3941,101321.378618,6.831754,0.599931
0.806122,0.880676,3942,101321.383026,6.833951,0.566007
0.806122,0.887495,3943,101321.387444,6.835968,0.532311
0.806122,0.894313,3944,101321.391816,6.837831,0.498834
0.806122,0.901132,3945,101321.396122,6.839531,0.465559
0.806122,0.907950,3946,101321.400315,6.841094,0.432476
0.806122,0.914769,3947,101321.404378,6.842506,0.399569
0.806122,0.921587,3948,101321.408271,6.843793,0.366828
0.806122,0.928406,3949,101321.411983,6.844943,0.334237
0.806122,0.935224,3950,101321.415478,6.845978,0.301787
0.806122,0.942043,3951,101321.418751,6.846885,0.269463
0.806122,0.948861,3952,101321.421767,6.847686,0.237253
0.806122,0.955680,3953,101321.424531,6.848363,0.205149
0.806122,0.962498,3954,101321.426995,6.848931,0.173120
0.806122,0.969317,3955,101321.429211,6.849277,0.141211
0.806122,0.976135,3956,101321.431038,6.848729,0.109261
0.806122,0.982954,3957,101321.432719,6.841683,0.077570
0.806122,0.989772,3958,101321.433755,6.778544,0.045195
0.806122,0.996591,3959,101321.434999,6.658661,0.014720
0.826531,0.344954,3960,101331.357751,4.340435,2.788582
0.826531,0.351604,3961,101330.849510,4.239023,3.761742
0.826531,0.358254,3962,101330.675575,4.553799,3.237199
0.826531,0.364904,3963,101330.257522,4.481418,3.618453
0.826531,0.371554,3964,101330.005224,4.636873,3.367736
0.826531,0.378205,3965,101329.632550,4.636771,3.524978
0.826531,0.384855,3966,101329.338924,4.742007,3.418277
0.826531,0.391505,3967,101328.988260,4.779280,3.475105
0.826531,0.398155,3968,101328.672886,4.861018,3.428637
0.826531,0.404806,3969,101328.332802,4.915944,3.441583
0.826531,0.411456,3970,101328.007350,4.987786,3.416876
0.826531,0.418106,3971,101327.672891,5.050263,3.410779
0.826531,0.424756,3972,101327.344703,5.118454,3.391395
0.826531,0.431406,3973,101327.014834,5.183694,3.376155
0.826531,0.438057,3974,101326.688854,5.250513,3.355685
0.826531,0.444707,3975,101326.364794,5.316316,3.334779
0.826531,0.451357,3976,101326.044802,5.382238,3.311003
0.826531,0.458007,3977,101325.728901,5.447493,3.285512
0.826531,0.464658,3978,101325.418183,5.512242,3.257765
0.826531,0.471308,3979,101325.113231,5.576182,3.228019
0.826531,0.477958,3980,101324.814830,5.639258,3.196216
0.826531,0.484608,3981,101324.523662,5.701275,3.162435
0.826531,0.491258,3982,101324.240387,5.762130,3.126730
0.826531,0.497909,3983,101323.965638,5.821653,3.089166
0.826531,0.504559,3984,101323.699970,5.879760,3.049841
0.826531,0.511209,3985,101323.443910,5.936316,3.008845
0.826531,0.517859,3986,101323.197892,5.991243,2.966294
0.826531,0.524509,3987,101322.962310,6.044428,2.922289
0.826531,0.531160,3988,101322.737458,6.095817,2.876960
0.826531,0.537810,3989,101322.523586,6.145336,2.830426
0.826531,0.544460,3990,101322.320839,6.192957,2.782823
0.826531,0.551110,3991,101322.129324,6.238627,2.734271
0.826531,0.557761,3992,101321.949038,6.282341,2.684906
0.826531,0.564411,3993,101321.779949,6.324074,2.634847
0.826531,0.571061,3994,101321.621924,6.363854,2.584227
0.826531,0.577711,3995,101321.474807,6.401676,2.533159
0.826531,0.584361,3996,101321.338352,6.437582,2.481764
0.826531,0.591012,3997,101321.212301,6.471587,2.430142
0.826531,0.597662,3998,101321.096319,6.503751,2.378403
0.826531,0.604312,3999,101320.990067,6.534109,2.326637
0.826531,0.610962,4000,101320.893147,6.562732,2.274939
0.826531,0.617613,4001,101320.805166,6.589661,2.223383
0.826531,0.624263,4002,101320.725683,6.614973,2.172046
0.826531,0.630913,4003,101320.654276,6.638720,2.120990
0.826531,0.637563,4004,101320.590484,6.660986,2.070278
0.826531,0.644213,4005,101320.533873,6.681825,2.019958
0.826531,0.650864,4006,101320.483980,6.701319,1.970079
0.826531,0.657514,4007,101320.440379,6.719523,1.920673
0.826531,0.664164,4008,101320.402618,6.736518,1.871778
0.826531,0.670814,4009,101320.370291,6.752359,1.823416
0.826531,0.677464,4010,101320.342969,6.767126,1.775613
0.826531,0.684115,4011,101320.320273,6.780868,1.728382
0.826531,0.690765,4012,101320.301806,6.793661,1.681738
0.826531,0.697415,4013,101320.287222,6.805548,1.635685
0.826531,0.704065,4014,101320.276159,6.816600,1.590232
0.826531,0.710716,4015,101320.268306,6.826859,1.545377
0.826531,0.717366,4016,101320.263340,6.836390,1.501122
0.826531,0.724016,4017,101320.260986,6.845229,1.457459
0.826531,0.730666,4018,101320.260957,6.853434,1.414385
0.826531,0.737316,4019,101320.263016,6.861036,1.371890
0.826531,0.743967,4020,101320.266909,6.868088,1.329965
0.826531,0.750617,4021,101320.272434,6.874617,1.288598
0.826531,0.757267,4022,101320.279370,6.880672,1.247778
0.826531,0.763917,4023,101320.287546,6.886274,1.207490
0.826531,0.770568,4024,101320.296772,6.891469,1.167722
0.826531,0.777218,4025,101320.306903,6.896271,1.128456
0.826531,0.783868,4026,101320.317778,6.900722,1.089680
0.826531,0.790518,4027,101320.329276,6.904832,1.051375
0.826531,0.797168,4028,101320.341259,6.908641,1.013528
0.826531,0.803819,4029,101320.353629,6.912156,0.976120
0.826531,0.810469,4030,101320.366267,6.915413,0.939137
0.826531,0.817119,4031,101320.379095,6.918415,0.902562
0.826531,0.823769,4032,101320.392011,6.921196,0.866378
0.826531,0.830419,4033,101320.404954,6.923755,0.830569
0.826531,0.837070,4034,101320.417836,6.926124,0.795119
0.826531,0.843720,4035,101320.430609,6.928300,0.760012
0.826531,0.850370,4036,101320.443200,6.930313,0.725233
0.826531,0.857020,4037,101320.455571,6.932157,0.690764
0.826531,0.863671,4038,101320.467660,6.933862,0.656593
0.826531,0.870321,4039,101320.479437,6.935418,0.622701
0.826531,0.876971,4040,101320.490851,6.936854,0.589076
0.826531,0.883621,4041,101320.501879,6.938160,0.555702
0.826531,0.890271,4042,101320.512476,6.939361,0.522565
0.826531,0.896922,4043,101320.522629,6.940447,0.489650
0.826531,0.903572,4044,101320.532296,6.941443,0.456944
0.826531,0.910222,4045,101320.541471,6.942335,0.424432
0.826531,0.916872,4046,101320.550115,6.943148,0.392101
0.826531,0.923523,4047,101320.558228,6.943867,0.359938
0.826531,0.930173,4048,101320.565775,6.944518,0.327930
0.826531,0.936823,4049,101320.572758,6.945084,0.296063
0.826531,0.943473,4050,101320.579147,6.945589,0.264325
0.826531,0.950123,4051,101320.584945,6.946016,0.232703
0.826531,0.956774,4052,101320.590130,6.946385,0.201189
0.826531,0.963424,4053,101320.594688,6.946662,0.169750
0.826531,0.970074,4054,101320.598647,6.946746,0.138437
0.826531,0.976724,4055,101320.601891,6.945760,0.107076
0.826531,0.983374,4056,101320.604654,6.937417,0.075998
0.826531,0.990025,4057,101320.606423,6.871884,0.044214
0.826531,0.996675,4058,101320.608086,6.748496,0.014414
0.846939,0.361944,4059,101329.772651,4.498549,2.948463
0.846939,0.368421,4060,101329.210895,4.385399,3.964453
0.846939,0.374899,4061,101329.014596,4.717080,3.426354
0.846939,0.381377,4062,101328.555557,4.645849,3.811024
0.846939,0.387854,4063,101328.272354,4.808416,3.559903
0.846939,0.394332,4064,101327.863350,4.814156,3.713107
0.846939,0.400810,4065,101327.536180,4.924831,3.607416
0.846939,0.407288,4066,101327.151046,4.968720,3.659684
0.846939,0.413765,4067,101326.802152,5.056009,3.612459
0.846939,0.420243,4068,101326.429089,5.117396,3.621213
0.846939,0.426721,4069,101326.071587,5.195017,3.593917
0.846939,0.433199,4070,101325.706265,5.263631,3.583520
0.846939,0.439676,4071,101325.348613,5.337550,3.560143
0.846939,0.446154,4072,101324.990978,5.408508,3.540043
0.846939,0.452632,4073,101324.639188,5.480701,3.514490
0.846939,0.459110,4074,101324.291526,5.551658,3.487970
0.846939,0.465587,4075,101323.950416,5.622337,3.458213
0.846939,0.472065,4076,101323.616083,5.691993,3.426353
0.846939,0.478543,4077,101323.289868,5.760670,3.391888
0.846939,0.485020,4078,101322.972497,5.828089,3.355136
0.846939,0.491498,4079,101322.664944,5.894101,3.316058
0.846939,0.497976,4080,101322.367964,5.958540,3.274814
0.846939,0.504454,4081,101322.082328,6.021231,3.231482
0.846939,0.510931,4082,101321.808661,6.082049,3.186212
0.846939,0.517409,4083,101321.547544,6.140858,3.139133
0.846939,0.523887,4084,101321.299418,6.197572,3.090413
0.846939,0.530365,4085,101321.064658,6.252085,3.040197
0.846939,0.536842,4086,101320.843499,6.304346,2.988660
0.846939,0.543320,4087,101320.636108,6.354288,2.935958
0.846939,0.549798,4088,101320.442514,6.401904,2.882268
0.846939,0.556275,4089,101320.262684,6.447164,2.827749
0.846939,0.562753,4090,101320.096459,6.490089,2.772565
0.846939,0.569231,4091,101319.943629,6.530678,2.716866
0.846939,0.575709,4092,101319.803874,6.568985,2.660805
0.846939,0.582186,4093,101319.676839,6.605040,2.604516
0.846939,0.588664,4094,101319.562076,6.638916,2.548137
0.846939,0.595142,4095,101319.459124,6.670660,2.491781
0.846939,0.601620,4096,101319.367442,6.700360,2.435564
0.846939,0.608097,4097,101319.286497,6.728082,2.379582
0.846939,0.614575,4098,101319.215696,6.753923,2.323930
0.846939,0.621053,4099,101319.154466,6.777956,2.268684
0.846939,0.627531,4100,101319.102192,6.800282,2.213918
0.846939,0.634008,4101,101319.058292,6.820976,2.159687
0.846939,0.640486,4102,101319.022156,6.840142,2.106048
0.846939,0.646964,4103,101318.993215,6.857855,2.053042
0.846939,0.653441,4104,101318.970883,6.874216,2.000706
0.846939,0.659919,4105,101318.954624,6.889296,1.949066
0.846939,0.666397,4106,101318.943891,6.903190,1.898146
0.846939,0.672875,4107,101318.938192,6.915964,1.847959
0.846939,0.679352,4108,101318.937025,6.927708,1.798519
0.846939,0.685830,4109,101318.939951,6.938482,1.749827
0.846939,0.692308,4110,101318.946519,6.948368,1.701889
0.846939,0.698786,4111,101318.956343,6.957418,1.654697
0.846939,0.705263,4112,101318.969027,6.965707,1.608249
0.846939,0.711741,4113,101318.984234,6.973279,1.562532
0.846939,0.718219,4114,101319.001622,6.980203,1.517540
0.846939,0.724696,4115,101319.020906,6.986518,1.473255
0.846939,0.731174,4116,101319.041790,6.992284,1.429665
0.846939,0.737652,4117,101319.064034,6.997531,1.386752
0.846939,0.744130,4118,101319.087388,7.002315,1.344499
0.846939,0.750607,4119,101319.111654,7.006660,1.302886
0.846939,0.757085,4120,101319.136619,7.010616,1.261896
0.846939,0.763563,4121,101319.162124,7.014202,1.221508
0.846939,0.770041,4122,101319.187990,7.017462,1.181703
0.846939,0.776518,4123,101319.214087,7.020411,1.142459
0.846939,0.782996,4124,101319.240268,7.023088,1.103757
0.846939,0.789474,4125,101319.266430,7.025503,1.065576
0.846939,0.795951,4126,101319.292449,7.027692,1.027898
0.846939,0.802429,4127,101319.318247,7.029661,0.990699
0.846939,0.808907,4128,101319.343721,7.031443,0.953963
0.846939,0.815385,4129,101319.368809,7.033041,0.917668
0.846939,0.821862,4130,101319.393428,7.034485,0.881797
0.846939,0.828340,4131,101319.417532,7.035774,0.846329
0.846939,0.834818,4132,101319.441051,7.036937,0.811247
0.846939,0.841296,4133,101319.463953,7.037971,0.776532
0.846939,0.847773,4134,101319.486178,7.038901,0.742168
0.846939,0.854251,4135,101319.507705,7.039722,0.708136
0.846939,0.860729,4136,101319.528485,7.040460,0.674420
0.846939,0.867207,4137,101319.548503,7.041107,0.641002
0.846939,0.873684,4138,101319.567719,7.041687,0.607869
0.846939,0.880162,4139,101319.586126,7.042191,0.575001
0.846939,0.886640,4140,101319.603687,7.042642,0.542387
0.846939,0.893117,4141,101319.620401,7.043028,0.510009
0.846939,0.899595,4142,101319.636237,7.043372,0.477854
0.846939,0.906073,4143,101319.651197,7.043662,0.445906
0.846939,0.912551,4144,101319.665253,7.043920,0.414152
0.846939,0.919028,4145,101319.678412,7.044131,0.382578
0.846939,0.925506,4146,101319.690648,7.044319,0.351172
0.846939,0.931984,4147,101319.701969,7.044467,0.319918
0.846939,0.938462,4148,101319.712352,7.044598,0.288806
0.846939,0.944939,4149,101319.721806,7.044694,0.257820
0.846939,0.951417,4150,101319.730307,7.044778,0.226950
0.846939,0.957895,4151,101319.737874,7.044826,0.196189
0.846939,0.964372,4152,101319.744463,7.044840,0.165501
0.846939,0.970850,4153,101319.750139,7.044631,0.134941
0.846939,0.977328,4154,101319.754753,7.043172,0.104328
0.846939,0.983806,4155,101319.758586,7.033360,0.074019
0.846939,0.990283,4156,101319.761057,6.965339,0.042985
0.846939,0.996761,4157,101319.763146,6.838340,0.014024
0.867347,0.379348,4158,101327.896942,4.683359,3.128949
0.867347,0.385649,4159,101327.267140,4.558892,4.187722
0.867347,0.391950,4160,101327.041358,4.908215,3.639568
0.867347,0.398251,4161,101326.530740,4.841209,4.022261
0.867347,0.404552,4162,101326.207288,5.011181,3.774813
0.867347,0.410853,4163,101325.752710,5.025942,3.919499
0.867347,0.417154,4164,101325.382492,5.142812,3.816781
0.867347,0.423455,4165,101324.954425,5.195978,3.861388
0.867347,0.429756,4166,101324.563411,5.290060,3.813506
0.867347,0.436057,4167,101324.149999,5.360030,3.815679
0.867347,0.442358,4168,101323.753480,5.444842,3.784667
0.867347,0.448659,4169,101323.351655,5.521227,3.767711
0.867347,0.454960,4170,101322.959835,5.602133,3.738455
0.867347,0.461261,4171,101322.571211,5.679946,3.711089
0.867347,0.467562,4172,101322.191725,5.758382,3.678107
0.867347,0.473863,4173,101321.820219,5.835078,3.643377
0.867347,0.480165,4174,101321.459330,5.910850,3.605046
0.867347,0.486466,4175,101321.109649,5.984893,3.564117
0.867347,0.492767,4176,101320.772684,6.057233,3.520277
0.867347,0.499068,4177,101320.449375,6.127512,3.473858
0.867347,0.505369,4178,101320.140747,6.195605,3.424952
0.867347,0.511670,4179,101319.847623,6.261288,3.373769
0.867347,0.517971,4180,101319.570691,6.324438,3.320505
0.867347,0.524272,4181,101319.310506,6.384907,3.265367
0.867347,0.530573,4182,101319.067439,6.442626,3.208587
0.867347,0.536874,4183,101318.841741,6.497509,3.150379
0.867347,0.543175,4184,101318.633473,6.549534,3.090976
0.867347,0.549476,4185,101318.442592,6.598668,3.030589
0.867347,0.555777,4186,101318.268878,6.644940,2.969441
0.867347,0.562078,4187,101318.112025,6.688367,2.907729
0.867347,0.568379,4188,101317.971579,6.729015,2.845656
0.867347,0.574680,4189,101317.847025,6.766934,2.783395
0.867347,0.580981,4190,101317.737724,6.802223,2.721122
0.867347,0.587282,4191,101317.643011,6.834960,2.658984
0.867347,0.593583,4192,101317.562125,6.865264,2.597126
0.867347,0.599884,4193,101317.494304,6.893229,2.535668
0.867347,0.606185,4194,101317.438722,6.918984,2.474724
0.867347,0.612486,4195,101317.394573,6.942633,2.414384
0.867347,0.618787,4196,101317.361011,6.964311,2.354736
0.867347,0.625088,4197,101317.337233,6.984123,2.295844
0.867347,0.631389,4198,101317.322410,7.002200,2.237769
0.867347,0.637690,4199,101317.315774,7.018645,2.180554
0.867347,0.643991,4200,101317.316545,7.033584,2.124237
0.867347,0.650292,4201,101317.324009,7.047112,2.068842
0.867347,0.656594,4202,101317.337454,7.059349,2.014390
0.867347,0.662895,4203,101317.356239,7.070380,1.960890
0.867347,0.669196,4204,101317.379726,7.080312,1.908347
0.867347,0.675497,4205,101317.407354,7.089222,1.856758
0.867347,0.681798,4206,101317.438564,7.097207,1.806120
0.867347,0.688099,4207,101317.472873,7.104334,1.756418
0.867347,0.694400,4208,101317.509804,7.110689,1.707641
0.867347,0.700701,4209,101317.548948,7.116328,1.659769
0.867347,0.707002,4210,101317.589902,7.121326,1.612785
0.867347,0.713303,4211,101317.632327,7.125730,1.566665
0.867347,0.719604,4212,101317.675887,7.129607,1.521387
0.867347,0.725905,4213,101317.720307,7.132996,1.476924
0.867347,0.732206,4214,101317.765309,7.135955,1.433255
0.867347,0.738507,4215,101317.810673,7.138513,1.390350
0.867347,0.744808,4216,101317.856173,7.140722,1.348185
0.867347,0.751109,4217,101317.901636,7.142605,1.306732
0.867347,0.757410,4218,101317.946878,7.144207,1.265965
0.867347,0.763711,4219,101317.991767,7.145545,1.225858
0.867347,0.770012,4220,101318.036154,7.146660,1.186385
0.867347,0.776313,4221,101318.079942,7.147562,1.147520
0.867347,0.782614,4222,101318.123010,7.148289,1.109238
0.867347,0.788915,4223,101318.165288,7.148846,1.071514
0.867347,0.795216,4224,101318.206680,7.149266,1.034326
0.867347,0.801517,4225,101318.247136,7.149551,0.997646
0.867347,0.807818,4226,101318.286582,7.149732,0.961456
0.867347,0.814119,4227,101318.324983,7.149808,0.925731
0.867347,0.820420,4228,101318.362282,7.149806,0.890450
0.867347,0.826722,4229,101318.398457,7.149724,0.855592
0.867347,0.833023,4230,101318.433463,7.149586,0.821138
0.867347,0.839324,4231,101318.467290,7.149387,0.787066
0.867347,0.845625,4232,101318.499900,7.149151,0.753358
0.867347,0.851926,4233,101318.531292,7.148869,0.719995
0.867347,0.858227,4234,101318.561436,7.148566,0.686961
0.867347,0.864528,4235,101318.590338,7.148230,0.654235
0.867347,0.870829,4236,101318.617972,7.147884,0.621804
0.867347,0.877130,4237,101318.644348,7.147517,0.589649
0.867347,0.883431,4238,101318.669445,7.147151,0.557755
0.867347,0.889732,4239,101318.693276,7.146772,0.526107
0.867347,0.896033,4240,101318.715823,7.146403,0.494689
0.867347,0.902334,4241,101318.737100,7.146027,0.463487
0.867347,0.908635,4242,101318.757093,7.145668,0.432487
0.867347,0.914936,4243,101318.775816,7.145308,0.401675
0.867347,0.921237,4244,101318.793255,7.144970,0.371037
0.867347,0.927538,4245,101318.809428,7.144637,0.340561
0.867347,0.933839,4246,101318.824318,7.144331,0.310234
0.867347,0.940140,4247,101318.837944,7.144032,0.280042
0.867347,0.946441,4248,101318.850290,7.143764,0.249975
0.867347,0.952742,4249,101318.861371,7.143505,0.220019
0.867347,0.959043,4250,101318.871179,7.143273,0.190168
0.867347,0.965344,4251,101318.879707,7.143010,0.160388
0.867347,0.971645,4252,101318.886997,7.142522,0.130738
0.867347,0.977946,4253,101318.892924,7.140498,0.101028
0.867347,0.984247,4254,101318.897756,7.129086,0.071643
0.867347,0.990548,4255,101318.900906,7.058422,0.041514
0.867347,0.996849,4256,101318.903387,6.927732,0.013555
0.887755,0.397167,4257,101325.633207,4.904047,3.336684
0.887755,0.403287,4258,101324.913887,4.769583,4.437150
0.887755,0.409407,4259,101324.647652,5.137364,3.883959
0.887755,0.415527,4260,101324.069886,5.079398,4.257234
0.887755,0.421647,4261,101323.692207,5.257472,4.018347
0.887755,0.427767,4262,101323.178506,5.285934,4.148713
0.887755,0.433888,4263,101322.751584,5.410462,4.050551
0.887755,0.440008,4264,101322.268660,5.476738,4.083349
0.887755,0.446128,4265,101321.824019,5.579566,4.033812
0.887755,0.452248,4266,101321.360872,5.661052,4.025826
0.887755,0.458368,4267,101320.917335,5.754908,3.988489
0.887755,0.464488,4268,101320.473421,5.841072,3.961296
0.887755,0.470608,4269,101320.044047,5.930220,3.922625
0.887755,0.476728,4270,101319.623737,6.015893,3.884047
0.887755,0.482849,4271,101319.218559,6.100927,3.839648
0.887755,0.488969,4272,101318.828052,6.183303,3.792631
0.887755,0.495089,4273,101318.455087,6.263507,3.741664
0.887755,0.501209,4274,101318.100532,6.340841,3.687713
0.887755,0.507329,4275,101317.765999,6.415216,3.630684
0.887755,0.513449,4276,101317.452390,6.486348,3.571032
0.887755,0.519569,4277,101317.160623,6.554083,3.508981
0.887755,0.525690,4278,101316.891234,6.618292,3.444884
0.887755,0.531810,4279,101316.644596,6.678879,3.379036
0.887755,0.537930,4280,101316.420786,6.735815,3.311767
0.887755,0.544050,4281,101316.219702,6.789082,3.243375
0.887755,0.550170,4282,101316.040989,6.838727,3.174165
0.887755,0.556290,4283,101315.884145,6.884796,3.104407
0.887755,0.562410,4284,101315.748457,6.927391,3.034369
0.887755,0.568530,4285,101315.633114,6.966611,2.964285
0.887755,0.574651,4286,101315.537141,7.002600,2.894381
0.887755,0.580771,4287,101315.459516,7.035487,2.824846
0.887755,0.586891,4288,101315.399104,7.065441,2.755858
0.887755,0.593011,4289,101315.354764,7.092609,2.687563
0.887755,0.599131,4290,101315.325287,7.117171,2.620096
0.887755,0.605251,4291,101315.309501,7.139283,2.553561
0.887755,0.611371,4292,101315.306197,7.159123,2.488053
0.887755,0.617492,4293,101315.314234,7.176841,2.423640
0.887755,0.623612,4294,101315.332462,7.192611,2.360383
0.887755,0.629732,4295,101315.359814,7.206575,2.298319
0.887755,0.635852,4296,101315.395238,7.218894,2.237482
0.887755,0.641972,4297,101315.437775,7.229694,2.177884
0.887755,0.648092,4298,101315.486488,7.239122,2.119536
0.887755,0.654212,4299,101315.540540,7.247290,2.062434
0.887755,0.660333,4300,101315.599120,7.254328,2.006570
0.887755,0.666453,4301,101315.661517,7.260333,1.951928
0.887755,0.672573,4302,101315.727043,7.265417,1.898489
0.887755,0.678693,4303,101315.795110,7.269663,1.846224
0.887755,0.684813,4304,101315.865147,7.273168,1.795109
0.887755,0.690933,4305,101315.936675,7.275999,1.745108
0.887755,0.697053,4306,101316.009229,7.278240,1.696192
0.887755,0.703173,4307,101316.082430,7.279947,1.648323
0.887755,0.709294,4308,101316.155906,7.281190,1.601468
0.887755,0.715414,4309,101316.229361,7.282011,1.555588
0.887755,0.721534,4310,101316.302502,7.282473,1.510648
0.887755,0.727654,4311,101316.375106,7.282608,1.466610
0.887755,0.733774,4312,101316.446943,7.282470,1.423439
0.887755,0.739894,4313,101316.517849,7.282081,1.381099
0.887755,0.746014,4314,101316.587650,7.281488,1.339556
0.887755,0.752135,4315,101316.656229,7.280707,1.298774
0.887755,0.758255,4316,101316.723454,7.279777,1.258722
0.887755,0.764375,4317,101316.789245,7.278710,1.219364
0.887755,0.770495,4318,101316.853506,7.277539,1.180673
0.887755,0.776615,4319,101316.916186,7.276272,1.142615
0.887755,0.782735,4320,101316.977215,7.274938,1.105163
0.887755,0.788855,4321,101317.036566,7.273539,1.068288
0.887755,0.794975,4322,101317.094188,7.272102,1.031963
0.887755,0.801096,4323,101317.150073,7.270626,0.996162
0.887755,0.807216,4324,101317.204184,7.269136,0.960860
0.887755,0.813336,4325,101317.256525,7.267628,0.926032
0.887755,0.819456,4326,101317.307073,7.266123,0.891656
0.887755,0.825576,4327,101317.355841,7.264617,0.857708
0.887755,0.831696,4328,101317.402813,7.263130,0.824168
0.887755,0.837816,4329,101317.448009,7.261654,0.791015
0.887755,0.843937,4330,101317.491418,7.260208,0.758229
0.887755,0.850057,4331,101317.533066,7.258783,0.725790
0.887755,0.856177,4332,101317.572945,7.257399,0.693681
0.887755,0.862297,4333,101317.611084,7.256043,0.661883
0.887755,0.868417,4334,101317.647479,7.254735,0.630381
0.887755,0.874537,4335,101317.682158,7.253461,0.599156
0.887755,0.880657,4336,101317.715119,7.252242,0.568194
0.887755,0.886778,4337,101317.746392,7.251062,0.537478
0.887755,0.892898,4338,101317.775974,7.249941,0.506995
0.887755,0.899018,4339,101317.803894,7.248863,0.476729
0.887755,0.905138,4340,101317.830151,7.247848,0.446668
0.887755,0.911258,4341,101317.854773,7.246878,0.416795
0.887755,0.917378,4342,101317.877756,7.245974,0.387101
0.887755,0.923498,4343,101317.899128,7.245117,0.357570
0.887755,0.929618,4344,101317.918885,7.244330,0.328192
0.887755,0.935739,4345,101317.937053,7.243590,0.298954
0.887755,0.941859,4346,101317.953625,7.242923,0.269844
0.887755,0.947979,4347,101317.968625,7.242304,0.240851
0.887755,0.954099,4348,101317.982045,7.241756,0.211963
0.887755,0.960219,4349,101317.993912,7.241245,0.183175
0.887755,0.966339,4350,101318.004194,7.240745,0.154454
0.887755,0.972459,4351,101318.012968,7.239940,0.125860
0.887755,0.978580,4352,101318.020078,7.237300,0.097202
0.887755,0.984700,4353,101318.025836,7.224091,0.068887
0.887755,0.990820,4354,101318.029591,7.150672,0.039811
0.887755,0.996940,4355,101318.032449,7.016152,0.013006
0.908163,0.415400,4356,101322.828558,5.175510,3.582122
0.908163,0.421335,4357,101321.985998,5.033938,4.721190
0.908163,0.427270,4358,101321.661099,5.421760,4.170399
0.908163,0.433205,4359,101320.991807,5.380496,4.523490
0.908163,0.439140,4360,101320.537613,5.568818,4.298724
0.908163,0.445075,4361,101319.944018,5.617956,4.406629
0.908163,0.451010,4362,101319.440115,5.753320,4.313158
0.908163,0.456945,4363,101318.885711,5.838031,4.327715
0.908163,0.462880,4364,101318.372789,5.952793,4.272942
0.908163,0.468815,4365,101317.849800,6.049270,4.248528
0.908163,0.474750,4366,101317.352794,6.154270,4.199253
0.908163,0.480685,4367,101316.865443,6.251684,4.155221
0.908163,0.486620,4368,101316.401885,6.349444,4.100669
0.908163,0.492555,4369,101315.958563,6.442406,4.044197
0.908163,0.498490,4370,101315.541354,6.532518,3.981925
0.908163,0.504425,4371,101315.150527,6.618129,3.916371
0.908163,0.510360,4372,101314.788725,6.699552,3.846964
0.908163,0.516295,4373,101314.456778,6.776228,3.774656
0.908163,0.522230,4374,101314.155769,6.848154,3.699715
0.908163,0.528165,4375,101313.886057,6.915164,3.622719
0.908163,0.534100,4376,101313.647718,6.977285,3.544102
0.908163,0.540035,4377,101313.440420,7.034528,3.464325
0.908163,0.545970,4378,101313.263482,7.087007,3.383810
0.908163,0.551905,4379,101313.115952,7.134844,3.302943
0.908163,0.557840,4380,101312.996585,7.178229,3.222085
0.908163,0.563776,4381,101312.903973,7.217347,3.141548
0.908163,0.569711,4382,101312.836500,7.252437,3.061616
0.908163,0.575646,4383,101312.792477,7.283720,2.982527
0.908163,0.581581,4384,101312.770098,7.311456,2.904494
0.908163,0.587516,4385,101312.767559,7.335883,2.827682
0.908163,0.593451,4386,101312.783010,7.357260,2.752239
0.908163,0.599386,4387,101312.814666,7.375820,2.678269
0.908163,0.605321,4388,101312.860747,7.391814,2.605863
0.908163,0.611256,4389,101312.919584,7.405457,2.535078
0.908163,0.617191,4390,101312.989548,7.416980,2.465959
0.908163,0.623126,4391,101313.069141,7.426577,2.398521
0.908163,0.629061,4392,101313.156929,7.434453,2.332777
0.908163,0.634996,4393,101313.251620,7.440775,2.268714
0.908163,0.640931,4394,101313.351990,7.445724,2.206318
0.908163,0.646866,4395,101313.456962,7.449442,2.145557
0.908163,0.652801,4396,101313.565521,7.452080,2.086400
0.908163,0.658736,4397,101313.676793,7.453757,2.028801
0.908163,0.664671,4398,101313.789959,7.454602,1.972718
0.908163,0.670606,4399,101313.904329,7.454709,1.918099
0.908163,0.676541,4400,101314.019258,7.454186,1.864895
0.908163,0.682476,4401,101314.134218,7.453107,1.813049
0.908163,0.688411,4402,101314.248714,7.451562,1.762511
0.908163,0.694346,4403,101314.362351,7.449608,1.713224
0.908163,0.700281,4404,101314.474757,7.447320,1.665138
0.908163,0.706216,4405,101314.585651,7.444739,1.618196
0.908163,0.712151,4406,101314.694761,7.441928,1.572349
0.908163,0.718086,4407,101314.801894,7.438916,1.527546
0.908163,0.724021,4408,101314.906857,7.435755,1.483738
0.908163,0.729956,4409,101315.009527,7.432465,1.440877
0.908163,0.735891,4410,101315.109773,7.429089,1.398919
0.908163,0.741826,4411,101315.207525,7.425642,1.357819
0.908163,0.747761,4412,101315.302697,7.422157,1.317537
0.908163,0.753696,4413,101315.395261,7.418642,1.278030
0.908163,0.759631,4414,101315.485166,7.415128,1.239263
0.908163,0.765566,4415,101315.572412,7.411617,1.201196
0.908163,0.771501,4416,101315.656974,7.408135,1.163797
0.908163,0.777436,4417,101315.738873,7.404680,1.127031
0.908163,0.783372,4418,101315.818101,7.401277,1.090868
0.908163,0.789307,4419,101315.894693,7.397919,1.055276
0.908163,0.795242,4420,101315.968655,7.394629,1.020228
0.908163,0.801177,4421,101316.040031,7.391398,0.985695
0.908163,0.807112,4422,101316.108833,7.388246,0.951652
0.908163,0.813047,4423,101316.175114,7.385163,0.918074
0.908163,0.818982,4424,101316.238889,7.382168,0.884938
0.908163,0.824917,4425,101316.300212,7.379250,0.852220
0.908163,0.830852,4426,101316.359104,7.376427,0.819899
0.908163,0.836787,4427,101316.415618,7.373685,0.787955
0.908163,0.842722,4428,101316.469776,7.371043,0.756368
0.908163,0.848657,4429,101316.521632,7.368485,0.725119
0.908163,0.854592,4430,101316.571206,7.366029,0.694190
0.908163,0.860527,4431,101316.618550,7.363659,0.663563
0.908163,0.866462,4432,101316.663683,7.361395,0.633224
0.908163,0.872397,4433,101316.706657,7.359218,0.603153
0.908163,0.878332,4434,101316.747487,7.357147,0.573339
0.908163,0.884267,4435,101316.786222,7.355165,0.543763
0.908163,0.890202,4436,101316.822876,7.353289,0.514415
0.908163,0.896137,4437,101316.857495,7.351502,0.485278
0.908163,0.902072,4438,101316.890090,7.349822,0.456341
0.908163,0.908007,4439,101316.920704,7.348230,0.427589
0.908163,0.913942,4440,101316.949345,7.346746,0.399012
0.908163,0.919877,4441,101316.976053,7.345349,0.370596
0.908163,0.925812,4442,101317.000832,7.344061,0.342330
0.908163,0.931747,4443,101317.023721,7.342858,0.314204
0.908163,0.937682,4444,101317.044720,7.341764,0.286205
0.908163,0.943617,4445,101317.063864,7.340755,0.258324
0.908163,0.949552,4446,101317.081152,7.339854,0.230550
0.908163,0.955487,4447,101317.096612,7.339033,0.202872
0.908163,0.961422,4448,101317.110246,7.338300,0.175287
0.908163,0.967357,4449,101317.122060,7.337555,0.147762
0.908163,0.973292,4450,101317.132103,7.336446,0.120362
0.908163,0.979227,4451,101317.140251,7.333070,0.092892
0.908163,0.985162,4452,101317.146795,7.317918,0.065780
0.908163,0.991097,4453,101317.151087,7.241558,0.037895
0.908163,0.997032,4454,101317.154264,7.103097,0.012385
0.928571,0.434047,4455,101319.227009,5.524980,3.883341
0.928571,0.439793,4456,101318.202491,5.383872,5.054124
0.928571,0.445539,4457,101317.785665,5.795126,4.516571
0.928571,0.451285,4458,101316.982659,5.784619,4.832734
0.928571,0.457030,4459,101316.413964,5.988545,4.626458
0.928571,0.462776,4460,101315.707367,6.069636,4.698726
0.928571,0.468522,4461,101315.097190,6.221537,4.604831
0.928571,0.474267,4462,101314.451054,6.331505,4.589279
0.928571,0.480013,4463,101313.856844,6.461532,4.519096
0.928571,0.485759,4464,101313.271514,6.575071,4.466270
0.928571,0.491504,4465,101312.728112,6.690703,4.393327
0.928571,0.497250,4466,101312.215023,6.797005,4.320845
0.928571,0.502996,4467,101311.744858,6.899009,4.239338
0.928571,0.508742,4468,101311.315601,6.993316,4.154827
0.928571,0.514487,4469,101310.931925,7.081150,4.065560
0.928571,0.520233,4470,101310.593660,7.161635,3.973639
0.928571,0.525979,4471,101310.301929,7.235130,3.879246
0.928571,0.531724,4472,101310.056023,7.301580,3.783419
0.928571,0.537470,4473,101309.855119,7.361257,3.686705
0.928571,0.543216,4474,101309.697527,7.414412,3.589787
0.928571,0.548962,4475,101309.581232,7.461376,3.493176
0.928571,0.554707,4476,101309.503747,7.502521,3.397362
0.928571,0.560453,4477,101309.462365,7.538230,3.302734
0.928571,0.566199,4478,101309.454141,7.568919,3.209634
0.928571,0.571944,4479,101309.476069,7.594985,3.118328
0.928571,0.577690,4480,101309.525065,7.616846,3.029034
0.928571,0.583436,4481,101309.598123,7.634883,2.941911
0.928571,0.589182,4482,101309.692272,7.649487,2.857078
0.928571,0.594927,4483,101309.804710,7.661005,2.774609
0.928571,0.600673,4484,101309.932746,7.669788,2.694550
0.928571,0.606419,4485,101310.073909,7.676138,2.616911
0.928571,0.612164,4486,101310.225874,7.680358,2.541684
0.928571,0.617910,4487,101310.386557,7.682705,2.468833
0.928571,0.623656,4488,101310.554032,7.683433,2.398316
0.928571,0.629402,4489,101310.726610,7.682753,2.330069
0.928571,0.635147,4490,101310.902749,7.680874,2.264024
0.928571,0.640893,4491,101311.081131,7.677964,2.200103
0.928571,0.646639,4492,101311.260565,7.674193,2.138225
0.928571,0.652384,4493,101311.440056,7.669692,2.078304
0.928571,0.658130,4494,101311.618714,7.664596,2.020256
0.928571,0.663876,4495,101311.795821,7.659006,1.963991
0.928571,0.669622,4496,101311.970735,7.653028,1.909426
0.928571,0.675367,4497,101312.142960,7.646736,1.856474
0.928571,0.681113,4498,101312.312053,7.640214,1.805055
0.928571,0.686859,4499,101312.477693,7.633516,1.755088
0.928571,0.692604,4500,101312.639591,7.626705,1.706497
0.928571,0.698350,4501,101312.797560,7.619820,1.659208
0.928571,0.704096,4502,101312.951427,7.612911,1.613153
0.928571,0.709842,4503,101313.101103,7.606001,1.568262
0.928571,0.715587,4504,101313.246500,7.599132,1.524474
0.928571,0.721333,4505,101313.387602,7.592316,1.481728
0.928571,0.727079,4506,101313.524380,7.585586,1.439968
0.928571,0.732824,4507,101313.656867,7.578947,1.399139
0.928571,0.738570,4508,101313.785077,7.572426,1.359192
0.928571,0.744316,4509,101313.909076,7.566022,1.320078
0.928571,0.750062,4510,101314.028903,7.559757,1.281753
0.928571,0.755807,4511,101314.144647,7.553627,1.244174
0.928571,0.761553,4512,101314.256364,7.547649,1.207302
0.928571,0.767299,4513,101314.364152,7.541817,1.171097
0.928571,0.773044,4514,101314.468078,7.536146,1.135528
0.928571,0.778790,4515,101314.568246,7.530626,1.100557
0.928571,0.784536,4516,101314.664725,7.525273,1.066155
0.928571,0.790282,4517,101314.757622,7.520074,1.032292
0.928571,0.796027,4518,101314.847004,7.515042,0.998940
0.928571,0.801773,4519,101314.932978,7.510165,0.966071
0.928571,0.807519,4520,101315.015607,7.505455,0.933662
0.928571,0.813264,4521,101315.094995,7.500899,0.901688
0.928571,0.819010,4522,101315.171201,7.496508,0.870127
0.928571,0.824756,4523,101315.244324,7.492268,0.838956
0.928571,0.830501,4524,101315.314418,7.488193,0.808157
0.928571,0.836247,4525,101315.381576,7.484265,0.777710
0.928571,0.841993,4526,101315.445849,7.480498,0.747596
0.928571,0.847739,4527,101315.507321,7.476876,0.717797
0.928571,0.853484,4528,101315.566037,7.473411,0.688298
0.928571,0.859230,4529,101315.622078,7.470088,0.659081
0.928571,0.864976,4530,101315.675482,7.466919,0.630132
0.928571,0.870721,4531,101315.726324,7.463887,0.601435
0.928571,0.876467,4532,101315.774637,7.461008,0.572978
0.928571,0.882213,4533,101315.820488,7.458261,0.544745
0.928571,0.887959,4534,101315.863907,7.455665,0.516725
0.928571,0.893704,4535,101315.904956,7.453197,0.488904
0.928571,0.899450,4536,101315.943658,7.450877,0.461272
0.928571,0.905196,4537,101315.980070,7.448683,0.433815
0.928571,0.910941,4538,101316.014211,7.446634,0.406523
0.928571,0.916687,4539,101316.046133,7.444708,0.379385
0.928571,0.922433,4540,101316.075849,7.442925,0.352390
0.928571,0.928179,4541,101316.103408,7.441261,0.325527
0.928571,0.933924,4542,101316.128819,7.439739,0.298789
0.928571,0.939670,4543,101316.152124,7.438334,0.272163
0.928571,0.945416,4544,101316.173329,7.437069,0.245641
0.928571,0.951161,4545,101316.192473,7.435916,0.219215
0.928571,0.956907,4546,101316.209557,7.434895,0.192873
0.928571,0.962653,4547,101316.224621,7.433954,0.166615
0.928571,0.968399,4548,101316.237643,7.433011,0.140409
0.928571,0.974144,4549,101316.248710,7.431547,0.114321
0.928571,0.979890,4550,101316.257667,7.427362,0.088161
0.928571,0.985636,4551,101316.264849,7.410050,0.062368
0.928571,0.991381,4552,101316.269554,7.330611,0.035791
0.928571,0.997127,4553,101316.273007,7.188027,0.011697
0.948980,0.453109,4554,101314.335329,5.999668,4.275409
0.948980,0.458661,4555,101313.006634,5.879630,5.463125
0.948980,0.464214,4556,101312.428711,6.328018,4.952545
0.948980,0.469766,4557,101311.411167,6.377647,5.198549
0.948980,0.475318,4558,101310.661327,6.610768,5.005122
0.948980,0.480870,4559,101309.794819,6.739997,5.013612
0.948980,0.486422,4560,101309.048393,6.914009,4.898326
0.948980,0.491975,4561,101308.306741,7.050647,4.827427
0.948980,0.497527,4562,101307.649736,7.191006,4.718086
0.948980,0.503079,4563,101307.045717,7.311949,4.615014
0.948980,0.508631,4564,101306.521382,7.424901,4.498487
0.948980,0.514183,4565,101306.068297,7.523777,4.381029
0.948980,0.519736,4566,101305.693815,7.612034,4.258870
0.948980,0.525288,4567,101305.394049,7.688551,4.136031
0.948980,0.530840,4568,101305.168476,7.754779,4.012451
0.948980,0.536392,4569,101305.012802,7.811030,3.889761
0.948980,0.541944,4570,101304.922989,7.858283,3.768520
0.948980,0.547497,4571,101304.893704,7.897233,3.649541
0.948980,0.553049,4572,101304.919418,7.928729,3.533302
0.948980,0.558601,4573,101304.994267,7.953520,3.420230
0.948980,0.564153,4574,101305.112365,7.972368,3.310610
0.948980,0.569705,4575,101305.267947,7.985965,3.204637
0.948980,0.575257,4576,101305.455445,7.994979,3.102427
0.948980,0.580810,4577,101305.669645,8.000005,3.004022
0.948980,0.586362,4578,101305.905668,8.001608,2.909419
0.948980,0.591914,4579,101306.159095,8.000280,2.818560
0.948980,0.597466,4580,101306.425896,7.996482,2.731362
0.948980,0.603018,4581,101306.702524,7.990606,2.647710
0.948980,0.608571,4582,101306.985812,7.983019,2.567474
0.948980,0.614123,4583,101307.273046,7.974025,2.490507
0.948980,0.619675,4584,101307.561851,7.963908,2.416660
0.948980,0.625227,4585,101307.850249,7.952896,2.345771
0.948980,0.630779,4586,101308.136541,7.941206,2.277687
0.948980,0.636332,4587,101308.419359,7.929004,2.212246
0.948980,0.641884,4588,101308.697551,7.916450,2.149299
0.948980,0.647436,4589,101308.970233,7.903664,2.088695
0.948980,0.652988,4590,101309.236679,7.890762,2.030292
0.948980,0.658540,4591,101309.496371,7.877824,1.973953
0.948980,0.664093,4592,101309.748898,7.864935,1.919550
0.948980,0.669645,4593,101309.994012,7.852147,1.866959
0.948980,0.675197,4594,101310.231527,7.839520,1.816066
0.948980,0.680749,4595,101310.461386,7.827083,1.766763
0.948980,0.686301,4596,101310.683558,7.814878,1.718951
0.948980,0.691853,4597,101310.898112,7.802921,1.672533
0.948980,0.697406,4598,101311.105121,7.791241,1.627423
0.948980,0.702958,4599,101311.304733,7.779842,1.583538
0.948980,0.708510,4600,101311.497085,7.768743,1.540803
0.948980,0.714062,4601,101311.682372,7.757941,1.499147
0.948980,0.719614,4602,101311.860765,7.747450,1.458506
0.948980,0.725167,4603,101312.032484,7.737262,1.418817
0.948980,0.730719,4604,101312.197715,7.727386,1.380025
0.948980,0.736271,4605,101312.356685,7.717810,1.342075
0.948980,0.741823,4606,101312.509583,7.708541,1.304921
0.948980,0.747375,4607,101312.656634,7.699565,1.268515
0.948980,0.752928,4608,101312.798020,7.690888,1.232817
0.948980,0.758480,4609,101312.933959,7.682494,1.197785
0.948980,0.764032,4610,101313.064622,7.674389,1.163384
0.948980,0.769584,4611,101313.190213,7.666555,1.129579
0.948980,0.775136,4612,101313.310890,7.658997,1.096337
0.948980,0.780688,4613,101313.426845,7.651699,1.063628
0.948980,0.786241,4614,101313.538221,7.644667,1.031425
0.948980,0.791793,4615,101313.645193,7.637881,0.999700
0.948980,0.797345,4616,101313.747891,7.631349,0.968429
0.948980,0.802897,4617,101313.846477,7.625052,0.937587
0.948980,0.808449,4618,101313.941064,7.618997,0.907153
0.948980,0.814002,4619,101314.031802,7.613166,0.877105
0.948980,0.819554,4620,101314.118791,7.607567,0.847425
0.948980,0.825106,4621,101314.202165,7.602180,0.818092
0.948980,0.830658,4622,101314.282016,7.597016,0.789090
0.948980,0.836210,4623,101314.358464,7.592055,0.760400
0.948980,0.841763,4624,101314.431587,7.587307,0.732008
0.948980,0.847315,4625,101314.501497,7.582752,0.703898
0.948980,0.852867,4626,101314.568262,7.578403,0.676055
0.948980,0.858419,4627,101314.631983,7.574238,0.648465
0.948980,0.863971,4628,101314.692717,7.570271,0.621115
0.948980,0.869524,4629,101314.750556,7.566481,0.593992
0.948980,0.875076,4630,101314.805550,7.562881,0.567084
0.948980,0.880628,4631,101314.857781,7.559452,0.540379
0.948980,0.886180,4632,101314.907292,7.556208,0.513866
0.948980,0.891732,4633,101314.954158,7.553128,0.487533
0.948980,0.897284,4634,101314.998412,7.550228,0.461371
0.948980,0.902837,4635,101315.040124,7.547485,0.435368
0.948980,0.908389,4636,101315.079319,7.544918,0.409517
0.948980,0.913941,4637,101315.116061,7.542504,0.383805
0.948980,0.919493,4638,101315.150370,7.540261,0.358226
0.948980,0.925045,4639,101315.182302,7.538166,0.332769
0.948980,0.930598,4640,101315.211872,7.536240,0.307427
0.948980,0.936150,4641,101315.239130,7.534458,0.282189
0.948980,0.941702,4642,101315.264088,7.532842,0.257050
0.948980,0.947254,4643,101315.286789,7.531365,0.231999
0.948980,0.952806,4644,101315.307242,7.530050,0.207029
0.948980,0.958359,4645,101315.325485,7.528858,0.182132
0.948980,0.963911,4646,101315.341528,7.527779,0.157307
0.948980,0.969463,4647,101315.355390,7.526632,0.132525
0.948980,0.975015,4648,101315.367129,7.524817,0.107849
0.948980,0.980567,4649,101315.376635,7.519675,0.083098
0.948980,0.986120,4650,101315.384217,7.500048,0.058714
0.948980,0.991672,4651,101315.389209,7.417309,0.033539
0.948980,0.997224,4652,101315.392847,7.270447,0.010955
0.969388,0.472586,4653,101307.202551,6.702482,4.876030
0.969388,0.477940,4654,101305.280593,6.795810,5.977903
0.969388,0.483295,4655,101304.352230,7.323879,5.509156
0.969388,0.488649,4656,101302.957011,7.478254,5.588060
0.969388,0.494003,4657,101301.916596,7.729435,5.357388
0.969388,0.499358,4658,101300.869510,7.883801,5.236477
0.969388,0.504712,4659,101300.036232,8.039297,5.045597
0.969388,0.510067,4660,101299.325991,8.154200,4.876897
0.969388,0.515421,4661,101298.792836,8.253614,4.693607
0.969388,0.520776,4662,101298.405936,8.329401,4.518116
0.969388,0.526130,4663,101298.169999,8.389535,4.343271
0.969388,0.531485,4664,101298.065905,8.433613,4.175073
0.969388,0.536839,4665,101298.083216,8.465097,4.012387
0.969388,0.542194,4666,101298.205189,8.485218,3.856902
0.969388,0.547548,4667,101298.417708,8.496009,3.708474
0.969388,0.552903,4668,101298.705714,8.498833,3.567475
0.969388,0.558257,4669,101299.055706,8.495105,3.433756
0.969388,0.563611,4670,101299.454927,8.485974,3.307217
0.969388,0.568966,4671,101299.892075,8.472479,3.187586
0.969388,0.574320,4672,101300.357048,8.455508,3.074572
0.969388,0.579675,4673,101300.841132,8.435822,2.967824
0.969388,0.585029,4674,101301.336817,8.414077,2.866983
0.969388,0.590384,4675,101301.837822,8.390818,2.771672
0.969388,0.595738,4676,101302.338896,8.366513,2.681521
0.969388,0.601093,4677,101302.835802,8.341539,2.596164
0.969388,0.606447,4678,101303.325112,8.316220,2.515251
0.969388,0.611802,4679,101303.804188,8.290806,2.438446
0.969388,0.617156,4680,101304.270983,8.265512,2.365436
0.969388,0.622511,4681,101304.724037,8.240497,2.295922
0.969388,0.627865,4682,101305.162297,8.215897,2.229632
0.969388,0.633219,4683,101305.585132,8.191804,2.166309
0.969388,0.638574,4684,101305.992166,8.168298,2.105719
0.969388,0.643928,4685,101306.383317,8.145425,2.047646
0.969388,0.649283,4686,101306.758650,8.123230,1.991893
0.969388,0.654637,4687,101307.118427,8.101725,1.938278
0.969388,0.659992,4688,101307.462977,8.080932,1.886637
0.969388,0.665346,4689,101307.792757,8.060843,1.836817
0.969388,0.670701,4690,101308.108240,8.041463,1.788685
0.969388,0.676055,4691,101308.409981,8.022773,1.742111
0.969388,0.681410,4692,101308.698514,8.004769,1.696986
0.969388,0.686764,4693,101308.974425,7.987425,1.653203
0.969388,0.692118,4694,101309.238257,7.970731,1.610669
0.969388,0.697473,4695,101309.490589,7.954659,1.569298
0.969388,0.702827,4696,101309.731942,7.939196,1.529012
0.969388,0.708182,4697,101309.962864,7.924312,1.489738
0.969388,0.713536,4698,101310.183839,7.909996,1.451411
0.969388,0.718891,4699,101310.395371,7.896216,1.413970
0.969388,0.724245,4700,101310.597898,7.882963,1.377362
0.969388,0.729600,4701,101310.791876,7.870205,1.341534
0.969388,0.734954,4702,101310.977698,7.857935,1.306441
0.969388,0.740309,4703,101311.155771,7.846123,1.272038
0.969388,0.745663,4704,101311.326441,7.834761,1.238288
0.969388,0.751018,4705,101311.490073,7.823823,1.205151
0.969388,0.756372,4706,101311.646968,7.813302,1.172595
0.969388,0.761726,4707,101311.797451,7.803173,1.140588
0.969388,0.767081,4708,101311.941784,7.793432,1.109101
0.969388,0.772435,4709,101312.080255,7.784053,1.078104
0.969388,0.777790,4710,101312.213092,7.775036,1.047574
0.969388,0.783144,4711,101312.340551,7.766356,1.017485
0.969388,0.788499,4712,101312.462829,7.758012,0.987816
0.969388,0.793853,4713,101312.580151,7.749984,0.958545
0.969388,0.799208,4714,101312.692691,7.742270,0.929652
0.969388,0.804562,4715,101312.800648,7.734850,0.901117
0.969388,0.809917,4716,101312.904172,7.727727,0.872925
0.969388,0.815271,4717,101313.003441,7.720879,0.845056
0.969388,0.820626,4718,101313.098584,7.714310,0.817496
0.969388,0.825980,4719,101313.189760,7.707999,0.790229
0.969388,0.831334,4720,101313.277080,7.701953,0.763242
0.969388,0.836689,4721,101313.360686,7.696151,0.736520
0.969388,0.842043,4722,101313.440675,7.690600,0.710050
0.969388,0.847398,4723,101313.517174,7.685280,0.683819
0.969388,0.852752,4724,101313.590265,7.680198,0.657817
0.969388,0.858107,4725,101313.660062,7.675336,0.632031
0.969388,0.863461,4726,101313.726636,7.670701,0.606452
0.969388,0.868816,4727,101313.790090,7.666275,0.581066
0.969388,0.874170,4728,101313.850483,7.662068,0.555867
0.969388,0.879525,4729,101313.907908,7.658060,0.530842
0.969388,0.884879,4730,101313.962414,7.654263,0.505983
0.969388,0.890234,4731,101314.014085,7.650656,0.481282
0.969388,0.895588,4732,101314.062962,7.647254,0.456729
0.969388,0.900942,4733,101314.109120,7.644034,0.432316
0.969388,0.906297,4734,101314.152593,7.641013,0.408035
0.969388,0.911651,4735,101314.193447,7.638167,0.383878
0.969388,0.917006,4736,101314.231708,7.635516,0.359838
0.969388,0.922360,4737,101314.267438,7.633034,0.335907
0.969388,0.927715,4738,101314.300654,7.630742,0.312078
0.969388,0.933069,4739,101314.331410,7.628615,0.288344
0.969388,0.938424,4740,101314.359720,7.626676,0.264699
0.969388,0.943778,4741,101314.385630,7.624896,0.241134
0.969388,0.949133,4742,101314.409148,7.623302,0.217645
0.969388,0.954487,4743,101314.430315,7.621860,0.194224
0.969388,0.959842,4744,101314.449135,7.620584,0.170863
0.969388,0.965196,4745,101314.465651,7.619389,0.147560
0.969388,0.970550,4746,101314.479850,7.618098,0.124291
0.969388,0.975905,4747,101314.491828,7.615886,0.101112
0.969388,0.981259,4748,101314.501462,7.609729,0.077844
0.969388,0.986614,4749,101314.509128,7.587600,0.054922
0.969388,0.991968,4750,101314.514176,7.501398,0.031196
0.969388,0.997323,4751,101314.517919,7.349976,0.010175
0.989796,0.492476,4752,101295.717524,10.352614,6.234647
0.989796,0.497629,4753,101290.445763,9.413563,6.659047
0.989796,0.502781,4754,101288.200833,9.535931,5.881328
0.989796,0.507934,4755,101286.268124,9.488453,5.545251
0.989796,0.513086,4756,101285.277839,9.508009,5.137961
0.989796,0.518239,4757,101284.780452,9.484753,4.826578
0.989796,0.523391,4758,101284.789835,9.463552,4.532047
0.989796,0.528544,4759,101285.135335,9.427109,4.279161
0.989796,0.533697,4760,101285.756735,9.385282,4.049309
0.989796,0.538849,4761,101286.567843,9.335747,3.844924
0.989796,0.544002,4762,101287.516314,9.282157,3.659959
0.989796,0.549154,4763,101288.551770,9.225059,3.493143
0.989796,0.554307,4764,101289.638444,9.166210,3.341562
0.989796,0.559459,4765,101290.746599,9.106435,3.203582
0.989796,0.564612,4766,101291.854455,9.046717,3.077376
0.989796,0.569764,4767,101292.945350,8.987673,2.961557
0.989796,0.574917,4768,101294.007392,8.929858,2.854830
0.989796,0.580069,4769,101295.032246,8.873638,2.756113
0.989796,0.585222,4770,101296.014462,8.819300,2.664449
0.989796,0.590374,4771,101296.950838,8.767015,2.579015
0.989796,0.595527,4772,101297.839847,8.716900,2.499092
0.989796,0.600679,4773,101298.681279,8.668995,2.424057
0.989796,0.605832,4774,101299.475822,8.623311,2.353371
0.989796,0.610984,4775,101300.224872,8.579810,2.286560
0.989796,0.616137,4776,101300.930236,8.538443,2.223218
0.989796,0.621289,4777,101301.594051,8.499130,2.162983
0.989796,0.626442,4778,101302.218572,8.461793,2.105547
0.989796,0.631594,4779,101302.806168,8.426332,2.050635
0.989796,0.636747,4780,101303.359160,8.392658,1.998008
0.989796,0.641900,4781,101303.879864,8.360667,1.947456
0.989796,0.647052,4782,101304.370467,8.330271,1.898795
0.989796,0.652205,4783,101304.833088,8.301369,1.851860
0.989796,0.657357,4784,101305.269688,8.273879,1.806509
0.989796,0.662510,4785,101305.682139,8.247708,1.762611
0.989796,0.667662,4786,101306.072142,8.222785,1.720054
0.989796,0.672815,4787,101306.441312,8.199024,1.678736
0.989796,0.677967,4788,101306.791100,8.176364,1.638565
0.989796,0.683120,4789,101307.122881,8.154730,1.599460
0.989796,0.688272,4790,101307.437877,8.134070,1.561348
0.989796,0.693425,4791,101307.737247,8.114317,1.524161
0.989796,0.698577,4792,101308.022018,8.095429,1.487840
0.989796,0.703730,4793,101308.293164,8.077346,1.452329
0.989796,0.708882,4794,101308.551540,8.060034,1.417580
0.989796,0.714035,4795,101308.797968,8.043442,1.383545
0.989796,0.719187,4796,101309.033162,8.027539,1.350185
0.989796,0.724340,4797,101309.257813,8.012282,1.317459
0.989796,0.729492,4798,101309.472519,7.997646,1.285333
0.989796,0.734645,4799,101309.677864,7.983592,1.253774
0.989796,0.739797,4800,101309.874351,7.970101,1.222752
0.989796,0.744950,4801,101310.062475,7.957137,1.192238
0.989796,0.750103,4802,101310.242659,7.944685,1.162207
0.989796,0.755255,4803,101310.415327,7.932713,1.132633
0.989796,0.760408,4804,101310.580836,7.921210,1.103495
0.989796,0.765560,4805,101310.739551,7.910146,1.074770
0.989796,0.770713,4806,101310.891774,7.899513,1.046440
0.989796,0.775865,4807,101311.037820,7.889283,1.018483
0.989796,0.781018,4808,101311.177949,7.879452,0.990884
0.989796,0.786170,4809,101311.312432,7.869993,0.963625
0.989796,0.791323,4810,101311.441492,7.860903,0.936691
0.989796,0.796475,4811,101311.565367,7.852159,0.910066
0.989796,0.801628,4812,101311.684247,7.843760,0.883736
0.989796,0.806780,4813,101311.798342,7.835681,0.857688
0.989796,0.811933,4814,101311.907814,7.827925,0.831909
0.989796,0.817085,4815,101312.012849,7.820469,0.806385
0.989796,0.822238,4816,101312.113588,7.813316,0.781108
0.989796,0.827390,4817,101312.210194,7.806445,0.756064
0.989796,0.832543,4818,101312.302788,7.799859,0.731243
0.989796,0.837695,4819,101312.391516,7.793538,0.706635
0.989796,0.842848,4820,101312.476483,7.787487,0.682231
0.989796,0.848001,4821,101312.557817,7.781686,0.658020
0.989796,0.853153,4822,101312.635611,7.776143,0.633995
0.989796,0.858306,4823,101312.709978,7.770836,0.610145
0.989796,0.863458,4824,101312.780996,7.765775,0.586464
0.989796,0.868611,4825,101312.848770,7.760938,0.562942
0.989796,0.873763,4826,101312.913365,7.756337,0.539573
0.989796,0.878916,4827,101312.974873,7.751949,0.516348
0.989796,0.884068,4828,101313.033352,7.747788,0.493261
0.989796,0.889221,4829,101313.088884,7.743832,0.470304
0.989796,0.894373,4830,101313.141516,7.740094,0.447472
0.989796,0.899526,4831,101313.191323,7.736552,0.424757
0.989796,0.904678,4832,101313.238343,7.733222,0.402154
0.989796,0.909831,4833,101313.282643,7.730080,0.379655
0.989796,0.914983,4834,101313.324253,7.727145,0.357256
0.989796,0.920136,4835,101313.363232,7.724390,0.334950
0.989796,0.925288,4836,101313.399604,7.721838,0.312733
0.989796,0.930441,4837,101313.433418,7.719460,0.290600
0.989796,0.935593,4838,101313.464690,7.717281,0.268545
0.989796,0.940746,4839,101313.493461,7.715270,0.246565
0.989796,0.945898,4840,101313.519735,7.713454,0.224655
0.989796,0.951051,4841,101313.543541,7.711799,0.202814
0.989796,0.956204,4842,101313.564868,7.710325,0.181038
0.989796,0.961356,4843,101313.583723,7.708977,0.159325
0.989796,0.966509,4844,101313.600072,7.707702,0.137678
0.989796,0.971661,4845,101313.613882,7.706184,0.116076
0.989796,0.976814,4846,101313.625144,7.703465,0.094558
0.989796,0.981966,4847,101313.633754,7.695995,0.072888
0.989796,0.987119,4848,101313.640241,7.671078,0.051298
0.989796,0.992271,4849,101313.645032,7.581065,0.028688
0.989796,0.997424,4850,101313.649519,7.424906,0.009214
1.010204,0.502525,4851,101202.708282,11.842378,3.339026
1.010204,0.507576,4852,101225.991553,11.083228,1.888624
1.010204,0.512626,4853,101240.857547,10.862793,2.096575
1.010204,0.517677,4854,101249.913302,10.659418,2.543754
1.010204,0.522727,4855,101257.314756,10.489186,2.735826
1.010204,0.527778,4856,101263.619876,10.319382,2.825246
1.010204,0.532828,4857,101268.909285,10.161149,2.863804
1.010204,0.537879,4858,101273.349394,10.010850,2.874121
1.010204,0.542929,4859,101277.129027,9.870641,2.859834
1.010204,0.547980,4860,101280.374588,9.739666,2.829297
1.010204,0.553030,4861,101283.181294,9.618286,2.787379
1.010204,0.558081,4862,101285.623115,9.505983,2.738197
1.010204,0.563131,4863,101287.760793,9.402389,2.684248
1.010204,0.568182,4864,101289.643143,9.306894,2.627526
1.010204,0.573232,4865,101291.310135,9.218896,2.569378
1.010204,0.578283,4866,101292.794433,9.137764,2.510814
1.010204,0.583333,4867,101294.123067,9.062876,2.452516
1.010204,0.588384,4868,101295.318377,8.993654,2.394969
1.010204,0.593434,4869,101296.399003,8.929542,2.338489
1.010204,0.598485,4870,101297.380468,8.870051,2.283284
1.010204,0.603535,4871,101298.275830,8.814715,2.229468
1.010204,0.608586,4872,101299.096037,8.763139,2.177105
1.010204,0.613636,4873,101299.850378,8.714946,2.126206
1.010204,0.618687,4874,101300.546687,8.669828,2.076762
1.010204,0.623737,4875,101301.191672,8.627481,2.028735
1.010204,0.628788,4876,101301.791021,8.587669,1.982080
1.010204,0.633838,4877,101302.349655,8.550150,1.936738
1.010204,0.638889,4878,101302.871767,8.514742,1.892655
1.010204,0.643939,4879,101303.361021,8.481252,1.849764
1.010204,0.648990,4880,101303.820556,8.449540,1.808008
1.010204,0.654040,4881,101304.253145,8.419450,1.767323
1.010204,0.659091,4882,101304.661172,8.390876,1.727655
1.010204,0.664141,4883,101305.046769,8.363688,1.688946
1.010204,0.669192,4884,101305.411773,8.337806,1.651146
1.010204,0.674242,4885,101305.757850,8.313122,1.614201
1.010204,0.679293,4886,101306.086435,8.289575,1.578071
1.010204,0.684343,4887,101306.398849,8.267073,1.542706
1.010204,0.689394,4888,101306.696229,8.245570,1.508071
1.010204,0.694444,4889,101306.979635,8.224986,1.474123
1.010204,0.699495,4890,101307.249982,8.205287,1.440830
1.010204,0.704545,4891,101307.508134,8.186403,1.408155
1.010204,0.709596,4892,101307.754832,8.168310,1.376071
1.010204,0.714646,4893,101307.990789,8.150945,1.344545
1.010204,0.719697,4894,101308.216614,8.134291,1.313552
1.010204,0.724747,4895,101308.432902,8.118289,1.283064
1.010204,0.729798,4896,101308.640158,8.102933,1.253060
1.010204,0.734848,4897,101308.838884,8.088166,1.223514
1.010204,0.739899,4898,101309.029502,8.073985,1.194408
1.010204,0.744949,4899,101309.212439,8.060340,1.165718
1.010204,0.750000,4900,101309.388051,8.047233,1.137429
1.010204,0.755051,4901,101309.556706,8.034613,1.109519
1.010204,0.760101,4902,101309.718705,8.022488,1.081975
1.010204,0.765152,4903,101309.874367,8.010810,1.054776
1.010204,0.770202,4904,101310.023947,7.999588,1.027913
1.010204,0.775253,4905,101310.167725,7.988778,1.001366
1.010204,0.780303,4906,101310.305921,7.978392,0.975125
1.010204,0.785354,4907,101310.438778,7.968386,0.949174
1.010204,0.790404,4908,101310.566485,7.958774,0.923503
1.010204,0.795455,4909,101310.689259,7.949515,0.898097
1.010204,0.800505,4910,101310.807262,7.940625,0.872949
1.010204,0.805556,4911,101310.920685,7.932063,0.848044
1.010204,0.810606,4912,101311.029669,7.923848,0.823375
1.010204,0.815657,4913,101311.134386,7.915938,0.798928
1.010204,0.820707,4914,101311.234956,7.908356,0.774698
1.010204,0.825758,4915,101311.331532,7.901058,0.750672
1.010204,0.830808,4916,101311.424220,7.894071,0.726844
1.010204,0.835859,4917,101311.513156,7.887352,0.703203
1.010204,0.840909,4918,101311.598431,7.880927,0.679744
1.010204,0.845960,4919,101311.680169,7.874754,0.656456
1.010204,0.851010,4920,101311.758448,7.868862,0.633334
1.010204,0.856061,4921,101311.833380,7.863208,0.610369
1.010204,0.861111,4922,101311.905031,7.857822,0.587555
1.010204,0.866162,4923,101311.973503,7.852661,0.564883
1.010204,0.871212,4924,101312.038852,7.847757,0.542350
1.010204,0.876263,4925,101312.101170,7.843068,0.519946
1.010204,0.881313,4926,101312.160506,7.838626,0.497669
1.010204,0.886364,4927,101312.216942,7.834387,0.475508
1.010204,0.891414,4928,101312.270519,7.830388,0.453462
1.010204,0.896465,4929,101312.321313,7.826584,0.431521
1.010204,0.901515,4930,101312.369357,7.823011,0.409683
1.010204,0.906566,4931,101312.414720,7.819624,0.387940
1.010204,0.911616,4932,101312.457429,7.816462,0.366290
1.010204,0.916667,4933,101312.497547,7.813478,0.344725
1.010204,0.921717,4934,101312.535096,7.810713,0.323242
1.010204,0.926768,4935,101312.570135,7.808119,0.301834
1.010204,0.931818,4936,101312.602681,7.805739,0.280499
1.010204,0.936869,4937,101312.632789,7.803523,0.259231
1.010204,0.941919,4938,101312.660476,7.801515,0.238026
1.010204,0.946970,4939,101312.685795,7.799664,0.216878
1.010204,0.952020,4940,101312.708767,7.798013,0.195784
1.010204,0.957071,4941,101312.729452,7.796502,0.174739
1.010204,0.962121,4942,101312.747881,7.795153,0.153734
1.010204,0.967172,4943,101312.764141,7.793834,0.132769
1.010204,0.972222,4944,101312.778274,7.792321,0.111810
1.010204,0.977273,4945,101312.790440,7.789603,0.090918
1.010204,0.982323,4946,101312.800538,7.782311,0.069868
1.010204,0.987374,4947,101312.808746,7.757992,0.049032
1.010204,0.992424,4948,101312.814164,7.664447,0.027227
1.010204,0.997475,4949,101312.817549,7.498170,0.008648
1.030612,0.502525,4950,101246.710313,7.921699,1.820494
1.030612,0.507576,4951,101253.734696,8.569559,0.085876
1.030612,0.512626,4952,101257.310570,9.133498,0.680365
1.030612,0.517677,4953,101260.979256,9.383616,1.077391
1.030612,0.522727,4954,101265.020541,9.525274,1.299112
1.030612,0.527778,4955,101268.845265,9.603767,1.488644
1.030612,0.532828,4956,101272.310730,9.641064,1.648220
1.030612,0.537879,4957,101275.443999,9.645954,1.774943
1.030612,0.542929,4958,101278.277175,9.627957,1.870836
1.030612,0.547980,4959,101280.830598,9.593534,1.941863
1.030612,0.553030,4960,101283.128532,9.547905,1.992307
1.030612,0.558081,4961,101285.197140,9.494752,2.025833
1.030612,0.563131,4962,101287.061790,9.436963,2.045437
1.030612,0.568182,4963,101288.745640,9.376625,2.053731
1.030612,0.573232,4964,101290.269578,9.315323,2.052878
1.030612,0.578283,4965,101291.652288,9.254171,2.044681
1.030612,0.583333,4966,101292.910284,9.193990,2.030623
1.030612,0.588384,4967,101294.058137,9.135317,2.011922
1.030612,0.593434,4968,101295.108581,9.078532,1.989575
1.030612,0.598485,4969,101296.072787,9.023844,1.964394
1.030612,0.603535,4970,101296.960462,8.971389,1.937040
1.030612,0.608586,4971,101297.780112,8.921197,1.908043
1.030612,0.613636,4972,101298.539106,8.873276,1.877837
1.030612,0.618687,4973,101299.243909,8.827567,1.846763
1.030612,0.623737,4974,101299.900116,8.784017,1.815102
1.030612,0.628788,4975,101300.512654,8.742528,1.783071
1.030612,0.633838,4976,101301.085787,8.703022,1.750848
1.030612,0.638889,4977,101301.623290,8.665387,1.718568
1.030612,0.643939,4978,101302.128433,8.629541,1.686342
1.030612,0.648990,4979,101302.604134,8.595372,1.654250
1.030612,0.654040,4980,101303.052920,8.562802,1.622362
1.030612,0.659091,4981,101303.477069,8.531726,1.590722
1.030612,0.664141,4982,101303.878554,8.502075,1.559370
1.030612,0.669192,4983,101304.259173,8.473754,1.528329
1.030612,0.674242,4984,101304.620483,8.446702,1.497622
1.030612,0.679293,4985,101304.963922,8.420832,1.467257
1.030612,0.684343,4986,101305.290733,8.396097,1.437245
1.030612,0.689394,4987,101305.602078,8.372416,1.407585
1.030612,0.694444,4988,101305.898962,8.349750,1.378281
1.030612,0.699495,4989,101306.182335,8.328027,1.349327
1.030612,0.704545,4990,101306.453017,8.307217,1.320722
1.030612,0.709596,4991,101306.711798,8.287254,1.292457
1.030612,0.714646,4992,101306.959351,8.268114,1.264529
1.030612,0.719697,4993,101307.196339,8.249738,1.236927
1.030612,0.724747,4994,101307.423323,8.232107,1.209646
1.030612,0.729798,4995,101307.640863,8.215168,1.182674
1.030612,0.734848,4996,101307.849428,8.198907,1.156006
1.030612,0.739899,4997,101308.049498,8.183274,1.129630
1.030612,0.744949,4998,101308.241470,8.168261,1.103540
1.030612,0.750000,4999,101308.425756,8.153821,1.077724
1.030612,0.755051,5000,101308.602694,8.139949,1.052176
1.030612,0.760101,5001,101308.772640,8.126602,1.026884
1.030612,0.765152,5002,101308.935885,8.113778,1.001843
1.030612,0.770202,5003,101309.092739,8.101437,0.977042
1.030612,0.775253,5004,101309.243451,8.089579,0.952475
1.030612,0.780303,5005,101309.388295,8.078166,0.928132
1.030612,0.785354,5006,101309.527485,8.067203,0.904006
1.030612,0.790404,5007,101309.661262,8.056651,0.880088
1.030612,0.795455,5008,101309.789810,8.046517,0.856374
1.030612,0.800505,5009,101309.913346,8.036765,0.832852
1.030612,0.805556,5010,101310.032029,8.027405,0.809519
1.030612,0.810606,5011,101310.146049,8.018401,0.786366
1.030612,0.815657,5012,101310.255545,8.009764,0.763387
1.030612,0.820707,5013,101310.360690,8.001459,0.740574
1.030612,0.825758,5014,101310.461602,7.993500,0.717924
1.030612,0.830808,5015,101310.558435,7.985853,0.695427
1.030612,0.835859,5016,101310.651294,7.978533,0.673080
1.030612,0.840909,5017,101310.740316,7.971506,0.650875
1.030612,0.845960,5018,101310.825593,7.964788,0.628809
1.030612,0.851010,5019,101310.907248,7.958347,0.606873
1.030612,0.856061,5020,101310.985360,7.952201,0.585064
1.030612,0.861111,5021,101311.060042,7.946317,0.563375
1.030612,0.866162,5022,101311.131361,7.940713,0.541804
1.030612,0.871212,5023,101311.199419,7.935358,0.520342
1.030612,0.876263,5024,101311.264275,7.930271,0.498987
1.030612,0.881313,5025,101311.326021,7.925421,0.477732
1.030612,0.886364,5026,101311.384706,7.920829,0.456575
1.030612,0.891414,5027,101311.440416,7.916462,0.435509
1.030612,0.896465,5028,101311.493192,7.912344,0.414531
1.030612,0.901515,5029,101311.543113,7.908442,0.393635
1.030612,0.906566,5030,101311.590212,7.904780,0.372818
1.030612,0.911616,5031,101311.634564,7.901325,0.352075
1.030612,0.916667,5032,101311.676196,7.898102,0.331402
1.030612,0.921717,5033,101311.715177,7.895078,0.310795
1.030612,0.926768,5034,101311.751530,7.892279,0.290249
1.030612,0.931818,5035,101311.785319,7.889672,0.269761
1.030612,0.936869,5036,101311.816566,7.887284,0.249325
1.030612,0.941919,5037,101311.845331,7.885080,0.228938
1.030612,0.946970,5038,101311.871634,7.883089,0.208596
1.030612,0.952020,5039,101311.895535,7.881273,0.188292
1.030612,0.957071,5040,101311.917049,7.879656,0.168024
1.030612,0.962121,5041,101311.936233,7.878181,0.147784
1.030612,0.967172,5042,101311.953104,7.876804,0.127576
1.030612,0.972222,5043,101311.967682,7.875230,0.107360
1.030612,0.977273,5044,101311.980025,7.872571,0.087222
1.030612,0.982323,5045,101311.990002,7.865456,0.066915
1.030612,0.987374,5046,101311.997849,7.841808,0.046911
1.030612,0.992424,5047,101312.002809,7.744741,0.025948
1.030612,0.997475,5048,101312.005703,7.568403,0.008179
1.051020,0.502525,5049,101275.912212,5.631629,1.300803
1.051020,0.507576,5050,101277.987747,6.704348,-0.073988
1.051020,0.512626,5051,101277.484386,7.576144,0.564416
1.051020,0.517677,5052,101277.839282,8.098623,0.777264
1.051020,0.522727,5053,101278.699251,8.469989,0.906668
1.051020,0.527778,5054,101279.683245,8.745316,1.048969
1.051020,0.532828,5055,101280.773389,8.948448,1.177939
1.051020,0.537879,5056,101281.956278,9.094045,1.287504
1.051020,0.542929,5057,101283.191686,9.195008,1.379512
1.051020,0.547980,5058,101284.443730,9.260974,1.456266
1.051020,0.553030,5059,101285.688674,9.299556,1.519034
1.051020,0.558081,5060,101286.909952,9.316776,1.569215
1.051020,0.563131,5061,101288.095881,9.317469,1.608225
1.051020,0.568182,5062,101289.238516,9.305530,1.637462
1.051020,0.573232,5063,101290.333027,9.284051,1.658200
1.051020,0.578283,5064,101291.376821,9.255523,1.671605
1.051020,0.583333,5065,101292.369030,9.221896,1.678712
1.051020,0.588384,5066,101293.309943,9.184736,1.680445
1.051020,0.593434,5067,101294.200744,9.145242,1.677610
1.051020,0.598485,5068,101295.043143,9.104378,1.670911
1.051020,0.603535,5069,101295.839268,9.062853,1.660952
1.051020,0.608586,5070,101296.591413,9.021242,1.648260
1.051020,0.613636,5071,101297.302019,8.979946,1.633279
1.051020,0.618687,5072,101297.973505,8.939295,1.616395
1.051020,0.623737,5073,101298.608296,8.899494,1.597931
1.051020,0.628788,5074,101299.208696,8.860723,1.578167
1.051020,0.633838,5075,101299.776953,8.823070,1.557334
1.051020,0.638889,5076,101300.315152,8.786621,1.535634
1.051020,0.643939,5077,101300.825300,8.751395,1.513234
1.051020,0.648990,5078,101301.309227,8.717425,1.490278
1.051020,0.654040,5079,101301.768682,8.684688,1.466882
1.051020,0.659091,5080,101302.205248,8.653190,1.443151
1.051020,0.664141,5081,101302.620430,8.622883,1.419166
1.051020,0.669192,5082,101303.015579,8.593758,1.395002
1.051020,0.674242,5083,101303.391986,8.565758,1.370715
1.051020,0.679293,5084,101303.750796,8.538864,1.346358
1.051020,0.684343,5085,101304.093112,8.513017,1.321970
1.051020,0.689394,5086,101304.419906,8.488195,1.297588
1.051020,0.694444,5087,101304.732116,8.464338,1.273239
1.051020,0.699495,5088,101305.030568,8.441427,1.248948
1.051020,0.704545,5089,101305.316066,8.419400,1.224733
1.051020,0.709596,5090,101305.589307,8.398243,1.200612
1.051020,0.714646,5091,101305.850984,8.377897,1.176595
1.051020,0.719697,5092,101306.101689,8.358349,1.152696
1.051020,0.724747,5093,101306.342018,8.339543,1.128919
1.051020,0.729798,5094,101306.572478,8.321471,1.105273
1.051020,0.734848,5095,101306.793582,8.304079,1.081761
1.051020,0.739899,5096,101307.005766,8.287362,1.058389
1.051020,0.744949,5097,101307.209476,8.271269,1.035156
1.051020,0.750000,5098,101307.405085,8.255799,1.012066
1.051020,0.755051,5099,101307.592983,8.240903,0.989117
1.051020,0.760101,5100,101307.773491,8.226583,0.966311
1.051020,0.765152,5101,101307.946952,8.212792,0.943646
1.051020,0.770202,5102,101308.113642,8.199535,0.921122
1.051020,0.775253,5103,101308.273864,8.186766,0.898735
1.051020,0.780303,5104,101308.427857,8.174494,0.876487
1.051020,0.785354,5105,101308.575889,8.162674,0.854371
1.051020,0.790404,5106,101308.718167,8.151318,0.832389
1.051020,0.795455,5107,101308.854928,8.140383,0.810536
1.051020,0.800505,5108,101308.986354,8.129881,0.788810
1.051020,0.805556,5109,101309.112656,8.119771,0.767206
1.051020,0.810606,5110,101309.233991,8.110068,0.745725
1.051020,0.815657,5111,101309.350549,8.100731,0.724360
1.051020,0.820707,5112,101309.462467,8.091777,0.703110
1.051020,0.825758,5113,101309.569913,8.083166,0.681971
1.051020,0.830808,5114,101309.673009,8.074917,0.660940
1.051020,0.835859,5115,101309.771905,8.066990,0.640013
1.051020,0.840909,5116,101309.866707,8.059408,0.619189
1.051020,0.845960,5117,101309.957552,8.052127,0.598461
1.051020,0.851010,5118,101310.044530,8.045174,0.577830
1.051020,0.856061,5119,101310.127765,8.038507,0.557289
1.051020,0.861111,5120,101310.207337,8.032153,0.536837
1.051020,0.866162,5121,101310.283357,8.026068,0.516468
1.051020,0.871212,5122,101310.355894,8.020283,0.496183
1.051020,0.876263,5123,101310.425050,8.014755,0.475975
1.051020,0.881313,5124,101310.490882,8.009514,0.455843
1.051020,0.886364,5125,101310.553485,8.004517,0.435781
1.051020,0.891414,5126,101310.612908,7.999797,0.415790
1.051020,0.896465,5127,101310.669236,7.995310,0.395862
1.051020,0.901515,5128,101310.722511,7.991091,0.375998
1.051020,0.906566,5129,101310.772811,7.987095,0.356192
1.051020,0.911616,5130,101310.820171,7.983358,0.336443
1.051020,0.916667,5131,101310.864662,7.979836,0.316745
1.051020,0.921717,5132,101310.906312,7.976566,0.297098
1.051020,0.926768,5133,101310.945187,7.973502,0.277496
1.051020,0.931818,5134,101310.981310,7.970683,0.257937
1.051020,0.936869,5135,101311.014739,7.968064,0.238418
1.051020,0.941919,5136,101311.045491,7.965686,0.218936
1.051020,0.946970,5137,101311.073619,7.963499,0.199486
1.051020,0.952020,5138,101311.099131,7.961547,0.180067
1.051020,0.957071,5139,101311.122075,7.959773,0.160675
1.051020,0.962121,5140,101311.142448,7.958203,0.141303
1.051020,0.967172,5141,101311.160297,7.956716,0.121962
1.051020,0.972222,5142,101311.175583,7.955110,0.102604
1.051020,0.977273,5143,101311.188409,7.952440,0.083334
1.051020,0.982323,5144,101311.198594,7.945499,0.063865
1.051020,0.987374,5145,101311.206514,7.922386,0.044745
1.051020,0.992424,5146,101311.211476,7.821817,0.024662
1.051020,0.997475,5147,101311.214299,7.635410,0.007714
1.071429,0.502525,5148,101283.762601,4.859608,0.979165
1.071429,0.507576,5149,101284.845098,5.993518,-0.078491
1.071429,0.512626,5150,101284.321162,6.876444,0.514571
1.071429,0.517677,5151,101284.512063,7.458575,0.632057
1.071429,0.522727,5152,101284.856477,7.895031,0.731399
1.071429,0.527778,5153,101285.221609,8.233436,0.846288
1.071429,0.532828,5154,101285.678623,8.496953,0.945940
1.071429,0.537879,5155,101286.229903,8.700803,1.031211
1.071429,0.542929,5156,101286.853615,8.856905,1.105542
1.071429,0.547980,5157,101287.532454,8.974137,1.170121
1.071429,0.553030,5158,101288.252430,9.059723,1.225476
1.071429,0.558081,5159,101289.000391,9.119535,1.272341
1.071429,0.563131,5160,101289.764496,9.158491,1.311472
1.071429,0.568182,5161,101290.534768,9.180617,1.343587
1.071429,0.573232,5162,101291.303010,9.189292,1.369369
1.071429,0.578283,5163,101292.062710,9.187266,1.389459
1.071429,0.583333,5164,101292.808754,9.176844,1.404462
1.071429,0.588384,5165,101293.537316,9.159881,1.414933
1.071429,0.593434,5166,101294.245566,9.137929,1.421386
1.071429,0.598485,5167,101294.931583,9.112214,1.424285
1.071429,0.603535,5168,101295.594097,9.083764,1.424051
1.071429,0.608586,5169,101296.232442,9.053372,1.421061
1.071429,0.613636,5170,101296.846340,9.021708,1.415655
1.071429,0.618687,5171,101297.435903,8.989269,1.408131
1.071429,0.623737,5172,101298.001448,8.956486,1.398758
1.071429,0.628788,5173,101298.543532,8.923659,1.387770
1.071429,0.633838,5174,101299.062801,8.891059,1.375379
1.071429,0.638889,5175,101299.560042,8.858857,1.361765
1.071429,0.643939,5176,101300.036054,8.827219,1.347094
1.071429,0.648990,5177,101300.491718,8.796233,1.331504
1.071429,0.654040,5178,101300.927883,8.765998,1.315124
1.071429,0.659091,5179,101301.345442,8.736548,1.298061
1.071429,0.664141,5180,101301.745229,8.707939,1.280414
1.071429,0.669192,5181,101302.128103,8.680172,1.262264
1.071429,0.674242,5182,101302.494848,8.653277,1.243689
1.071429,0.679293,5183,101302.846266,8.627234,1.224750
1.071429,0.684343,5184,101303.183077,8.602056,1.205507
1.071429,0.689394,5185,101303.506012,8.577711,1.186007
1.071429,0.694444,5186,101303.815721,8.554206,1.166296
1.071429,0.699495,5187,101304.112864,8.531498,1.146409
1.071429,0.704545,5188,101304.398020,8.509591,1.126384
1.071429,0.709596,5189,101304.671780,8.488440,1.106244
1.071429,0.714646,5190,101304.934659,8.468046,1.086020
1.071429,0.719697,5191,101305.187183,8.448361,1.065730
1.071429,0.724747,5192,101305.429805,8.429387,1.045396
1.071429,0.729798,5193,101305.662994,8.411077,1.025032
1.071429,0.734848,5194,101305.887149,8.393432,1.004655
1.071429,0.739899,5195,101306.102687,8.376406,0.984276
1.071429,0.744949,5196,101306.309957,8.360003,0.963908
1.071429,0.750000,5197,101306.509332,8.344176,0.943558
1.071429,0.755051,5198,101306.701118,8.328932,0.923236
1.071429,0.760101,5199,101306.885646,8.314225,0.902946
1.071429,0.765152,5200,101307.063185,8.300062,0.882697
1.071429,0.770202,5201,101307.234031,8.286400,0.862492
1.071429,0.775253,5202,101307.398420,8.273248,0.842337
1.071429,0.780303,5203,101307.556616,8.260564,0.822232
1.071429,0.785354,5204,101307.708827,8.248358,0.802184
1.071429,0.790404,5205,101307.855290,8.236590,0.782192
1.071429,0.795455,5206,101307.996187,8.225271,0.762259
1.071429,0.800505,5207,101308.131730,8.214361,0.742386
1.071429,0.805556,5208,101308.262079,8.203875,0.722575
1.071429,0.810606,5209,101308.387426,8.193774,0.702825
1.071429,0.815657,5210,101308.507911,8.184073,0.683137
1.071429,0.820707,5211,101308.623708,8.174733,0.663510
1.071429,0.825758,5212,101308.734937,8.165773,0.643946
1.071429,0.830808,5213,101308.841758,8.157153,0.624442
1.071429,0.835859,5214,101308.944276,8.148893,0.604999
1.071429,0.840909,5215,101309.042634,8.140954,0.585615
1.071429,0.845960,5216,101309.136924,8.133359,0.566290
1.071429,0.851010,5217,101309.227277,8.126068,0.547022
1.071429,0.856061,5218,101309.313773,8.119105,0.527811
1.071429,0.861111,5219,101309.396531,8.112431,0.508654
1.071429,0.866162,5220,101309.475619,8.106070,0.489552
1.071429,0.871212,5221,101309.551145,8.099985,0.470500
1.071429,0.876263,5222,101309.623170,8.094201,0.451500
1.071429,0.881313,5223,101309.691791,8.088680,0.432548
1.071429,0.886364,5224,101309.757059,8.083448,0.413643
1.071429,0.891414,5225,101309.819064,8.078468,0.394783
1.071429,0.896465,5226,101309.877849,8.073768,0.375967
1.071429,0.901515,5227,101309.933495,8.069310,0.357191
1.071429,0.906566,5228,101309.986038,8.065123,0.338456
1.071429,0.911616,5229,101310.035552,8.061169,0.319758
1.071429,0.916667,5230,101310.082065,8.057477,0.301095
1.071429,0.921717,5231,101310.125645,8.054011,0.282466
1.071429,0.926768,5232,101310.166313,8.050801,0.263869
1.071429,0.931818,5233,101310.204132,8.047809,0.245301
1.071429,0.936869,5234,101310.239115,8.045068,0.226761
1.071429,0.941919,5235,101310.271317,8.042538,0.208245
1.071429,0.946970,5236,101310.300748,8.040254,0.189753
1.071429,0.952020,5237,101310.327455,8.038174,0.171281
1.071429,0.957071,5238,101310.351443,8.036328,0.152830
1.071429,0.962121,5239,101310.372749,8.034657,0.134389
1.071429,0.967172,5240,101310.391387,8.033126,0.115977
1.071429,0.972222,5241,101310.407354,8.031460,0.097535
1.071429,0.977273,5242,101310.420734,8.028822,0.079191
1.071429,0.982323,5243,101310.431362,8.021988,0.060621
1.071429,0.987374,5244,101310.439595,7.999397,0.042431
1.071429,0.992424,5245,101310.444809,7.895259,0.023288
1.071429,0.997475,5246,101310.447685,7.698852,0.007227
1.091837,0.502525,5247,101286.352855,4.408864,0.743421
1.091837,0.507576,5248,101287.025340,5.560537,-0.099220
1.091837,0.512626,5249,101286.740264,6.437558,0.421373
1.091837,0.517677,5250,101287.041715,7.051152,0.478469
1.091837,0.522727,5251,101287.362521,7.521302,0.568877
1.091837,0.527778,5252,101287.689155,7.890361,0.669221
1.091837,0.532828,5253,101288.077650,8.183456,0.753518
1.091837,0.537879,5254,101288.516993,8.417011,0.827223
1.091837,0.542929,5255,101288.994334,8.602452,0.892944
1.091837,0.547980,5256,101289.503724,8.748290,0.951007
1.091837,0.553030,5257,101290.039687,8.861345,1.001808
1.091837,0.558081,5258,101290.596084,8.947279,1.045961
1.091837,0.563131,5259,101291.167112,9.010762,1.084029
1.091837,0.568182,5260,101291.747472,9.055749,1.116527
1.091837,0.573232,5261,101292.332487,9.085518,1.143934
1.091837,0.578283,5262,101292.918002,9.102867,1.166709
1.091837,0.583333,5263,101293.500494,9.110096,1.185271
1.091837,0.588384,5264,101294.076952,9.109173,1.200017
1.091837,0.593434,5265,101294.644937,9.101698,1.211308
1.091837,0.598485,5266,101295.202436,9.089040,1.219482
1.091837,0.603535,5267,101295.747905,9.072292,1.224840
1.091837,0.608586,5268,101296.280122,9.052397,1.227667
1.091837,0.613636,5269,101296.798229,9.030091,1.228213
1.091837,0.618687,5270,101297.301591,9.006016,1.226712
1.091837,0.623737,5271,101297.789846,8.980656,1.223371
1.091837,0.628788,5272,101298.262773,8.954445,1.218381
1.091837,0.633838,5273,101298.720351,8.927695,1.211910
1.091837,0.638889,5274,101299.162635,8.900696,1.204115
1.091837,0.643939,5275,101299.589829,8.873641,1.195132
1.091837,0.648990,5276,101300.002165,8.846725,1.185089
1.091837,0.654040,5277,101300.399982,8.820061,1.174095
1.091837,0.659091,5278,101300.783616,8.793778,1.162255
1.091837,0.664141,5279,101301.153483,8.767935,1.149656
1.091837,0.669192,5280,101301.509973,8.742617,1.136383
1.091837,0.674242,5281,101301.853536,8.717849,1.122507
1.091837,0.679293,5282,101302.184581,8.693687,1.108097
1.091837,0.684343,5283,101302.503568,8.670130,1.093209
1.091837,0.689394,5284,101302.810903,8.647218,1.077899
1.091837,0.694444,5285,101303.107036,8.624934,1.062213
1.091837,0.699495,5286,101303.392358,8.603304,1.046197
1.091837,0.704545,5287,101303.667297,8.582303,1.029886
1.091837,0.709596,5288,101303.932223,8.561951,1.013318
1.091837,0.714646,5289,101304.187537,8.542214,0.996521
1.091837,0.719697,5290,101304.433583,8.523107,0.979527
1.091837,0.724747,5291,101304.670732,8.504595,0.962357
1.091837,0.729798,5292,101304.899299,8.486691,0.945037
1.091837,0.734848,5293,101305.119628,8.469354,0.927584
1.091837,0.739899,5294,101305.332004,8.452599,0.910020
1.091837,0.744949,5295,101305.536742,8.436384,0.892358
1.091837,0.750000,5296,101305.734100,8.420722,0.874614
1.091837,0.755051,5297,101305.924368,8.405572,0.856801
1.091837,0.760101,5298,101306.107775,8.390947,0.838931
1.091837,0.765152,5299,101306.284586,8.376806,0.821013
1.091837,0.770202,5300,101306.455009,8.363162,0.803058
1.091837,0.775253,5301,101306.619284,8.349976,0.785073
1.091837,0.780303,5302,101306.777596,8.337262,0.767067
1.091837,0.785354,5303,101306.930164,8.324980,0.749044
1.091837,0.790404,5304,101307.077154,8.313145,0.731014
1.091837,0.795455,5305,101307.218765,8.301718,0.712977
1.091837,0.800505,5306,101307.355145,8.290716,0.694942
1.091837,0.805556,5307,101307.486475,8.280099,0.676910
1.091837,0.810606,5308,101307.612887,8.269886,0.658886
1.091837,0.815657,5309,101307.734546,8.260037,0.640872
1.091837,0.820707,5310,101307.851568,8.250574,0.622873
1.091837,0.825758,5311,101307.964104,8.241455,0.604888
1.091837,0.830808,5312,101308.072258,8.232703,0.586921
1.091837,0.835859,5313,101308.176167,8.224279,0.568972
1.091837,0.840909,5314,101308.275922,8.216206,0.551045
1.091837,0.845960,5315,101308.371648,8.208444,0.533138
1.091837,0.851010,5316,101308.463426,8.201018,0.515255
1.091837,0.856061,5317,101308.551371,8.193889,0.497393
1.091837,0.861111,5318,101308.635551,8.187083,0.479555
1.091837,0.866162,5319,101308.716073,8.180560,0.461740
1.091837,0.871212,5320,101308.792997,8.174348,0.443950
1.091837,0.876263,5321,101308.866418,8.168406,0.426182
1.091837,0.881313,5322,101308.936390,8.162765,0.408439
1.091837,0.886364,5323,101309.002999,8.157382,0.390717
1.091837,0.891414,5324,101309.066290,8.152291,0.373020
1.091837,0.896465,5325,101309.126345,8.147449,0.355343
1.091837,0.901515,5326,101309.183198,8.142889,0.337689
1.091837,0.906566,5327,101309.236924,8.138569,0.320055
1.091837,0.911616,5328,101309.287552,8.134523,0.302442
1.091837,0.916667,5329,101309.335150,8.130710,0.284848
1.091837,0.921717,5330,101309.379741,8.127165,0.267272
1.091837,0.926768,5331,101309.421387,8.123843,0.249713
1.091837,0.931818,5332,101309.460103,8.120785,0.232171
1.091837,0.936869,5333,101309.495947,8.117944,0.214644
1.091837,0.941919,5334,101309.528928,8.115362,0.197131
1.091837,0.946970,5335,101309.559098,8.112991,0.179631
1.091837,0.952020,5336,101309.586461,8.110872,0.162142
1.091837,0.957071,5337,101309.611065,8.108951,0.144665
1.091837,0.962121,5338,101309.632903,8.107256,0.127191
1.091837,0.967172,5339,101309.652035,8.105670,0.109742
1.091837,0.972222,5340,101309.668409,8.104009,0.092251
1.091837,0.977273,5341,101309.682162,8.101375,0.074868
1.091837,0.982323,5342,101309.693066,8.094693,0.057236
1.091837,0.987374,5343,101309.701525,8.072538,0.040008
1.091837,0.992424,5344,101309.706903,7.964859,0.021848
1.091837,0.997475,5345,101309.709831,7.758437,0.006717
1.112245,0.502525,5346,101288.868408,3.927506,0.577491
1.112245,0.507576,5347,101289.279243,5.118963,-0.100543
1.112245,0.512626,5348,101289.064984,6.015574,0.350156
1.112245,0.517677,5349,101289.303603,6.669354,0.367973
1.112245,0.522727,5350,101289.509561,7.177156,0.451874
1.112245,0.527778,5351,101289.739501,7.578774,0.536987
1.112245,0.532828,5352,101290.025492,7.901590,0.607753
1.112245,0.537879,5353,101290.350416,8.162949,0.671667
1.112245,0.542929,5354,101290.706282,8.374496,0.729731
1.112245,0.547980,5355,101291.089616,8.544818,0.781743
1.112245,0.553030,5356,101291.496022,8.680865,0.828034
1.112245,0.558081,5357,101291.920968,8.788269,0.869040
1.112245,0.563131,5358,101292.360334,8.871777,0.905142
1.112245,0.568182,5359,101292.810456,8.935323,0.936698
1.112245,0.573232,5360,101293.267974,8.982280,0.964058
1.112245,0.578283,5361,101293.729926,9.015450,0.987556
1.112245,0.583333,5362,101294.193650,9.037247,1.007511
1.112245,0.588384,5363,101294.656865,9.049660,1.024216
1.112245,0.593434,5364,101295.117554,9.054411,1.037950
1.112245,0.598485,5365,101295.574039,9.052898,1.048965
1.112245,0.603535,5366,101296.024859,9.046337,1.057498
1.112245,0.608586,5367,101296.468842,9.035699,1.063764
1.112245,0.613636,5368,101296.904984,9.021837,1.067962
1.112245,0.618687,5369,101297.332519,9.005415,1.070273
1.112245,0.623737,5370,101297.750804,8.987028,1.070863
1.112245,0.628788,5371,101298.159386,8.967123,1.069882
1.112245,0.633838,5372,101298.557897,8.946114,1.067471
1.112245,0.638889,5373,101298.946121,8.924297,1.063752
1.112245,0.643939,5374,101299.323890,8.901960,1.058843
1.112245,0.648990,5375,101299.691163,8.879292,1.052847
1.112245,0.654040,5376,101300.047915,8.856495,1.045862
1.112245,0.659091,5377,101300.394226,8.833687,1.037972
1.112245,0.664141,5378,101300.730171,8.811008,1.029261
1.112245,0.669192,5379,101301.055912,8.788525,1.019799
1.112245,0.674242,5380,101301.371591,8.766340,1.009654
1.112245,0.679293,5381,101301.677421,8.744484,0.998885
1.112245,0.684343,5382,101301.973587,8.723031,0.987551
1.112245,0.689394,5383,101302.260333,8.701990,0.975699
1.112245,0.694444,5384,101302.537866,8.681414,0.963379
1.112245,0.699495,5385,101302.806446,8.661297,0.950630
1.112245,0.704545,5386,101303.066289,8.641679,0.937495
1.112245,0.709596,5387,101303.317660,8.622543,0.924005
1.112245,0.714646,5388,101303.560776,8.603920,0.910196
1.112245,0.719697,5389,101303.795900,8.585788,0.896095
1.112245,0.724747,5390,101304.023243,8.568170,0.881732
1.112245,0.729798,5391,101304.243059,8.551039,0.867130
1.112245,0.734848,5392,101304.455551,8.534416,0.852312
1.112245,0.739899,5393,101304.660963,8.518270,0.837297
1.112245,0.744949,5394,101304.859484,8.502620,0.822108
1.112245,0.750000,5395,101305.051346,8.487432,0.806758
1.112245,0.755051,5396,101305.236727,8.472725,0.791266
1.112245,0.760101,5397,101305.415843,8.458463,0.775644
1.112245,0.765152,5398,101305.588859,8.444666,0.759908
1.112245,0.770202,5399,101305.755977,8.431296,0.744067
1.112245,0.775253,5400,101305.917349,8.418373,0.728134
1.112245,0.780303,5401,101306.073163,8.405858,0.712117
1.112245,0.785354,5402,101306.223557,8.393772,0.696028
1.112245,0.790404,5403,101306.368706,8.382077,0.679872
1.112245,0.795455,5404,101306.508736,8.370792,0.663660
1.112245,0.800505,5405,101306.643809,8.359881,0.647395
1.112245,0.805556,5406,101306.774038,8.349364,0.631088
1.112245,0.810606,5407,101306.899575,8.339203,0.614740
1.112245,0.815657,5408,101307.020519,8.329420,0.598359
1.112245,0.820707,5409,101307.137012,8.319976,0.581948
1.112245,0.825758,5410,101307.249144,8.310896,0.565513
1.112245,0.830808,5411,101307.357043,8.302141,0.549056
1.112245,0.835859,5412,101307.460791,8.293734,0.532582
1.112245,0.840909,5413,101307.560507,8.285638,0.516092
1.112245,0.845960,5414,101307.656263,8.277877,0.499591
1.112245,0.851010,5415,101307.748169,8.270414,0.483080
1.112245,0.856061,5416,101307.836287,8.263275,0.466562
1.112245,0.861111,5417,101307.920720,8.256421,0.450038
1.112245,0.866162,5418,101308.001522,8.249879,0.433511
1.112245,0.871212,5419,101308.078787,8.243611,0.416981
1.112245,0.876263,5420,101308.152564,8.237646,0.400450
1.112245,0.881313,5421,101308.222937,8.231944,0.383919
1.112245,0.886364,5422,101308.289949,8.226536,0.367390
1.112245,0.891414,5423,101308.353677,8.221382,0.350862
1.112245,0.896465,5424,101308.414158,8.216513,0.334337
1.112245,0.901515,5425,101308.471463,8.211890,0.317814
1.112245,0.906566,5426,101308.525620,8.207544,0.301296
1.112245,0.911616,5427,101308.576698,8.203437,0.284780
1.112245,0.916667,5428,101308.624717,8.199601,0.268269
1.112245,0.921717,5429,101308.669739,8.195996,0.251762
1.112245,0.926768,5430,101308.711781,8.192656,0.235259
1.112245,0.931818,5431,101308.750900,8.189542,0.218759
1.112245,0.936869,5432,101308.787105,8.186688,0.202264
1.112245,0.941919,5433,101308.820450,8.184054,0.185771
1.112245,0.946970,5434,101308.850938,8.181675,0.169283
1.112245,0.952020,5435,101308.878617,8.179509,0.152796
1.112245,0.957071,5436,101308.903490,8.177588,0.136315
1.112245,0.962121,5437,101308.925589,8.175854,0.119827
1.112245,0.967172,5438,101308.944934,8.174279,0.103364
1.112245,0.972222,5439,101308.961505,8.172600,0.086843
1.112245,0.977273,5440,101308.975410,8.170028,0.070443
1.112245,0.982323,5441,101308.986450,8.163449,0.053772
1.112245,0.987374,5442,101308.994985,8.141740,0.037524
1.112245,0.992424,5443,101309.000457,8.030438,0.020368
1.112245,0.997475,5444,101309.003377,7.814045,0.006198
1.132653,0.502525,5445,101291.115333,3.483212,0.459291
1.132653,0.507576,5446,101291.373836,4.714014,-0.085849
1.132653,0.512626,5447,101291.199101,5.634933,0.303077
1.132653,0.517677,5448,101291.364430,6.325723,0.299078
1.132653,0.522727,5449,101291.472052,6.866967,0.378046
1.132653,0.527778,5450,101291.611266,7.297834,0.449018
1.132653,0.532828,5451,101291.795685,7.647159,0.508066
1.132653,0.537879,5452,101292.010859,7.932985,0.562722
1.132653,0.542929,5453,101292.254286,8.167179,0.612730
1.132653,0.547980,5454,101292.524116,8.358636,0.657906
1.132653,0.553030,5455,101292.816986,8.514356,0.698613
1.132653,0.558081,5456,101293.129430,8.640104,0.735170
1.132653,0.563131,5457,101293.458289,8.740620,0.767832
1.132653,0.568182,5458,101293.800538,8.819956,0.796856
1.132653,0.573232,5459,101294.153401,8.881489,0.822490
1.132653,0.578283,5460,101294.514295,8.928143,0.844980
1.132653,0.583333,5461,101294.880932,8.962344,0.864553
1.132653,0.588384,5462,101295.251223,8.986207,0.881429
1.132653,0.593434,5463,101295.623364,9.001467,0.895810
1.132653,0.598485,5464,101295.995727,9.009645,0.907889
1.132653,0.603535,5465,101296.366936,9.011967,0.917842
1.132653,0.608586,5466,101296.735760,9.009519,0.925834
1.132653,0.613636,5467,101297.101187,9.003159,0.932015
1.132653,0.618687,5468,101297.462312,8.993657,0.936527
1.132653,0.623737,5469,101297.818421,8.981606,0.939495
1.132653,0.628788,5470,101298.168871,8.967550,0.941042
1.132653,0.633838,5471,101298.513179,8.951894,0.941271
1.132653,0.638889,5472,101298.850913,8.935022,0.940288
1.132653,0.643939,5473,101299.181769,8.917207,0.938180
1.132653,0.648990,5474,101299.505474,8.898722,0.935036
1.132653,0.654040,5475,101299.821865,8.879746,0.930931
1.132653,0.659091,5476,101300.130786,8.860475,0.925940
1.132653,0.664141,5477,101300.432180,8.841023,0.920127
1.132653,0.669192,5478,101300.725982,8.821532,0.913557
1.132653,0.674242,5479,101301.012209,8.802070,0.906285
1.132653,0.679293,5480,101301.290861,8.782742,0.898364
1.132653,0.684343,5481,101301.562013,8.763585,0.889842
1.132653,0.689394,5482,101301.825710,8.744679,0.880767
1.132653,0.694444,5483,101302.082063,8.726037,0.871177
1.132653,0.699495,5484,101302.331153,8.707720,0.861115
1.132653,0.704545,5485,101302.573115,8.689728,0.850613
1.132653,0.709596,5486,101302.808050,8.672109,0.839707
1.132653,0.714646,5487,101303.036110,8.654852,0.828426
1.132653,0.719697,5488,101303.257407,8.637995,0.816801
1.132653,0.724747,5489,101303.472104,8.621521,0.804855
1.132653,0.729798,5490,101303.680319,8.605462,0.792617
1.132653,0.734848,5491,101303.882218,8.589794,0.780105
1.132653,0.739899,5492,101304.077919,8.574546,0.767344
1.132653,0.744949,5493,101304.267590,8.559692,0.754351
1.132653,0.750000,5494,101304.451348,8.545256,0.741146
1.132653,0.755051,5495,101304.629356,8.531210,0.727744
1.132653,0.760101,5496,101304.801728,8.517577,0.714162
1.132653,0.765152,5497,101304.968622,8.504325,0.700412
1.132653,0.770202,5498,101305.130148,8.491479,0.686511
1.132653,0.775253,5499,101305.286456,8.479004,0.672467
1.132653,0.780303,5500,101305.437650,8.466925,0.658296
1.132653,0.785354,5501,101305.583873,8.455206,0.644004
1.132653,0.790404,5502,101305.725223,8.443872,0.629605
1.132653,0.795455,5503,101305.861836,8.432885,0.615104
1.132653,0.800505,5504,101305.993801,8.422272,0.600512
1.132653,0.805556,5505,101306.121247,8.411994,0.585835
1.132653,0.810606,5506,101306.244256,8.402079,0.571083
1.132653,0.815657,5507,101306.362950,8.392487,0.556258
1.132653,0.820707,5508,101306.477403,8.383245,0.541370
1.132653,0.825758,5509,101306.587730,8.374315,0.526423
1.132653,0.830808,5510,101306.693997,8.365724,0.511422
1.132653,0.835859,5511,101306.796313,8.357433,0.496372
1.132653,0.840909,5512,101306.894737,8.349471,0.481278
1.132653,0.845960,5513,101306.989370,8.341798,0.466142
1.132653,0.851010,5514,101307.080265,8.334444,0.450970
1.132653,0.856061,5515,101307.167516,8.327369,0.435764
1.132653,0.861111,5516,101307.251171,8.320603,0.420528
1.132653,0.866162,5517,101307.331317,8.314107,0.405264
1.132653,0.871212,5518,101307.407994,8.307911,0.389975
1.132653,0.876263,5519,101307.481285,8.301975,0.374663
1.132653,0.881313,5520,101307.551225,8.296332,0.359332
1.132653,0.886364,5521,101307.617889,8.290940,0.343981
1.132653,0.891414,5522,101307.681307,8.285834,0.328614
1.132653,0.896465,5523,101307.741549,8.280972,0.313231
1.132653,0.901515,5524,101307.798640,8.276389,0.297835
1.132653,0.906566,5525,101307.852645,8.272043,0.282427
1.132653,0.911616,5526,101307.903583,8.267970,0.267008
1.132653,0.916667,5527,101307.951515,8.264127,0.251579
1.132653,0.921717,5528,101307.996454,8.260553,0.236141
1.132653,0.926768,5529,101308.038456,8.257202,0.220694
1.132653,0.931818,5530,101308.077530,8.254115,0.205241
1.132653,0.936869,5531,101308.113728,8.251247,0.189780
1.132653,0.941919,5532,101308.147054,8.248640,0.174314
1.132653,0.946970,5533,101308.177555,8.246245,0.158843
1.132653,0.952020,5534,101308.205231,8.244106,0.143365
1.132653,0.957071,5535,101308.230126,8.242169,0.127887
1.132653,0.962121,5536,101308.252226,8.240464,0.112393
1.132653,0.967172,5537,101308.271596,8.238876,0.096923
1.132653,0.972222,5538,101308.288166,8.237240,0.081382
1.132653,0.977273,5539,101308.302095,8.234695,0.065972
1.132653,0.982323,5540,101308.313132,8.228261,0.050275
1.132653,0.987374,5541,101308.321673,8.206915,0.035011
1.132653,0.992424,5542,101308.327158,8.091991,0.018868
1.132653,0.997475,5543,101308.330068,7.865579,0.005672
1.153061,0.502525,5544,101292.764254,3.118766,0.370977
1.153061,0.507576,5545,101292.936419,4.375843,-0.067886
1.153061,0.512626,5546,101292.802814,5.316961,0.266762
1.153061,0.517677,5547,101292.926825,6.037314,0.251977
1.153061,0.522727,5548,101292.986991,6.605249,0.326824
1.153061,0.527778,5549,101293.081092,7.059652,0.386142
1.153061,0.532828,5550,101293.208042,7.430294,0.436303
1.153061,0.537879,5551,101293.357667,7.735557,0.483400
1.153061,0.542929,5552,101293.530597,7.987769,0.526416
1.153061,0.547980,5553,101293.725857,8.196013,0.565415
1.153061,0.553030,5554,101293.941150,8.367478,0.600800
1.153061,0.558081,5555,101294.174297,8.507923,0.632820
1.153061,0.563131,5556,101294.423111,8.622198,0.661681
1.153061,0.568182,5557,101294.685448,8.714334,0.687592
1.153061,0.573232,5558,101294.959175,8.787810,0.710752
1.153061,0.578283,5559,101295.242323,8.845534,0.731347
1.153061,0.583333,5560,101295.533011,8.890042,0.749558
1.153061,0.588384,5561,101295.829551,8.923435,0.765547
1.153061,0.593434,5562,101296.130362,8.947559,0.779473
1.153061,0.598485,5563,101296.434061,8.963924,0.791478
1.153061,0.603535,5564,101296.739365,8.973862,0.801700
1.153061,0.608586,5565,101297.045179,8.978448,0.810261
1.153061,0.613636,5566,101297.350490,8.978638,0.817279
1.153061,0.618687,5567,101297.654454,8.975186,0.822857
1.153061,0.623737,5568,101297.956289,8.968778,0.827096
1.153061,0.628788,5569,101298.255363,8.959937,0.830085
1.153061,0.633838,5570,101298.551086,8.949152,0.831910
1.153061,0.638889,5571,101298.842998,8.936782,0.832646
1.153061,0.643939,5572,101299.130663,8.923180,0.832368
1.153061,0.648990,5573,101299.413760,8.908588,0.831140
1.153061,0.654040,5574,101299.691978,8.893260,0.829026
1.153061,0.659091,5575,101299.965106,8.877358,0.826082
1.153061,0.664141,5576,101300.232928,8.861067,0.822363
1.153061,0.669192,5577,101300.495320,8.844492,0.817919
1.153061,0.674242,5578,101300.752144,8.827771,0.812797
1.153061,0.679293,5579,101301.003340,8.810968,0.807039
1.153061,0.684343,5580,101301.248829,8.794189,0.800689
1.153061,0.689394,5581,101301.488603,8.777467,0.793782
1.153061,0.694444,5582,101301.722626,8.760885,0.786357
1.153061,0.699495,5583,101301.950928,8.744458,0.778445
1.153061,0.704545,5584,101302.173509,8.728251,0.770079
1.153061,0.709596,5585,101302.390425,8.712265,0.761288
1.153061,0.714646,5586,101302.601699,8.696552,0.752100
1.153061,0.719697,5587,101302.807411,8.681105,0.742540
1.153061,0.724747,5588,101303.007600,8.665968,0.732634
1.153061,0.729798,5589,101303.202358,8.651124,0.722403
1.153061,0.734848,5590,101303.391739,8.636612,0.711869
1.153061,0.739899,5591,101303.575843,8.622411,0.701052
1.153061,0.744949,5592,101303.754731,8.608555,0.689972
1.153061,0.750000,5593,101303.928510,8.595019,0.678643
1.153061,0.755051,5594,101304.097244,8.581835,0.667086
1.153061,0.760101,5595,101304.261043,8.568974,0.655313
1.153061,0.765152,5596,101304.419973,8.556466,0.643340
1.153061,0.770202,5597,101304.574146,8.544281,0.631179
1.153061,0.775253,5598,101304.723625,8.532448,0.618844
1.153061,0.780303,5599,101304.868522,8.520934,0.606346
1.153061,0.785354,5600,101305.008900,8.509768,0.593698
1.153061,0.790404,5601,101305.144867,8.498915,0.580907
1.153061,0.795455,5602,101305.276484,8.488405,0.567985
1.153061,0.800505,5603,101305.403856,8.478202,0.554940
1.153061,0.805556,5604,101305.527040,8.468335,0.541781
1.153061,0.810606,5605,101305.646138,8.458767,0.528515
1.153061,0.815657,5606,101305.761203,8.449528,0.515152
1.153061,0.820707,5607,101305.872333,8.440581,0.501695
1.153061,0.825758,5608,101305.979577,8.431954,0.488153
1.153061,0.830808,5609,101306.083028,8.423611,0.474531
1.153061,0.835859,5610,101306.182731,8.415582,0.460835
1.153061,0.840909,5611,101306.278774,8.407828,0.447070
1.153061,0.845960,5612,101306.371198,8.400380,0.433241
1.153061,0.851010,5613,101306.460086,8.393200,0.419353
1.153061,0.856061,5614,101306.545476,8.386318,0.405409
1.153061,0.861111,5615,101306.627445,8.379697,0.391414
1.153061,0.866162,5616,101306.706026,8.373367,0.377372
1.153061,0.871212,5617,101306.781293,8.367291,0.363285
1.153061,0.876263,5618,101306.853275,8.361499,0.349158
1.153061,0.881313,5619,101306.922039,8.355953,0.334992
1.153061,0.886364,5620,101306.987610,8.350686,0.320792
1.153061,0.891414,5621,101307.050054,8.345659,0.306559
1.153061,0.896465,5622,101307.109389,8.340906,0.292296
1.153061,0.901515,5623,101307.165677,8.336386,0.278004
1.153061,0.906566,5624,101307.218932,8.332134,0.263688
1.153061,0.911616,5625,101307.269212,8.328110,0.249347
1.153061,0.916667,5626,101307.316528,8.324350,0.234985
1.153061,0.921717,5627,101307.360932,8.320813,0.220602
1.153061,0.926768,5628,101307.402432,8.317536,0.206201
1.153061,0.931818,5629,101307.441076,8.314477,0.191782
1.153061,0.936869,5630,101307.476869,8.311674,0.177348
1.153061,0.941919,5631,101307.509853,8.309085,0.162899
1.153061,0.946970,5632,101307.540031,8.306749,0.148438
1.153061,0.952020,5633,101307.567440,8.304622,0.133963
1.153061,0.957071,5634,101307.592083,8.302738,0.119482
1.153061,0.962121,5635,101307.613982,8.301039,0.104977
1.153061,0.967172,5636,101307.633162,8.299503,0.090497
1.153061,0.972222,5637,101307.649587,8.297879,0.075933
1.153061,0.977273,5638,101307.663381,8.295416,0.061509
1.153061,0.982323,5639,101307.674331,8.289078,0.046783
1.153061,0.987374,5640,101307.682778,8.268107,0.032499
1.153061,0.992424,5641,101307.688242,8.149455,0.017366
1.153061,0.997475,5642,101307.691097,7.913040,0.005147
1.173469,0.502525,5643,101293.961386,2.814236,0.302660
1.173469,0.507576,5644,101294.080673,4.089090,-0.051656
1.173469,0.512626,5645,101293.981722,5.047646,0.235775
1.173469,0.517677,5646,101294.080197,5.792702,0.216345
1.173469,0.522727,5647,101294.118498,6.382991,0.287072
1.173469,0.527778,5648,101294.191302,6.857385,0.336898
1.173469,0.532828,5649,101294.287506,7.245868,0.380398
1.173469,0.537879,5650,101294.400920,7.567236,0.421475
1.173469,0.542929,5651,101294.533320,7.834162,0.458801
1.173469,0.547980,5652,101294.683723,8.056094,0.492715
1.173469,0.553030,5653,101294.850573,8.240287,0.523596
1.173469,0.558081,5654,101295.032428,8.392656,0.551649
1.173469,0.563131,5655,101295.227839,8.518041,0.577056
1.173469,0.568182,5656,101295.435252,8.620584,0.600004
1.173469,0.573232,5657,101295.653177,8.703743,0.620663
1.173469,0.578283,5658,101295.880127,8.770529,0.639191
1.173469,0.583333,5659,101296.114729,8.823454,0.655735
1.173469,0.588384,5660,101296.355646,8.864723,0.670432
1.173469,0.593434,5661,101296.601675,8.896157,0.683406
1.173469,0.598485,5662,101296.851661,8.919368,0.694776
1.173469,0.603535,5663,101297.104593,8.935664,0.704648
1.173469,0.608586,5664,101297.359503,8.946213,0.713121
1.173469,0.613636,5665,101297.615564,8.951946,0.720285
1.173469,0.618687,5666,101297.871984,8.953705,0.726224
1.173469,0.623737,5667,101298.128099,8.952146,0.731013
1.173469,0.628788,5668,101298.383273,8.947874,0.734726
1.173469,0.633838,5669,101298.636986,8.941344,0.737424
1.173469,0.638889,5670,101298.888735,8.932994,0.739170
1.173469,0.643939,5671,101299.138120,8.923137,0.740019
1.173469,0.648990,5672,101299.384749,8.912089,0.740023
1.173469,0.654040,5673,101299.628322,8.900063,0.739230
1.173469,0.659091,5674,101299.868540,8.887292,0.737686
1.173469,0.664141,5675,101300.105185,8.873918,0.735433
1.173469,0.669192,5676,101300.338031,8.860112,0.732512
1.173469,0.674242,5677,101300.566929,8.845968,0.728958
1.173469,0.679293,5678,101300.791713,8.831616,0.724808
1.173469,0.684343,5679,101301.012288,8.817112,0.720095
1.173469,0.689394,5680,101301.228537,8.802560,0.714851
1.173469,0.694444,5681,101301.440407,8.787988,0.709104
1.173469,0.699495,5682,101301.647820,8.773480,0.702885
1.173469,0.704545,5683,101301.850759,8.759048,0.696217
1.173469,0.709596,5684,101302.049174,8.744759,0.689128
1.173469,0.714646,5685,101302.243076,8.730612,0.681639
1.173469,0.719697,5686,101302.432438,8.716665,0.673776
1.173469,0.724747,5687,101302.617293,8.702907,0.665557
1.173469,0.729798,5688,101302.797632,8.689387,0.657005
1.173469,0.734848,5689,101302.973502,8.676090,0.648136
1.173469,0.739899,5690,101303.144910,8.663058,0.638971
1.173469,0.744949,5691,101303.311914,8.650270,0.629525
1.173469,0.750000,5692,101303.474529,8.637765,0.619816
1.173469,0.755051,5693,101303.632824,8.625519,0.609858
1.173469,0.760101,5694,101303.786821,8.613567,0.599666
1.173469,0.765152,5695,101303.936594,8.601882,0.589252
1.173469,0.770202,5696,101304.082170,8.590498,0.578632
1.173469,0.775253,5697,101304.223625,8.579386,0.567815
1.173469,0.780303,5698,101304.360991,8.568578,0.556815
1.173469,0.785354,5699,101304.494347,8.558042,0.545641
1.173469,0.790404,5700,101304.623724,8.547812,0.534305
1.173469,0.795455,5701,101304.749202,8.537853,0.522814
1.173469,0.800505,5702,101304.870815,8.528197,0.511181
1.173469,0.805556,5703,101304.988639,8.518810,0.499411
1.173469,0.810606,5704,101305.102708,8.509724,0.487515
1.173469,0.815657,5705,101305.213099,8.500904,0.475498
1.173469,0.820707,5706,101305.319844,8.492380,0.463369
1.173469,0.825758,5707,101305.423017,8.484117,0.451134
1.173469,0.830808,5708,101305.522649,8.476148,0.438801
1.173469,0.835859,5709,101305.618812,8.468434,0.426373
1.173469,0.840909,5710,101305.711533,8.461008,0.413859
1.173469,0.845960,5711,101305.800884,8.453834,0.401262
1.173469,0.851010,5712,101305.886889,8.446943,0.388589
1.173469,0.856061,5713,101305.969615,8.440297,0.375843
1.173469,0.861111,5714,101306.049086,8.433930,0.363030
1.173469,0.866162,5715,101306.125365,8.427803,0.350152
1.173469,0.871212,5716,101306.198471,8.421950,0.337216
1.173469,0.876263,5717,101306.268467,8.416332,0.324224
1.173469,0.881313,5718,101306.335369,8.410984,0.311180
1.173469,0.886364,5719,101306.399234,8.405865,0.298087
1.173469,0.891414,5720,101306.460077,8.401011,0.284949
1.173469,0.896465,5721,101306.517952,8.396383,0.271768
1.173469,0.901515,5722,101306.572870,8.392016,0.258548
1.173469,0.906566,5723,101306.624883,8.387869,0.245290
1.173469,0.911616,5724,101306.673997,8.383980,0.231998
1.173469,0.916667,5725,101306.720262,8.380307,0.218675
1.173469,0.921717,5726,101306.763682,8.376888,0.205322
1.173469,0.926768,5727,101306.804301,8.373682,0.191941
1.173469,0.931818,5728,101306.842122,8.370727,0.178535
1.173469,0.936869,5729,101306.877187,8.367981,0.165105
1.173469,0.941919,5730,101306.909493,8.365484,0.151654
1.173469,0.946970,5731,101306.939080,8.363191,0.138184
1.173469,0.952020,5732,101306.965941,8.361144,0.124694
1.173469,0.957071,5733,101306.990118,8.359291,0.111194
1.173469,0.962121,5734,101307.011587,8.357663,0.097663
1.173469,0.967172,5735,101307.030418,8.356151,0.084156
1.173469,0.972222,5736,101307.046524,8.354599,0.070555
1.173469,0.977273,5737,101307.060074,8.352179,0.057101
1.173469,0.982323,5738,101307.070814,8.345980,0.043335
1.173469,0.987374,5739,101307.079111,8.325305,0.030014
1.173469,0.992424,5740,101307.084480,8.202907,0.015878
1.173469,0.997475,5741,101307.087278,7.956417,0.004627
1.193878,0.502525,5742,101294.891421,2.546639,0.248861
1.193878,0.507576,5743,101294.975833,3.836064,-0.037785
1.193878,0.512626,5744,101294.902318,4.811406,0.209113
1.193878,0.517677,5745,101294.981110,5.578332,0.188533
1.193878,0.522727,5746,101295.006561,6.188652,0.254988
1.193878,0.527778,5747,101295.065573,6.680988,0.297031
1.193878,0.532828,5748,101295.141078,7.085404,0.335368
1.193878,0.537879,5749,101295.230567,7.420884,0.371474
1.193878,0.542929,5750,101295.335860,7.700629,0.404097
1.193878,0.547980,5751,101295.455914,7.934289,0.433791
1.193878,0.553030,5752,101295.589584,8.129360,0.460878
1.193878,0.558081,5753,101295.735911,8.291786,0.485525
1.193878,0.563131,5754,101295.893778,8.426556,0.507912
1.193878,0.568182,5755,101296.062070,8.537797,0.528204
1.193878,0.573232,5756,101296.239632,8.629086,0.546554
1.193878,0.578283,5757,101296.425383,8.703410,0.563097
1.193878,0.583333,5758,101296.618234,8.763389,0.577964
1.193878,0.588384,5759,101296.817192,8.811203,0.591269
1.193878,0.593434,5760,101297.021279,8.848777,0.603121
1.193878,0.598485,5761,101297.229621,8.877692,0.613616
1.193878,0.603535,5762,101297.441365,8.899354,0.622846
1.193878,0.608586,5763,101297.655766,8.914900,0.630890
1.193878,0.613636,5764,101297.872095,8.925351,0.637824
1.193878,0.618687,5765,101298.089731,8.931513,0.643713
1.193878,0.623737,5766,101298.308061,8.934126,0.648620
1.193878,0.628788,5767,101298.526575,8.933755,0.652601
1.193878,0.633838,5768,101298.744764,8.930935,0.655709
1.193878,0.638889,5769,101298.962217,8.926059,0.657988
1.193878,0.643939,5770,101299.178516,8.919515,0.659487
1.193878,0.648990,5771,101299.393332,8.911573,0.660242
1.193878,0.654040,5772,101299.606326,8.902517,0.660294
1.193878,0.659091,5773,101299.817242,8.892530,0.659677
1.193878,0.664141,5774,101300.025807,8.881823,0.658425
1.193878,0.669192,5775,101300.231823,8.870517,0.656569
1.193878,0.674242,5776,101300.435073,8.858772,0.654139
1.193878,0.679293,5777,101300.635411,8.846665,0.651162
1.193878,0.684343,5778,101300.832667,8.834320,0.647667
1.193878,0.689394,5779,101301.026735,8.821785,0.643676
1.193878,0.694444,5780,101301.217483,8.809157,0.639215
1.193878,0.699495,5781,101301.404843,8.796460,0.634307
1.193878,0.704545,5782,101301.588714,8.783776,0.628973
1.193878,0.709596,5783,101301.769054,8.771113,0.623234
1.193878,0.714646,5784,101301.945789,8.758537,0.617111
1.193878,0.719697,5785,101302.118902,8.746048,0.610621
1.193878,0.724747,5786,101302.288340,8.733701,0.603784
1.193878,0.729798,5787,101302.454103,8.721487,0.596616
1.193878,0.734848,5788,101302.616156,8.709457,0.589135
1.193878,0.739899,5789,101302.774516,8.697593,0.581355
1.193878,0.744949,5790,101302.929158,8.685941,0.573293
1.193878,0.750000,5791,101303.080113,8.674480,0.564961
1.193878,0.755051,5792,101303.227367,8.663251,0.556375
1.193878,0.760101,5793,101303.370959,8.652231,0.547546
1.193878,0.765152,5794,101303.510884,8.641458,0.538488
1.193878,0.770202,5795,101303.647187,8.630905,0.529212
1.193878,0.775253,5796,101303.779871,8.620608,0.519730
1.193878,0.780303,5797,101303.908985,8.610540,0.510052
1.193878,0.785354,5798,101304.034537,8.600734,0.500190
1.193878,0.790404,5799,101304.156579,8.591160,0.490151
1.193878,0.795455,5800,101304.275122,8.581854,0.479946
1.193878,0.800505,5801,101304.390222,8.572782,0.469584
1.193878,0.805556,5802,101304.501891,8.563978,0.459073
1.193878,0.810606,5803,101304.610185,8.555410,0.448420
1.193878,0.815657,5804,101304.715118,8.547110,0.437634
1.193878,0.820707,5805,101304.816748,8.539045,0.426722
1.193878,0.825758,5806,101304.915088,8.531247,0.415691
1.193878,0.830808,5807,101305.010196,8.523682,0.404546
1.193878,0.835859,5808,101305.102085,8.516383,0.393295
1.193878,0.840909,5809,101305.190812,8.509315,0.381943
1.193878,0.845960,5810,101305.276389,8.502511,0.370496
1.193878,0.851010,5811,101305.358872,8.495934,0.358959
1.193878,0.856061,5812,101305.438272,8.489618,0.347338
1.193878,0.861111,5813,101305.514645,8.483527,0.335636
1.193878,0.866162,5814,101305.587998,8.477694,0.323859
1.193878,0.871212,5815,101305.658386,8.472082,0.312010
1.193878,0.876263,5816,101305.725817,8.466726,0.300096
1.193878,0.881313,5817,101305.790340,8.461587,0.288117
1.193878,0.886364,5818,101305.851963,8.456701,0.276080
1.193878,0.891414,5819,101305.910734,8.452030,0.263987
1.193878,0.896465,5820,101305.966657,8.447608,0.251843
1.193878,0.901515,5821,101306.019778,8.443397,0.239649
1.193878,0.906566,5822,101306.070100,8.439433,0.227410
1.193878,0.911616,5823,101306.117668,8.435677,0.215127
1.193878,0.916667,5824,101306.162480,8.432166,0.202805
1.193878,0.921717,5825,101306.204578,8.428860,0.190445
1.193878,0.926768,5826,101306.243961,8.425796,0.178052
1.193878,0.931818,5827,101306.280667,8.422934,0.165626
1.193878,0.936869,5828,101306.314692,8.420312,0.153170
1.193878,0.941919,5829,101306.346072,8.417890,0.140687
1.193878,0.946970,5830,101306.374802,8.415706,0.128181
1.193878,0.952020,5831,101306.400913,8.413717,0.115648
1.193878,0.957071,5832,101306.424403,8.411958,0.103102
1.193878,0.962121,5833,101306.445286,8.410374,0.090519
1.193878,0.967172,5834,101306.463590,8.408944,0.077962
1.193878,0.972222,5835,101306.479264,8.407429,0.065300
1.193878,0.977273,5836,101306.492438,8.405106,0.052792
1.193878,0.982323,5837,101306.502899,8.398996,0.039965
1.193878,0.987374,5838,101306.510958,8.378631,0.027582
1.193878,0.992424,5839,101306.516206,8.252367,0.014420
1.193878,0.997475,5840,101306.518905,7.995796,0.004119
1.214286,0.502525,5841,101295.642221,2.306457,0.206003
1.214286,0.507576,5842,101295.702762,3.609024,-0.026082
1.214286,0.512626,5843,101295.647699,4.600618,0.186262
1.214286,0.517677,5844,101295.710719,5.387450,0.166538
1.214286,0.522727,5845,101295.727898,6.016014,0.228646
1.214286,0.527778,5846,101295.776525,6.524857,0.264322
1.214286,0.532828,5847,101295.836604,6.943725,0.298540
1.214286,0.537879,5848,101295.908556,7.291963,0.330443
1.214286,0.542929,5849,101295.993859,7.583106,0.359118
1.214286,0.547980,5850,101296.091411,7.827170,0.385254
1.214286,0.553030,5851,101296.200476,8.031738,0.409096
1.214286,0.558081,5852,101296.320308,8.202954,0.430801
1.214286,0.563131,5853,101296.450082,8.345810,0.450541
1.214286,0.568182,5854,101296.588894,8.464575,0.468471
1.214286,0.573232,5855,101296.735890,8.562803,0.484725
1.214286,0.578283,5856,101296.890182,8.643599,0.499430
1.214286,0.583333,5857,101297.050954,8.709558,0.512696
1.214286,0.588384,5858,101297.217377,8.762968,0.524629
1.214286,0.593434,5859,101297.388712,8.805725,0.535321
1.214286,0.598485,5860,101297.564215,8.839510,0.544858
1.214286,0.603535,5861,101297.743236,8.865697,0.553315
1.214286,0.608586,5862,101297.925123,8.885516,0.560763
1.214286,0.613636,5863,101298.109320,8.899951,0.567262
1.214286,0.618687,5864,101298.295262,8.909896,0.572870
1.214286,0.623737,5865,101298.482480,8.916047,0.577637
1.214286,0.628788,5866,101298.670491,8.919053,0.581610
1.214286,0.633838,5867,101298.858903,8.919401,0.584829
1.214286,0.638889,5868,101299.047308,8.917561,0.587336
1.214286,0.643939,5869,101299.235380,8.913871,0.589162
1.214286,0.648990,5870,101299.422775,8.908675,0.590342
1.214286,0.654040,5871,101299.609228,8.902203,0.590905
1.214286,0.659091,5872,101299.794451,8.894709,0.590880
1.214286,0.664141,5873,101299.978229,8.886349,0.590292
1.214286,0.669192,5874,101300.160321,8.877313,0.589167
1.214286,0.674242,5875,101300.340558,8.867704,0.587527
1.214286,0.679293,5876,101300.518739,8.857668,0.585395
1.214286,0.684343,5877,101300.694732,8.847269,0.582791
1.214286,0.689394,5878,101300.868374,8.836623,0.579737
1.214286,0.694444,5879,101301.039563,8.825767,0.576250
1.214286,0.699495,5880,101301.208167,8.814794,0.572350
1.214286,0.704545,5881,101301.374110,8.803723,0.568054
1.214286,0.709596,5882,101301.537285,8.792631,0.563380
1.214286,0.714646,5883,101301.697642,8.781524,0.558342
1.214286,0.719697,5884,101301.855093,8.770466,0.552958
1.214286,0.724747,5885,101302.009608,8.759454,0.547242
1.214286,0.729798,5886,101302.161119,8.748543,0.541209
1.214286,0.734848,5887,101302.309610,8.737723,0.534872
1.214286,0.739899,5888,101302.455028,8.727044,0.528246
1.214286,0.744949,5889,101302.597370,8.716490,0.521343
1.214286,0.750000,5890,101302.736598,8.706105,0.514175
1.214286,0.755051,5891,101302.872718,8.695870,0.506755
1.214286,0.760101,5892,101303.005702,8.685827,0.499095
1.214286,0.765152,5893,101303.135567,8.675951,0.491203
1.214286,0.770202,5894,101303.262291,8.666284,0.483094
1.214286,0.775253,5895,101303.385899,8.656797,0.474774
1.214286,0.780303,5896,101303.506375,8.647531,0.466256
1.214286,0.785354,5897,101303.623751,8.638455,0.457547
1.214286,0.790404,5898,101303.738015,8.629608,0.448658
1.214286,0.795455,5899,101303.849204,8.620959,0.439595
1.214286,0.800505,5900,101303.957310,8.612543,0.430370
1.214286,0.805556,5901,101304.062371,8.604330,0.420987
1.214286,0.810606,5902,101304.164386,8.596355,0.411457
1.214286,0.815657,5903,101304.263393,8.588585,0.401784
1.214286,0.820707,5904,101304.359392,8.581056,0.391978
1.214286,0.825758,5905,101304.452425,8.573733,0.382044
1.214286,0.830808,5906,101304.542492,8.566651,0.371988
1.214286,0.835859,5907,101304.629635,8.559776,0.361817
1.214286,0.840909,5908,101304.713856,8.553144,0.351537
1.214286,0.845960,5909,101304.795198,8.546717,0.341153
1.214286,0.851010,5910,101304.873663,8.540533,0.330670
1.214286,0.856061,5911,101304.949292,8.534553,0.320094
1.214286,0.861111,5912,101305.022087,8.528815,0.309430
1.214286,0.866162,5913,101305.092092,8.523280,0.298681
1.214286,0.871212,5914,101305.159305,8.517985,0.287854
1.214286,0.876263,5915,101305.223770,8.512892,0.276951
1.214286,0.881313,5916,101305.285486,8.508037,0.265978
1.214286,0.886364,5917,101305.344493,8.503382,0.254938
1.214286,0.891414,5918,101305.400790,8.498964,0.243835
1.214286,0.896465,5919,101305.454418,8.494744,0.232673
1.214286,0.901515,5920,101305.505372,8.490760,0.221455
1.214286,0.906566,5921,101305.553692,8.486971,0.210184
1.214286,0.911616,5922,101305.599373,8.483417,0.198865
1.214286,0.916667,5923,101305.642453,8.480055,0.187499
1.214286,0.921717,5924,101305.682925,8.476927,0.176091
1.214286,0.926768,5925,101305.720824,8.473989,0.164643
1.214286,0.931818,5926,101305.756145,8.471284,0.153158
1.214286,0.936869,5927,101305.788919,8.468767,0.141638
1.214286,0.941919,5928,101305.819137,8.466481,0.130086
1.214286,0.946970,5929,101305.846834,8.464381,0.118507
1.214286,0.952020,5930,101305.871993,8.462510,0.106897
1.214286,0.957071,5931,101305.894655,8.460816,0.095273
1.214286,0.962121,5932,101305.914785,8.459332,0.083604
1.214286,0.967172,5933,101305.932457,8.457952,0.071965
1.214286,0.972222,5934,101305.947568,8.456528,0.060210
1.214286,0.977273,5935,101305.960295,8.454262,0.048617
1.214286,0.982323,5936,101305.970383,8.448280,0.036699
1.214286,0.987374,5937,101305.978171,8.428151,0.025224
1.214286,0.992424,5938,101305.983238,8.297990,0.013003
1.214286,0.997475,5939,101305.985844,8.031248,0.003624
1.234694,0.502525,5940,101296.252351,2.090312,0.171498
1.234694,0.507576,5941,101296.296294,3.404394,-0.016381
1.234694,0.512626,5942,101296.254885,4.411597,0.166575
1.234694,0.517677,5943,101296.305616,5.216496,0.148762
1.234694,0.522727,5944,101296.317678,5.861864,0.206543
1.234694,0.527778,5945,101296.358611,6.385853,0.237005
1.234694,0.532828,5946,101296.407309,6.817993,0.267864
1.234694,0.537879,5947,101296.466469,7.177776,0.296165
1.234694,0.542929,5948,101296.536909,7.479230,0.321511
1.234694,0.547980,5949,101296.617653,7.732547,0.344626
1.234694,0.553030,5950,101296.708183,7.945574,0.365684
1.234694,0.558081,5951,101296.807960,8.124497,0.384845
1.234694,0.563131,5952,101296.916285,8.274476,0.402276
1.234694,0.568182,5953,101297.032487,8.399768,0.418119
1.234694,0.573232,5954,101297.155848,8.504057,0.432501
1.234694,0.578283,5955,101297.285699,8.590422,0.445533
1.234694,0.583333,5956,101297.421345,8.661573,0.457321
1.234694,0.588384,5957,101297.562160,8.719766,0.467956
1.234694,0.593434,5958,101297.707502,8.767003,0.477523
1.234694,0.598485,5959,101297.856808,8.804931,0.486095
1.234694,0.603535,5960,101298.009505,8.835023,0.493742
1.234694,0.608586,5961,101298.165099,8.858469,0.500520
1.234694,0.613636,5962,101298.323084,8.876344,0.506488
1.234694,0.618687,5963,101298.483035,8.889498,0.511689
1.234694,0.623737,5964,101298.644513,8.898714,0.516171
1.234694,0.628788,5965,101298.807154,8.904592,0.519968
1.234694,0.633838,5966,101298.970577,8.907698,0.523119
1.234694,0.638889,5967,101299.134474,8.908452,0.525652
1.234694,0.643939,5968,101299.298517,8.907267,0.527598
1.234694,0.648990,5969,101299.462448,8.904431,0.528982
1.234694,0.654040,5970,101299.625984,8.900249,0.529829
1.234694,0.659091,5971,101299.788910,8.894916,0.530160
1.234694,0.664141,5972,101299.950982,8.888658,0.529997
1.234694,0.669192,5973,101300.112023,8.881607,0.529359
1.234694,0.674242,5974,101300.271824,8.873934,0.528265
1.234694,0.679293,5975,101300.430241,8.865725,0.526732
1.234694,0.684343,5976,101300.587096,8.857112,0.524776
1.234694,0.689394,5977,101300.742272,8.848149,0.522414
1.234694,0.694444,5978,101300.895618,8.838941,0.519661
1.234694,0.699495,5979,101301.047041,8.829520,0.516530
1.234694,0.704545,5980,101301.196414,8.819970,0.513038
1.234694,0.709596,5981,101301.343666,8.810307,0.509196
1.234694,0.714646,5982,101301.488688,8.800602,0.505020
1.234694,0.719697,5983,101301.631428,8.790859,0.500520
1.234694,0.724747,5984,101301.771797,8.781138,0.495711
1.234694,0.729798,5985,101301.909756,8.771435,0.490602
1.234694,0.734848,5986,101302.045231,8.761805,0.485208
1.234694,0.739899,5987,101302.178198,8.752233,0.479537
1.234694,0.744949,5988,101302.308594,8.742772,0.473602
1.234694,0.750000,5989,101302.436408,8.733402,0.467413
1.234694,0.755051,5990,101302.561589,8.724170,0.460981
1.234694,0.760101,5991,101302.684133,8.715055,0.454314
1.234694,0.765152,5992,101302.803999,8.706099,0.447424
1.234694,0.770202,5993,101302.921192,8.697279,0.440318
1.234694,0.775253,5994,101303.035678,8.688636,0.433007
1.234694,0.780303,5995,101303.147470,8.680142,0.425497
1.234694,0.785354,5996,101303.256538,8.671837,0.417800
1.234694,0.790404,5997,101303.362902,8.663693,0.409921
1.234694,0.795455,5998,101303.466539,8.655747,0.401870
1.234694,0.800505,5999,101303.567470,8.647971,0.393653
1.234694,0.805556,6000,101303.665677,8.640400,0.385278
1.234694,0.810606,6001,101303.761187,8.633005,0.376752
1.234694,0.815657,6002,101303.853984,8.625820,0.368081
1.234694,0.820707,6003,101303.944097,8.618815,0.359272
1.234694,0.825758,6004,101304.031512,8.612025,0.350332
1.234694,0.830808,6005,101304.116262,8.605418,0.341266
1.234694,0.835859,6006,101304.198335,8.599028,0.332081
1.234694,0.840909,6007,101304.277763,8.592822,0.322781
1.234694,0.845960,6008,101304.354538,8.586836,0.313373
1.234694,0.851010,6009,101304.428692,8.581035,0.303861
1.234694,0.856061,6010,101304.500217,8.575454,0.294251
1.234694,0.861111,6011,101304.569147,8.570059,0.284547
1.234694,0.866162,6012,101304.635474,8.564886,0.274754
1.234694,0.871212,6013,101304.699231,8.559897,0.264877
1.234694,0.876263,6014,101304.760412,8.555130,0.254920
1.234694,0.881313,6015,101304.819051,8.550548,0.244886
1.234694,0.886364,6016,101304.875138,8.546187,0.234781
1.234694,0.891414,6017,101304.928707,8.542009,0.224608
1.234694,0.896465,6018,101304.979751,8.538053,0.214371
1.234694,0.901515,6019,101305.028303,8.534279,0.204073
1.234694,0.906566,6020,101305.074352,8.530726,0.193719
1.234694,0.911616,6021,101305.117932,8.527354,0.183311
1.234694,0.916667,6022,101305.159032,8.524203,0.172853
1.234694,0.921717,6023,101305.197685,8.521231,0.162347
1.234694,0.926768,6024,101305.233878,8.518479,0.151798
1.234694,0.931818,6025,101305.267643,8.515906,0.141208
1.234694,0.936869,6026,101305.298968,8.513551,0.130581
1.234694,0.941919,6027,101305.327880,8.511374,0.119918
1.234694,0.946970,6028,101305.354370,8.509415,0.109225
1.234694,0.952020,6029,101305.378460,8.507631,0.098497
1.234694,0.957071,6030,101305.400147,8.506057,0.087755
1.234694,0.962121,6031,101305.419434,8.504640,0.076963
1.234694,0.967172,6032,101305.436353,8.503362,0.066203
1.234694,0.972222,6033,101305.450839,8.501991,0.055320
1.234694,0.977273,6034,101305.463026,8.499829,0.044604
1.234694,0.982323,6035,101305.472707,8.493925,0.033559
1.234694,0.987374,6036,101305.480158,8.474048,0.022953
1.234694,0.992424,6037,101305.485037,8.339861,0.011638
1.234694,0.997475,6038,101305.487515,8.062926,0.003150
1.255102,0.502525,6039,101296.749505,1.895131,0.143476
1.255102,0.507576,6040,101296.781685,3.219353,-0.008487
1.255102,0.512626,6041,101296.750553,4.241234,0.149469
1.255102,0.517677,6042,101296.791724,5.062737,0.134032
1.255102,0.522727,6043,101296.800763,5.723557,0.187578
1.255102,0.527778,6044,101296.835913,6.261600,0.213756
1.255102,0.532828,6045,101296.876263,6.705906,0.241802
1.255102,0.537879,6046,101296.926029,7.076300,0.266989
1.255102,0.542929,6047,101296.985402,7.387077,0.289509
1.255102,0.547980,6048,101297.053501,7.648772,0.310042
1.255102,0.553030,6049,101297.130032,7.869330,0.328705
1.255102,0.558081,6050,101297.214501,8.055147,0.345669
1.255102,0.563131,6051,101297.306377,8.211393,0.361091
1.255102,0.568182,6052,101297.405077,8.342469,0.375107
1.255102,0.573232,6053,101297.510060,8.452038,0.387831
1.255102,0.578283,6054,101297.620740,8.543302,0.399372
1.255102,0.583333,6055,101297.736589,8.618938,0.409821
1.255102,0.588384,6056,101297.857057,8.681316,0.419265
1.255102,0.593434,6057,101297.981657,8.732398,0.427779
1.255102,0.598485,6058,101298.109888,8.773937,0.435432
1.255102,0.603535,6059,101298.241316,8.807362,0.442282
1.255102,0.608586,6060,101298.375493,8.833961,0.448384
1.255102,0.613636,6061,101298.512040,8.854764,0.453785
1.255102,0.618687,6062,101298.650560,8.870710,0.458527
1.255102,0.623737,6063,101298.790726,8.882531,0.462647
1.255102,0.628788,6064,101298.932190,8.890912,0.466179
1.255102,0.633838,6065,101299.074671,8.896367,0.469152
1.255102,0.638889,6066,101299.217862,8.899393,0.471592
1.255102,0.643939,6067,101299.361524,8.900347,0.473524
1.255102,0.648990,6068,101299.505389,8.899593,0.474968
1.255102,0.654040,6069,101299.649253,8.897375,0.475945
1.255102,0.659091,6070,101299.792880,8.893962,0.476472
1.255102,0.664141,6071,101299.936097,8.889520,0.476566
1.255102,0.669192,6072,101300.078700,8.884250,0.476244
1.255102,0.674242,6073,101300.220541,8.878261,0.475518
1.255102,0.679293,6074,101300.361443,8.871708,0.474404
1.255102,0.684343,6075,101300.501282,8.864661,0.472913
1.255102,0.689394,6076,101300.639902,8.857241,0.471061
1.255102,0.694444,6077,101300.777203,8.849490,0.468856
1.255102,0.699495,6078,101300.913047,8.841506,0.466312
1.255102,0.704545,6079,101301.047353,8.833311,0.463440
1.255102,0.709596,6080,101301.180003,8.824988,0.460251
1.255102,0.714646,6081,101301.310930,8.816543,0.456755
1.255102,0.719697,6082,101301.440031,8.808046,0.452963
1.255102,0.724747,6083,101301.567257,8.799496,0.448883
1.255102,0.729798,6084,101301.692517,8.790952,0.444529
1.255102,0.734848,6085,101301.815774,8.782406,0.439906
1.255102,0.739899,6086,101301.936950,8.773912,0.435027
1.255102,0.744949,6087,101302.056019,8.765455,0.429898
1.255102,0.750000,6088,101302.172914,8.757084,0.424531
1.255102,0.755051,6089,101302.287619,8.748780,0.418931
1.255102,0.760101,6090,101302.400075,8.740590,0.413110
1.255102,0.765152,6091,101302.510275,8.732491,0.407074
1.255102,0.770202,6092,101302.618169,8.724526,0.400832
1.255102,0.775253,6093,101302.723756,8.716670,0.394391
1.255102,0.780303,6094,101302.826993,8.708966,0.387759
1.255102,0.785354,6095,101302.927884,8.701386,0.380943
1.255102,0.790404,6096,101303.026395,8.693970,0.373952
1.255102,0.795455,6097,101303.122533,8.686689,0.366790
1.255102,0.800505,6098,101303.216268,8.679583,0.359465
1.255102,0.805556,6099,101303.307613,8.672621,0.351984
1.255102,0.810606,6100,101303.396542,8.665842,0.344354
1.255102,0.815657,6101,101303.483072,8.659214,0.336580
1.255102,0.820707,6102,101303.567178,8.652774,0.328668
1.255102,0.825758,6103,101303.648882,8.646491,0.320624
1.255102,0.830808,6104,101303.728163,8.640402,0.312454
1.255102,0.835859,6105,101303.805042,8.634473,0.304162
1.255102,0.840909,6106,101303.879501,8.628741,0.295756
1.255102,0.845960,6107,101303.951565,8.623173,0.287238
1.255102,0.851010,6108,101304.021216,8.617805,0.278616
1.255102,0.856061,6109,101304.088481,8.612602,0.269892
1.255102,0.861111,6110,101304.153343,8.607602,0.261074
1.255102,0.866162,6111,101304.215829,8.602768,0.252163
1.255102,0.871212,6112,101304.275924,8.598139,0.243165
1.255102,0.876263,6113,101304.333656,8.593676,0.234084
1.255102,0.881313,6114,101304.389010,8.589419,0.224925
1.255102,0.886364,6115,101304.442014,8.585329,0.215691
1.255102,0.891414,6116,101304.492655,8.581446,0.206387
1.255102,0.896465,6117,101304.540959,8.577730,0.197015
1.255102,0.901515,6118,101304.586913,8.574220,0.187580
1.255102,0.906566,6119,101304.630544,8.570878,0.178085
1.255102,0.911616,6120,101304.671839,8.567743,0.168534
1.255102,0.916667,6121,101304.710825,8.564774,0.158930
1.255102,0.921717,6122,101304.747487,8.562013,0.149277
1.255102,0.926768,6123,101304.781853,8.559417,0.139577
1.255102,0.931818,6124,101304.813907,8.557029,0.129834
1.255102,0.936869,6125,101304.843676,8.554806,0.120052
1.255102,0.941919,6126,101304.871143,8.552791,0.110232
1.255102,0.946970,6127,101304.896338,8.550939,0.100379
1.255102,0.952020,6128,101304.919237,8.549294,0.090490
1.255102,0.957071,6129,101304.939879,8.547805,0.080587
1.255102,0.962121,6130,101304.958219,8.546505,0.070628
1.255102,0.967172,6131,101304.974334,8.545291,0.060706
1.255102,0.972222,6132,101304.988113,8.544022,0.050652
1.255102,0.977273,6133,101304.999730,8.541922,0.040772
1.255102,0.982323,6134,101305.008939,8.536134,0.030560
1.255102,0.987374,6135,101305.016044,8.516437,0.020784
1.255102,0.992424,6136,101305.020692,8.378185,0.010331
1.255102,0.997475,6137,101305.023055,8.090957,0.002694
1.275510,0.502525,6138,101297.157195,1.718000,0.120540
1.275510,0.507576,6139,101297.180947,3.051104,-0.002175
1.275510,0.512626,6140,101297.157543,4.086934,0.134509
1.275510,0.517677,6141,101297.191242,4.923678,0.121555
1.275510,0.522727,6142,101297.198462,5.598902,0.171023
1.275510,0.527778,6143,101297.229129,6.149945,0.193653
1.275510,0.532828,6144,101297.263176,6.605562,0.219291
1.275510,0.537879,6145,101297.305891,6.985689,0.241755
1.275510,0.542929,6146,101297.356780,7.305044,0.261858
1.275510,0.547980,6147,101297.415200,7.574312,0.280163
1.275510,0.553030,6148,101297.480915,7.801710,0.296755
1.275510,0.558081,6149,101297.553527,7.993679,0.311812
1.275510,0.563131,6150,101297.632552,8.155559,0.325488
1.275510,0.568182,6151,101297.717548,8.291740,0.337905
1.275510,0.573232,6152,101297.808020,8.406018,0.349173
1.275510,0.578283,6153,101297.903522,8.501566,0.359390
1.275510,0.583333,6154,101298.003574,8.581178,0.368644
1.275510,0.588384,6155,101298.107759,8.647183,0.377014
1.275510,0.593434,6156,101298.215633,8.701654,0.384568
1.275510,0.598485,6157,101298.326817,8.746301,0.391368
1.275510,0.603535,6158,101298.440910,8.782653,0.397470
1.275510,0.608586,6159,101298.557580,8.811951,0.402920
1.275510,0.613636,6160,101298.676468,8.835318,0.407762
1.275510,0.618687,6161,101298.797284,8.853644,0.412032
1.275510,0.623737,6162,101298.919710,8.867748,0.415765
1.275510,0.628788,6163,101299.043496,8.878260,0.418988
1.275510,0.633838,6164,101299.168360,8.885776,0.421727
1.275510,0.638889,6165,101299.294085,8.890736,0.424005
1.275510,0.643939,6166,101299.420423,8.893575,0.425843
1.275510,0.648990,6167,101299.547185,8.894597,0.427256
1.275510,0.654040,6168,101299.674151,8.894121,0.428264
1.275510,0.659091,6169,101299.801160,8.892353,0.428880
1.275510,0.664141,6170,101299.928015,8.889532,0.429117
1.275510,0.669192,6171,101300.054578,8.885794,0.428989
1.275510,0.674242,6172,101300.180674,8.881321,0.428507
1.275510,0.679293,6173,101300.306184,8.876202,0.427681
1.275510,0.684343,6174,101300.430954,8.870577,0.426523
1.275510,0.689394,6175,101300.554882,8.864501,0.425042
1.275510,0.694444,6176,101300.677831,8.858086,0.423249
1.275510,0.699495,6177,101300.799715,8.851364,0.421151
1.275510,0.704545,6178,101300.920412,8.844425,0.418758
1.275510,0.709596,6179,101301.039850,8.837284,0.416079
1.275510,0.714646,6180,101301.157922,8.830018,0.413122
1.275510,0.719697,6181,101301.274568,8.822631,0.409896
1.275510,0.724747,6182,101301.389693,8.815187,0.406408
1.275510,0.729798,6183,101301.503250,8.807681,0.402666
1.275510,0.734848,6184,101301.615153,8.800172,0.398680
1.275510,0.739899,6185,101301.725366,8.792648,0.394454
1.275510,0.744949,6186,101301.833813,8.785161,0.389999
1.275510,0.750000,6187,101301.940467,8.777695,0.385320
1.275510,0.755051,6188,101302.045262,8.770298,0.380425
1.275510,0.760101,6189,101302.148177,8.762950,0.375321
1.275510,0.765152,6190,101302.249154,8.755696,0.370016
1.275510,0.770202,6191,101302.348180,8.748514,0.364514
1.275510,0.775253,6192,101302.445203,8.741446,0.358825
1.275510,0.780303,6193,101302.540218,8.734468,0.352953
1.275510,0.785354,6194,101302.633177,8.727620,0.346907
1.275510,0.790404,6195,101302.724081,8.720875,0.340690
1.275510,0.795455,6196,101302.812888,8.714274,0.334311
1.275510,0.800505,6197,101302.899602,8.707788,0.327774
1.275510,0.805556,6198,101302.984186,8.701456,0.321086
1.275510,0.810606,6199,101303.066649,8.695247,0.314251
1.275510,0.815657,6200,101303.146958,8.689202,0.307277
1.275510,0.820707,6201,101303.225124,8.683287,0.300168
1.275510,0.825758,6202,101303.301118,8.677542,0.292929
1.275510,0.830808,6203,101303.374953,8.671933,0.285566
1.275510,0.835859,6204,101303.446604,8.666500,0.278084
1.275510,0.840909,6205,101303.516087,8.661208,0.270487
1.275510,0.845960,6206,101303.583377,8.656095,0.262781
1.275510,0.851010,6207,101303.648493,8.651127,0.254969
1.275510,0.856061,6208,101303.711412,8.646342,0.247057
1.275510,0.861111,6209,101303.772155,8.641705,0.239049
1.275510,0.866162,6210,101303.830699,8.637254,0.230949
1.275510,0.871212,6211,101303.887067,8.632952,0.222762
1.275510,0.876263,6212,101303.941239,8.628838,0.214491
1.275510,0.881313,6213,101303.993236,8.624876,0.206140
1.275510,0.886364,6214,101304.043040,8.621103,0.197714
1.275510,0.891414,6215,101304.090673,8.617482,0.189216
1.275510,0.896465,6216,101304.136118,8.614053,0.180650
1.275510,0.901515,6217,101304.179396,8.610777,0.172019
1.275510,0.906566,6218,101304.220491,8.607693,0.163327
1.275510,0.911616,6219,101304.259425,8.604762,0.154578
1.275510,0.916667,6220,101304.296181,8.602024,0.145775
1.275510,0.921717,6221,101304.330782,8.599440,0.136920
1.275510,0.926768,6222,101304.363210,8.597049,0.128019
1.275510,0.931818,6223,101304.393489,8.594812,0.119073
1.275510,0.936869,6224,101304.421602,8.592769,0.110086
1.275510,0.941919,6225,101304.447569,8.590879,0.101059
1.275510,0.946970,6226,101304.471377,8.589183,0.092001
1.275510,0.952020,6227,101304.493041,8.587639,0.082904
1.275510,0.957071,6228,101304.512557,8.586283,0.073792
1.275510,0.962121,6229,101304.529919,8.585061,0.064622
1.275510,0.967172,6230,101304.545162,8.583959,0.055492
1.275510,0.972222,6231,101304.558213,8.582751,0.046225
1.275510,0.977273,6232,101304.569203,8.580756,0.037135
1.275510,0.982323,6233,101304.577935,8.575033,0.027714
1.275510,0.987374,6234,101304.584652,8.555534,0.018723
1.275510,0.992424,6235,101304.589073,8.413086,0.009088
1.275510,0.997475,6236,101304.591295,8.115532,0.002263
1.295918,0.502525,6237,101297.493763,1.556384,0.101665
1.295918,0.507576,6238,101297.511370,2.897572,0.002790
1.295918,0.512626,6239,101297.493830,3.946491,0.121353
1.295918,0.517677,6240,101297.521602,4.797439,0.110789
1.295918,0.522727,6241,101297.527746,5.486031,0.156376
1.295918,0.527778,6242,101297.554785,6.049243,0.176047
1.295918,0.532828,6243,101297.583993,6.515323,0.199576
1.295918,0.537879,6244,101297.621227,6.904508,0.219645
1.295918,0.542929,6245,101297.665480,7.231715,0.237660
1.295918,0.547980,6246,101297.716281,7.507952,0.254024
1.295918,0.553030,6247,101297.773487,7.741529,0.268811
1.295918,0.558081,6248,101297.836691,7.939098,0.282209
1.295918,0.563131,6249,101297.905520,8.106010,0.294358
1.295918,0.568182,6250,101297.979559,8.246802,0.305375
1.295918,0.573232,6251,101298.058425,8.365245,0.315361
1.295918,0.578283,6252,101298.141697,8.464635,0.324411
1.295918,0.583333,6253,101298.229012,8.547730,0.332604
1.295918,0.588384,6254,101298.319972,8.616970,0.340014
1.295918,0.593434,6255,101298.414244,8.674387,0.346703
1.295918,0.598485,6256,101298.511468,8.721791,0.352729
1.295918,0.603535,6257,101298.611347,8.760668,0.358141
1.295918,0.608586,6258,101298.713557,8.792352,0.362984
1.295918,0.613636,6259,101298.817840,8.817918,0.367295
1.295918,0.618687,6260,101298.923907,8.838344,0.371109
1.295918,0.623737,6261,101299.031533,8.854396,0.374454
1.295918,0.628788,6262,101299.140463,8.866788,0.377357
1.295918,0.633838,6263,101299.250500,8.876060,0.379839
1.295918,0.638889,6264,101299.361417,8.882730,0.381921
1.295918,0.643939,6265,101299.473044,8.887173,0.383619
1.295918,0.648990,6266,101299.585178,8.889771,0.384950
1.295918,0.654040,6267,101299.697670,8.890779,0.385927
1.295918,0.659091,6268,101299.810339,8.890478,0.386562
1.295918,0.664141,6269,101299.923055,8.889042,0.386866
1.295918,0.669192,6270,101300.035654,8.886681,0.386850
1.295918,0.674242,6271,101300.148024,8.883509,0.386523
1.295918,0.679293,6272,101300.260018,8.879687,0.385895
1.295918,0.684343,6273,101300.371538,8.875288,0.384972
1.295918,0.689394,6274,101300.482451,8.870438,0.383764
1.295918,0.694444,6275,101300.592673,8.865181,0.382277
1.295918,0.699495,6276,101300.702082,8.859618,0.380521
1.295918,0.704545,6277,101300.810609,8.853773,0.378499
1.295918,0.709596,6278,101300.918142,8.847731,0.376222
1.295918,0.714646,6279,101301.024622,8.841499,0.373694
1.295918,0.719697,6280,101301.129951,8.835149,0.370923
1.295918,0.724747,6281,101301.234077,8.828681,0.367914
1.295918,0.729798,6282,101301.336911,8.822156,0.364675
1.295918,0.734848,6283,101301.438412,8.815566,0.361212
1.295918,0.739899,6284,101301.538500,8.808967,0.357531
1.295918,0.744949,6285,101301.637141,8.802344,0.353637
1.295918,0.750000,6286,101301.734262,8.795750,0.349538
1.295918,0.755051,6287,101301.829838,8.789164,0.345239
1.295918,0.760101,6288,101301.923803,8.782636,0.340746
1.295918,0.765152,6289,101302.016138,8.776142,0.336064
1.295918,0.770202,6290,101302.106784,8.769729,0.331201
1.295918,0.775253,6291,101302.195727,8.763371,0.326160
1.295918,0.780303,6292,101302.282914,8.757113,0.320949
1.295918,0.785354,6293,101302.368338,8.750928,0.315572
1.295918,0.790404,6294,101302.451949,8.744857,0.310034
1.295918,0.795455,6295,101302.533745,8.738872,0.304342
1.295918,0.800505,6296,101302.613682,8.733015,0.298500
1.295918,0.805556,6297,101302.691760,8.727255,0.292512
1.295918,0.810606,6298,101302.767940,8.721632,0.286386
1.295918,0.815657,6299,101302.842227,8.716116,0.280124
1.295918,0.820707,6300,101302.914583,8.710746,0.273733
1.295918,0.825758,6301,101302.985017,8.705489,0.267217
1.295918,0.830808,6302,101303.053495,8.700385,0.260580
1.295918,0.835859,6303,101303.120028,8.695402,0.253827
1.295918,0.840909,6304,101303.184584,8.690577,0.246964
1.295918,0.845960,6305,101303.247177,8.685877,0.239992
1.295918,0.851010,6306,101303.307778,8.681340,0.232919
1.295918,0.856061,6307,101303.366401,8.676932,0.225746
1.295918,0.861111,6308,101303.423019,8.672692,0.218479
1.295918,0.866162,6309,101303.477650,8.668584,0.211122
1.295918,0.871212,6310,101303.530267,8.664646,0.203678
1.295918,0.876263,6311,101303.580889,8.660843,0.196152
1.295918,0.881313,6312,101303.629491,8.657213,0.188547
1.295918,0.886364,6313,101303.676092,8.653720,0.180866
1.295918,0.891414,6314,101303.720669,8.650402,0.173115
1.295918,0.896465,6315,101303.763242,8.647223,0.165295
1.295918,0.901515,6316,101303.803789,8.644221,0.157411
1.295918,0.906566,6317,101303.842330,8.641358,0.149466
1.295918,0.911616,6318,101303.878843,8.638674,0.141464
1.295918,0.916667,6319,101303.913348,8.636129,0.133407
1.295918,0.921717,6320,101303.945826,8.633765,0.125299
1.295918,0.926768,6321,101303.976297,8.631542,0.117143
1.295918,0.931818,6322,101304.004740,8.629500,0.108943
1.295918,0.936869,6323,101304.031177,8.627598,0.100701
1.295918,0.941919,6324,101304.055586,8.625878,0.092420
1.295918,0.946970,6325,101304.077991,8.624299,0.084106
1.295918,0.952020,6326,101304.098365,8.622901,0.075753
1.295918,0.957071,6327,101304.116744,8.621637,0.067387
1.295918,0.962121,6328,101304.133078,8.620538,0.058958
1.295918,0.967172,6329,101304.147444,8.619507,0.050574
1.295918,0.972222,6330,101304.159724,8.618404,0.042048
1.295918,0.977273,6331,101304.170089,8.616470,0.033703
1.295918,0.982323,6332,101304.178307,8.610848,0.025027
1.295918,0.987374,6333,101304.184646,8.591478,0.016775
1.295918,0.992424,6334,101304.188810,8.444792,0.007912
1.295918,0.997475,6335,101304.190910,8.136806,0.001853
1.316327,0.502525,6336,101297.772867,1.408552,0.086039
1.316327,0.507576,6337,101297.785986,2.756980,0.006616
1.316327,0.512626,6338,101297.772876,3.818339,0.109724
1.316327,0.517677,6339,101297.795955,4.682444,0.101343
1.316327,0.522727,6340,101297.801441,5.383590,0.143273
1.316327,0.527778,6341,101297.825525,5.958106,0.160450
1.316327,0.532828,6342,101297.850925,6.433979,0.182105
1.316327,0.537879,6343,101297.883844,6.831528,0.200047
1.316327,0.542929,6344,101297.922776,7.166029,0.216245
1.316327,0.547980,6345,101297.967512,7.448621,0.230904
1.316327,0.553030,6346,101298.017873,7.687879,0.244110
1.316327,0.558081,6347,101298.073523,7.890498,0.256053
1.316327,0.563131,6348,101298.134102,8.061998,0.266864
1.316327,0.568182,6349,101298.199286,8.206905,0.276650
1.316327,0.573232,6350,101298.268702,8.329122,0.285510
1.316327,0.578283,6351,101298.342026,8.431911,0.293529
1.316327,0.583333,6352,101298.418904,8.518143,0.300783
1.316327,0.588384,6353,101298.499035,8.590220,0.307339
1.316327,0.593434,6354,101298.582093,8.650277,0.313256
1.316327,0.598485,6355,101298.667808,8.700079,0.318585
1.316327,0.603535,6356,101298.755887,8.741208,0.323374
1.316327,0.608586,6357,101298.846095,8.774952,0.327660
1.316327,0.613636,6358,101298.938169,8.802474,0.331481
1.316327,0.618687,6359,101299.031907,8.824701,0.334866
1.316327,0.623737,6360,101299.127074,8.842485,0.337842
1.316327,0.628788,6361,101299.223494,8.856482,0.340430
1.316327,0.633838,6362,101299.320959,8.867313,0.342653
1.316327,0.638889,6363,101299.419316,8.875439,0.344526
1.316327,0.643939,6364,101299.518378,8.881311,0.346066
1.316327,0.648990,6365,101299.618012,8.885249,0.347284
1.316327,0.654040,6366,101299.718048,8.887584,0.348195
1.316327,0.659091,6367,101299.818371,8.888532,0.348806
1.316327,0.664141,6368,101299.918827,8.888340,0.349129
1.316327,0.669192,6369,101300.019315,8.887153,0.349170
1.316327,0.674242,6370,101300.119695,8.885156,0.348939
1.316327,0.679293,6371,101300.219877,8.882444,0.348443
1.316327,0.684343,6372,101300.319734,8.879160,0.347687
1.316327,0.689394,6373,101300.419188,8.875363,0.346679
1.316327,0.694444,6374,101300.518123,8.871166,0.345425
1.316327,0.699495,6375,101300.616470,8.866605,0.343929
1.316327,0.704545,6376,101300.714123,8.861770,0.342199
1.316327,0.709596,6377,101300.811022,8.856678,0.340239
1.316327,0.714646,6378,101300.907070,8.851408,0.338055
1.316327,0.719697,6379,101301.002216,8.845963,0.335652
1.316327,0.724747,6380,101301.096371,8.840409,0.333035
1.316327,0.729798,6381,101301.189491,8.834743,0.330210
1.316327,0.734848,6382,101301.281495,8.829022,0.327181
1.316327,0.739899,6383,101301.372347,8.823236,0.323954
1.316327,0.744949,6384,101301.461971,8.817439,0.320533
1.316327,0.750000,6385,101301.550338,8.811613,0.316924
1.316327,0.755051,6386,101301.637380,8.805808,0.313131
1.316327,0.760101,6387,101301.723072,8.800005,0.309160
1.316327,0.765152,6388,101301.807353,8.794250,0.305015
1.316327,0.770202,6389,101301.890204,8.788520,0.300700
1.316327,0.775253,6390,101301.971567,8.782859,0.296222
1.316327,0.780303,6391,101302.051430,8.777243,0.291584
1.316327,0.785354,6392,101302.129739,8.771713,0.286792
1.316327,0.790404,6393,101302.206486,8.766243,0.281849
1.316327,0.795455,6394,101302.281622,8.760875,0.276761
1.316327,0.800505,6395,101302.355143,8.755579,0.271531
1.316327,0.805556,6396,101302.427004,8.750396,0.266165
1.316327,0.810606,6397,101302.497204,8.745297,0.260667
1.316327,0.815657,6398,101302.565703,8.740321,0.255041
1.316327,0.820707,6399,101302.632501,8.735437,0.249291
1.316327,0.825758,6400,101302.697561,8.730685,0.243422
1.316327,0.830808,6401,101302.760888,8.726032,0.237438
1.316327,0.835859,6402,101302.822448,8.721518,0.231343
1.316327,0.840909,6403,101302.882246,8.717109,0.225141
1.316327,0.845960,6404,101302.940251,8.712845,0.218836
1.316327,0.851010,6405,101302.996471,8.708691,0.212432
1.316327,0.856061,6406,101303.050877,8.704687,0.205932
1.316327,0.861111,6407,101303.103480,8.700797,0.199341
1.316327,0.866162,6408,101303.154250,8.697061,0.192663
1.316327,0.871212,6409,101303.203201,8.693443,0.185900
1.316327,0.876263,6410,101303.250305,8.689982,0.179057
1.316327,0.881313,6411,101303.295577,8.686642,0.172137
1.316327,0.886364,6412,101303.338991,8.683462,0.165143
1.316327,0.891414,6413,101303.380562,8.680405,0.158080
1.316327,0.896465,6414,101303.420266,8.677510,0.150950
1.316327,0.901515,6415,101303.458118,8.674741,0.143756
1.316327,0.906566,6416,101303.494096,8.672136,0.136503
1.316327,0.911616,6417,101303.528216,8.669658,0.129193
1.316327,0.916667,6418,101303.560455,8.667345,0.121830
1.316327,0.921717,6419,101303.590832,8.665161,0.114416
1.316327,0.926768,6420,101303.619323,8.663144,0.106955
1.316327,0.931818,6421,101303.645946,8.661256,0.099450
1.316327,0.936869,6422,101303.670682,8.659536,0.091904
1.316327,0.941919,6423,101303.693546,8.657945,0.084318
1.316327,0.946970,6424,101303.714521,8.656524,0.076701
1.316327,0.952020,6425,101303.733618,8.655231,0.069043
1.316327,0.957071,6426,101303.750833,8.654101,0.061375
1.316327,0.962121,6427,101303.766150,8.653084,0.053641
1.316327,0.967172,6428,101303.779612,8.652165,0.045956
1.316327,0.972222,6429,101303.791135,8.651124,0.038124
1.316327,0.977273,6430,101303.800849,8.649293,0.030477
1.316327,0.982323,6431,101303.808569,8.643720,0.022502
1.316327,0.987374,6432,101303.814506,8.624500,0.014943
1.316327,0.992424,6433,101303.818431,8.473444,0.006805
1.316327,0.997475,6434,101303.820387,8.154988,0.001470
1.336735,0.502525,6435,101298.005009,1.272965,0.073059
1.336735,0.507576,6436,101298.014797,2.628100,0.009489
1.336735,0.512626,6437,101298.005081,3.701090,0.099391
1.336735,0.517677,6438,101298.024394,4.577551,0.092932
1.336735,0.522727,6439,101298.029514,5.290385,0.131439
1.336735,0.527778,6440,101298.051122,5.875511,0.146492
1.336735,0.532828,6441,101298.073524,6.360464,0.166454
1.336735,0.537879,6442,101298.102958,6.765832,0.182501
1.336735,0.542929,6443,101298.137598,7.107036,0.197103
1.336735,0.547980,6444,101298.177404,7.395516,0.210251
1.336735,0.553030,6445,101298.222219,7.639935,0.222063
1.336735,0.558081,6446,101298.271691,7.847194,0.232726
1.336735,0.563131,6447,101298.325544,8.022819,0.242357
1.336735,0.568182,6448,101298.383449,8.171483,0.251060
1.336735,0.573232,6449,101298.445117,8.297061,0.258927
1.336735,0.578283,6450,101298.510223,8.402935,0.266037
1.336735,0.583333,6451,101298.578496,8.491939,0.272461
1.336735,0.588384,6452,101298.649634,8.566580,0.278260
1.336735,0.593434,6453,101298.723393,8.628948,0.283490
1.336735,0.598485,6454,101298.799499,8.680909,0.288198
1.336735,0.603535,6455,101298.877739,8.723995,0.292426
1.336735,0.608586,6456,101298.957869,8.759587,0.296212
1.336735,0.613636,6457,101299.039705,8.788796,0.299586
1.336735,0.618687,6458,101299.123031,8.812636,0.302577
1.336735,0.623737,6459,101299.207686,8.831902,0.305209
1.336735,0.628788,6460,101299.293480,8.847335,0.307502
1.336735,0.633838,6461,101299.380273,8.859496,0.309474
1.336735,0.638889,6462,101299.467894,8.868925,0.311142
1.336735,0.643939,6463,101299.556224,8.876013,0.312517
1.336735,0.648990,6464,101299.645106,8.881153,0.313612
1.336735,0.654040,6465,101299.734436,8.884614,0.314437
1.336735,0.659091,6466,101299.824073,8.886687,0.315001
1.336735,0.664141,6467,101299.913925,8.887552,0.315312
1.336735,0.669192,6468,101300.003862,8.887426,0.315377
1.336735,0.674242,6469,101300.093803,8.886430,0.315202
1.336735,0.679293,6470,101300.183629,8.884727,0.314793
1.336735,0.684343,6471,101300.273269,8.882394,0.314157
1.336735,0.689394,6472,101300.362612,8.879561,0.313297
1.336735,0.694444,6473,101300.451595,8.876273,0.312219
1.336735,0.699495,6474,101300.540117,8.872632,0.310928
1.336735,0.704545,6475,101300.628121,8.868665,0.309427
1.336735,0.709596,6476,101300.715514,8.864456,0.307722
1.336735,0.714646,6477,101300.802248,8.860015,0.305816
1.336735,0.719697,6478,101300.888234,8.855415,0.303715
1.336735,0.724747,6479,101300.973430,8.850653,0.301421
1.336735,0.729798,6480,101301.057756,8.845794,0.298939
1.336735,0.734848,6481,101301.141176,8.840829,0.296273
1.336735,0.739899,6482,101301.223614,8.835814,0.293428
1.336735,0.744949,6483,101301.305040,8.830735,0.290407
1.336735,0.750000,6484,101301.385384,8.825644,0.287215
1.336735,0.755051,6485,101301.464621,8.820523,0.283854
1.336735,0.760101,6486,101301.542687,8.815419,0.280331
1.336735,0.765152,6487,101301.619561,8.810311,0.276648
1.336735,0.770202,6488,101301.695183,8.805245,0.272809
1.336735,0.775253,6489,101301.769536,8.800196,0.268819
1.336735,0.780303,6490,101301.842567,8.795209,0.264682
1.336735,0.785354,6491,101301.914263,8.790256,0.260401
1.336735,0.790404,6492,101301.984572,8.785381,0.255981
1.336735,0.795455,6493,101302.053485,8.780556,0.251425
1.336735,0.800505,6494,101302.120957,8.775821,0.246737
1.336735,0.805556,6495,101302.186980,8.771147,0.241922
1.336735,0.810606,6496,101302.251512,8.766576,0.236982
1.336735,0.815657,6497,101302.314550,8.762076,0.231923
1.336735,0.820707,6498,101302.376053,8.757687,0.226747
1.336735,0.825758,6499,101302.436022,8.753379,0.221458
1.336735,0.830808,6500,101302.494418,8.749190,0.216061
1.336735,0.835859,6501,101302.551245,8.745088,0.210558
1.336735,0.840909,6502,101302.606467,8.741112,0.204954
1.336735,0.845960,6503,101302.660089,8.737229,0.199251
1.336735,0.851010,6504,101302.712077,8.733478,0.193454
1.336735,0.856061,6505,101302.762440,8.729825,0.187566
1.336735,0.861111,6506,101302.811145,8.726310,0.181591
1.336735,0.866162,6507,101302.858201,8.722896,0.175531
1.336735,0.871212,6508,101302.903579,8.719624,0.169391
1.336735,0.876263,6509,101302.947289,8.716457,0.163173
1.336735,0.881313,6510,101302.989303,8.713435,0.156881
1.336735,0.886364,6511,101303.029633,8.710521,0.150519
1.336735,0.891414,6512,101303.068251,8.707755,0.144089
1.336735,0.896465,6513,101303.105172,8.705101,0.137594
1.336735,0.901515,6514,101303.140369,8.702597,0.131038
1.336735,0.906566,6515,101303.173856,8.700205,0.124424
1.336735,0.911616,6516,101303.205608,8.697967,0.117755
1.336735,0.916667,6517,101303.235641,8.695843,0.111033
1.336735,0.921717,6518,101303.263931,8.693874,0.104263
1.336735,0.926768,6519,101303.290493,8.692020,0.097447
1.336735,0.931818,6520,101303.315304,8.690323,0.090587
1.336735,0.936869,6521,101303.338381,8.688742,0.083688
1.336735,0.941919,6522,101303.359700,8.687318,0.076749
1.336735,0.946970,6523,101303.379282,8.686012,0.069781
1.336735,0.952020,6524,101303.397095,8.684863,0.062771
1.336735,0.957071,6525,101303.413178,8.683825,0.055754
1.336735,0.962121,6526,101303.427470,8.682929,0.048668
1.336735,0.967172,6527,101303.440055,8.682080,0.041636
1.336735,0.972222,6528,101303.450808,8.681141,0.034453
1.336735,0.977273,6529,101303.459896,8.679367,0.027459
1.336735,0.982323,6530,101303.467101,8.673879,0.020138
1.336735,0.987374,6531,101303.472660,8.654742,0.013227
1.336735,0.992424,6532,101303.476326,8.499275,0.005766
1.336735,0.997475,6533,101303.478162,8.170242,0.001109
1.357143,0.502525,6534,101298.198493,1.148552,0.062216
1.357143,0.507576,6535,101298.205826,2.509725,0.011564
1.357143,0.512626,6536,101298.198682,3.593750,0.090161
1.357143,0.517677,6537,101298.214995,4.481701,0.085342
1.357143,0.522727,6538,101298.219889,5.205538,0.120661
1.357143,0.527778,6539,101298.239438,5.800520,0.133883
1.357143,0.532828,6540,101298.259418,6.293987,0.152303
1.357143,0.537879,6541,101298.286027,6.706576,0.166647
1.357143,0.542929,6542,101298.317126,7.054026,0.179838
1.357143,0.547980,6543,101298.352910,7.347886,0.191638
1.357143,0.553030,6544,101298.393141,7.597075,0.202215
1.357143,0.558081,6545,101298.437534,7.808529,0.211744
1.357143,0.563131,6546,101298.485807,7.987942,0.220332
1.357143,0.568182,6547,101298.537699,8.139971,0.228077
1.357143,0.573232,6548,101298.592912,8.268620,0.235067
1.357143,0.578283,6549,101298.651196,8.377236,0.241374
1.357143,0.583333,6550,101298.712271,8.468761,0.247064
1.357143,0.588384,6551,101298.775908,8.545661,0.252195
1.357143,0.593434,6552,101298.841854,8.610125,0.256816
1.357143,0.598485,6553,101298.909908,8.663971,0.260972
1.357143,0.603535,6554,101298.979844,8.708827,0.264702
1.357143,0.608586,6555,101299.051490,8.746020,0.268039
1.357143,0.613636,6556,101299.124644,8.776750,0.271012
1.357143,0.618687,6557,101299.199159,8.801977,0.273647
1.357143,0.623737,6558,101299.274858,8.822579,0.275966
1.357143,0.628788,6559,101299.351614,8.839239,0.277987
1.357143,0.633838,6560,101299.429268,8.852599,0.279726
1.357143,0.638889,6561,101299.507712,8.863136,0.281198
1.357143,0.643939,6562,101299.586803,8.871320,0.282414
1.357143,0.648990,6563,101299.666445,8.877480,0.283384
1.357143,0.654040,6564,101299.746510,8.881960,0.284118
1.357143,0.659091,6565,101299.826914,8.884985,0.284622
1.357143,0.664141,6566,101299.907539,8.886810,0.284905
1.357143,0.669192,6567,101299.988310,8.887584,0.284972
1.357143,0.674242,6568,101300.069118,8.887499,0.284828
1.357143,0.679293,6569,101300.149898,8.886653,0.284478
1.357143,0.684343,6570,101300.230548,8.885192,0.283928
1.357143,0.689394,6571,101300.311010,8.883178,0.283180
1.357143,0.694444,6572,101300.391188,8.880726,0.282239
1.357143,0.699495,6573,101300.471032,8.877871,0.281109
1.357143,0.704545,6574,101300.550453,8.874709,0.279794
1.357143,0.709596,6575,101300.629405,8.871254,0.278295
1.357143,0.714646,6576,101300.707805,8.867587,0.276619
1.357143,0.719697,6577,101300.785612,8.863710,0.274766
1.357143,0.724747,6578,101300.862750,8.859692,0.272742
1.357143,0.729798,6579,101300.939182,8.855528,0.270548
1.357143,0.734848,6580,101301.014837,8.851277,0.268190
1.357143,0.739899,6581,101301.089683,8.846927,0.265668
1.357143,0.744949,6582,101301.163653,8.842533,0.262988
1.357143,0.750000,6583,101301.236720,8.838078,0.260153
1.357143,0.755051,6584,101301.308821,8.833612,0.257165
1.357143,0.760101,6585,101301.379935,8.829114,0.254028
1.357143,0.765152,6586,101301.450000,8.824632,0.250746
1.357143,0.770202,6587,101301.519000,8.820142,0.247321
1.357143,0.775253,6588,101301.586879,8.815690,0.243758
1.357143,0.780303,6589,101301.653621,8.811249,0.240059
1.357143,0.785354,6590,101301.719176,8.806864,0.236228
1.357143,0.790404,6591,101301.783532,8.802506,0.232268
1.357143,0.795455,6592,101301.846641,8.798218,0.228183
1.357143,0.800505,6593,101301.908493,8.793971,0.223975
1.357143,0.805556,6594,101301.969045,8.789807,0.219649
1.357143,0.810606,6595,101302.028290,8.785694,0.215207
1.357143,0.815657,6596,101302.086186,8.781674,0.210654
1.357143,0.820707,6597,101302.142730,8.777717,0.205991
1.357143,0.825758,6598,101302.197883,8.773860,0.201224
1.357143,0.830808,6599,101302.251644,8.770073,0.196353
1.357143,0.835859,6600,101302.303976,8.766395,0.191385
1.357143,0.840909,6601,101302.354880,8.762794,0.186320
1.357143,0.845960,6602,101302.404321,8.759308,0.181163
1.357143,0.851010,6603,101302.452304,8.755904,0.175916
1.357143,0.856061,6604,101302.498794,8.752621,0.170584
1.357143,0.861111,6605,101302.543799,8.749426,0.165168
1.357143,0.866162,6606,101302.587285,8.746356,0.159673
1.357143,0.871212,6607,101302.629260,8.743377,0.154101
1.357143,0.876263,6608,101302.669696,8.740528,0.148455
1.357143,0.881313,6609,101302.708599,8.737775,0.142739
1.357143,0.886364,6610,101302.745943,8.735154,0.136955
1.357143,0.891414,6611,101302.781737,8.732631,0.131106
1.357143,0.896465,6612,101302.815953,8.730245,0.125196
1.357143,0.901515,6613,101302.848604,8.727958,0.119226
1.357143,0.906566,6614,101302.879663,8.725811,0.113201
1.357143,0.911616,6615,101302.909142,8.723766,0.107123
1.357143,0.916667,6616,101302.937018,8.721863,0.100996
1.357143,0.921717,6617,101302.963302,8.720063,0.094820
1.357143,0.926768,6618,101302.987971,8.718406,0.088601
1.357143,0.931818,6619,101303.011039,8.716855,0.082339
1.357143,0.936869,6620,101303.032483,8.715448,0.076040
1.357143,0.941919,6621,101303.052317,8.714148,0.069702
1.357143,0.946970,6622,101303.070522,8.712993,0.063336
1.357143,0.952020,6623,101303.087104,8.711945,0.056928
1.357143,0.957071,6624,101303.102061,8.711036,0.050516
1.357143,0.962121,6625,101303.115372,8.710219,0.044033
1.357143,0.967172,6626,101303.127081,8.709478,0.037609
1.357143,0.972222,6627,101303.137101,8.708598,0.031029
1.357143,0.977273,6628,101303.145558,8.706920,0.024642
1.357143,0.982323,6629,101303.152280,8.701465,0.017932
1.357143,0.987374,6630,101303.157449,8.682432,0.011624
1.357143,0.992424,6631,101303.160881,8.522427,0.004795
1.357143,0.997475,6632,101303.162580,8.182778,0.000773
1.377551,0.502525,6633,101298.360052,1.034201,0.053138
1.377551,0.507576,6634,101298.365538,2.401039,0.012980
1.377551,0.512626,6635,101298.360380,3.495347,0.081873
1.377551,0.517677,6636,101298.374259,4.394133,0.078415
1.377551,0.522727,6637,101298.379044,5.128211,0.110774
1.377551,0.527778,6638,101298.396829,5.732448,0.122400
1.377551,0.532828,6639,101298.414862,6.233794,0.139398
1.377551,0.537879,6640,101298.439114,6.653137,0.152208
1.377551,0.542929,6641,101298.467291,7.006320,0.164140
1.377551,0.547980,6642,101298.499721,7.305175,0.174729
1.377551,0.553030,6643,101298.536151,7.558696,0.184205
1.377551,0.558081,6644,101298.576290,7.774018,0.192725
1.377551,0.563131,6645,101298.619917,7.956839,0.200387
1.377551,0.568182,6646,101298.666756,8.111957,0.207284
1.377551,0.573232,6647,101298.716573,8.243346,0.213497
1.377551,0.578283,6648,101298.769106,8.354467,0.219094
1.377551,0.583333,6649,101298.824139,8.448224,0.224135
1.377551,0.588384,6650,101298.881432,8.527182,0.228675
1.377551,0.593434,6651,101298.940796,8.593486,0.232758
1.377551,0.598485,6652,101299.002016,8.649047,0.236426
1.377551,0.603535,6653,101299.064928,8.695443,0.239713
1.377551,0.608586,6654,101299.129344,8.734089,0.242653
1.377551,0.613636,6655,101299.195126,8.766133,0.245269
1.377551,0.618687,6656,101299.262105,8.792617,0.247586
1.377551,0.623737,6657,101299.330166,8.814364,0.249624
1.377551,0.628788,6658,101299.399160,8.832137,0.251399
1.377551,0.633838,6659,101299.468988,8.846517,0.252926
1.377551,0.638889,6660,101299.539516,8.858061,0.254218
1.377551,0.643939,6661,101299.610659,8.867174,0.255285
1.377551,0.648990,6662,101299.682297,8.874261,0.256137
1.377551,0.654040,6663,101299.754356,8.879603,0.256780
1.377551,0.659091,6664,101299.826725,8.883497,0.257223
1.377551,0.664141,6665,101299.899339,8.886131,0.257470
1.377551,0.669192,6666,101299.972096,8.887729,0.257527
1.377551,0.674242,6667,101300.044939,8.888414,0.257399
1.377551,0.679293,6668,101300.117772,8.888355,0.257090
1.377551,0.684343,6669,101300.190544,8.887631,0.256603
1.377551,0.689394,6670,101300.263166,8.886373,0.255943
1.377551,0.694444,6671,101300.335593,8.884630,0.255111
1.377551,0.699495,6672,101300.407740,8.882505,0.254111
1.377551,0.704545,6673,101300.479567,8.880025,0.252947
1.377551,0.709596,6674,101300.550995,8.877275,0.251620
1.377551,0.714646,6675,101300.621988,8.874265,0.250134
1.377551,0.719697,6676,101300.692471,8.871069,0.248492
1.377551,0.724747,6677,101300.762411,8.867686,0.246695
1.377551,0.729798,6678,101300.831740,8.864177,0.244747
1.377551,0.734848,6679,101300.900428,8.860537,0.242650
1.377551,0.739899,6680,101300.968409,8.856820,0.240407
1.377551,0.744949,6681,101301.035659,8.853012,0.238020
1.377551,0.750000,6682,101301.102115,8.849165,0.235494
1.377551,0.755051,6683,101301.167756,8.845261,0.232828
1.377551,0.760101,6684,101301.232523,8.841348,0.230029
1.377551,0.765152,6685,101301.296399,8.837403,0.227096
1.377551,0.770202,6686,101301.359326,8.833473,0.224034
1.377551,0.775253,6687,101301.421292,8.829534,0.220845
1.377551,0.780303,6688,101301.482243,8.825628,0.217532
1.377551,0.785354,6689,101301.542168,8.821730,0.214098
1.377551,0.790404,6690,101301.601017,8.817883,0.210546
1.377551,0.795455,6691,101301.658781,8.814058,0.206878
1.377551,0.800505,6692,101301.715413,8.810296,0.203097
1.377551,0.805556,6693,101301.770908,8.806569,0.199207
1.377551,0.810606,6694,101301.825221,8.802917,0.195210
1.377551,0.815657,6695,101301.878348,8.799310,0.191110
1.377551,0.820707,6696,101301.930248,8.795787,0.186908
1.377551,0.825758,6697,101301.980918,8.792318,0.182608
1.377551,0.830808,6698,101302.030320,8.788942,0.178213
1.377551,0.835859,6699,101302.078454,8.785627,0.173726
1.377551,0.840909,6700,101302.125283,8.782412,0.169149
1.377551,0.845960,6701,101302.170809,8.779264,0.164486
1.377551,0.851010,6702,101302.214996,8.776222,0.159739
1.377551,0.856061,6703,101302.257850,8.773253,0.154911
1.377551,0.861111,6704,101302.299336,8.770395,0.150005
1.377551,0.866162,6705,101302.339460,8.767615,0.145023
1.377551,0.871212,6706,101302.378190,8.764950,0.139970
1.377551,0.876263,6707,101302.415534,8.762367,0.134847
1.377551,0.881313,6708,101302.451461,8.759904,0.129657
1.377551,0.886364,6709,101302.485980,8.757525,0.124402
1.377551,0.891414,6710,101302.519061,8.755270,0.119087
1.377551,0.896465,6711,101302.550715,8.753103,0.113713
1.377551,0.901515,6712,101302.580914,8.751061,0.108284
1.377551,0.906566,6713,101302.609669,8.749110,0.102801
1.377551,0.911616,6714,101302.636953,8.747288,0.097268
1.377551,0.916667,6715,101302.662779,8.745558,0.091687
1.377551,0.921717,6716,101302.687120,8.743959,0.086061
1.377551,0.926768,6717,101302.709990,8.742453,0.080392
1.377551,0.931818,6718,101302.731364,8.741080,0.074684
1.377551,0.936869,6719,101302.751256,8.739803,0.068939
1.377551,0.941919,6720,101302.769641,8.738660,0.063157
1.377551,0.946970,6721,101302.786539,8.737611,0.057350
1.377551,0.952020,6722,101302.801914,8.736699,0.051499
1.377551,0.957071,6723,101302.815806,8.735876,0.045649
1.377551,0.962121,6724,101302.828151,8.735173,0.039725
1.377551,0.967172,6725,101302.839033,8.734497,0.033865
1.377551,0.972222,6726,101302.848327,8.733713,0.027846
1.377551,0.977273,6727,101302.856192,8.732086,0.022023
1.377551,0.982323,6728,101302.862429,8.726699,0.015880
1.377551,0.987374,6729,101302.867240,8.707708,0.010132
1.377551,0.992424,6730,101302.870427,8.543124,0.003890
1.377551,0.997475,6731,101302.872013,8.192753,0.000459
1.397959,0.502525,6732,101298.495134,0.929197,0.045492
1.397959,0.507576,6733,101298.499258,2.301156,0.013848
1.397959,0.512626,6734,101298.495601,3.405215,0.074394
1.397959,0.517677,6735,101298.507529,4.314088,0.072030
1.397959,0.522727,6736,101298.512238,5.057811,0.101647
1.397959,0.527778,6737,101298.528533,5.670620,0.111863
1.397959,0.532828,6738,101298.544950,6.179344,0.127544
1.397959,0.537879,6739,101298.567245,6.604904,0.138961
1.397959,0.542929,6740,101298.592950,6.963424,0.149764
1.397959,0.547980,6741,101298.622586,7.266831,0.159258
1.397959,0.553030,6742,101298.655799,7.524359,0.167749
1.397959,0.558081,6743,101298.692370,7.743172,0.175366
1.397959,0.563131,6744,101298.732059,7.929129,0.182202
1.397959,0.568182,6745,101298.774644,8.087009,0.188344
1.397959,0.573232,6746,101298.819876,8.220910,0.193868
1.397959,0.578283,6747,101298.867551,8.334257,0.198836
1.397959,0.583333,6748,101298.917438,8.430055,0.203304
1.397959,0.588384,6749,101298.969356,8.510826,0.207321
1.397959,0.593434,6750,101299.023098,8.578810,0.210929
1.397959,0.598485,6751,101299.078509,8.635869,0.214166
1.397959,0.603535,6752,101299.135405,8.683669,0.217064
1.397959,0.608586,6753,101299.193657,8.723574,0.219651
1.397959,0.613636,6754,101299.253103,8.756815,0.221953
1.397959,0.618687,6755,101299.313636,8.784380,0.223988
1.397959,0.623737,6756,101299.375113,8.807172,0.225777
1.397959,0.628788,6757,101299.437442,8.825894,0.227333
1.397959,0.633838,6758,101299.500500,8.841206,0.228671
1.397959,0.638889,6759,101299.564207,8.853603,0.229801
1.397959,0.643939,6760,101299.628452,8.863565,0.230734
1.397959,0.648990,6761,101299.693166,8.871436,0.231476
1.397959,0.654040,6762,101299.758248,8.877567,0.232035
1.397959,0.659091,6763,101299.823640,8.882193,0.232418
1.397959,0.664141,6764,101299.889247,8.885573,0.232629
1.397959,0.669192,6765,101299.955018,8.887863,0.232672
1.397959,0.674242,6766,101300.020865,8.889259,0.232552
1.397959,0.679293,6767,101300.086742,8.889862,0.232272
1.397959,0.684343,6768,101300.152568,8.889821,0.231835
1.397959,0.689394,6769,101300.218301,8.889201,0.231244
1.397959,0.694444,6770,101300.283863,8.888117,0.230503
1.397959,0.699495,6771,101300.349218,8.886608,0.229612
1.397959,0.704545,6772,101300.414293,8.884766,0.228574
1.397959,0.709596,6773,101300.479054,8.882611,0.227393
1.397959,0.714646,6774,101300.543433,8.880221,0.226069
1.397959,0.719697,6775,101300.607399,8.877600,0.224605
1.397959,0.724747,6776,101300.670886,8.874816,0.223004
1.397959,0.729798,6777,101300.733868,8.871865,0.221267
1.397959,0.734848,6778,101300.796283,8.868805,0.219397
1.397959,0.739899,6779,101300.858107,8.865625,0.217395
1.397959,0.744949,6780,101300.919281,8.862378,0.215265
1.397959,0.750000,6781,101300.979783,8.859049,0.213007
1.397959,0.755051,6782,101301.039558,8.855686,0.210625
1.397959,0.760101,6783,101301.098589,8.852270,0.208120
1.397959,0.765152,6784,101301.156820,8.848847,0.205495
1.397959,0.770202,6785,101301.214238,8.845394,0.202753
1.397959,0.775253,6786,101301.270791,8.841955,0.199895
1.397959,0.780303,6787,101301.326467,8.838506,0.196923
1.397959,0.785354,6788,101301.381218,8.835088,0.193842
1.397959,0.790404,6789,101301.435033,8.831675,0.190652
1.397959,0.795455,6790,101301.487867,8.828308,0.187356
1.397959,0.800505,6791,101301.539712,8.824960,0.183957
1.397959,0.805556,6792,101301.590524,8.821670,0.180457
1.397959,0.810606,6793,101301.640298,8.818409,0.176859
1.397959,0.815657,6794,101301.688993,8.815217,0.173165
1.397959,0.820707,6795,101301.736605,8.812064,0.169377
1.397959,0.825758,6796,101301.783095,8.808989,0.165499
1.397959,0.830808,6797,101301.828461,8.805960,0.161532
1.397959,0.835859,6798,101301.872667,8.803017,0.157480
1.397959,0.840909,6799,101301.915712,8.800127,0.153345
1.397959,0.845960,6800,101301.957561,8.797330,0.149129
1.397959,0.851010,6801,101301.998216,8.794591,0.144835
1.397959,0.856061,6802,101302.037643,8.791951,0.140466
1.397959,0.861111,6803,101302.075846,8.789375,0.136024
1.397959,0.866162,6804,101302.112793,8.786901,0.131511
1.397959,0.871212,6805,101302.148488,8.784497,0.126930
1.397959,0.876263,6806,101302.182902,8.782199,0.122285
1.397959,0.881313,6807,101302.216040,8.779975,0.117576
1.397959,0.886364,6808,101302.247873,8.777860,0.112807
1.397959,0.891414,6809,101302.278409,8.775822,0.107981
1.397959,0.896465,6810,101302.307620,8.773898,0.103099
1.397959,0.901515,6811,101302.335515,8.772052,0.098165
1.397959,0.906566,6812,101302.362067,8.770323,0.093181
1.397959,0.911616,6813,101302.387286,8.768676,0.088149
1.397959,0.916667,6814,101302.411146,8.767147,0.083071
1.397959,0.921717,6815,101302.433659,8.765701,0.077951
1.397959,0.926768,6816,101302.454799,8.764377,0.072792
1.397959,0.931818,6817,101302.474578,8.763137,0.067593
1.397959,0.936869,6818,101302.492973,8.762019,0.062361
1.397959,0.941919,6819,101302.509995,8.760988,0.057093
1.397959,0.946970,6820,101302.525627,8.760080,0.051802
1.397959,0.952020,6821,101302.539870,8.759259,0.046467
1.397959,0.957071,6822,101302.552726,8.758556,0.041136
1.397959,0.962121,6823,101302.564166,8.757925,0.035730
1.397959,0.967172,6824,101302.574239,8.757350,0.030392
1.397959,0.972222,6825,101302.582858,8.756619,0.024893
1.397959,0.977273,6826,101302.590139,8.755079,0.019591
1.397959,0.982323,6827,101302.595929,8.749710,0.013975
1.397959,0.987374,6828,101302.600380,8.730783,0.008745
1.397959,0.992424,6829,101302.603349,8.561498,0.003047
1.397959,0.997475,6830,101302.604810,8.200367,0.000169
1.418367,0.502525,6831,101298.608237,0.832698,0.039046
1.418367,0.507576,6832,101298.611324,2.209523,0.014268
1.418367,0.512626,6833,101298.608834,3.322644,0.067610
1.418367,0.517677,6834,101298.619160,4.241047,0.066094
1.418367,0.522727,6835,101298.623838,4.993724,0.093175
1.418367,0.527778,6836,101298.638833,5.614564,0.102130
1.418367,0.532828,6837,101298.653928,6.130087,0.116582
1.418367,0.537879,6838,101298.674545,6.561443,0.126730
1.418367,0.542929,6839,101298.698173,6.924839,0.136511
1.418367,0.547980,6840,101298.725424,7.232462,0.145011
1.418367,0.553030,6841,101298.755919,7.493614,0.152616
1.418367,0.558081,6842,101298.789439,7.715643,0.159423
1.418367,0.563131,6843,101298.825791,7.904409,0.165518
1.418367,0.568182,6844,101298.864732,8.064827,0.170988
1.418367,0.573232,6845,101298.906068,8.200961,0.175898
1.418367,0.578283,6846,101298.949575,8.316346,0.180307
1.418367,0.583333,6847,101298.995077,8.413945,0.184267
1.418367,0.588384,6848,101299.042374,8.496376,0.187823
1.418367,0.593434,6849,101299.091314,8.565831,0.191012
1.418367,0.598485,6850,101299.141720,8.624260,0.193870
1.418367,0.603535,6851,101299.193464,8.673280,0.196425
1.418367,0.608586,6852,101299.246392,8.714337,0.198704
1.418367,0.613636,6853,101299.300399,8.748610,0.200728
1.418367,0.618687,6854,101299.355351,8.777165,0.202517
1.418367,0.623737,6855,101299.411158,8.800849,0.204086
1.418367,0.628788,6856,101299.467703,8.820442,0.205451
1.418367,0.633838,6857,101299.524913,8.836545,0.206622
1.418367,0.638889,6858,101299.582683,8.849726,0.207610
1.418367,0.643939,6859,101299.640950,8.860406,0.208422
1.418367,0.648990,6860,101299.699619,8.868999,0.209068
1.418367,0.654040,6861,101299.758638,8.875795,0.209552
1.418367,0.659091,6862,101299.817919,8.881097,0.209881
1.418367,0.664141,6863,101299.877415,8.885102,0.210058
1.418367,0.669192,6864,101299.937046,8.888035,0.210087
1.418367,0.674242,6865,101299.996772,8.890026,0.209972
1.418367,0.679293,6866,101300.056516,8.891246,0.209715
1.418367,0.684343,6867,101300.116241,8.891778,0.209320
1.418367,0.689394,6868,101300.175877,8.891753,0.208789
1.418367,0.694444,6869,101300.235390,8.891223,0.208123
1.418367,0.699495,6870,101300.294714,8.890291,0.207326
1.418367,0.704545,6871,101300.353817,8.888986,0.206398
1.418367,0.709596,6872,101300.412637,8.887392,0.205342
1.418367,0.714646,6873,101300.471145,8.885522,0.204159
1.418367,0.719697,6874,101300.529281,8.883447,0.202852
1.418367,0.724747,6875,101300.587021,8.881168,0.201421
1.418367,0.729798,6876,101300.644305,8.878747,0.199869
1.418367,0.734848,6877,101300.701113,8.876176,0.198197
1.418367,0.739899,6878,101300.757389,8.873511,0.196407
1.418367,0.744949,6879,101300.813112,8.870738,0.194501
1.418367,0.750000,6880,101300.868230,8.867908,0.192481
1.418367,0.755051,6881,101300.922726,8.865002,0.190348
1.418367,0.760101,6882,101300.976549,8.862068,0.188105
1.418367,0.765152,6883,101301.029684,8.859085,0.185753
1.418367,0.770202,6884,101301.082082,8.856098,0.183294
1.418367,0.775253,6885,101301.133732,8.853082,0.180731
1.418367,0.780303,6886,101301.184586,8.850080,0.178064
1.418367,0.785354,6887,101301.234634,8.847068,0.175297
1.418367,0.790404,6888,101301.283831,8.844085,0.172431
1.418367,0.795455,6889,101301.332170,8.841105,0.169468
1.418367,0.800505,6890,101301.379608,8.838168,0.166411
1.418367,0.805556,6891,101301.426139,8.835247,0.163261
1.418367,0.810606,6892,101301.471722,8.832379,0.160022
1.418367,0.815657,6893,101301.516352,8.829537,0.156694
1.418367,0.820707,6894,101301.559992,8.826758,0.153280
1.418367,0.825758,6895,101301.602638,8.824013,0.149782
1.418367,0.830808,6896,101301.644253,8.821339,0.146204
1.418367,0.835859,6897,101301.684838,8.818707,0.142545
1.418367,0.840909,6898,101301.724355,8.816153,0.138811
1.418367,0.845960,6899,101301.762807,8.813646,0.135001
1.418367,0.851010,6900,101301.800158,8.811225,0.131119
1.418367,0.856061,6901,101301.836413,8.808856,0.127167
1.418367,0.861111,6902,101301.871537,8.806577,0.123147
1.418367,0.866162,6903,101301.905536,8.804356,0.119061
1.418367,0.871212,6904,101301.938378,8.802229,0.114913
1.418367,0.876263,6905,101301.970068,8.800164,0.110703
1.418367,0.881313,6906,101302.000576,8.798197,0.106435
1.418367,0.886364,6907,101302.029909,8.796296,0.102111
1.418367,0.891414,6908,101302.058039,8.794496,0.097732
1.418367,0.896465,6909,101302.084973,8.792765,0.093302
1.418367,0.901515,6910,101302.110684,8.791139,0.088823
1.418367,0.906566,6911,101302.135181,8.789584,0.084296
1.418367,0.911616,6912,101302.158437,8.788136,0.079725
1.418367,0.916667,6913,101302.180462,8.786761,0.075111
1.418367,0.921717,6914,101302.201232,8.785497,0.070457
1.418367,0.926768,6915,101302.220756,8.784307,0.065765
1.418367,0.931818,6916,101302.239011,8.783229,0.061037
1.418367,0.936869,6917,101302.256010,8.782227,0.056277
1.418367,0.941919,6918,101302.271725,8.781339,0.051483
1.418367,0.946970,6919,101302.286177,8.780527,0.046668
1.418367,0.952020,6920,101302.299329,8.779829,0.041810
1.418367,0.957071,6921,101302.311222,8.779203,0.036960
1.418367,0.962121,6922,101302.321788,8.778678,0.032031
1.418367,0.967172,6923,101302.331112,8.778161,0.027176
1.418367,0.972222,6924,101302.339071,8.777518,0.022158
1.418367,0.977273,6925,101302.345816,8.776022,0.017339
1.418367,0.982323,6926,101302.351164,8.770703,0.012210
1.418367,0.987374,6927,101302.355292,8.751781,0.007459
1.418367,0.992424,6928,101302.358036,8.577758,0.002265
1.418367,0.997475,6929,101302.359397,8.205765,-0.000102
1.438776,0.502525,6930,101298.703048,0.744232,0.033568
1.438776,0.507576,6931,101298.705375,2.125468,0.014320
1.438776,0.512626,6932,101298.703758,3.247178,0.061426
1.438776,0.517677,6933,101298.712795,4.174446,0.060536
1.438776,0.522727,6934,101298.717435,4.935537,0.085273
1.438776,0.527778,6935,101298.731322,5.563781,0.093084
1.438776,0.532828,6936,101298.745290,6.085642,0.106387
1.438776,0.537879,6937,101298.764485,6.522299,0.115372
1.438776,0.542929,6938,101298.786319,6.890213,0.124225
1.438776,0.547980,6939,101298.811548,7.201654,0.131815
1.438776,0.553030,6940,101298.839695,7.466145,0.138621
1.438776,0.558081,6941,101298.870615,7.691058,0.144695
1.438776,0.563131,6942,101298.904085,7.882404,0.150126
1.438776,0.568182,6943,101298.939911,8.045078,0.154992
1.438776,0.573232,6944,101298.977879,8.183259,0.159355
1.438776,0.578283,6945,101299.017816,8.300443,0.163268
1.438776,0.583333,6946,101299.059524,8.399691,0.166778
1.438776,0.588384,6947,101299.102854,8.483576,0.169925
1.438776,0.593434,6948,101299.147632,8.554378,0.172746
1.438776,0.598485,6949,101299.193732,8.614000,0.175270
1.438776,0.603535,6950,101299.241004,8.664138,0.177525
1.438776,0.608586,6951,101299.289344,8.706189,0.179533
1.438776,0.613636,6952,101299.338621,8.741410,0.181316
1.438776,0.618687,6953,101299.388749,8.770812,0.182889
1.438776,0.623737,6954,101299.439616,8.795317,0.184268
1.438776,0.628788,6955,101299.491152,8.815650,0.185466
1.438776,0.633838,6956,101299.543256,8.832483,0.186492
1.438776,0.638889,6957,101299.595870,8.846326,0.187357
1.438776,0.643939,6958,101299.648904,8.857671,0.188067
1.438776,0.648990,6959,101299.702311,8.866870,0.188629
1.438776,0.654040,6960,101299.756008,8.874283,0.189049
1.438776,0.659091,6961,101299.809953,8.880151,0.189331
1.438776,0.664141,6962,101299.864073,8.884739,0.189479
1.438776,0.669192,6963,101299.918329,8.888209,0.189497
1.438776,0.674242,6964,101299.972652,8.890758,0.189387
1.438776,0.679293,6965,101300.027010,8.892492,0.189152
1.438776,0.684343,6966,101300.081336,8.893562,0.188794
1.438776,0.689394,6967,101300.135603,8.894034,0.188316
1.438776,0.694444,6968,101300.189746,8.894026,0.187718
1.438776,0.699495,6969,101300.243741,8.893576,0.187003
1.438776,0.704545,6970,101300.297527,8.892779,0.186172
1.438776,0.709596,6971,101300.351081,8.891654,0.185227
1.438776,0.714646,6972,101300.404346,8.890280,0.184169
1.438776,0.719697,6973,101300.457300,8.888661,0.183000
1.438776,0.724747,6974,101300.509889,8.886865,0.181721
1.438776,0.729798,6975,101300.562094,8.884888,0.180332
1.438776,0.734848,6976,101300.613861,8.882787,0.178837
1.438776,0.739899,6977,101300.665174,8.880553,0.177236
1.438776,0.744949,6978,101300.715982,8.878237,0.175530
1.438776,0.750000,6979,101300.766270,8.875825,0.173721
1.438776,0.755051,6980,101300.815989,8.873364,0.171811
1.438776,0.760101,6981,101300.865127,8.870834,0.169801
1.438776,0.765152,6982,101300.913636,8.868282,0.167693
1.438776,0.770202,6983,101300.961506,8.865684,0.165488
1.438776,0.775253,6984,101301.008690,8.863084,0.163189
1.438776,0.780303,6985,101301.055180,8.860457,0.160795
1.438776,0.785354,6986,101301.100933,8.857846,0.158310
1.438776,0.790404,6987,101301.145941,8.855223,0.155735
1.438776,0.795455,6988,101301.190162,8.852629,0.153073
1.438776,0.800505,6989,101301.233590,8.850036,0.150323
1.438776,0.805556,6990,101301.276187,8.847484,0.147490
1.438776,0.810606,6991,101301.317946,8.844944,0.144573
1.438776,0.815657,6992,101301.358831,8.842455,0.141577
1.438776,0.820707,6993,101301.398839,8.839988,0.138501
1.438776,0.825758,6994,101301.437932,8.837579,0.135348
1.438776,0.830808,6995,101301.476111,8.835200,0.132121
1.438776,0.835859,6996,101301.513338,8.832887,0.128820
1.438776,0.840909,6997,101301.549617,8.830610,0.125449
1.438776,0.845960,6998,101301.584911,8.828407,0.122009
1.438776,0.851010,6999,101301.619223,8.826245,0.118502
1.438776,0.856061,7000,101301.652521,8.824161,0.114930
1.438776,0.861111,7001,101301.684808,8.822124,0.111295
1.438776,0.866162,7002,101301.716052,8.820171,0.107600
1.438776,0.871212,7003,101301.746259,8.818268,0.103845
1.438776,0.876263,7004,101301.775398,8.816454,0.100035
1.438776,0.881313,7005,101301.803475,8.814694,0.096169
1.438776,0.886364,7006,101301.830461,8.813025,0.092252
1.438776,0.891414,7007,101301.856363,8.811414,0.088284
1.438776,0.896465,7008,101301.881154,8.809898,0.084268
1.438776,0.901515,7009,101301.904841,8.808443,0.080206
1.438776,0.906566,7010,101301.927399,8.807085,0.076100
1.438776,0.911616,7011,101301.948835,8.805790,0.071951
1.438776,0.916667,7012,101301.969125,8.804595,0.067764
1.438776,0.921717,7013,101301.988278,8.803465,0.063538
1.438776,0.926768,7014,101302.006270,8.802437,0.059278
1.438776,0.931818,7015,101302.023112,8.801476,0.054983
1.438776,0.936869,7016,101302.038782,8.800618,0.050659
1.438776,0.941919,7017,101302.053287,8.799829,0.046301
1.438776,0.946970,7018,101302.066613,8.799143,0.041926
1.438776,0.952020,7019,101302.078757,8.798527,0.037507
1.438776,0.957071,7020,101302.089726,8.798009,0.033099
1.438776,0.962121,7021,101302.099486,8.797547,0.028612
1.438776,0.967172,7022,101302.108088,8.797122,0.024203
1.438776,0.972222,7023,101302.115444,8.796525,0.019629
1.438776,0.977273,7024,101302.121666,8.795108,0.015255
1.438776,0.982323,7025,101302.126616,8.789792,0.010576
1.438776,0.987374,7026,101302.130421,8.770897,0.006269
1.438776,0.992424,7027,101302.132969,8.592021,0.001540
1.438776,0.997475,7028,101302.134217,8.209129,-0.000350
1.459184,0.502525,7029,101298.782668,0.663122,0.028916
1.459184,0.507576,7030,101298.784409,2.048604,0.014075
1.459184,0.512626,7031,101298.783476,3.178276,0.055763
1.459184,0.517677,7032,101298.791440,4.113919,0.055300
1.459184,0.522727,7033,101298.796062,4.882788,0.077868
1.459184,0.527778,7034,101298.808967,5.517935,0.084632
1.459184,0.532828,7035,101298.821996,6.045593,0.096855
1.459184,0.537879,7036,101298.839944,6.487161,0.104771
1.459184,0.542929,7037,101298.860246,6.859167,0.112773
1.459184,0.547980,7038,101298.883715,7.174124,0.119529
1.459184,0.553030,7039,101298.909847,7.441608,0.125609
1.459184,0.558081,7040,101298.938504,7.669165,0.131019
1.459184,0.563131,7041,101298.969497,7.862804,0.135852
1.459184,0.568182,7042,101299.002610,8.027541,0.140177
1.459184,0.573232,7043,101299.037677,8.167527,0.144049
1.459184,0.578283,7044,101299.074503,8.286356,0.147520
1.459184,0.583333,7045,101299.112937,8.387048,0.150630
1.459184,0.588384,7046,101299.152809,8.472265,0.153417
1.459184,0.593434,7047,101299.193991,8.544238,0.155912
1.459184,0.598485,7048,101299.236334,8.604952,0.158144
1.459184,0.603535,7049,101299.279735,8.656055,0.160135
1.459184,0.608586,7050,101299.324066,8.699021,0.161909
1.459184,0.613636,7051,101299.369241,8.735052,0.163481
1.459184,0.618687,7052,101299.415150,8.765236,0.164869
1.459184,0.623737,7053,101299.461725,8.790439,0.166084
1.459184,0.628788,7054,101299.508870,8.811457,0.167138
1.459184,0.633838,7055,101299.556528,8.828905,0.168041
1.459184,0.638889,7056,101299.604616,8.843365,0.168800
1.459184,0.643939,7057,101299.653086,8.855266,0.169423
1.459184,0.648990,7058,101299.701862,8.865031,0.169916
1.459184,0.654040,7059,101299.750906,8.872959,0.170282
1.459184,0.659091,7060,101299.800148,8.879358,0.170527
1.459184,0.664141,7061,101299.849555,8.884431,0.170653
1.459184,0.669192,7062,101299.899061,8.888407,0.170664
1.459184,0.674242,7063,101299.948638,8.891419,0.170561
1.459184,0.679293,7064,101299.998224,8.893639,0.170348
1.459184,0.684343,7065,101300.047796,8.895156,0.170026
1.459184,0.689394,7066,101300.097293,8.896100,0.169597
1.459184,0.694444,7067,101300.146695,8.896525,0.169062
1.459184,0.699495,7068,101300.195945,8.896534,0.168423
1.459184,0.704545,7069,101300.245023,8.896159,0.167681
1.459184,0.709596,7070,101300.293876,8.895483,0.166836
1.459184,0.714646,7071,101300.342486,8.894519,0.165891
1.459184,0.719697,7072,101300.390801,8.893339,0.164847
1.459184,0.724747,7073,101300.438805,8.891944,0.163703
1.459184,0.729798,7074,101300.486448,8.890396,0.162463
1.459184,0.734848,7075,101300.533716,8.888686,0.161126
1.459184,0.739899,7076,101300.580561,8.886870,0.159695
1.459184,0.744949,7077,101300.626971,8.884935,0.158169
1.459184,0.750000,7078,101300.672898,8.882930,0.156551
1.459184,0.755051,7079,101300.718332,8.880838,0.154842
1.459184,0.760101,7080,101300.763228,8.878705,0.153042
1.459184,0.765152,7081,101300.807576,8.876510,0.151154
1.459184,0.770202,7082,101300.851333,8.874297,0.149178
1.459184,0.775253,7083,101300.894491,8.872042,0.147116
1.459184,0.780303,7084,101300.937009,8.869788,0.144969
1.459184,0.785354,7085,101300.978879,8.867509,0.142739
1.459184,0.790404,7086,101301.020061,8.865245,0.140428
1.459184,0.795455,7087,101301.060551,8.862971,0.138036
1.459184,0.800505,7088,101301.100310,8.860724,0.135566
1.459184,0.805556,7089,101301.139333,8.858478,0.133018
1.459184,0.810606,7090,101301.177584,8.856270,0.130395
1.459184,0.815657,7091,101301.215060,8.854072,0.127698
1.459184,0.820707,7092,101301.251725,8.851922,0.124930
1.459184,0.825758,7093,101301.287578,8.849790,0.122090
1.459184,0.830808,7094,101301.322585,8.847714,0.119182
1.459184,0.835859,7095,101301.356746,8.845663,0.116207
1.459184,0.840909,7096,101301.390028,8.843674,0.113167
1.459184,0.845960,7097,101301.422432,8.841716,0.110063
1.459184,0.851010,7098,101301.453926,8.839827,0.106898
1.459184,0.856061,7099,101301.484514,8.837974,0.103673
1.459184,0.861111,7100,101301.514163,8.836194,0.100390
1.459184,0.866162,7101,101301.542878,8.834456,0.097051
1.459184,0.871212,7102,101301.570630,8.832794,0.093658
1.459184,0.876263,7103,101301.597424,8.831178,0.090212
1.459184,0.881313,7104,101301.623231,8.829643,0.086716
1.459184,0.886364,7105,101301.648056,8.828157,0.083171
1.459184,0.891414,7106,101301.671874,8.826756,0.079580
1.459184,0.896465,7107,101301.694691,8.825406,0.075943
1.459184,0.901515,7108,101301.716480,8.824144,0.072264
1.459184,0.906566,7109,101301.737250,8.822936,0.068544
1.459184,0.911616,7110,101301.756975,8.821818,0.064785
1.459184,0.916667,7111,101301.775665,8.820756,0.060989
1.459184,0.921717,7112,101301.793295,8.819787,0.057157
1.459184,0.926768,7113,101301.809876,8.818875,0.053293
1.459184,0.931818,7114,101301.825382,8.818058,0.049397
1.459184,0.936869,7115,101301.839828,8.817301,0.045474
1.459184,0.941919,7116,101301.853185,8.816639,0.041518
1.459184,0.946970,7117,101301.865476,8.816037,0.037548
1.459184,0.952020,7118,101301.876661,8.815532,0.033534
1.459184,0.957071,7119,101301.886783,8.815082,0.029535
1.459184,0.962121,7120,101301.895772,8.814714,0.025455
1.459184,0.967172,7121,101301.903714,8.814340,0.021457
1.459184,0.972222,7122,101301.910490,8.813823,0.017292
1.459184,0.977273,7123,101301.916239,8.812442,0.013330
1.459184,0.982323,7124,101301.920798,8.807159,0.009067
1.459184,0.987374,7125,101301.924318,8.788238,0.005168
1.459184,0.992424,7126,101301.926667,8.604473,0.000872
1.459184,0.997475,7127,101301.927809,8.210589,-0.000578
1.479592,0.502525,7128,101298.849663,0.589056,0.024920
1.479592,0.507576,7129,101298.850979,1.978398,0.013589
1.479592,0.512626,7130,101298.850550,3.115615,0.050554
1.479592,0.517677,7131,101298.857647,4.059030,0.050342
1.479592,0.522727,7132,101298.862229,4.835179,0.070903
1.479592,0.527778,7133,101298.874291,5.476643,0.076696
1.479592,0.532828,7134,101298.886500,6.009667,0.087903
1.479592,0.537879,7135,101298.903375,6.455681,0.094828
1.479592,0.542929,7136,101298.922329,6.831449,0.102051
1.479592,0.547980,7137,101298.944285,7.149553,0.108036
1.479592,0.553030,7138,101298.968645,7.419775,0.113456
1.479592,0.558081,7139,101298.995348,7.649677,0.118261
1.479592,0.563131,7140,101299.024166,7.845406,0.122552
1.479592,0.568182,7141,101299.054932,8.011958,0.126388
1.479592,0.573232,7142,101299.087454,8.153589,0.129822
1.479592,0.578283,7143,101299.121583,8.273855,0.132898
1.479592,0.583333,7144,101299.157146,8.375866,0.135653
1.479592,0.588384,7145,101299.194016,8.462236,0.138120
1.479592,0.593434,7146,101299.232043,8.535281,0.140330
1.479592,0.598485,7147,101299.271121,8.596936,0.142304
1.479592,0.603535,7148,101299.311123,8.648926,0.144067
1.479592,0.608586,7149,101299.351964,8.692672,0.145636
1.479592,0.613636,7150,101299.393535,8.729453,0.147027
1.479592,0.618687,7151,101299.435767,8.760299,0.148255
1.479592,0.623737,7152,101299.478566,8.786149,0.149330
1.479592,0.628788,7153,101299.521879,8.807744,0.150262
1.479592,0.633838,7154,101299.565621,8.825767,0.151061
1.479592,0.638889,7155,101299.609751,8.840741,0.151733
1.479592,0.643939,7156,101299.654194,8.853165,0.152285
1.479592,0.648990,7157,101299.698915,8.863401,0.152720
1.479592,0.654040,7158,101299.743847,8.871815,0.153045
1.479592,0.659091,7159,101299.788960,8.878654,0.153261
1.479592,0.664141,7160,101299.834194,8.884186,0.153373
1.479592,0.669192,7161,101299.879523,8.888579,0.153382
1.479592,0.674242,7162,101299.924889,8.892031,0.153292
1.479592,0.679293,7163,101299.970271,8.894654,0.153102
1.479592,0.684343,7164,101300.015614,8.896596,0.152817
1.479592,0.689394,7165,101300.060900,8.897930,0.152435
1.479592,0.694444,7166,101300.106077,8.898770,0.151960
1.479592,0.699495,7167,101300.151126,8.899159,0.151392
1.479592,0.704545,7168,101300.196000,8.899189,0.150732
1.479592,0.709596,7169,101300.240682,8.898883,0.149981
1.479592,0.714646,7170,101300.285124,8.898317,0.149140
1.479592,0.719697,7171,101300.329314,8.897499,0.148210
1.479592,0.724747,7172,101300.373203,8.896494,0.147192
1.479592,0.729798,7173,101300.416782,8.895299,0.146086
1.479592,0.734848,7174,101300.460003,8.893970,0.144895
1.479592,0.739899,7175,101300.502857,8.892500,0.143618
1.479592,0.744949,7176,101300.545300,8.890937,0.142256
1.479592,0.750000,7177,101300.587323,8.889269,0.140811
1.479592,0.755051,7178,101300.628882,8.887540,0.139284
1.479592,0.760101,7179,101300.669971,8.885734,0.137675
1.479592,0.765152,7180,101300.710549,8.883894,0.135987
1.479592,0.770202,7181,101300.750607,8.881998,0.134219
1.479592,0.775253,7182,101300.790108,8.880087,0.132373
1.479592,0.780303,7183,101300.829044,8.878139,0.130450
1.479592,0.785354,7184,101300.867378,8.876194,0.128452
1.479592,0.790404,7185,101300.905105,8.874225,0.126380
1.479592,0.795455,7186,101300.942189,8.872273,0.124235
1.479592,0.800505,7187,101300.978626,8.870310,0.122018
1.479592,0.805556,7188,101301.014379,8.868373,0.119731
1.479592,0.810606,7189,101301.049448,8.866437,0.117375
1.479592,0.815657,7190,101301.083797,8.864537,0.114951
1.479592,0.820707,7191,101301.117425,8.862646,0.112462
1.479592,0.825758,7192,101301.150300,8.860800,0.109908
1.479592,0.830808,7193,101301.182421,8.858969,0.107292
1.479592,0.835859,7194,101301.213756,8.857190,0.104614
1.479592,0.840909,7195,101301.244307,8.855434,0.101876
1.479592,0.845960,7196,101301.274042,8.853735,0.099080
1.479592,0.851010,7197,101301.302963,8.852064,0.096227
1.479592,0.856061,7198,101301.331041,8.850456,0.093319
1.479592,0.861111,7199,101301.358280,8.848881,0.090358
1.479592,0.866162,7200,101301.384650,8.847373,0.087345
1.479592,0.871212,7201,101301.410155,8.845902,0.084282
1.479592,0.876263,7202,101301.434769,8.844502,0.081171
1.479592,0.881313,7203,101301.458496,8.843143,0.078012
1.479592,0.886364,7204,101301.481309,8.841859,0.074810
1.479592,0.891414,7205,101301.503216,8.840619,0.071563
1.479592,0.896465,7206,101301.524189,8.839456,0.068275
1.479592,0.901515,7207,101301.544237,8.838340,0.064948
1.479592,0.906566,7208,101301.563335,8.837304,0.061582
1.479592,0.911616,7209,101301.581491,8.836318,0.058181
1.479592,0.916667,7210,101301.598680,8.835413,0.054745
1.479592,0.921717,7211,101301.614913,8.834560,0.051276
1.479592,0.926768,7212,101301.630166,8.833791,0.047777
1.479592,0.931818,7213,101301.644449,8.833075,0.044247
1.479592,0.936869,7214,101301.657741,8.832445,0.040693
1.479592,0.941919,7215,101301.670048,8.831869,0.037107
1.479592,0.946970,7216,101301.681359,8.831379,0.033510
1.479592,0.952020,7217,101301.691668,8.830944,0.029869
1.479592,0.957071,7218,101301.700985,8.830591,0.026247
1.479592,0.962121,7219,101301.709273,8.830278,0.022542
1.479592,0.967172,7220,101301.716585,8.829986,0.018923
1.479592,0.972222,7221,101301.722836,8.829508,0.015136
1.479592,0.977273,7222,101301.728128,8.828196,0.011552
1.479592,0.982323,7223,101301.732340,8.822903,0.007673
1.479592,0.987374,7224,101301.735577,8.803976,0.004149
1.479592,0.992424,7225,101301.737763,8.615167,0.000259
1.479592,0.997475,7226,101301.738770,8.210358,-0.000779
1.500000,0.502525,7227,101298.906216,0.521461,0.021499
1.500000,0.507576,7228,101298.907200,1.914574,0.012912
1.500000,0.512626,7229,101298.907168,3.058770,0.045739
1.500000,0.517677,7230,101298.913532,4.009516,0.045627
1.500000,0.522727,7231,101298.918085,4.792350,0.064328
1.500000,0.527778,7232,101298.929389,5.439662,0.069213
1.500000,0.532828,7233,101298.940905,5.977539,0.079460
1.500000,0.537879,7234,101298.956820,6.427632,0.085465
1.500000,0.542929,7235,101298.974609,6.806761,0.091967
1.500000,0.547980,7236,101298.995225,7.127735,0.097239
1.500000,0.553030,7237,101299.018046,7.400377,0.102056
1.500000,0.558081,7238,101299.043021,7.632407,0.106307
1.500000,0.563131,7239,101299.069949,7.829967,0.110106
1.500000,0.568182,7240,101299.098641,7.998166,0.113502
1.500000,0.573232,7241,101299.128949,8.141227,0.116541
1.500000,0.578283,7242,101299.160698,8.262798,0.119263
1.500000,0.583333,7243,101299.193759,8.365947,0.121702
1.500000,0.588384,7244,101299.227980,8.453369,0.123887
1.500000,0.593434,7245,101299.263254,8.527333,0.125844
1.500000,0.598485,7246,101299.299452,8.589851,0.127595
1.500000,0.603535,7247,101299.336486,8.642595,0.129158
1.500000,0.608586,7248,101299.374248,8.687061,0.130551
1.500000,0.613636,7249,101299.412667,8.724474,0.131786
1.500000,0.618687,7250,101299.451651,8.755935,0.132877
1.500000,0.623737,7251,101299.491146,8.782329,0.133834
1.500000,0.628788,7252,101299.531070,8.804462,0.134665
1.500000,0.633838,7253,101299.571381,8.822964,0.135378
1.500000,0.638889,7254,101299.612008,8.838423,0.135978
1.500000,0.643939,7255,101299.652916,8.851279,0.136473
1.500000,0.648990,7256,101299.694043,8.861962,0.136865
1.500000,0.654040,7257,101299.735360,8.870775,0.137158
1.500000,0.659091,7258,101299.776810,8.878033,0.137356
1.500000,0.664141,7259,101299.818369,8.883943,0.137460
1.500000,0.669192,7260,101299.859984,8.888736,0.137475
1.500000,0.674242,7261,101299.901636,8.892550,0.137400
1.500000,0.679293,7262,101299.943274,8.895559,0.137238
1.500000,0.684343,7263,101299.984881,8.897851,0.136990
1.500000,0.689394,7264,101300.026409,8.899560,0.136657
1.500000,0.694444,7265,101300.067844,8.900741,0.136240
1.500000,0.699495,7266,101300.109140,8.901497,0.135740
1.500000,0.704545,7267,101300.150283,8.901860,0.135159
1.500000,0.709596,7268,101300.191229,8.901915,0.134496
1.500000,0.714646,7269,101300.231968,8.901675,0.133752
1.500000,0.719697,7270,101300.272454,8.901210,0.132929
1.500000,0.724747,7271,101300.312679,8.900524,0.132027
1.500000,0.729798,7272,101300.352601,8.899676,0.131047
1.500000,0.734848,7273,101300.392211,8.898661,0.129989
1.500000,0.739899,7274,101300.431467,8.897530,0.128854
1.500000,0.744949,7275,101300.470363,8.896273,0.127643
1.500000,0.750000,7276,101300.508858,8.894938,0.126358
1.500000,0.755051,7277,101300.546947,8.893508,0.124998
1.500000,0.760101,7278,101300.584589,8.892027,0.123564
1.500000,0.765152,7279,101300.621781,8.890476,0.122058
1.500000,0.770202,7280,101300.658484,8.888897,0.120481
1.500000,0.775253,7281,101300.694694,8.887268,0.118832
1.500000,0.780303,7282,101300.730374,8.885628,0.117115
1.500000,0.785354,7283,101300.765522,8.883955,0.115328
1.500000,0.790404,7284,101300.800101,8.882285,0.113475
1.500000,0.795455,7285,101300.834109,8.880595,0.111555
1.500000,0.800505,7286,101300.867512,8.878921,0.109570
1.500000,0.805556,7287,101300.900309,8.877237,0.107521
1.500000,0.810606,7288,101300.932465,8.875579,0.105409
1.500000,0.815657,7289,101300.963982,8.873921,0.103235
1.500000,0.820707,7290,101300.994826,8.872297,0.101002
1.500000,0.825758,7291,101301.024998,8.870680,0.098709
1.500000,0.830808,7292,101301.054467,8.869106,0.096359
1.500000,0.835859,7293,101301.083234,8.867545,0.093953
1.500000,0.840909,7294,101301.111270,8.866033,0.091492
1.500000,0.845960,7295,101301.138576,8.864541,0.088977
1.500000,0.851010,7296,101301.165124,8.863102,0.086410
1.500000,0.856061,7297,101301.190917,8.861688,0.083793
1.500000,0.861111,7298,101301.215927,8.860332,0.081127
1.500000,0.866162,7299,101301.240158,8.859006,0.078413
1.500000,0.871212,7300,101301.263583,8.857742,0.075653
1.500000,0.876263,7301,101301.286206,8.856510,0.072848
1.500000,0.881313,7302,101301.308003,8.855345,0.070000
1.500000,0.886364,7303,101301.328979,8.854216,0.067111
1.500000,0.891414,7304,101301.349108,8.853157,0.064182
1.500000,0.896465,7305,101301.368398,8.852135,0.061214
1.500000,0.901515,7306,101301.386823,8.851187,0.058209
1.500000,0.906566,7307,101301.404393,8.850279,0.055170
1.500000,0.911616,7308,101301.421083,8.849446,0.052097
1.500000,0.916667,7309,101301.436902,8.848656,0.048992
1.500000,0.921717,7310,101301.451826,8.847943,0.045856
1.500000,0.926768,7311,101301.465868,8.847274,0.042692
1.500000,0.931818,7312,101301.479001,8.846684,0.039500
1.500000,0.936869,7313,101301.491241,8.846140,0.036286
1.500000,0.941919,7314,101301.502559,8.845676,0.033041
1.500000,0.946970,7315,101301.512979,8.845258,0.029788
1.500000,0.952020,7316,101301.522460,8.844922,0.026490
1.500000,0.957071,7317,101301.531047,8.844626,0.023215
1.500000,0.962121,7318,101301.538669,8.844397,0.019855
1.500000,0.967172,7319,101301.545412,8.844149,0.016585
1.500000,0.972222,7320,101301.551160,8.843742,0.013147
1.500000,0.977273,7321,101301.556044,8.842461,0.009911
1.500000,0.982323,7322,101301.559917,8.837184,0.006387
1.500000,0.987374,7323,101301.562904,8.818202,0.003206
1.500000,0.992424,7324,101301.564928,8.624242,-0.000304
1.500000,0.997475,7325,101301.565836,8.208573,-0.000960
1.520408,0.502525,7326,101298.954139,0.460139,0.018522
1.520408,0.507576,7327,101298.954888,1.856698,0.012082
1.520408,0.512626,7328,101298.955141,3.007507,0.041271
1.520408,0.517677,7329,101298.960910,3.965031,0.041124
1.520408,0.522727,7330,101298.965411,4.754083,0.058102
1.520408,0.527778,7331,101298.976061,5.406688,0.062128
1.520408,0.532828,7332,101298.986957,5.949009,0.071469
1.520408,0.537879,7333,101299.002036,6.402739,0.076614
1.520408,0.542929,7334,101299.018784,6.784920,0.082447
1.520408,0.547980,7335,101299.038235,7.108419,0.087055
1.520408,0.553030,7336,101299.059684,7.383247,0.091320
1.520408,0.558081,7337,101299.083153,7.617130,0.095062
1.520408,0.563131,7338,101299.108399,7.816339,0.098414
1.520408,0.568182,7339,101299.135280,7.985960,0.101409
1.520408,0.573232,7340,101299.163622,8.130311,0.104092
1.520408,0.578283,7341,101299.193290,8.253002,0.106497
1.520408,0.583333,7342,101299.224131,8.357180,0.108655
1.520408,0.588384,7343,101299.256035,8.445499,0.110590
1.520408,0.593434,7344,101299.288869,8.520300,0.112326
1.520408,0.598485,7345,101299.322543,8.583547,0.113880
1.520408,0.603535,7346,101299.356946,8.636984,0.115271
1.520408,0.608586,7347,101299.392008,8.682055,0.116512
1.520408,0.613636,7348,101299.427634,8.720053,0.117615
1.520408,0.618687,7349,101299.463768,8.752027,0.118591
1.520408,0.623737,7350,101299.500330,8.778928,0.119449
1.520408,0.628788,7351,101299.537278,8.801508,0.120196
1.520408,0.633838,7352,101299.574542,8.820461,0.120839
1.520408,0.638889,7353,101299.612088,8.836319,0.121384
1.520408,0.643939,7354,101299.649855,8.849586,0.121834
1.520408,0.648990,7355,101299.687816,8.860635,0.122194
1.520408,0.654040,7356,101299.725917,8.869832,0.122467
1.520408,0.659091,7357,101299.764135,8.877432,0.122655
1.520408,0.664141,7358,101299.802421,8.883706,0.122761
1.520408,0.669192,7359,101299.840756,8.888825,0.122786
1.520408,0.674242,7360,101299.879094,8.892989,0.122733
1.520408,0.679293,7361,101299.917420,8.896312,0.122601
1.520408,0.684343,7362,101299.955688,8.898945,0.122393
1.520408,0.689394,7363,101299.993887,8.900960,0.122110
1.520408,0.694444,7364,101300.031973,8.902473,0.121752
1.520408,0.699495,7365,101300.069937,8.903528,0.121319
1.520408,0.704545,7366,101300.107735,8.904218,0.120814
1.520408,0.709596,7367,101300.145360,8.904566,0.120235
1.520408,0.714646,7368,101300.182771,8.904647,0.119585
1.520408,0.719697,7369,101300.219959,8.904471,0.118862
1.520408,0.724747,7370,101300.256887,8.904100,0.118070
1.520408,0.729798,7371,101300.293546,8.903535,0.117206
1.520408,0.734848,7372,101300.329899,8.902829,0.116273
1.520408,0.739899,7373,101300.365940,8.901976,0.115271
1.520408,0.744949,7374,101300.401632,8.901024,0.114201
1.520408,0.750000,7375,101300.436969,8.899959,0.113062
1.520408,0.755051,7376,101300.471916,8.898827,0.111857
1.520408,0.760101,7377,101300.506468,8.897611,0.110585
1.520408,0.765152,7378,101300.540589,8.896352,0.109248
1.520408,0.770202,7379,101300.574278,8.895031,0.107846
1.520408,0.775253,7380,101300.607498,8.893686,0.106379
1.520408,0.780303,7381,101300.640249,8.892297,0.104850
1.520408,0.785354,7382,101300.672495,8.890900,0.103259
1.520408,0.790404,7383,101300.704237,8.889472,0.101606
1.520408,0.795455,7384,101300.735440,8.888050,0.099893
1.520408,0.800505,7385,101300.766105,8.886609,0.098121
1.520408,0.805556,7386,101300.796199,8.885185,0.096290
1.520408,0.810606,7387,101300.825723,8.883751,0.094402
1.520408,0.815657,7388,101300.854647,8.882343,0.092458
1.520408,0.820707,7389,101300.882970,8.880934,0.090459
1.520408,0.825758,7390,101300.910663,8.879557,0.088407
1.520408,0.830808,7391,101300.937728,8.878187,0.086301
1.520408,0.835859,7392,101300.964136,8.876857,0.084144
1.520408,0.840909,7393,101300.989889,8.875539,0.081937
1.520408,0.845960,7394,101301.014960,8.874265,0.079680
1.520408,0.851010,7395,101301.039352,8.873010,0.077376
1.520408,0.856061,7396,101301.063037,8.871804,0.075026
1.520408,0.861111,7397,101301.086020,8.870620,0.072630
1.520408,0.866162,7398,101301.108275,8.869491,0.070190
1.520408,0.871212,7399,101301.129806,8.868387,0.067708
1.520408,0.876263,7400,101301.150588,8.867341,0.065185
1.520408,0.881313,7401,101301.170627,8.866325,0.062623
1.520408,0.886364,7402,101301.189898,8.865369,0.060022
1.520408,0.891414,7403,101301.208408,8.864446,0.057384
1.520408,0.896465,7404,101301.226134,8.863586,0.054710
1.520408,0.901515,7405,101301.243081,8.862761,0.052003
1.520408,0.906566,7406,101301.259228,8.862003,0.049263
1.520408,0.911616,7407,101301.274583,8.861281,0.046492
1.520408,0.916667,7408,101301.289123,8.860628,0.043691
1.520408,0.921717,7409,101301.302857,8.860014,0.040862
1.520408,0.926768,7410,101301.315764,8.859470,0.038008
1.520408,0.931818,7411,101301.327853,8.858965,0.035126
1.520408,0.936869,7412,101301.339106,8.858533,0.032225
1.520408,0.941919,7413,101301.349527,8.858142,0.029294
1.520408,0.946970,7414,101301.359108,8.857823,0.026357
1.520408,0.952020,7415,101301.367839,8.857546,0.023375
1.520408,0.957071,7416,101301.375735,8.857336,0.020420
1.520408,0.962121,7417,101301.382757,8.857154,0.017377
1.520408,0.967172,7418,101301.388958,8.856979,0.014429
1.520408,0.972222,7419,101301.394257,8.856606,0.011312
1.520408,0.977273,7420,101301.398747,8.855385,0.008397
1.520408,0.982323,7421,101301.402324,8.850085,0.005201
1.520408,0.987374,7422,101301.405062,8.831068,0.002334
1.520408,0.992424,7423,101301.406952,8.631787,-0.000824
1.520408,0.997475,7424,101301.407762,8.205372,-0.001121
1.540816,0.502525,7425,101298.994984,0.404585,0.015946
1.540816,0.507576,7426,101298.995546,1.804567,0.011135
1.540816,0.512626,7427,101298.996025,2.961483,0.037107
1.540816,0.517677,7428,101299.001283,3.925382,0.036812
1.540816,0.522727,7429,101299.005741,4.720089,0.052187
1.540816,0.527778,7430,101299.015797,5.377542,0.055396
1.540816,0.532828,7431,101299.026162,5.923819,0.063878
1.540816,0.537879,7432,101299.040484,6.380836,0.068216
1.540816,0.542929,7433,101299.056325,6.765691,0.073428
1.540816,0.547980,7434,101299.074732,7.091453,0.077416
1.540816,0.553030,7435,101299.094978,7.368170,0.081172
1.540816,0.558081,7436,101299.117102,7.603709,0.084445
1.540816,0.563131,7437,101299.140874,7.804330,0.087387
1.540816,0.568182,7438,101299.166140,7.975221,0.090019
1.540816,0.573232,7439,101299.192757,8.120667,0.092380
1.540816,0.578283,7440,101299.220571,8.244362,0.094501
1.540816,0.583333,7441,101299.249466,8.349409,0.096407
1.540816,0.588384,7442,101299.279306,8.438537,0.098122
1.540816,0.593434,7443,101299.309997,8.514040,0.099662
1.540816,0.598485,7444,101299.341426,8.577951,0.101046
1.540816,0.603535,7445,101299.373517,8.631964,0.102288
1.540816,0.608586,7446,101299.406176,8.677592,0.103399
1.540816,0.613636,7447,101299.439345,8.716075,0.104390
1.540816,0.618687,7448,101299.472942,8.748527,0.105270
1.540816,0.623737,7449,101299.506923,8.775845,0.106047
1.540816,0.628788,7450,101299.541220,8.798845,0.106727
1.540816,0.633838,7451,101299.575798,8.818167,0.107316
1.540816,0.638889,7452,101299.610598,8.834404,0.107818
1.540816,0.643939,7453,101299.645594,8.848007,0.108237
1.540816,0.648990,7454,101299.680731,8.859406,0.108577
1.540816,0.654040,7455,101299.715990,8.868915,0.108839
1.540816,0.659091,7456,101299.751323,8.876847,0.109026
1.540816,0.664141,7457,101299.786713,8.883415,0.109141
1.540816,0.669192,7458,101299.822115,8.888852,0.109184
1.540816,0.674242,7459,101299.857517,8.893300,0.109156
1.540816,0.679293,7460,101299.892877,8.896931,0.109060
1.540816,0.684343,7461,101299.928184,8.899839,0.108895
1.540816,0.689394,7462,101299.963397,8.902154,0.108662
1.540816,0.694444,7463,101299.998508,8.903937,0.108363
1.540816,0.699495,7464,101300.033479,8.905288,0.107998
1.540816,0.704545,7465,101300.068302,8.906242,0.107567
1.540816,0.709596,7466,101300.102939,8.906881,0.107071
1.540816,0.714646,7467,101300.137385,8.907222,0.106510
1.540816,0.719697,7468,101300.171602,8.907332,0.105884
1.540816,0.724747,7469,101300.205587,8.907217,0.105195
1.540816,0.729798,7470,101300.239302,8.906934,0.104443
1.540816,0.734848,7471,101300.272745,8.906480,0.103628
1.540816,0.739899,7472,101300.305879,8.905905,0.102750
1.540816,0.744949,7473,101300.338702,8.905199,0.101811
1.540816,0.750000,7474,101300.371180,8.904408,0.100811
1.540816,0.755051,7475,101300.403310,8.903517,0.099749
1.540816,0.760101,7476,101300.435058,8.902569,0.098628
1.540816,0.765152,7477,101300.466423,8.901545,0.097447
1.540816,0.770202,7478,101300.497372,8.900486,0.096208
1.540816,0.775253,7479,101300.527905,8.899371,0.094910
1.540816,0.780303,7480,101300.557988,8.898237,0.093556
1.540816,0.785354,7481,101300.587623,8.897063,0.092144
1.540816,0.790404,7482,101300.616777,8.895884,0.090677
1.540816,0.795455,7483,101300.645451,8.894678,0.089155
1.540816,0.800505,7484,101300.673615,8.893478,0.087579
1.540816,0.805556,7485,101300.701270,8.892261,0.085950
1.540816,0.810606,7486,101300.728386,8.891061,0.084269
1.540816,0.815657,7487,101300.754965,8.889852,0.082536
1.540816,0.820707,7488,101300.780978,8.888668,0.080753
1.540816,0.825758,7489,101300.806428,8.887482,0.078921
1.540816,0.830808,7490,101300.831287,8.886329,0.077040
1.540816,0.835859,7491,101300.855557,8.885180,0.075112
1.540816,0.840909,7492,101300.879212,8.884068,0.073139
1.540816,0.845960,7493,101300.902256,8.882967,0.071120
1.540816,0.851010,7494,101300.924662,8.881909,0.069058
1.540816,0.856061,7495,101300.946434,8.880865,0.066952
1.540816,0.861111,7496,101300.967548,8.879869,0.064806
1.540816,0.866162,7497,101300.988007,8.878891,0.062619
1.540816,0.871212,7498,101301.007789,8.877964,0.060392
1.540816,0.876263,7499,101301.026898,8.877060,0.058128
1.540816,0.881313,7500,101301.045310,8.876210,0.055828
1.540816,0.886364,7501,101301.063032,8.875385,0.053492
1.540816,0.891414,7502,101301.080041,8.874617,0.051122
1.540816,0.896465,7503,101301.096344,8.873877,0.048719
1.540816,0.901515,7504,101301.111918,8.873197,0.046285
1.540816,0.906566,7505,101301.126772,8.872547,0.043821
1.540816,0.911616,7506,101301.140884,8.871958,0.041328
1.540816,0.916667,7507,101301.154262,8.871402,0.038808
1.540816,0.921717,7508,101301.166886,8.870909,0.036261
1.540816,0.926768,7509,101301.178764,8.870450,0.033691
1.540816,0.931818,7510,101301.189876,8.870056,0.031095
1.540816,0.936869,7511,101301.200235,8.869696,0.028482
1.540816,0.941919,7512,101301.209813,8.869404,0.025840
1.540816,0.946970,7513,101301.218636,8.869146,0.023194
1.540816,0.952020,7514,101301.226661,8.868956,0.020503
1.540816,0.957071,7515,101301.233936,8.868795,0.017842
1.540816,0.962121,7516,101301.240389,8.868688,0.015093
1.540816,0.967172,7517,101301.246106,8.868550,0.012441
1.540816,0.972222,7518,101301.250975,8.868239,0.009620
1.540816,0.977273,7519,101301.255118,8.867042,0.007000
1.540816,0.982323,7520,101301.258408,8.861745,0.004107
1.540816,0.987374,7521,101301.260933,8.842648,0.001530
1.540816,0.992424,7522,101301.262665,8.637947,-0.001302
1.540816,0.997475,7523,101301.263409,8.200849,-0.001269
1.561224,0.502525,7524,101299.030036,0.354685,0.013668
1.561224,0.507576,7525,101299.030469,1.757821,0.010095
1.561224,0.512626,7526,101299.031104,2.920528,0.033211
1.561224,0.517677,7527,101299.035946,3.890288,0.032669
1.561224,0.522727,7528,101299.040342,4.690207,0.046553
1.561224,0.527778,7529,101299.049884,5.351980,0.048978
1.561224,0.532828,7530,101299.059768,5.901820,0.056645
1.561224,0.537879,7531,101299.073429,6.361702,0.060223
1.561224,0.542929,7532,101299.088451,6.748935,0.064854
1.561224,0.547980,7533,101299.105946,7.076638,0.068259
1.561224,0.553030,7534,101299.125111,7.355024,0.071546
1.561224,0.558081,7535,101299.146056,7.591962,0.074384
1.561224,0.563131,7536,101299.168509,7.793829,0.076953
1.561224,0.568182,7537,101299.192357,7.965784,0.079252
1.561224,0.573232,7538,101299.217433,8.112200,0.081322
1.561224,0.578283,7539,101299.243619,8.236729,0.083187
1.561224,0.583333,7540,101299.270774,8.342551,0.084869
1.561224,0.588384,7541,101299.298800,8.432348,0.086387
1.561224,0.593434,7542,101299.327579,8.508483,0.087757
1.561224,0.598485,7543,101299.357031,8.572939,0.088993
1.561224,0.603535,7544,101299.387060,8.627479,0.090106
1.561224,0.608586,7545,101299.417602,8.673562,0.091107
1.561224,0.613636,7546,101299.448577,8.712492,0.092005
1.561224,0.618687,7547,101299.479937,8.745333,0.092807
1.561224,0.623737,7548,101299.511613,8.773042,0.093519
1.561224,0.628788,7549,101299.543570,8.796383,0.094147
1.561224,0.633838,7550,101299.575748,8.816055,0.094696
1.561224,0.638889,7551,101299.608121,8.832599,0.095168
1.561224,0.643939,7552,101299.640637,8.846523,0.095567
1.561224,0.648990,7553,101299.673276,8.858206,0.095896
1.561224,0.654040,7554,101299.705990,8.868017,0.096158
1.561224,0.659091,7555,101299.738766,8.876215,0.096352
1.561224,0.664141,7556,101299.771560,8.883072,0.096483
1.561224,0.669192,7557,101299.804361,8.888765,0.096549
1.561224,0.674242,7558,101299.837128,8.893491,0.096554
1.561224,0.679293,7559,101299.869853,8.897370,0.096496
1.561224,0.684343,7560,101299.902498,8.900551,0.096378
1.561224,0.689394,7561,101299.935055,8.903109,0.096199
1.561224,0.694444,7562,101299.967489,8.905159,0.095961
1.561224,0.699495,7563,101299.999794,8.906748,0.095663
1.561224,0.704545,7564,101300.031935,8.907966,0.095306
1.561224,0.709596,7565,101300.063907,8.908839,0.094890
1.561224,0.714646,7566,101300.095677,8.909441,0.094416
1.561224,0.719697,7567,101300.127241,8.909782,0.093885
1.561224,0.724747,7568,101300.158565,8.909925,0.093296
1.561224,0.729798,7569,101300.189647,8.909869,0.092649
1.561224,0.734848,7570,101300.220455,8.909669,0.091946
1.561224,0.739899,7571,101300.250986,8.909318,0.091187
1.561224,0.744949,7572,101300.281209,8.908862,0.090372
1.561224,0.750000,7573,101300.311122,8.908290,0.089501
1.561224,0.755051,7574,101300.340694,8.907646,0.088575
1.561224,0.760101,7575,101300.369924,8.906913,0.087595
1.561224,0.765152,7576,101300.398783,8.906131,0.086561
1.561224,0.770202,7577,101300.427269,8.905282,0.085473
1.561224,0.775253,7578,101300.455353,8.904403,0.084333
1.561224,0.780303,7579,101300.483036,8.903474,0.083140
1.561224,0.785354,7580,101300.510288,8.902530,0.081896
1.561224,0.790404,7581,101300.537110,8.901550,0.080601
1.561224,0.795455,7582,101300.563474,8.900568,0.079257
1.561224,0.800505,7583,101300.589381,8.899561,0.077862
1.561224,0.805556,7584,101300.614804,8.898561,0.076420
1.561224,0.810606,7585,101300.639744,8.897546,0.074929
1.561224,0.815657,7586,101300.664175,8.896548,0.073392
1.561224,0.820707,7587,101300.688100,8.895541,0.071808
1.561224,0.825758,7588,101300.711491,8.894559,0.070180
1.561224,0.830808,7589,101300.734352,8.893575,0.068507
1.561224,0.835859,7590,101300.756658,8.892620,0.066791
1.561224,0.840909,7591,101300.778413,8.891670,0.065033
1.561224,0.845960,7592,101300.799590,8.890756,0.063233
1.561224,0.851010,7593,101300.820196,8.889850,0.061393
1.561224,0.856061,7594,101300.840205,8.888984,0.059514
1.561224,0.861111,7595,101300.859623,8.888131,0.057597
1.561224,0.866162,7596,101300.878426,8.887322,0.055642
1.561224,0.871212,7597,101300.896620,8.886530,0.053652
1.561224,0.876263,7598,101300.914181,8.885784,0.051627
1.561224,0.881313,7599,101300.931117,8.885059,0.049568
1.561224,0.886364,7600,101300.947404,8.884383,0.047476
1.561224,0.891414,7601,101300.963050,8.883730,0.045353
1.561224,0.896465,7602,101300.978034,8.883129,0.043200
1.561224,0.901515,7603,101300.992362,8.882553,0.041017
1.561224,0.906566,7604,101301.006014,8.882032,0.038807
1.561224,0.911616,7605,101301.018999,8.881538,0.036570
1.561224,0.916667,7606,101301.031295,8.881101,0.034308
1.561224,0.921717,7607,101301.042911,8.880691,0.032021
1.561224,0.926768,7608,101301.053829,8.880340,0.029713
1.561224,0.931818,7609,101301.064057,8.880019,0.027380
1.561224,0.936869,7610,101301.073578,8.879757,0.025033
1.561224,0.941919,7611,101301.082396,8.879527,0.022656
1.561224,0.946970,7612,101301.090506,8.879356,0.020279
1.561224,0.952020,7613,101301.097896,8.879216,0.017856
1.561224,0.957071,7614,101301.104584,8.879132,0.015466
1.561224,0.962121,7615,101301.110528,8.879064,0.012987
1.561224,0.967172,7616,101301.115784,8.878991,0.010608
1.561224,0.972222,7617,101301.120273,8.878708,0.008059
1.561224,0.977273,7618,101301.124080,8.877564,0.005710
1.561224,0.982323,7619,101301.127120,8.872231,0.003096
1.561224,0.987374,7620,101301.129440,8.853025,0.000791
1.561224,0.992424,7621,101301.131025,8.642843,-0.001738
1.561224,0.997475,7622,101301.131702,8.195123,-0.001404
1.581633,0.502525,7623,101299.060396,0.309979,0.011674
1.581633,0.507576,7624,101299.060722,1.716314,0.008986
1.581633,0.512626,7625,101299.061484,2.884360,0.029551
1.581633,0.517677,7626,101299.065963,3.859608,0.028677
1.581633,0.522727,7627,101299.070309,4.664204,0.041169
1.581633,0.527778,7628,101299.079382,5.329869,0.042837
1.581633,0.532828,7629,101299.088855,5.882804,0.049731
1.581633,0.537879,7630,101299.101914,6.345215,0.052587
1.581633,0.542929,7631,101299.116224,6.734465,0.056674
1.581633,0.547980,7632,101299.132899,7.063859,0.059530
1.581633,0.553030,7633,101299.151118,7.343636,0.062384
1.581633,0.558081,7634,101299.171008,7.581790,0.064817
1.581633,0.563131,7635,101299.192303,7.784682,0.067042
1.581633,0.568182,7636,101299.214883,7.957562,0.069037
1.581633,0.573232,7637,101299.238607,8.104768,0.070842
1.581633,0.578283,7638,101299.263337,8.230028,0.072477
1.581633,0.583333,7639,101299.288964,8.336478,0.073959
1.581633,0.588384,7640,101299.315369,8.426867,0.075304
1.581633,0.593434,7641,101299.342465,8.503511,0.076524
1.581633,0.598485,7642,101299.370151,8.568458,0.077632
1.581633,0.603535,7643,101299.398361,8.623420,0.078637
1.581633,0.608586,7644,101299.427011,8.669919,0.079546
1.581633,0.613636,7645,101299.456050,8.709208,0.080368
1.581633,0.618687,7646,101299.485408,8.742409,0.081107
1.581633,0.623737,7647,101299.515047,8.770431,0.081769
1.581633,0.628788,7648,101299.544907,8.794094,0.082359
1.581633,0.633838,7649,101299.574962,8.814046,0.082879
1.581633,0.638889,7650,101299.605158,8.830884,0.083334
1.581633,0.643939,7651,101299.635477,8.845065,0.083724
1.581633,0.648990,7652,101299.665872,8.857023,0.084053
1.581633,0.654040,7653,101299.696329,8.867074,0.084322
1.581633,0.659091,7654,101299.726806,8.875535,0.084533
1.581633,0.664141,7655,101299.757293,8.882622,0.084686
1.581633,0.669192,7656,101299.787752,8.888567,0.084783
1.581633,0.674242,7657,101299.818175,8.893517,0.084824
1.581633,0.679293,7658,101299.848526,8.897643,0.084810
1.581633,0.684343,7659,101299.878798,8.901041,0.084742
1.581633,0.689394,7660,101299.908960,8.903842,0.084619
1.581633,0.694444,7661,101299.939005,8.906106,0.084443
1.581633,0.699495,7662,101299.968901,8.907935,0.084213
1.581633,0.704545,7663,101299.998646,8.909365,0.083931
1.581633,0.709596,7664,101300.028207,8.910475,0.083595
1.581633,0.714646,7665,101300.057583,8.911285,0.083207
1.581633,0.719697,7666,101300.086743,8.911861,0.082767
1.581633,0.724747,7667,101300.115684,8.912210,0.082275
1.581633,0.729798,7668,101300.144377,8.912387,0.081731
1.581633,0.734848,7669,101300.172822,8.912390,0.081135
1.581633,0.739899,7670,101300.200988,8.912268,0.080489
1.581633,0.744949,7671,101300.228876,8.912012,0.079791
1.581633,0.750000,7672,101300.256456,8.911667,0.079044
1.581633,0.755051,7673,101300.283729,8.911219,0.078246
1.581633,0.760101,7674,101300.310666,8.910709,0.077399
1.581633,0.765152,7675,101300.337269,8.910119,0.076502
1.581633,0.770202,7676,101300.363508,8.909489,0.075557
1.581633,0.775253,7677,101300.389387,8.908798,0.074564
1.581633,0.780303,7678,101300.414877,8.908082,0.073523
1.581633,0.785354,7679,101300.439980,8.907322,0.072435
1.581633,0.790404,7680,101300.464669,8.906550,0.071301
1.581633,0.795455,7681,101300.488947,8.905746,0.070121
1.581633,0.800505,7682,101300.512788,8.904941,0.068896
1.581633,0.805556,7683,101300.536194,8.904114,0.067626
1.581633,0.810606,7684,101300.559140,8.903295,0.066313
1.581633,0.815657,7685,101300.581628,8.902462,0.064957
1.581633,0.820707,7686,101300.603634,8.901646,0.063558
1.581633,0.825758,7687,101300.625162,8.900822,0.062118
1.581633,0.830808,7688,101300.646188,8.900021,0.060638
1.581633,0.835859,7689,101300.666714,8.899218,0.059118
1.581633,0.840909,7690,101300.686719,8.898444,0.057559
1.581633,0.845960,7691,101300.706205,8.897673,0.055961
1.581633,0.851010,7692,101300.725151,8.896935,0.054327
1.581633,0.856061,7693,101300.743562,8.896205,0.052657
1.581633,0.861111,7694,101300.761414,8.895512,0.050951
1.581633,0.866162,7695,101300.778714,8.894831,0.049212
1.581633,0.871212,7696,101300.795440,8.894190,0.047439
1.581633,0.876263,7697,101300.811598,8.893563,0.045634
1.581633,0.881313,7698,101300.827166,8.892981,0.043797
1.581633,0.886364,7699,101300.842152,8.892415,0.041931
1.581633,0.891414,7700,101300.856534,8.891896,0.040035
1.581633,0.896465,7701,101300.870321,8.891396,0.038112
1.581633,0.901515,7702,101300.883492,8.890945,0.036162
1.581633,0.906566,7703,101300.896054,8.890516,0.034185
1.581633,0.911616,7704,101300.907989,8.890137,0.032185
1.581633,0.916667,7705,101300.919305,8.889781,0.030160
1.581633,0.921717,7706,101300.929982,8.889478,0.028113
1.581633,0.926768,7707,101300.940032,8.889199,0.026046
1.581633,0.931818,7708,101300.949432,8.888974,0.023956
1.581633,0.936869,7709,101300.958197,8.888774,0.021853
1.581633,0.941919,7710,101300.966301,8.888630,0.019721
1.581633,0.946970,7711,101300.973770,8.888511,0.017592
1.581633,0.952020,7712,101300.980561,8.888447,0.015415
1.581633,0.957071,7713,101300.986722,8.888405,0.013276
1.581633,0.962121,7714,101300.992184,8.888403,0.011045
1.581633,0.967172,7715,101300.997029,8.888362,0.008917
1.581633,0.972222,7716,101301.001153,8.888135,0.006620
1.581633,0.977273,7717,101301.004664,8.887010,0.004520
1.581633,0.982323,7718,101301.007458,8.881667,0.002163
1.581633,0.987374,7719,101301.009605,8.862255,0.000110
1.581633,0.992424,7720,101301.011049,8.646608,-0.002139
1.581633,0.997475,7721,101301.011683,8.188271,-0.001530
1.602041,0.502525,7722,101299.086966,0.270427,0.009872
1.602041,0.507576,7723,101299.087224,1.679745,0.007824
1.602041,0.512626,7724,101299.088067,2.852856,0.026098
1.602041,0.517677,7725,101299.092252,3.833113,0.024818
1.602041,0.522727,7726,101299.096536,4.641961,0.036009
1.602041,0.527778,7727,101299.105209,5.311011,0.036939
1.602041,0.532828,7728,101299.114310,5.866661,0.043098
1.602041,0.537879,7729,101299.126850,6.331196,0.045266
1.602041,0.542929,7730,101299.140521,6.722179,0.048843
1.602041,0.547980,7731,101299.156486,7.052957,0.051179
1.602041,0.553030,7732,101299.173858,7.333916,0.053630
1.602041,0.558081,7733,101299.192832,7.573045,0.055685
1.602041,0.563131,7734,101299.213095,7.776806,0.057595
1.602041,0.568182,7735,101299.234569,7.950419,0.059310
1.602041,0.573232,7736,101299.257088,8.098300,0.060875
1.602041,0.578283,7737,101299.280543,8.224135,0.062302
1.602041,0.583333,7738,101299.304808,8.331128,0.063606
1.602041,0.588384,7739,101299.329790,8.421981,0.064798
1.602041,0.593434,7740,101299.355383,8.499073,0.065889
1.602041,0.598485,7741,101299.381516,8.564404,0.066888
1.602041,0.603535,7742,101299.408099,8.619745,0.067801
1.602041,0.608586,7743,101299.435080,8.666568,0.068635
1.602041,0.613636,7744,101299.462385,8.706186,0.069396
1.602041,0.618687,7745,101299.489974,8.739670,0.070087
1.602041,0.623737,7746,101299.517785,8.767984,0.070714
1.602041,0.628788,7747,101299.545789,8.791899,0.071278
1.602041,0.633838,7748,101299.573935,8.812118,0.071782
1.602041,0.638889,7749,101299.602201,8.829187,0.072230
1.602041,0.643939,7750,101299.630542,8.843618,0.072622
1.602041,0.648990,7751,101299.658943,8.855792,0.072960
1.602041,0.654040,7752,101299.687364,8.866080,0.073246
1.602041,0.659091,7753,101299.715795,8.874748,0.073479
1.602041,0.664141,7754,101299.744200,8.882064,0.073663
1.602041,0.669192,7755,101299.772570,8.888210,0.073796
1.602041,0.674242,7756,101299.800873,8.893383,0.073879
1.602041,0.679293,7757,101299.829103,8.897705,0.073913
1.602041,0.684343,7758,101299.857229,8.901324,0.073898
1.602041,0.689394,7759,101299.885247,8.904317,0.073835
1.602041,0.694444,7760,101299.913127,8.906800,0.073723
1.602041,0.699495,7761,101299.940866,8.908819,0.073563
1.602041,0.704545,7762,101299.968437,8.910465,0.073356
1.602041,0.709596,7763,101299.995836,8.911764,0.073100
1.602041,0.714646,7764,101300.023036,8.912789,0.072797
1.602041,0.719697,7765,101300.050037,8.913552,0.072446
1.602041,0.724747,7766,101300.076811,8.914113,0.072049
1.602041,0.729798,7767,101300.103357,8.914475,0.071604
1.602041,0.734848,7768,101300.129649,8.914688,0.071112
1.602041,0.739899,7769,101300.155687,8.914749,0.070574
1.602041,0.744949,7770,101300.181445,8.914701,0.069990
1.602041,0.750000,7771,101300.206924,8.914536,0.069360
1.602041,0.755051,7772,101300.232097,8.914293,0.068684
1.602041,0.760101,7773,101300.256967,8.913960,0.067962
1.602041,0.765152,7774,101300.281507,8.913572,0.067196
1.602041,0.770202,7775,101300.305720,8.913115,0.066386
1.602041,0.775253,7776,101300.329579,8.912622,0.065531
1.602041,0.780303,7777,101300.353089,8.912076,0.064633
1.602041,0.785354,7778,101300.376223,8.911509,0.063691
1.602041,0.790404,7779,101300.398984,8.910902,0.062707
1.602041,0.795455,7780,101300.421349,8.910287,0.061682
1.602041,0.800505,7781,101300.443320,8.909642,0.060614
1.602041,0.805556,7782,101300.464873,8.908998,0.059506
1.602041,0.810606,7783,101300.486012,8.908334,0.058358
1.602041,0.815657,7784,101300.506715,8.907679,0.057170
1.602041,0.820707,7785,101300.526983,8.907011,0.055943
1.602041,0.825758,7786,101300.546796,8.906359,0.054679
1.602041,0.830808,7787,101300.566157,8.905700,0.053376
1.602041,0.835859,7788,101300.585044,8.905063,0.052038
1.602041,0.840909,7789,101300.603461,8.904424,0.050663
1.602041,0.845960,7790,101300.621387,8.903812,0.049253
1.602041,0.851010,7791,101300.638828,8.903203,0.047810
1.602041,0.856061,7792,101300.655761,8.902624,0.046332
1.602041,0.861111,7793,101300.672193,8.902052,0.044823
1.602041,0.866162,7794,101300.688102,8.901515,0.043281
1.602041,0.871212,7795,101300.703496,8.900988,0.041709
1.602041,0.876263,7796,101300.718353,8.900498,0.040108
1.602041,0.881313,7797,101300.732680,8.900020,0.038477
1.602041,0.886364,7798,101300.746458,8.899583,0.036818
1.602041,0.891414,7799,101300.759694,8.899161,0.035133
1.602041,0.896465,7800,101300.772369,8.898782,0.033422
1.602041,0.901515,7801,101300.784490,8.898419,0.031685
1.602041,0.906566,7802,101300.796038,8.898102,0.029925
1.602041,0.911616,7803,101300.807022,8.897803,0.028142
1.602041,0.916667,7804,101300.817424,8.897550,0.026337
1.602041,0.921717,7805,101300.827251,8.897318,0.024510
1.602041,0.926768,7806,101300.836488,8.897133,0.022666
1.602041,0.931818,7807,101300.845141,8.896971,0.020799
1.602041,0.936869,7808,101300.853197,8.896856,0.018922
1.602041,0.941919,7809,101300.860658,8.896765,0.017015
1.602041,0.946970,7810,101300.867523,8.896722,0.015114
1.602041,0.952020,7811,101300.873776,8.896702,0.013165
1.602041,0.957071,7812,101300.879439,8.896727,0.011256
1.602041,0.962121,7813,101300.884470,8.896759,0.009254
1.602041,0.967172,7814,101300.888923,8.896776,0.007357
1.602041,0.972222,7815,101300.892725,8.896572,0.005292
1.602041,0.977273,7816,101300.895952,8.895493,0.003422
1.602041,0.982323,7817,101300.898531,8.890105,0.001301
1.602041,0.987374,7818,101300.900506,8.870451,-0.000519
1.602041,0.992424,7819,101300.901836,8.649301,-0.002508
1.602041,0.997475,7820,101300.902419,8.180398,-0.001646
1.622449,0.502525,7821,101299.110517,0.235598,0.008275
1.622449,0.507576,7822,101299.110715,1.648012,0.006622
1.622449,0.512626,7823,101299.111629,2.825789,0.022826
1.622449,0.517677,7824,101299.115557,3.810705,0.021074
1.622449,0.522727,7825,101299.119795,4.623290,0.031044
1.622449,0.527778,7826,101299.128110,5.295311,0.031252
1.622449,0.532828,7827,101299.136903,5.853225,0.036710
1.622449,0.537879,7828,101299.148983,6.319555,0.038219
1.622449,0.542929,7829,101299.162112,6.711925,0.041315
1.622449,0.547980,7830,101299.177453,7.043848,0.043156
1.622449,0.553030,7831,101299.194100,7.325724,0.045233
1.622449,0.558081,7832,101299.212268,7.565652,0.046933
1.622449,0.563131,7833,101299.231642,7.770074,0.048552
1.622449,0.568182,7834,101299.252139,7.944290,0.050010
1.622449,0.573232,7835,101299.273614,8.092678,0.051358
1.622449,0.578283,7836,101299.295941,8.218992,0.052598
1.622449,0.583333,7837,101299.319019,8.326391,0.053743
1.622449,0.588384,7838,101299.342737,8.417639,0.054802
1.622449,0.593434,7839,101299.367015,8.495067,0.055782
1.622449,0.598485,7840,101299.391762,8.560732,0.056689
1.622449,0.603535,7841,101299.416917,8.616359,0.057527
1.622449,0.608586,7842,101299.442405,8.663474,0.058302
1.622449,0.613636,7843,101299.468180,8.703340,0.059017
1.622449,0.618687,7844,101299.494181,8.737085,0.059675
1.622449,0.623737,7845,101299.520374,8.765623,0.060278
1.622449,0.628788,7846,101299.546707,8.789776,0.060829
1.622449,0.633838,7847,101299.573158,8.810200,0.061329
1.622449,0.638889,7848,101299.599682,8.827493,0.061781
1.622449,0.643939,7849,101299.626262,8.842116,0.062184
1.622449,0.648990,7850,101299.652860,8.854504,0.062541
1.622449,0.654040,7851,101299.679465,8.864977,0.062852
1.622449,0.659091,7852,101299.706043,8.873851,0.063117
1.622449,0.664141,7853,101299.732585,8.881347,0.063337
1.622449,0.669192,7854,101299.759060,8.887695,0.063512
1.622449,0.674242,7855,101299.785464,8.893044,0.063643
1.622449,0.679293,7856,101299.811767,8.897566,0.063730
1.622449,0.684343,7857,101299.837966,8.901359,0.063772
1.622449,0.689394,7858,101299.864033,8.904551,0.063771
1.622449,0.694444,7859,101299.889967,8.907205,0.063727
1.622449,0.699495,7860,101299.915741,8.909422,0.063638
1.622449,0.704545,7861,101299.941355,8.911239,0.063506
1.622449,0.709596,7862,101299.966781,8.912734,0.063331
1.622449,0.714646,7863,101299.992022,8.913929,0.063112
1.622449,0.719697,7864,101300.017051,8.914886,0.062850
1.622449,0.724747,7865,101300.041869,8.915616,0.062545
1.622449,0.729798,7866,101300.066452,8.916171,0.062198
1.622449,0.734848,7867,101300.090801,8.916552,0.061807
1.622449,0.739899,7868,101300.114891,8.916804,0.061374
1.622449,0.744949,7869,101300.138725,8.916922,0.060898
1.622449,0.750000,7870,101300.162278,8.916946,0.060380
1.622449,0.755051,7871,101300.185553,8.916866,0.059821
1.622449,0.760101,7872,101300.208526,8.916719,0.059219
1.622449,0.765152,7873,101300.231200,8.916492,0.058577
1.622449,0.770202,7874,101300.253551,8.916218,0.057894
1.622449,0.775253,7875,101300.275583,8.915882,0.057170
1.622449,0.780303,7876,101300.297272,8.915516,0.056406
1.622449,0.785354,7877,101300.318621,8.915102,0.055602
1.622449,0.790404,7878,101300.339609,8.914672,0.054760
1.622449,0.795455,7879,101300.360238,8.914205,0.053878
1.622449,0.800505,7880,101300.380488,8.913732,0.052959
1.622449,0.805556,7881,101300.400360,8.913232,0.052001
1.622449,0.810606,7882,101300.419835,8.912735,0.051007
1.622449,0.815657,7883,101300.438916,8.912219,0.049976
1.622449,0.820707,7884,101300.457581,8.911713,0.048910
1.622449,0.825758,7885,101300.475836,8.911195,0.047808
1.622449,0.830808,7886,101300.493660,8.910692,0.046672
1.622449,0.835859,7887,101300.511057,8.910183,0.045502
1.622449,0.840909,7888,101300.528007,8.909694,0.044298
1.622449,0.845960,7889,101300.544515,8.909204,0.043063
1.622449,0.851010,7890,101300.560562,8.908738,0.041795
1.622449,0.856061,7891,101300.576153,8.908275,0.040497
1.622449,0.861111,7892,101300.591268,8.907840,0.039168
1.622449,0.866162,7893,101300.605914,8.907411,0.037811
1.622449,0.871212,7894,101300.620072,8.907014,0.036425
1.622449,0.876263,7895,101300.633747,8.906625,0.035011
1.622449,0.881313,7896,101300.646922,8.906271,0.033570
1.622449,0.886364,7897,101300.659603,8.905927,0.032104
1.622449,0.891414,7898,101300.671773,8.905621,0.030612
1.622449,0.896465,7899,101300.683438,8.905328,0.029097
1.622449,0.901515,7900,101300.694580,8.905074,0.027558
1.622449,0.906566,7901,101300.705208,8.904834,0.025997
1.622449,0.911616,7902,101300.715305,8.904635,0.024414
1.622449,0.916667,7903,101300.724878,8.904453,0.022812
1.622449,0.921717,7904,101300.733910,8.904313,0.021189
1.622449,0.926768,7905,101300.742412,8.904190,0.019550
1.622449,0.931818,7906,101300.750363,8.904111,0.017889
1.622449,0.936869,7907,101300.757780,8.904050,0.016219
1.622449,0.941919,7908,101300.764636,8.904035,0.014521
1.622449,0.946970,7909,101300.770957,8.904037,0.012830
1.622449,0.952020,7910,101300.776702,8.904084,0.011090
1.622449,0.957071,7911,101300.781919,8.904145,0.009394
1.622449,0.962121,7912,101300.786541,8.904236,0.007602
1.622449,0.967172,7913,101300.790646,8.904280,0.005919
1.622449,0.972222,7914,101300.794138,8.904126,0.004067
1.622449,0.977273,7915,101300.797115,8.903062,0.002409
1.622449,0.982323,7916,101300.799483,8.897648,0.000505
1.622449,0.987374,7917,101300.801310,8.877669,-0.001099
1.622449,0.992424,7918,101300.802526,8.651029,-0.002849
1.622449,0.997475,7919,101300.803073,8.171567,-0.001755
1.642857,0.502525,7920,101299.131668,0.205527,0.006793
1.642857,0.507576,7921,101299.131832,1.620875,0.005387
1.642857,0.512626,7922,101299.132788,2.803084,0.019708
1.642857,0.517677,7923,101299.136514,3.792208,0.017423
1.642857,0.522727,7924,101299.140708,4.608116,0.026243
1.642857,0.527778,7925,101299.148734,5.282616,0.025739
1.642857,0.532828,7926,101299.157265,5.842419,0.030527
1.642857,0.537879,7927,101299.168972,6.310152,0.031400
1.642857,0.542929,7928,101299.181638,6.703631,0.034041
1.642857,0.547980,7929,101299.196470,7.036399,0.035409
1.642857,0.553030,7930,101299.212494,7.318991,0.037137
1.642857,0.558081,7931,101299.229991,7.559488,0.038504
1.642857,0.563131,7932,101299.248597,7.764422,0.039855
1.642857,0.568182,7933,101299.268270,7.939059,0.041078
1.642857,0.573232,7934,101299.288836,8.087845,0.042229
1.642857,0.578283,7935,101299.310199,8.214492,0.043302
1.642857,0.583333,7936,101299.332235,8.322217,0.044309
1.642857,0.588384,7937,101299.354861,8.413741,0.045254
1.642857,0.593434,7938,101299.377976,8.491448,0.046140
1.642857,0.598485,7939,101299.401515,8.557351,0.046972
1.642857,0.603535,7940,101299.425396,8.613224,0.047752
1.642857,0.608586,7941,101299.449572,8.660549,0.048483
1.642857,0.613636,7942,101299.473976,8.700639,0.049167
1.642857,0.618687,7943,101299.498573,8.734575,0.049805
1.642857,0.623737,7944,101299.523309,8.763320,0.050398
1.642857,0.628788,7945,101299.548158,8.787652,0.050948
1.642857,0.633838,7946,101299.573076,8.808272,0.051456
1.642857,0.638889,7947,101299.598045,8.825734,0.051922
1.642857,0.643939,7948,101299.623028,8.840547,0.052347
1.642857,0.648990,7949,101299.648012,8.853098,0.052732
1.642857,0.654040,7950,101299.672964,8.863756,0.053076
1.642857,0.659091,7951,101299.697877,8.872790,0.053379
1.642857,0.664141,7952,101299.722721,8.880469,0.053643
1.642857,0.669192,7953,101299.747491,8.886974,0.053867
1.642857,0.674242,7954,101299.772160,8.892505,0.054051
1.642857,0.679293,7955,101299.796726,8.897183,0.054195
1.642857,0.684343,7956,101299.821161,8.901156,0.054299
1.642857,0.689394,7957,101299.845467,8.904505,0.054364
1.642857,0.694444,7958,101299.869618,8.907339,0.054389
1.642857,0.699495,7959,101299.893614,8.909712,0.054374
1.642857,0.704545,7960,101299.917433,8.911708,0.054319
1.642857,0.709596,7961,101299.941074,8.913358,0.054224
1.642857,0.714646,7962,101299.964514,8.914732,0.054090
1.642857,0.719697,7963,101299.987757,8.915844,0.053916
1.642857,0.724747,7964,101300.010778,8.916752,0.053703
1.642857,0.729798,7965,101300.033580,8.917461,0.053450
1.642857,0.734848,7966,101300.056141,8.918019,0.053158
1.642857,0.739899,7967,101300.078464,8.918423,0.052826
1.642857,0.744949,7968,101300.100526,8.918717,0.052455
1.642857,0.750000,7969,101300.122331,8.918891,0.052046
1.642857,0.755051,7970,101300.143857,8.918985,0.051598
1.642857,0.760101,7971,101300.165106,8.918986,0.051111
1.642857,0.765152,7972,101300.186059,8.918930,0.050587
1.642857,0.770202,7973,101300.206718,8.918802,0.050025
1.642857,0.775253,7974,101300.227062,8.918634,0.049425
1.642857,0.780303,7975,101300.247095,8.918410,0.048788
1.642857,0.785354,7976,101300.266797,8.918162,0.048115
1.642857,0.790404,7977,101300.286171,8.917870,0.047405
1.642857,0.795455,7978,101300.305197,8.917564,0.046659
1.642857,0.800505,7979,101300.323879,8.917226,0.045878
1.642857,0.805556,7980,101300.342197,8.916884,0.045062
1.642857,0.810606,7981,101300.360156,8.916517,0.044212
1.642857,0.815657,7982,101300.377736,8.916154,0.043328
1.642857,0.820707,7983,101300.394941,8.915773,0.042411
1.642857,0.825758,7984,101300.411753,8.915403,0.041461
1.642857,0.830808,7985,101300.428176,8.915021,0.040479
1.642857,0.835859,7986,101300.444192,8.914654,0.039466
1.642857,0.840909,7987,101300.459806,8.914280,0.038422
1.642857,0.845960,7988,101300.474998,8.913927,0.037348
1.642857,0.851010,7989,101300.489776,8.913571,0.036244
1.642857,0.856061,7990,101300.504119,8.913238,0.035112
1.642857,0.861111,7991,101300.518036,8.912907,0.033951
1.642857,0.866162,7992,101300.531507,8.912602,0.032764
1.642857,0.871212,7993,101300.544539,8.912302,0.031549
1.642857,0.876263,7994,101300.557114,8.912031,0.030310
1.642857,0.881313,7995,101300.569240,8.911767,0.029045
1.642857,0.886364,7996,101300.580899,8.911535,0.027756
1.642857,0.891414,7997,101300.592098,8.911312,0.026444
1.642857,0.896465,7998,101300.602820,8.911124,0.025109
1.642857,0.901515,7999,101300.613073,8.910945,0.023753
1.642857,0.906566,8000,101300.622841,8.910803,0.022375
1.642857,0.911616,8001,101300.632131,8.910674,0.020978
1.642857,0.916667,8002,101300.640928,8.910581,0.019562
1.642857,0.921717,8003,101300.649240,8.910503,0.018127
1.642857,0.926768,8004,101300.657052,8.910463,0.016677
1.642857,0.931818,8005,101300.664369,8.910437,0.015206
1.642857,0.936869,8006,101300.671183,8.910451,0.013728
1.642857,0.941919,8007,101300.677493,8.910482,0.012221
1.642857,0.946970,8008,101300.683300,8.910551,0.010725
1.642857,0.952020,8009,101300.688588,8.910637,0.009177
1.642857,0.957071,8010,101300.693382,8.910757,0.007677
1.642857,0.962121,8011,101300.697638,8.910878,0.006079
1.642857,0.967172,8012,101300.701409,8.910973,0.004592
1.642857,0.972222,8013,101300.704628,8.910840,0.002937
1.642857,0.977273,8014,101300.707362,8.909815,0.001475
1.642857,0.982323,8015,101300.709547,8.904338,-0.000230
1.642857,0.987374,8016,101300.711225,8.884011,-0.001633
1.642857,0.992424,8017,101300.712349,8.651840,-0.003162
1.642857,0.997475,8018,101300.712849,8.161869,-0.001855
1.663265,0.502525,8019,101299.150939,0.179805,0.005461
1.663265,0.507576,8020,101299.151070,1.598271,0.004123
1.663265,0.512626,8021,101299.152072,2.784573,0.016715
1.663265,0.517677,8022,101299.155629,3.777571,0.013841
1.663265,0.522727,8023,101299.159812,4.596300,0.021570
1.663265,0.527778,8024,101299.167604,5.272868,0.020355
1.663265,0.532828,8025,101299.175955,5.834116,0.024501
1.663265,0.537879,8026,101299.187369,6.302925,0.024754
1.663265,0.542929,8027,101299.199690,6.697173,0.026964
1.663265,0.547980,8028,101299.214118,7.030550,0.027878
1.663265,0.553030,8029,101299.229659,7.313599,0.029282
1.663265,0.558081,8030,101299.246612,7.554492,0.030335
1.663265,0.563131,8031,101299.264602,7.759737,0.031443
1.663265,0.568182,8032,101299.283587,7.934667,0.032450
1.663265,0.573232,8033,101299.303405,8.083691,0.033427
1.663265,0.578283,8034,101299.323944,8.210578,0.034354
1.663265,0.583333,8035,101299.345102,8.318503,0.035243
1.663265,0.588384,8036,101299.366776,8.410237,0.036092
1.663265,0.593434,8037,101299.388892,8.488121,0.036904
1.663265,0.598485,8038,101299.411364,8.554215,0.037679
1.663265,0.603535,8039,101299.434136,8.610251,0.038418
1.663265,0.608586,8040,101299.457140,8.657756,0.039121
1.663265,0.613636,8041,101299.480335,8.698000,0.039788
1.663265,0.618687,8042,101299.503667,8.732108,0.040421
1.663265,0.623737,8043,101299.527106,8.761001,0.041018
1.663265,0.628788,8044,101299.550608,8.785501,0.041581
1.663265,0.633838,8045,101299.574154,8.806265,0.042108
1.663265,0.638889,8046,101299.597706,8.823893,0.042600
1.663265,0.643939,8047,101299.621251,8.838847,0.043056
1.663265,0.648990,8048,101299.644757,8.851562,0.043478
1.663265,0.654040,8049,101299.668216,8.862362,0.043863
1.663265,0.659091,8050,101299.691601,8.871560,0.044214
1.663265,0.664141,8051,101299.714906,8.879379,0.044528
1.663265,0.669192,8052,101299.738107,8.886049,0.044807
1.663265,0.674242,8053,101299.761201,8.891721,0.045049
1.663265,0.679293,8054,101299.784164,8.896564,0.045255
1.663265,0.684343,8055,101299.806996,8.900678,0.045425
1.663265,0.689394,8056,101299.829676,8.904191,0.045559
1.663265,0.694444,8057,101299.852203,8.907168,0.045656
1.663265,0.699495,8058,101299.874557,8.909705,0.045716
1.663265,0.704545,8059,101299.896739,8.911844,0.045740
1.663265,0.709596,8060,101299.918728,8.913660,0.045727
1.663265,0.714646,8061,101299.940527,8.915176,0.045678
1.663265,0.719697,8062,101299.962116,8.916453,0.045591
1.663265,0.724747,8063,101299.983497,8.917503,0.045468
1.663265,0.729798,8064,101300.004650,8.918376,0.045309
1.663265,0.734848,8065,101300.025579,8.919075,0.045113
1.663265,0.739899,8066,101300.046263,8.919643,0.044880
1.663265,0.744949,8067,101300.066707,8.920076,0.044611
1.663265,0.750000,8068,101300.086891,8.920413,0.044306
1.663265,0.755051,8069,101300.106818,8.920644,0.043966
1.663265,0.760101,8070,101300.126470,8.920806,0.043589
1.663265,0.765152,8071,101300.145850,8.920885,0.043177
1.663265,0.770202,8072,101300.164938,8.920915,0.042730
1.663265,0.775253,8073,101300.183740,8.920880,0.042248
1.663265,0.780303,8074,101300.202237,8.920812,0.041732
1.663265,0.785354,8075,101300.220432,8.920693,0.041181
1.663265,0.790404,8076,101300.238307,8.920553,0.040597
1.663265,0.795455,8077,101300.255867,8.920375,0.039979
1.663265,0.800505,8078,101300.273093,8.920185,0.039329
1.663265,0.805556,8079,101300.289990,8.919965,0.038645
1.663265,0.810606,8080,101300.306540,8.919743,0.037930
1.663265,0.815657,8081,101300.322747,8.919499,0.037184
1.663265,0.820707,8082,101300.338595,8.919258,0.036406
1.663265,0.825758,8083,101300.354087,8.919002,0.035598
1.663265,0.830808,8084,101300.369207,8.918755,0.034760
1.663265,0.835859,8085,101300.383960,8.918497,0.033893
1.663265,0.840909,8086,101300.398329,8.918254,0.032997
1.663265,0.845960,8087,101300.412318,8.918005,0.032073
1.663265,0.851010,8088,101300.425912,8.917774,0.031121
1.663265,0.856061,8089,101300.439117,8.917540,0.030143
1.663265,0.861111,8090,101300.451915,8.917328,0.029138
1.663265,0.866162,8091,101300.464312,8.917117,0.028108
1.663265,0.871212,8092,101300.476293,8.916930,0.027053
1.663265,0.876263,8093,101300.487864,8.916746,0.025974
1.663265,0.881313,8094,101300.499009,8.916590,0.024872
1.663265,0.886364,8095,101300.509735,8.916439,0.023747
1.663265,0.891414,8096,101300.520026,8.916317,0.022601
1.663265,0.896465,8097,101300.529889,8.916202,0.021433
1.663265,0.901515,8098,101300.539309,8.916119,0.020245
1.663265,0.906566,8099,101300.548293,8.916045,0.019038
1.663265,0.911616,8100,101300.556827,8.916003,0.017811
1.663265,0.916667,8101,101300.564918,8.915971,0.016568
1.663265,0.921717,8102,101300.572551,8.915974,0.015306
1.663265,0.926768,8103,101300.579736,8.915988,0.014030
1.663265,0.931818,8104,101300.586455,8.916037,0.012735
1.663265,0.936869,8105,101300.592724,8.916097,0.011433
1.663265,0.941919,8106,101300.598517,8.916195,0.010103
1.663265,0.946970,8107,101300.603861,8.916303,0.008784
1.663265,0.952020,8108,101300.608715,8.916449,0.007415
1.663265,0.957071,8109,101300.613128,8.916601,0.006094
1.663265,0.962121,8110,101300.617033,8.916774,0.004676
1.663265,0.967172,8111,101300.620507,8.916894,0.003370
1.663265,0.972222,8112,101300.623461,8.916804,0.001895
1.663265,0.977273,8113,101300.625983,8.915791,0.000614
1.663265,0.982323,8114,101300.627986,8.910266,-0.000908
1.663265,0.987374,8115,101300.629538,8.889519,-0.002127
1.663265,0.992424,8116,101300.630567,8.651829,-0.003450
1.663265,0.997475,8117,101300.631035,8.151357,-0.001948
1.683673,0.502525,8118,101299.168737,0.158584,0.004171
1.683673,0.507576,8119,101299.168856,1.580099,0.002827
1.683673,0.512626,8120,101299.169887,2.770244,0.013815
1.683673,0.517677,8121,101299.173333,3.766687,0.010289
1.683673,0.522727,8122,101299.177533,4.587819,0.016975
1.683673,0.527778,8123,101299.185189,5.265965,0.015041
1.683673,0.532828,8124,101299.193448,5.828277,0.018567
1.683673,0.537879,8125,101299.204703,6.297766,0.018213
1.683673,0.542929,8126,101299.216806,6.692498,0.020015
1.683673,0.547980,8127,101299.230992,7.026186,0.020492
1.683673,0.553030,8128,101299.246195,7.309486,0.021597
1.683673,0.558081,8129,101299.262775,7.550546,0.022358
1.683673,0.563131,8130,101299.280300,7.755953,0.023247
1.683673,0.568182,8131,101299.298768,7.930999,0.024062
1.683673,0.573232,8132,101299.317983,8.080154,0.024888
1.683673,0.578283,8133,101299.337861,8.207142,0.025693
1.683673,0.583333,8134,101299.358280,8.315190,0.026486
1.683673,0.588384,8135,101299.379159,8.407023,0.027262
1.683673,0.593434,8136,101299.400405,8.485031,0.028020
1.683673,0.598485,8137,101299.421957,8.551229,0.028757
1.683673,0.603535,8138,101299.443741,8.607393,0.029474
1.683673,0.608586,8139,101299.465714,8.655007,0.030167
1.683673,0.613636,8140,101299.487817,8.695383,0.030835
1.683673,0.618687,8141,101299.510019,8.729604,0.031478
1.683673,0.623737,8142,101299.532275,8.758634,0.032093
1.683673,0.628788,8143,101299.554562,8.783250,0.032681
1.683673,0.633838,8144,101299.576845,8.804155,0.033240
1.683673,0.638889,8145,101299.599110,8.821902,0.033769
1.683673,0.643939,8146,101299.621325,8.837000,0.034267
1.683673,0.648990,8147,101299.643483,8.849838,0.034735
1.683673,0.654040,8148,101299.665556,8.860784,0.035172
1.683673,0.659091,8149,101299.687542,8.870106,0.035576
1.683673,0.664141,8150,101299.709415,8.878074,0.035948
1.683673,0.669192,8151,101299.731176,8.884871,0.036288
1.683673,0.674242,8152,101299.752801,8.890693,0.036594
1.683673,0.679293,8153,101299.774292,8.895665,0.036868
1.683673,0.684343,8154,101299.795629,8.899932,0.037107
1.683673,0.689394,8155,101299.816812,8.903575,0.037313
1.683673,0.694444,8156,101299.837824,8.906705,0.037485
1.683673,0.699495,8157,101299.858666,8.909374,0.037623
1.683673,0.704545,8158,101299.879320,8.911666,0.037727
1.683673,0.709596,8159,101299.899789,8.913613,0.037796
1.683673,0.714646,8160,101299.920055,8.915283,0.037831
1.683673,0.719697,8161,101299.940121,8.916693,0.037832
1.683673,0.724747,8162,101299.959970,8.917896,0.037799
1.683673,0.729798,8163,101299.979605,8.918901,0.037731
1.683673,0.734848,8164,101299.999009,8.919753,0.037629
1.683673,0.739899,8165,101300.018186,8.920452,0.037493
1.683673,0.744949,8166,101300.037118,8.921037,0.037323
1.683673,0.750000,8167,101300.055810,8.921503,0.037119
1.683673,0.755051,8168,101300.074244,8.921885,0.036881
1.683673,0.760101,8169,101300.092425,8.922174,0.036610
1.683673,0.765152,8170,101300.110335,8.922402,0.036306
1.683673,0.770202,8171,101300.127979,8.922557,0.035969
1.683673,0.775253,8172,101300.145340,8.922669,0.035599
1.683673,0.780303,8173,101300.162423,8.922723,0.035197
1.683673,0.785354,8174,101300.179211,8.922749,0.034763
1.683673,0.790404,8175,101300.195708,8.922729,0.034297
1.683673,0.795455,8176,101300.211897,8.922690,0.033799
1.683673,0.800505,8177,101300.227785,8.922617,0.033271
1.683673,0.805556,8178,101300.243353,8.922535,0.032713
1.683673,0.810606,8179,101300.258608,8.922425,0.032124
1.683673,0.815657,8180,101300.273533,8.922314,0.031506
1.683673,0.820707,8181,101300.288132,8.922182,0.030859
1.683673,0.825758,8182,101300.302391,8.922055,0.030183
1.683673,0.830808,8183,101300.316314,8.921913,0.029480
1.683673,0.835859,8184,101300.329885,8.921780,0.028748
1.683673,0.840909,8185,101300.343111,8.921636,0.027990
1.683673,0.845960,8186,101300.355975,8.921507,0.027206
1.683673,0.851010,8187,101300.368483,8.921370,0.026395
1.683673,0.856061,8188,101300.380620,8.921251,0.025560
1.683673,0.861111,8189,101300.392392,8.921129,0.024700
1.683673,0.866162,8190,101300.403783,8.921027,0.023816
1.683673,0.871212,8191,101300.414801,8.920924,0.022908
1.683673,0.876263,8192,101300.425429,8.920845,0.021978
1.683673,0.881313,8193,101300.435676,8.920767,0.021027
1.683673,0.886364,8194,101300.445525,8.920714,0.020054
1.683673,0.891414,8195,101300.454985,8.920664,0.019060
1.683673,0.896465,8196,101300.464040,8.920642,0.018047
1.683673,0.901515,8197,101300.472698,8.920625,0.017014
1.683673,0.906566,8198,101300.480944,8.920637,0.015963
1.683673,0.911616,8199,101300.488787,8.920655,0.014895
1.683673,0.916667,8200,101300.496212,8.920704,0.013810
1.683673,0.921717,8201,101300.503227,8.920760,0.012708
1.683673,0.926768,8202,101300.509820,8.920847,0.011593
1.683673,0.931818,8203,101300.515996,8.920943,0.010458
1.683673,0.936869,8204,101300.521747,8.921070,0.009320
1.683673,0.941919,8205,101300.527071,8.921208,0.008152
1.683673,0.946970,8206,101300.531974,8.921377,0.006998
1.683673,0.952020,8207,101300.536436,8.921556,0.005792
1.683673,0.957071,8208,101300.540485,8.921761,0.004637
1.683673,0.962121,8209,101300.544076,8.921961,0.003383
1.683673,0.967172,8210,101300.547264,8.922127,0.002243
1.683673,0.972222,8211,101300.549982,8.922056,0.000936
1.683673,0.977273,8212,101300.552296,8.921075,-0.000180
1.683673,0.982323,8213,101300.554141,8.915470,-0.001533
1.683673,0.987374,8214,101300.555565,8.894280,-0.002582
1.683673,0.992424,8215,101300.556517,8.651036,-0.003716
1.683673,0.997475,8216,101300.556943,8.140111,-0.002033
1.704082,0.502525,8217,101299.185369,0.141397,0.003033
1.704082,0.507576,8218,101299.185467,1.566106,0.001480
1.704082,0.512626,8219,101299.186562,2.760045,0.010946
1.704082,0.517677,8220,101299.189957,3.759601,0.006703
1.704082,0.522727,8221,101299.194261,4.582623,0.012380
1.704082,0.527778,8222,101299.201899,5.261910,0.009707
1.704082,0.532828,8223,101299.210232,5.824820,0.012627
1.704082,0.537879,8224,101299.221508,6.294637,0.011671
1.704082,0.542929,8225,101299.233606,6.689495,0.013089
1.704082,0.547980,8226,101299.247748,7.023238,0.013150
1.704082,0.553030,8227,101299.262828,7.306523,0.013989
1.704082,0.558081,8228,101299.279224,7.547570,0.014485
1.704082,0.563131,8229,101299.296480,7.752937,0.015189
1.704082,0.568182,8230,101299.314594,7.927972,0.015843
1.704082,0.573232,8231,101299.333378,8.077104,0.016550
1.704082,0.578283,8232,101299.352734,8.204105,0.017261
1.704082,0.583333,8233,101299.372560,8.312157,0.017986
1.704082,0.588384,8234,101299.392760,8.404031,0.018714
1.704082,0.593434,8235,101299.413265,8.482070,0.019443
1.704082,0.598485,8236,101299.433997,8.548333,0.020167
1.704082,0.603535,8237,101299.454909,8.604551,0.020882
1.704082,0.608586,8238,101299.475939,8.652251,0.021584
1.704082,0.613636,8239,101299.497055,8.692700,0.022272
1.704082,0.618687,8240,101299.518208,8.727023,0.022941
1.704082,0.623737,8241,101299.539379,8.756139,0.023590
1.704082,0.628788,8242,101299.560529,8.780869,0.024217
1.704082,0.633838,8243,101299.581645,8.801871,0.024821
1.704082,0.638889,8244,101299.602697,8.819740,0.025399
1.704082,0.643939,8245,101299.623677,8.834943,0.025950
1.704082,0.648990,8246,101299.644561,8.847910,0.026474
1.704082,0.654040,8247,101299.665344,8.858966,0.026970
1.704082,0.659091,8248,101299.686005,8.868423,0.027436
1.704082,0.664141,8249,101299.706544,8.876506,0.027873
1.704082,0.669192,8250,101299.726941,8.883441,0.028279
1.704082,0.674242,8251,101299.747197,8.889381,0.028655
1.704082,0.679293,8252,101299.767294,8.894493,0.029000
1.704082,0.684343,8253,101299.787235,8.898881,0.029313
1.704082,0.689394,8254,101299.807003,8.902667,0.029594
1.704082,0.694444,8255,101299.826602,8.905919,0.029843
1.704082,0.699495,8256,101299.846014,8.908731,0.030060
1.704082,0.704545,8257,101299.865244,8.911147,0.030245
1.704082,0.709596,8258,101299.884276,8.913239,0.030397
1.704082,0.714646,8259,101299.903114,8.915033,0.030517
1.704082,0.719697,8260,101299.921742,8.916588,0.030604
1.704082,0.724747,8261,101299.940165,8.917915,0.030659
1.704082,0.729798,8262,101299.958368,8.919065,0.030682
1.704082,0.734848,8263,101299.976354,8.920040,0.030672
1.704082,0.739899,8264,101299.994109,8.920882,0.030629
1.704082,0.744949,8265,101300.011637,8.921590,0.030555
1.704082,0.750000,8266,101300.028923,8.922198,0.030449
1.704082,0.755051,8267,101300.045971,8.922702,0.030310
1.704082,0.760101,8268,101300.062767,8.923132,0.030140
1.704082,0.765152,8269,101300.079314,8.923479,0.029939
1.704082,0.770202,8270,101300.095598,8.923773,0.029706
1.704082,0.775253,8271,101300.111624,8.924002,0.029443
1.704082,0.780303,8272,101300.127377,8.924193,0.029149
1.704082,0.785354,8273,101300.142861,8.924332,0.028825
1.704082,0.790404,8274,101300.158061,8.924446,0.028471
1.704082,0.795455,8275,101300.172983,8.924519,0.028087
1.704082,0.800505,8276,101300.187611,8.924577,0.027674
1.704082,0.805556,8277,101300.201951,8.924602,0.027233
1.704082,0.810606,8278,101300.215987,8.924620,0.026763
1.704082,0.815657,8279,101300.229726,8.924613,0.026265
1.704082,0.820707,8280,101300.243151,8.924604,0.025740
1.704082,0.825758,8281,101300.256270,8.924577,0.025188
1.704082,0.830808,8282,101300.269067,8.924554,0.024609
1.704082,0.835859,8283,101300.281548,8.924517,0.024004
1.704082,0.840909,8284,101300.293697,8.924489,0.023374
1.704082,0.845960,8285,101300.305523,8.924451,0.022719
1.704082,0.851010,8286,101300.317008,8.924425,0.022040
1.704082,0.856061,8287,101300.328161,8.924393,0.021337
1.704082,0.861111,8288,101300.338967,8.924376,0.020611
1.704082,0.866162,8289,101300.349431,8.924356,0.019862
1.704082,0.871212,8290,101300.359541,8.924354,0.019091
1.704082,0.876263,8291,101300.369302,8.924351,0.018299
1.704082,0.881313,8292,101300.378701,8.924368,0.017486
1.704082,0.886364,8293,101300.387745,8.924386,0.016654
1.704082,0.891414,8294,101300.396420,8.924427,0.015801
1.704082,0.896465,8295,101300.404733,8.924470,0.014930
1.704082,0.901515,8296,101300.412670,8.924537,0.014041
1.704082,0.906566,8297,101300.420240,8.924609,0.013135
1.704082,0.911616,8298,101300.427429,8.924706,0.012212
1.704082,0.916667,8299,101300.434245,8.924808,0.011273
1.704082,0.921717,8300,101300.440673,8.924936,0.010318
1.704082,0.926768,8301,101300.446725,8.925071,0.009351
1.704082,0.931818,8302,101300.452383,8.925234,0.008365
1.704082,0.936869,8303,101300.457663,8.925402,0.007376
1.704082,0.941919,8304,101300.462540,8.925601,0.006357
1.704082,0.946970,8305,101300.467043,8.925804,0.005355
1.704082,0.952020,8306,101300.471129,8.926037,0.004299
1.704082,0.957071,8307,101300.474849,8.926271,0.003297
1.704082,0.962121,8308,101300.478137,8.926519,0.002194
1.704082,0.967172,8309,101300.481068,8.926707,0.001207
1.704082,0.972222,8310,101300.483557,8.926675,0.000052
1.704082,0.977273,8311,101300.485686,8.925699,-0.000911
1.704082,0.982323,8312,101300.487373,8.920031,-0.002109
1.704082,0.987374,8313,101300.488690,8.898329,-0.003001
1.704082,0.992424,8314,101300.489559,8.649542,-0.003960
1.704082,0.997475,8315,101300.489957,8.128175,-0.002113
1.724490,0.502525,8316,101299.201142,0.128774,0.001613
1.724490,0.507576,8317,101299.201265,1.557471,0.000039
1.724490,0.512626,8318,101299.202401,2.754143,0.008081
1.724490,0.517677,8319,101299.205775,3.756310,0.003025
1.724490,0.522727,8320,101299.210262,4.580752,0.007665
1.724490,0.527778,8321,101299.218147,5.260657,0.004176
1.724490,0.532828,8322,101299.226876,5.823725,0.006489
1.724490,0.537879,8323,101299.238543,6.293422,0.004943
1.724490,0.542929,8324,101299.250973,6.688077,0.006024
1.724490,0.547980,8325,101299.265398,7.021552,0.005712
1.724490,0.553030,8326,101299.280621,7.304595,0.006341
1.724490,0.558081,8327,101299.297079,7.545396,0.006621
1.724490,0.563131,8328,101299.314252,7.750571,0.007192
1.724490,0.568182,8329,101299.332187,7.925424,0.007730
1.724490,0.573232,8330,101299.350661,8.074430,0.008362
1.724490,0.578283,8331,101299.369612,8.201316,0.009017
1.724490,0.583333,8332,101299.388925,8.309306,0.009708
1.724490,0.588384,8333,101299.408533,8.401125,0.010421
1.724490,0.593434,8334,101299.428354,8.479154,0.011149
1.724490,0.598485,8335,101299.448336,8.545409,0.011885
1.724490,0.603535,8336,101299.468417,8.601659,0.012622
1.724490,0.608586,8337,101299.488563,8.649386,0.013356
1.724490,0.613636,8338,101299.508726,8.689898,0.014082
1.724490,0.618687,8339,101299.528884,8.724275,0.014796
1.724490,0.623737,8340,101299.549001,8.753477,0.015495
1.724490,0.628788,8341,101299.569065,8.778280,0.016175
1.724490,0.633838,8342,101299.589046,8.799384,0.016836
1.724490,0.638889,8343,101299.608938,8.817341,0.017474
1.724490,0.643939,8344,101299.628718,8.832657,0.018088
1.724490,0.648990,8345,101299.648383,8.845721,0.018677
1.724490,0.654040,8346,101299.667914,8.856898,0.019240
1.724490,0.659091,8347,101299.687311,8.866460,0.019775
1.724490,0.664141,8348,101299.706557,8.874670,0.020283
1.724490,0.669192,8349,101299.725654,8.881714,0.020761
1.724490,0.674242,8350,101299.744587,8.887786,0.021211
1.724490,0.679293,8351,101299.763359,8.893012,0.021630
1.724490,0.684343,8352,101299.781956,8.897533,0.022019
1.724490,0.689394,8353,101299.800381,8.901435,0.022378
1.724490,0.694444,8354,101299.818620,8.904823,0.022706
1.724490,0.699495,8355,101299.836679,8.907753,0.023004
1.724490,0.704545,8356,101299.854543,8.910307,0.023270
1.724490,0.709596,8357,101299.872218,8.912517,0.023505
1.724490,0.714646,8358,101299.889689,8.914449,0.023709
1.724490,0.719697,8359,101299.906962,8.916121,0.023882
1.724490,0.724747,8360,101299.924023,8.917587,0.024024
1.724490,0.729798,8361,101299.940877,8.918854,0.024134
1.724490,0.734848,8362,101299.957512,8.919967,0.024214
1.724490,0.739899,8363,101299.973931,8.920926,0.024262
1.724490,0.744949,8364,101299.990121,8.921770,0.024280
1.724490,0.750000,8365,101300.006089,8.922494,0.024268
1.724490,0.755051,8366,101300.021819,8.923132,0.024225
1.724490,0.760101,8367,101300.037317,8.923677,0.024151
1.724490,0.765152,8368,101300.052570,8.924157,0.024048
1.724490,0.770202,8369,101300.067582,8.924563,0.023915
1.724490,0.775253,8370,101300.082341,8.924923,0.023753
1.724490,0.780303,8371,101300.096851,8.925223,0.023561
1.724490,0.785354,8372,101300.111098,8.925491,0.023341
1.724490,0.790404,8373,101300.125089,8.925712,0.023092
1.724490,0.795455,8374,101300.138809,8.925910,0.022815
1.724490,0.800505,8375,101300.152264,8.926071,0.022511
1.724490,0.805556,8376,101300.165439,8.926219,0.022179
1.724490,0.810606,8377,101300.178342,8.926337,0.021820
1.724490,0.815657,8378,101300.190957,8.926449,0.021434
1.724490,0.820707,8379,101300.203292,8.926538,0.021023
1.724490,0.825758,8380,101300.215331,8.926625,0.020586
1.724490,0.830808,8381,101300.227082,8.926696,0.020123
1.724490,0.835859,8382,101300.238530,8.926770,0.019637
1.724490,0.840909,8383,101300.249682,8.926830,0.019125
1.724490,0.845960,8384,101300.260523,8.926899,0.018591
1.724490,0.851010,8385,101300.271061,8.926957,0.018033
1.724490,0.856061,8386,101300.281282,8.927027,0.017453
1.724490,0.861111,8387,101300.291193,8.927091,0.016850
1.724490,0.866162,8388,101300.300779,8.927168,0.016227
1.724490,0.871212,8389,101300.310048,8.927241,0.015582
1.724490,0.876263,8390,101300.318988,8.927330,0.014917
1.724490,0.881313,8391,101300.327603,8.927418,0.014232
1.724490,0.886364,8392,101300.335883,8.927523,0.013529
1.724490,0.891414,8393,101300.343833,8.927629,0.012807
1.724490,0.896465,8394,101300.351441,8.927754,0.012067
1.724490,0.901515,8395,101300.358715,8.927881,0.011310
1.724490,0.906566,8396,101300.365641,8.928030,0.010537
1.724490,0.911616,8397,101300.372228,8.928181,0.009747
1.724490,0.916667,8398,101300.378463,8.928354,0.008943
1.724490,0.921717,8399,101300.384353,8.928531,0.008123
1.724490,0.926768,8400,101300.389888,8.928732,0.007292
1.724490,0.931818,8401,101300.395072,8.928937,0.006442
1.724490,0.936869,8402,101300.399901,8.929166,0.005591
1.724490,0.941919,8403,101300.404369,8.929401,0.004709
1.724490,0.946970,8404,101300.408487,8.929659,0.003846
1.724490,0.952020,8405,101300.412232,8.929923,0.002927
1.724490,0.957071,8406,101300.415634,8.930205,0.002066
1.724490,0.962121,8407,101300.418649,8.930477,0.001102
1.724490,0.967172,8408,101300.421329,8.930707,0.000255
1.724490,0.972222,8409,101300.423612,8.930690,-0.000759
1.724490,0.977273,8410,101300.425559,8.929738,-0.001583
1.724490,0.982323,8411,101300.427109,8.923980,-0.002638
1.724490,0.987374,8412,101300.428314,8.901743,-0.003386
1.724490,0.992424,8413,101300.429116,8.647382,-0.004183
1.724490,0.997475,8414,101300.429476,8.115620,-0.002185
1.744898,0.502525,8415,101299.215977,0.121882,0.001473
1.744898,0.507576,8416,101299.215985,1.550298,-0.001261
1.744898,0.512626,8417,101299.217125,2.752114,0.005023
1.744898,0.517677,8418,101299.220929,3.757005,-0.001221
1.744898,0.522727,8419,101299.226336,4.582578,0.002304
1.744898,0.527778,8420,101299.235201,5.262536,-0.001994
1.744898,0.532828,8421,101299.244934,5.824953,-0.000178
1.744898,0.537879,8422,101299.257471,6.293979,-0.002211
1.744898,0.542929,8423,101299.270623,6.687972,-0.001359
1.744898,0.547980,8424,101299.285616,7.020876,-0.001952
1.744898,0.553030,8425,101299.301216,7.303404,-0.001443
1.744898,0.558081,8426,101299.317894,7.543784,-0.001304
1.744898,0.563131,8427,101299.335115,7.748589,-0.000794
1.744898,0.568182,8428,101299.352948,7.923156,-0.000312
1.744898,0.573232,8429,101299.371183,8.071925,0.000300
1.744898,0.578283,8430,101299.389762,8.198654,0.000949
1.744898,0.583333,8431,101299.408591,8.306489,0.001652
1.744898,0.588384,8432,101299.427599,8.398210,0.002386
1.744898,0.593434,8433,101299.446732,8.476158,0.003146
1.744898,0.598485,8434,101299.465932,8.542383,0.003923
1.744898,0.603535,8435,101299.485166,8.598609,0.004708
1.744898,0.608586,8436,101299.504389,8.646356,0.005494
1.744898,0.613636,8437,101299.523581,8.686887,0.006278
1.744898,0.618687,8438,101299.542708,8.721319,0.007053
1.744898,0.623737,8439,101299.561758,8.750570,0.007815
1.744898,0.628788,8440,101299.580707,8.775454,0.008561
1.744898,0.633838,8441,101299.599550,8.796628,0.009289
1.744898,0.638889,8442,101299.618266,8.814683,0.009997
1.744898,0.643939,8443,101299.636853,8.830085,0.010683
1.744898,0.648990,8444,101299.655293,8.843259,0.011344
1.744898,0.654040,8445,101299.673589,8.854533,0.011980
1.744898,0.659091,8446,101299.691725,8.864213,0.012590
1.744898,0.664141,8447,101299.709704,8.872526,0.013172
1.744898,0.669192,8448,101299.727514,8.879695,0.013726
1.744898,0.674242,8449,101299.745158,8.885875,0.014252
1.744898,0.679293,8450,101299.762624,8.891229,0.014749
1.744898,0.684343,8451,101299.779917,8.895862,0.015216
1.744898,0.689394,8452,101299.797025,8.899894,0.015654
1.744898,0.694444,8453,101299.813954,8.903395,0.016061
1.744898,0.699495,8454,101299.830692,8.906458,0.016439
1.744898,0.704545,8455,101299.847244,8.909125,0.016786
1.744898,0.709596,8456,101299.863598,8.911468,0.017103
1.744898,0.714646,8457,101299.879761,8.913514,0.017390
1.744898,0.719697,8458,101299.895721,8.915320,0.017646
1.744898,0.724747,8459,101299.911482,8.916899,0.017873
1.744898,0.729798,8460,101299.927035,8.918299,0.018069
1.744898,0.734848,8461,101299.942383,8.919525,0.018235
1.744898,0.739899,8462,101299.957515,8.920616,0.018371
1.744898,0.744949,8463,101299.972437,8.921572,0.018478
1.744898,0.750000,8464,101299.987136,8.922426,0.018555
1.744898,0.755051,8465,101300.001619,8.923175,0.018602
1.744898,0.760101,8466,101300.015872,8.923847,0.018621
1.744898,0.765152,8467,101300.029902,8.924436,0.018611
1.744898,0.770202,8468,101300.043696,8.924969,0.018572
1.744898,0.775253,8469,101300.057260,8.925434,0.018505
1.744898,0.780303,8470,101300.070582,8.925859,0.018410
1.744898,0.785354,8471,101300.083666,8.926230,0.018287
1.744898,0.790404,8472,101300.096501,8.926572,0.018137
1.744898,0.795455,8473,101300.109092,8.926871,0.017961
1.744898,0.800505,8474,101300.121426,8.927150,0.017757
1.744898,0.805556,8475,101300.133510,8.927396,0.017528
1.744898,0.810606,8476,101300.145331,8.927629,0.017272
1.744898,0.815657,8477,101300.156895,8.927835,0.016991
1.744898,0.820707,8478,101300.168189,8.928035,0.016686
1.744898,0.825758,8479,101300.179219,8.928213,0.016356
1.744898,0.830808,8480,101300.189973,8.928391,0.016001
1.744898,0.835859,8481,101300.200456,8.928552,0.015624
1.744898,0.840909,8482,101300.210656,8.928716,0.015223
1.744898,0.845960,8483,101300.220580,8.928867,0.014800
1.744898,0.851010,8484,101300.230215,8.929025,0.014354
1.744898,0.856061,8485,101300.239568,8.929173,0.013887
1.744898,0.861111,8486,101300.248625,8.929331,0.013399
1.744898,0.866162,8487,101300.257394,8.929483,0.012891
1.744898,0.871212,8488,101300.265863,8.929646,0.012363
1.744898,0.876263,8489,101300.274037,8.929805,0.011815
1.744898,0.881313,8490,101300.281906,8.929978,0.011248
1.744898,0.886364,8491,101300.289476,8.930148,0.010664
1.744898,0.891414,8492,101300.296735,8.930335,0.010061
1.744898,0.896465,8493,101300.303689,8.930519,0.009442
1.744898,0.901515,8494,101300.310328,8.930722,0.008807
1.744898,0.906566,8495,101300.316659,8.930925,0.008155
1.744898,0.911616,8496,101300.322670,8.931146,0.007488
1.744898,0.916667,8497,101300.328368,8.931369,0.006808
1.744898,0.921717,8498,101300.333742,8.931612,0.006112
1.744898,0.926768,8499,101300.338801,8.931856,0.005406
1.744898,0.931818,8500,101300.343529,8.932121,0.004681
1.744898,0.936869,8501,101300.347944,8.932388,0.003956
1.744898,0.941919,8502,101300.352019,8.932677,0.003199
1.744898,0.946970,8503,101300.355784,8.932968,0.002464
1.744898,0.952020,8504,101300.359198,8.933281,0.001671
1.744898,0.957071,8505,101300.362310,8.933590,0.000938
1.744898,0.962121,8506,101300.365059,8.933905,0.000101
1.744898,0.967172,8507,101300.367511,8.934155,-0.000618
1.744898,0.972222,8508,101300.369591,8.934173,-0.001503
1.744898,0.977273,8509,101300.371376,8.933223,-0.002198
1.744898,0.982323,8510,101300.372788,8.927387,-0.003124
1.744898,0.987374,8511,101300.373897,8.904553,-0.003740
1.744898,0.992424,8512,101300.374626,8.644630,-0.004387
1.744898,0.997475,8513,101300.374961,8.102485,-0.002251
1.765306,0.502525,8514,101299.229924,0.081071,-0.003060
1.765306,0.507576,8515,101299.230312,1.554039,-0.004445
1.765306,0.512626,8516,101299.232884,2.757778,-0.000030
1.765306,0.517677,8517,101299.238592,3.763017,-0.007181
1.765306,0.522727,8518,101299.246045,4.587912,-0.004462
1.765306,0.527778,8519,101299.256643,5.266459,-0.009180
1.765306,0.532828,8520,101299.267833,5.827672,-0.007608
1.765306,0.537879,8521,101299.281497,6.295585,-0.009891
1.765306,0.542929,8522,101299.295473,6.688638,-0.009109
1.765306,0.547980,8523,101299.311050,7.020718,-0.009838
1.765306,0.553030,8524,101299.326964,7.302577,-0.009338
1.765306,0.558081,8525,101299.343778,7.542378,-0.009248
1.765306,0.563131,8526,101299.360920,7.746724,-0.008722
1.765306,0.568182,8527,101299.378532,7.920899,-0.008233
1.765306,0.573232,8528,101299.396384,8.069359,-0.007586
1.765306,0.578283,8529,101299.414466,8.195834,-0.006895
1.765306,0.583333,8530,101299.432670,8.303506,-0.006137
1.765306,0.588384,8531,101299.450960,8.395084,-0.005345
1.765306,0.593434,8532,101299.469277,8.472948,-0.004522
1.765306,0.598485,8533,101299.487591,8.539105,-0.003679
1.765306,0.603535,8534,101299.505864,8.595313,-0.002825
1.765306,0.608586,8535,101299.524077,8.643049,-0.001966
1.765306,0.613636,8536,101299.542202,8.683609,-0.001110
1.765306,0.618687,8537,101299.560228,8.718071,-0.000260
1.765306,0.623737,8538,101299.578134,8.747391,0.000578
1.765306,0.628788,8539,101299.595916,8.772333,0.001400
1.765306,0.633838,8540,101299.613555,8.793590,0.002204
1.765306,0.638889,8541,101299.631054,8.811720,0.002988
1.765306,0.643939,8542,101299.648395,8.827222,0.003750
1.765306,0.648990,8543,101299.665583,8.840486,0.004488
1.765306,0.654040,8544,101299.682604,8.851871,0.005201
1.765306,0.659091,8545,101299.699464,8.861650,0.005888
1.765306,0.664141,8546,101299.716151,8.870082,0.006547
1.765306,0.669192,8547,101299.732671,8.877355,0.007179
1.765306,0.674242,8548,101299.749013,8.883659,0.007782
1.765306,0.679293,8549,101299.765184,8.889122,0.008356
1.765306,0.684343,8550,101299.781172,8.893882,0.008901
1.765306,0.689394,8551,101299.796984,8.898025,0.009416
1.765306,0.694444,8552,101299.812610,8.901655,0.009902
1.765306,0.699495,8553,101299.828055,8.904829,0.010359
1.765306,0.704545,8554,101299.843310,8.907626,0.010785
1.765306,0.709596,8555,101299.858381,8.910081,0.011182
1.765306,0.714646,8556,101299.873257,8.912257,0.011549
1.765306,0.719697,8557,101299.887946,8.914175,0.011886
1.765306,0.724747,8558,101299.902435,8.915883,0.012194
1.765306,0.729798,8559,101299.916732,8.917394,0.012472
1.765306,0.734848,8560,101299.930826,8.918748,0.012721
1.765306,0.739899,8561,101299.944722,8.919948,0.012940
1.765306,0.744949,8562,101299.958411,8.921031,0.013131
1.765306,0.750000,8563,101299.971897,8.921994,0.013293
1.765306,0.755051,8564,101299.985170,8.922867,0.013427
1.765306,0.760101,8565,101299.998236,8.923646,0.013532
1.765306,0.765152,8566,101300.011083,8.924357,0.013610
1.765306,0.770202,8567,101300.023718,8.924993,0.013660
1.765306,0.775253,8568,101300.036129,8.925579,0.013682
1.765306,0.780303,8569,101300.048322,8.926105,0.013677
1.765306,0.785354,8570,101300.060285,8.926594,0.013646
1.765306,0.790404,8571,101300.072025,8.927035,0.013589
1.765306,0.795455,8572,101300.083530,8.927448,0.013505
1.765306,0.800505,8573,101300.094806,8.927823,0.013396
1.765306,0.805556,8574,101300.105841,8.928180,0.013261
1.765306,0.810606,8575,101300.116641,8.928506,0.013102
1.765306,0.815657,8576,101300.127195,8.928820,0.012918
1.765306,0.820707,8577,101300.137508,8.929109,0.012711
1.765306,0.825758,8578,101300.147570,8.929392,0.012480
1.765306,0.830808,8579,101300.157385,8.929655,0.012226
1.765306,0.835859,8580,101300.166944,8.929916,0.011949
1.765306,0.840909,8581,101300.176251,8.930162,0.011650
1.765306,0.845960,8582,101300.185295,8.930410,0.011329
1.765306,0.851010,8583,101300.194083,8.930646,0.010987
1.765306,0.856061,8584,101300.202603,8.930887,0.010625
1.765306,0.861111,8585,101300.210861,8.931118,0.010242
1.765306,0.866162,8586,101300.218847,8.931358,0.009840
1.765306,0.871212,8587,101300.226566,8.931590,0.009418
1.765306,0.876263,8588,101300.234007,8.931833,0.008978
1.765306,0.881313,8589,101300.241178,8.932070,0.008520
1.765306,0.886364,8590,101300.248067,8.932320,0.008045
1.765306,0.891414,8591,101300.254680,8.932566,0.007552
1.765306,0.896465,8592,101300.261008,8.932826,0.007044
1.765306,0.901515,8593,101300.267056,8.933083,0.006519
1.765306,0.906566,8594,101300.272814,8.933356,0.005980
1.765306,0.911616,8595,101300.278289,8.933627,0.005425
1.765306,0.916667,8596,101300.283471,8.933915,0.004858
1.765306,0.921717,8597,101300.288365,8.934202,0.004274
1.765306,0.926768,8598,101300.292965,8.934506,0.003683
1.765306,0.931818,8599,101300.297271,8.934811,0.003072
1.765306,0.936869,8600,101300.301285,8.935133,0.002462
1.765306,0.941919,8601,101300.304996,8.935457,0.001820
1.765306,0.946970,8602,101300.308419,8.935797,0.001201
1.765306,0.952020,8603,101300.311530,8.936139,0.000524
1.765306,0.957071,8604,101300.314359,8.936492,-0.000092
1.765306,0.962121,8605,101300.316863,8.936830,-0.000813
1.765306,0.967172,8606,101300.319092,8.937117,-0.001415
1.765306,0.972222,8607,101300.320989,8.937150,-0.002183
1.765306,0.977273,8608,101300.322611,8.936218,-0.002761
1.765306,0.982323,8609,101300.323900,8.930281,-0.003567
1.765306,0.987374,8610,101300.324910,8.906827,-0.004064
1.765306,0.992424,8611,101300.325578,8.641316,-0.004573
1.765306,0.997475,8612,101300.325879,8.088831,-0.002311
1.785714,0.502525,8613,101299.259552,0.130212,-0.010313
1.785714,0.507576,8614,101299.260260,1.566060,-0.009339
1.785714,0.512626,8615,101299.264201,2.767765,-0.006671
1.785714,0.517677,8616,101299.271058,3.771746,-0.014102
1.785714,0.522727,8617,101299.279506,4.594841,-0.011872
1.785714,0.527778,8618,101299.290725,5.271473,-0.016706
1.785714,0.532828,8619,101299.302386,5.831068,-0.015251
1.785714,0.537879,8620,101299.316247,6.297636,-0.017632
1.785714,0.542929,8621,101299.330231,6.689539,-0.016831
1.785714,0.547980,8622,101299.345625,7.020684,-0.017606
1.785714,0.553030,8623,101299.361180,7.301751,-0.017050
1.785714,0.558081,8624,101299.377497,7.540915,-0.016952
1.785714,0.563131,8625,101299.394009,7.744724,-0.016363
1.785714,0.568182,8626,101299.410883,7.918477,-0.015829
1.785714,0.573232,8627,101299.427902,8.066584,-0.015115
1.785714,0.578283,8628,101299.445065,8.192783,-0.014360
1.785714,0.583333,8629,101299.462291,8.300245,-0.013528
1.785714,0.588384,8630,101299.479537,8.391686,-0.012659
1.785714,0.593434,8631,101299.496770,8.469435,-0.011758
1.785714,0.598485,8632,101299.513950,8.535532,-0.010836
1.785714,0.603535,8633,101299.531061,8.591697,-0.009902
1.785714,0.608586,8634,101299.548074,8.639434,-0.008963
1.785714,0.613636,8635,101299.564980,8.680003,-0.008025
1.785714,0.618687,8636,101299.581758,8.714509,-0.007096
1.785714,0.623737,8637,101299.598405,8.743869,-0.006177
1.785714,0.628788,8638,101299.614904,8.768890,-0.005273
1.785714,0.633838,8639,101299.631255,8.790218,-0.004389
1.785714,0.638889,8640,101299.647446,8.808443,-0.003526
1.785714,0.643939,8641,101299.663480,8.824031,-0.002685
1.785714,0.648990,8642,101299.679347,8.837403,-0.001869
1.785714,0.654040,8643,101299.695053,8.848885,-0.001079
1.785714,0.659091,8644,101299.710587,8.858781,-0.000315
1.785714,0.664141,8645,101299.725957,8.867319,0.000421
1.785714,0.669192,8646,101299.741152,8.874715,0.001128
1.785714,0.674242,8647,101299.756180,8.881126,0.001807
1.785714,0.679293,8648,101299.771031,8.886713,0.002457
1.785714,0.684343,8649,101299.785712,8.891582,0.003077
1.785714,0.689394,8650,101299.800214,8.895852,0.003668
1.785714,0.694444,8651,101299.814544,8.899594,0.004230
1.785714,0.699495,8652,101299.828693,8.902895,0.004762
1.785714,0.704545,8653,101299.842667,8.905804,0.005264
1.785714,0.709596,8654,101299.856458,8.908387,0.005737
1.785714,0.714646,8655,101299.870073,8.910673,0.006180
1.785714,0.719697,8656,101299.883501,8.912717,0.006594
1.785714,0.724747,8657,101299.896750,8.914536,0.006978
1.785714,0.729798,8658,101299.909808,8.916172,0.007334
1.785714,0.734848,8659,101299.922684,8.917635,0.007661
1.785714,0.739899,8660,101299.935367,8.918960,0.007959
1.785714,0.744949,8661,101299.947862,8.920149,0.008229
1.785714,0.750000,8662,101299.960161,8.921234,0.008471
1.785714,0.755051,8663,101299.972269,8.922212,0.008685
1.785714,0.760101,8664,101299.984175,8.923111,0.008872
1.785714,0.765152,8665,101299.995887,8.923925,0.009031
1.785714,0.770202,8666,101300.007393,8.924679,0.009164
1.785714,0.775253,8667,101300.018700,8.925365,0.009269
1.785714,0.780303,8668,101300.029797,8.926006,0.009349
1.785714,0.785354,8669,101300.040690,8.926592,0.009402
1.785714,0.790404,8670,101300.051369,8.927144,0.009430
1.785714,0.795455,8671,101300.061839,8.927653,0.009433
1.785714,0.800505,8672,101300.072089,8.928136,0.009411
1.785714,0.805556,8673,101300.082127,8.928585,0.009365
1.785714,0.810606,8674,101300.091940,8.929016,0.009294
1.785714,0.815657,8675,101300.101536,8.929418,0.009200
1.785714,0.820707,8676,101300.110903,8.929809,0.009083
1.785714,0.825758,8677,101300.120046,8.930176,0.008943
1.785714,0.830808,8678,101300.128957,8.930538,0.008781
1.785714,0.835859,8679,101300.137640,8.930880,0.008597
1.785714,0.840909,8680,101300.146086,8.931221,0.008391
1.785714,0.845960,8681,101300.154299,8.931546,0.008165
1.785714,0.851010,8682,101300.162271,8.931872,0.007918
1.785714,0.856061,8683,101300.170005,8.932186,0.007651
1.785714,0.861111,8684,101300.177494,8.932504,0.007365
1.785714,0.866162,8685,101300.184741,8.932813,0.007060
1.785714,0.871212,8686,101300.191738,8.933128,0.006736
1.785714,0.876263,8687,101300.198491,8.933435,0.006395
1.785714,0.881313,8688,101300.204988,8.933751,0.006036
1.785714,0.886364,8689,101300.211238,8.934061,0.005660
1.785714,0.891414,8690,101300.217228,8.934380,0.005268
1.785714,0.896465,8691,101300.222967,8.934696,0.004860
1.785714,0.901515,8692,101300.228445,8.935023,0.004437
1.785714,0.906566,8693,101300.233667,8.935346,0.004000
1.785714,0.911616,8694,101300.238623,8.935682,0.003547
1.785714,0.916667,8695,101300.243322,8.936016,0.003083
1.785714,0.921717,8696,101300.247752,8.936363,0.002603
1.785714,0.926768,8697,101300.251924,8.936708,0.002116
1.785714,0.931818,8698,101300.255821,8.937068,0.001608
1.785714,0.936869,8699,101300.259461,8.937426,0.001104
1.785714,0.941919,8700,101300.262819,8.937800,0.000566
1.785714,0.946970,8701,101300.265924,8.938171,0.000053
1.785714,0.952020,8702,101300.268736,8.938557,-0.000520
1.785714,0.957071,8703,101300.271304,8.938936,-0.001029
1.785714,0.962121,8704,101300.273567,8.939313,-0.001645
1.785714,0.967172,8705,101300.275591,8.939620,-0.002139
1.785714,0.972222,8706,101300.277305,8.939683,-0.002801
1.785714,0.977273,8707,101300.278781,8.938751,-0.003273
1.785714,0.982323,8708,101300.279945,8.932723,-0.003972
1.785714,0.987374,8709,101300.280867,8.908593,-0.004359
1.785714,0.992424,8710,101300.281470,8.637505,-0.004742
1.785714,0.997475,8711,101300.281747,8.074697,-0.002367
1.806122,0.502525,8712,101299.317618,0.165157,-0.011790
1.806122,0.507576,8713,101299.317896,1.581055,-0.012894
1.806122,0.512626,8714,101299.321012,2.780241,-0.012046
1.806122,0.517677,8715,101299.326489,3.782149,-0.019805
1.806122,0.522727,8716,101299.333518,4.602726,-0.018249
1.806122,0.527778,8717,101299.343167,5.277098,-0.023272
1.806122,0.532828,8718,101299.353325,5.834836,-0.022056
1.806122,0.537879,8719,101299.365638,6.299851,-0.024578
1.806122,0.542929,8720,101299.378100,6.690496,-0.023820
1.806122,0.547980,8721,101299.391985,7.020591,-0.024669
1.806122,0.553030,8722,101299.406022,7.300815,-0.024091
1.806122,0.558081,8723,101299.420850,7.539269,-0.024005
1.806122,0.563131,8724,101299.435853,7.742517,-0.023371
1.806122,0.568182,8725,101299.451242,7.915799,-0.022806
1.806122,0.573232,8726,101299.466762,8.063546,-0.022035
1.806122,0.578283,8727,101299.482443,8.189444,-0.021227
1.806122,0.583333,8728,101299.498179,8.296685,-0.020331
1.806122,0.588384,8729,101299.513951,8.387962,-0.019393
1.806122,0.593434,8730,101299.529705,8.465610,-0.018420
1.806122,0.598485,8731,101299.545422,8.531628,-0.017424
1.806122,0.603535,8732,101299.561067,8.587764,-0.016415
1.806122,0.608586,8733,101299.576628,8.635485,-0.015400
1.806122,0.613636,8734,101299.592081,8.676079,-0.014387
1.806122,0.618687,8735,101299.607420,8.710616,-0.013381
1.806122,0.623737,8736,101299.622627,8.740037,-0.012386
1.806122,0.628788,8737,101299.637701,8.765118,-0.011407
1.806122,0.633838,8738,101299.652629,8.786536,-0.010446
1.806122,0.638889,8739,101299.667413,8.804843,-0.009508
1.806122,0.643939,8740,101299.682042,8.820535,-0.008592
1.806122,0.648990,8741,101299.696520,8.834002,-0.007702
1.806122,0.654040,8742,101299.710838,8.845598,-0.006838
1.806122,0.659091,8743,101299.725001,8.855597,-0.006002
1.806122,0.664141,8744,101299.739000,8.864255,-0.005193
1.806122,0.669192,8745,101299.752843,8.871761,-0.004413
1.806122,0.674242,8746,101299.766519,8.878297,-0.003662
1.806122,0.679293,8747,101299.780036,8.883995,-0.002941
1.806122,0.684343,8748,101299.793386,8.888992,-0.002249
1.806122,0.689394,8749,101299.806576,8.893374,-0.001587
1.806122,0.694444,8750,101299.819597,8.897243,-0.000954
1.806122,0.699495,8751,101299.832456,8.900656,-0.000351
1.806122,0.704545,8752,101299.845146,8.903692,0.000222
1.806122,0.709596,8753,101299.857672,8.906386,0.000766
1.806122,0.714646,8754,101299.870026,8.908798,0.001280
1.806122,0.719697,8755,101299.882215,8.910952,0.001766
1.806122,0.724747,8756,101299.894229,8.912895,0.002222
1.806122,0.729798,8757,101299.906075,8.914639,0.002650
1.806122,0.734848,8758,101299.917744,8.916224,0.003050
1.806122,0.739899,8759,101299.929243,8.917655,0.003421
1.806122,0.744949,8760,101299.940561,8.918965,0.003764
1.806122,0.750000,8761,101299.951706,8.920154,0.004080
1.806122,0.755051,8762,101299.962668,8.921251,0.004368
1.806122,0.760101,8763,101299.973453,8.922251,0.004630
1.806122,0.765152,8764,101299.984051,8.923181,0.004864
1.806122,0.770202,8765,101299.994469,8.924034,0.005073
1.806122,0.775253,8766,101300.004696,8.924833,0.005255
1.806122,0.780303,8767,101300.014739,8.925570,0.005412
1.806122,0.785354,8768,101300.024587,8.926266,0.005544
1.806122,0.790404,8769,101300.034247,8.926913,0.005651
1.806122,0.795455,8770,101300.043709,8.927528,0.005733
1.806122,0.800505,8771,101300.052979,8.928102,0.005791
1.806122,0.805556,8772,101300.062046,8.928654,0.005825
1.806122,0.810606,8773,101300.070917,8.929173,0.005836
1.806122,0.815657,8774,101300.079582,8.929675,0.005824
1.806122,0.820707,8775,101300.088045,8.930150,0.005789
1.806122,0.825758,8776,101300.096299,8.930614,0.005733
1.806122,0.830808,8777,101300.104349,8.931056,0.005655
1.806122,0.835859,8778,101300.112184,8.931492,0.005555
1.806122,0.840909,8779,101300.119810,8.931909,0.005435
1.806122,0.845960,8780,101300.127219,8.932323,0.005295
1.806122,0.851010,8781,101300.134415,8.932723,0.005135
1.806122,0.856061,8782,101300.141389,8.933122,0.004955
1.806122,0.861111,8783,101300.148148,8.933509,0.004757
1.806122,0.866162,8784,101300.154681,8.933899,0.004540
1.806122,0.871212,8785,101300.160994,8.934279,0.004306
1.806122,0.876263,8786,101300.167078,8.934664,0.004054
1.806122,0.881313,8787,101300.172940,8.935040,0.003785
1.806122,0.886364,8788,101300.178569,8.935423,0.003500
1.806122,0.891414,8789,101300.183972,8.935799,0.003199
1.806122,0.896465,8790,101300.189140,8.936184,0.002883
1.806122,0.901515,8791,101300.194079,8.936562,0.002552
1.806122,0.906566,8792,101300.198781,8.936950,0.002207
1.806122,0.911616,8793,101300.203249,8.937334,0.001848
1.806122,0.916667,8794,101300.207479,8.937727,0.001477
1.806122,0.921717,8795,101300.211473,8.938117,0.001090
1.806122,0.926768,8796,101300.215226,8.938518,0.000698
1.806122,0.931818,8797,101300.218739,8.938916,0.000284
1.806122,0.936869,8798,101300.222014,8.939324,-0.000125
1.806122,0.941919,8799,101300.225040,8.939731,-0.000568
1.806122,0.946970,8800,101300.227832,8.940147,-0.000985
1.806122,0.952020,8801,101300.230366,8.940562,-0.001463
1.806122,0.957071,8802,101300.232675,8.940981,-0.001877
1.806122,0.962121,8803,101300.234715,8.941381,-0.002396
1.806122,0.967172,8804,101300.236536,8.941722,-0.002795
1.806122,0.972222,8805,101300.238081,8.941800,-0.003360
1.806122,0.977273,8806,101300.239410,8.940881,-0.003736
1.806122,0.982323,8807,101300.240461,8.934741,-0.004338
1.806122,0.987374,8808,101300.241291,8.909912,-0.004627
1.806122,0.992424,8809,101300.241839,8.633226,-0.004894
1.806122,0.997475,8810,101300.242086,8.060137,-0.002416
1.826531,0.502525,8811,101299.391225,0.194949,-0.010405
1.826531,0.507576,8812,101299.391090,1.600254,-0.014834
1.826531,0.512626,8813,101299.392984,2.795901,-0.015661
1.826531,0.517677,8814,101299.396555,3.794835,-0.023809
1.826531,0.522727,8815,101299.401496,4.612089,-0.023078
1.826531,0.527778,8816,101299.408765,5.283807,-0.028381
1.826531,0.532828,8817,101299.416563,5.839322,-0.027539
1.826531,0.537879,8818,101299.426438,6.302560,-0.030280
1.826531,0.542929,8819,101299.436534,6.691742,-0.029670
1.826531,0.547980,8820,101299.448090,7.020669,-0.030663
1.826531,0.553030,8821,101299.459864,7.299924,-0.030134
1.826531,0.558081,8822,101299.472500,7.537605,-0.030117
1.826531,0.563131,8823,101299.485374,7.740210,-0.029489
1.826531,0.568182,8824,101299.498702,7.912987,-0.028937
1.826531,0.573232,8825,101299.512222,8.060318,-0.028147
1.826531,0.578283,8826,101299.525957,8.185904,-0.027317
1.826531,0.583333,8827,101299.539803,8.292887,-0.026386
1.826531,0.588384,8828,101299.553728,8.383988,-0.025407
1.826531,0.593434,8829,101299.567686,8.461508,-0.024383
1.826531,0.598485,8830,101299.581641,8.527454,-0.023335
1.826531,0.603535,8831,101299.595570,8.583540,-0.022268
1.826531,0.608586,8832,101299.609442,8.631257,-0.021194
1.826531,0.613636,8833,101299.623246,8.671858,-0.020119
1.826531,0.618687,8834,101299.636959,8.706439,-0.019050
1.826531,0.623737,8835,101299.650575,8.735907,-0.017991
1.826531,0.628788,8836,101299.664079,8.761062,-0.016948
1.826531,0.633838,8837,101299.677469,8.782556,-0.015922
1.826531,0.638889,8838,101299.690731,8.800962,-0.014918
1.826531,0.643939,8839,101299.703868,8.816745,-0.013937
1.826531,0.648990,8840,101299.716868,8.830322,-0.012982
1.826531,0.654040,8841,101299.729736,8.842021,-0.012052
1.826531,0.659091,8842,101299.742462,8.852139,-0.011150
1.826531,0.664141,8843,101299.755049,8.860904,-0.010277
1.826531,0.669192,8844,101299.767491,8.868534,-0.009432
1.826531,0.674242,8845,101299.779793,8.875182,-0.008616
1.826531,0.679293,8846,101299.791945,8.881006,-0.007829
1.826531,0.684343,8847,101299.803954,8.886115,-0.007073
1.826531,0.689394,8848,101299.815813,8.890624,-0.006346
1.826531,0.694444,8849,101299.827526,8.894606,-0.005648
1.826531,0.699495,8850,101299.839087,8.898146,-0.004981
1.826531,0.704545,8851,101299.850501,8.901294,-0.004342
1.826531,0.709596,8852,101299.861760,8.904114,-0.003733
1.826531,0.714646,8853,101299.872869,8.906637,-0.003154
1.826531,0.719697,8854,101299.883822,8.908915,-0.002603
1.826531,0.724747,8855,101299.894624,8.910966,-0.002080
1.826531,0.729798,8856,101299.905266,8.912833,-0.001587
1.826531,0.734848,8857,101299.915755,8.914525,-0.001121
1.826531,0.739899,8858,101299.926082,8.916075,-0.000683
1.826531,0.744949,8859,101299.936253,8.917490,-0.000272
1.826531,0.750000,8860,101299.946260,8.918796,0.000111
1.826531,0.755051,8861,101299.956108,8.919994,0.000467
1.826531,0.760101,8862,101299.965789,8.921109,0.000797
1.826531,0.765152,8863,101299.975308,8.922137,0.001100
1.826531,0.770202,8864,101299.984656,8.923102,0.001378
1.826531,0.775253,8865,101299.993839,8.923997,0.001631
1.826531,0.780303,8866,101300.002848,8.924842,0.001858
1.826531,0.785354,8867,101300.011689,8.925632,0.002060
1.826531,0.790404,8868,101300.020352,8.926383,0.002239
1.826531,0.795455,8869,101300.028844,8.927089,0.002393
1.826531,0.800505,8870,101300.037154,8.927765,0.002524
1.826531,0.805556,8871,101300.045289,8.928404,0.002631
1.826531,0.810606,8872,101300.053240,8.929021,0.002716
1.826531,0.815657,8873,101300.061012,8.929608,0.002779
1.826531,0.820707,8874,101300.068596,8.930178,0.002819
1.826531,0.825758,8875,101300.075998,8.930723,0.002838
1.826531,0.830808,8876,101300.083208,8.931257,0.002836
1.826531,0.835859,8877,101300.090232,8.931769,0.002814
1.826531,0.840909,8878,101300.097062,8.932274,0.002771
1.826531,0.845960,8879,101300.103702,8.932762,0.002709
1.826531,0.851010,8880,101300.110144,8.933245,0.002627
1.826531,0.856061,8881,101300.116394,8.933714,0.002527
1.826531,0.861111,8882,101300.122442,8.934182,0.002408
1.826531,0.866162,8883,101300.128294,8.934638,0.002271
1.826531,0.871212,8884,101300.133942,8.935094,0.002117
1.826531,0.876263,8885,101300.139392,8.935540,0.001946
1.826531,0.881313,8886,101300.144634,8.935989,0.001759
1.826531,0.886364,8887,101300.149674,8.936430,0.001556
1.826531,0.891414,8888,101300.154505,8.936874,0.001338
1.826531,0.896465,8889,101300.159131,8.937312,0.001104
1.826531,0.901515,8890,101300.163545,8.937755,0.000856
1.826531,0.906566,8891,101300.167753,8.938191,0.000595
1.826531,0.911616,8892,101300.171745,8.938635,0.000320
1.826531,0.916667,8893,101300.175529,8.939073,0.000033
1.826531,0.921717,8894,101300.179095,8.939519,-0.000269
1.826531,0.926768,8895,101300.182453,8.939959,-0.000577
1.826531,0.931818,8896,101300.185587,8.940408,-0.000906
1.826531,0.936869,8897,101300.188516,8.940851,-0.001229
1.826531,0.941919,8898,101300.191215,8.941304,-0.001587
1.826531,0.946970,8899,101300.193713,8.941751,-0.001918
1.826531,0.952020,8900,101300.195972,8.942207,-0.002311
1.826531,0.957071,8901,101300.198038,8.942651,-0.002637
1.826531,0.962121,8902,101300.199855,8.943088,-0.003071
1.826531,0.967172,8903,101300.201486,8.943450,-0.003384
1.826531,0.972222,8904,101300.202863,8.943555,-0.003863
1.826531,0.977273,8905,101300.204055,8.942634,-0.004153
1.826531,0.982323,8906,101300.204991,8.936390,-0.004666
1.826531,0.987374,8907,101300.205739,8.910813,-0.004867
1.826531,0.992424,8908,101300.206226,8.628539,-0.005030
1.826531,0.997475,8909,101300.206450,8.045186,-0.002460
1.846939,0.502525,8910,101299.467009,0.232809,-0.008832
1.846939,0.507576,8911,101299.466689,1.624547,-0.015846
1.846939,0.512626,8912,101299.467766,2.815488,-0.018104
1.846939,0.517677,8913,101299.470010,3.810280,-0.026598
1.846939,0.522727,8914,101299.473362,4.623529,-0.026683
1.846939,0.527778,8915,101299.478670,5.292056,-0.032261
1.846939,0.532828,8916,101299.484403,5.844990,-0.031835
1.846939,0.537879,8917,101299.492040,6.306138,-0.034816
1.846939,0.542929,8918,101299.499868,6.693648,-0.034406
1.846939,0.547980,8919,101299.509121,7.021209,-0.035579
1.846939,0.553030,8920,101299.518591,7.299369,-0.035147
1.846939,0.558081,8921,101299.528960,7.536145,-0.035240
1.846939,0.563131,8922,101299.539587,7.738028,-0.034659
1.846939,0.568182,8923,101299.550726,7.910210,-0.034159
1.846939,0.573232,8924,101299.562093,8.057079,-0.033385
1.846939,0.578283,8925,101299.573737,8.182288,-0.032566
1.846939,0.583333,8926,101299.585535,8.288992,-0.031629
1.846939,0.588384,8927,101299.597472,8.379868,-0.030638
1.846939,0.593434,8928,101299.609484,8.457244,-0.029591
1.846939,0.598485,8929,101299.621548,8.523087,-0.028512
1.846939,0.603535,8930,101299.633624,8.579122,-0.027410
1.846939,0.608586,8931,101299.645695,8.626809,-0.026296
1.846939,0.613636,8932,101299.657732,8.667422,-0.025178
1.846939,0.618687,8933,101299.669724,8.702025,-0.024063
1.846939,0.623737,8934,101299.681651,8.731549,-0.022956
1.846939,0.628788,8935,101299.693507,8.756762,-0.021863
1.846939,0.633838,8936,101299.705275,8.778341,-0.020786
1.846939,0.638889,8937,101299.716954,8.796830,-0.019729
1.846939,0.643939,8938,101299.728531,8.812717,-0.018695
1.846939,0.648990,8939,101299.740007,8.826391,-0.017686
1.846939,0.654040,8940,101299.751370,8.838204,-0.016702
1.846939,0.659091,8941,101299.762624,8.848428,-0.015745
1.846939,0.664141,8942,101299.773759,8.857315,-0.014816
1.846939,0.669192,8943,101299.784779,8.865054,-0.013915
1.846939,0.674242,8944,101299.795674,8.871827,-0.013044
1.846939,0.679293,8945,101299.806450,8.877765,-0.012201
1.846939,0.684343,8946,101299.817098,8.883000,-0.011388
1.846939,0.689394,8947,101299.827622,8.887622,-0.010604
1.846939,0.694444,8948,101299.838015,8.891729,-0.009850
1.846939,0.699495,8949,101299.848282,8.895382,-0.009125
1.846939,0.704545,8950,101299.858415,8.898654,-0.008430
1.846939,0.709596,8951,101299.868419,8.901585,-0.007763
1.846939,0.714646,8952,101299.878286,8.904232,-0.007125
1.846939,0.719697,8953,101299.888022,8.906619,-0.006516
1.846939,0.724747,8954,101299.897618,8.908791,-0.005935
1.846939,0.729798,8955,101299.907080,8.910765,-0.005382
1.846939,0.734848,8956,101299.916400,8.912575,-0.004857
1.846939,0.739899,8957,101299.925583,8.914230,-0.004359
1.846939,0.744949,8958,101299.934622,8.915760,-0.003889
1.846939,0.750000,8959,101299.943520,8.917169,-0.003445
1.846939,0.755051,8960,101299.952271,8.918480,-0.003027
1.846939,0.760101,8961,101299.960880,8.919695,-0.002636
1.846939,0.765152,8962,101299.969337,8.920833,-0.002270
1.846939,0.770202,8963,101299.977649,8.921894,-0.001930
1.846939,0.775253,8964,101299.985807,8.922897,-0.001615
1.846939,0.780303,8965,101299.993817,8.923836,-0.001324
1.846939,0.785354,8966,101300.001670,8.924730,-0.001058
1.846939,0.790404,8967,101300.009371,8.925571,-0.000815
1.846939,0.795455,8968,101300.016913,8.926378,-0.000596
1.846939,0.800505,8969,101300.024299,8.927142,-0.000400
1.846939,0.805556,8970,101300.031523,8.927878,-0.000226
1.846939,0.810606,8971,101300.038589,8.928580,-0.000075
1.846939,0.815657,8972,101300.045488,8.929260,0.000055
1.846939,0.820707,8973,101300.052227,8.929911,0.000163
1.846939,0.825758,8974,101300.058796,8.930547,0.000250
1.846939,0.830808,8975,101300.065201,8.931157,0.000317
1.846939,0.835859,8976,101300.071434,8.931757,0.000363
1.846939,0.840909,8977,101300.077499,8.932336,0.000390
1.846939,0.845960,8978,101300.083389,8.932907,0.000398
1.846939,0.851010,8979,101300.089109,8.933460,0.000387
1.846939,0.856061,8980,101300.094651,8.934009,0.000357
1.846939,0.861111,8981,101300.100020,8.934543,0.000310
1.846939,0.866162,8982,101300.105207,8.935075,0.000245
1.846939,0.871212,8983,101300.110219,8.935594,0.000164
1.846939,0.876263,8984,101300.115048,8.936112,0.000066
1.846939,0.881313,8985,101300.119698,8.936619,-0.000049
1.846939,0.886364,8986,101300.124162,8.937128,-0.000178
1.846939,0.891414,8987,101300.128445,8.937627,-0.000323
1.846939,0.896465,8988,101300.132540,8.938128,-0.000482
1.846939,0.901515,8989,101300.136453,8.938622,-0.000655
1.846939,0.906566,8990,101300.140175,8.939118,-0.000841
1.846939,0.911616,8991,101300.143712,8.939608,-0.001042
1.846939,0.916667,8992,101300.147058,8.940102,-0.001253
1.846939,0.921717,8993,101300.150215,8.940589,-0.001479
1.846939,0.926768,8994,101300.153182,8.941081,-0.001711
1.846939,0.931818,8995,101300.155956,8.941567,-0.001964
1.846939,0.936869,8996,101300.158543,8.942058,-0.002211
1.846939,0.941919,8997,101300.160931,8.942544,-0.002494
1.846939,0.946970,8998,101300.163137,8.943033,-0.002747
1.846939,0.952020,8999,101300.165135,8.943518,-0.003064
1.846939,0.957071,9000,101300.166959,8.944000,-0.003314
1.846939,0.962121,9001,101300.168566,8.944460,-0.003672
1.846939,0.967172,9002,101300.170006,8.944855,-0.003907
1.846939,0.972222,9003,101300.171224,8.944975,-0.004309
1.846939,0.977273,9004,101300.172277,8.944063,-0.004523
1.846939,0.982323,9005,101300.173106,8.937697,-0.004959
1.846939,0.987374,9006,101300.173768,8.911350,-0.005081
1.846939,0.992424,9007,101300.174202,8.623472,-0.005150
1.846939,0.997475,9008,101300.174398,8.029896,-0.002499
1.867347,0.502525,9009,101299.540070,0.274570,-0.007574
1.867347,0.507576,9010,101299.539673,1.653368,-0.016367
1.867347,0.512626,9011,101299.540264,2.838553,-0.019824
1.867347,0.517677,9012,101299.541665,3.828308,-0.028592
1.867347,0.522727,9013,101299.543958,4.636977,-0.029422
1.867347,0.527778,9014,101299.547845,5.301914,-0.035228
1.867347,0.532828,9015,101299.552046,5.851921,-0.035208
1.867347,0.537879,9016,101299.557922,6.310738,-0.038409
1.867347,0.542929,9017,101299.563923,6.696348,-0.038213
1.867347,0.547980,9018,101299.571236,7.022386,-0.039565
1.867347,0.553030,9019,101299.578725,7.299292,-0.039250
1.867347,0.558081,9020,101299.587076,7.535058,-0.039465
1.867347,0.563131,9021,101299.595668,7.736107,-0.038952
1.867347,0.568182,9022,101299.604775,7.907624,-0.038522
1.867347,0.573232,9023,101299.614119,8.053948,-0.037786
1.867347,0.578283,9024,101299.623758,8.178736,-0.037000
1.867347,0.583333,9025,101299.633579,8.285101,-0.036076
1.867347,0.588384,9026,101299.643564,8.375727,-0.035093
1.867347,0.593434,9027,101299.653662,8.452909,-0.034043
1.867347,0.598485,9028,101299.663841,8.518632,-0.032953
1.867347,0.603535,9029,101299.674074,8.574583,-0.031835
1.867347,0.608586,9030,101299.684332,8.622235,-0.030699
1.867347,0.613636,9031,101299.694598,8.662833,-0.029555
1.867347,0.618687,9032,101299.704850,8.697460,-0.028410
1.867347,0.623737,9033,101299.715076,8.727017,-0.027271
1.867347,0.628788,9034,101299.725260,8.752292,-0.026142
1.867347,0.633838,9035,101299.735396,8.773936,-0.025029
1.867347,0.638889,9036,101299.745468,8.792516,-0.023933
1.867347,0.643939,9037,101299.755476,8.808490,-0.022858
1.867347,0.648990,9038,101299.765406,8.822270,-0.021807
1.867347,0.654040,9039,101299.775259,8.834182,-0.020780
1.867347,0.659091,9040,101299.785024,8.844521,-0.019780
1.867347,0.664141,9041,101299.794704,8.853515,-0.018806
1.867347,0.669192,9042,101299.804288,8.861374,-0.017860
1.867347,0.674242,9043,101299.813779,8.868259,-0.016943
1.867347,0.679293,9044,101299.823169,8.874320,-0.016054
1.867347,0.684343,9045,101299.832460,8.879667,-0.015194
1.867347,0.689394,9046,101299.841646,8.884413,-0.014362
1.867347,0.694444,9047,101299.850729,8.888632,-0.013560
1.867347,0.699495,9048,101299.859702,8.892408,-0.012787
1.867347,0.704545,9049,101299.868568,8.895792,-0.012042
1.867347,0.709596,9050,101299.877320,8.898844,-0.011326
1.867347,0.714646,9051,101299.885962,8.901600,-0.010638
1.867347,0.719697,9052,101299.894487,8.904107,-0.009978
1.867347,0.724747,9053,101299.902899,8.906387,-0.009346
1.867347,0.729798,9054,101299.911190,8.908478,-0.008742
1.867347,0.734848,9055,101299.919365,8.910393,-0.008165
1.867347,0.739899,9056,101299.927416,8.912163,-0.007615
1.867347,0.744949,9057,101299.935348,8.913796,-0.007091
1.867347,0.750000,9058,101299.943153,8.915316,-0.006594
1.867347,0.755051,9059,101299.950835,8.916727,-0.006123
1.867347,0.760101,9060,101299.958388,8.918051,-0.005677
1.867347,0.765152,9061,101299.965814,8.919287,-0.005257
1.867347,0.770202,9062,101299.973108,8.920454,-0.004861
1.867347,0.775253,9063,101299.980274,8.921550,-0.004490
1.867347,0.780303,9064,101299.987303,8.922592,-0.004144
1.867347,0.785354,9065,101299.994201,8.923576,-0.003820
1.867347,0.790404,9066,101300.000960,8.924518,-0.003521
1.867347,0.795455,9067,101300.007584,8.925412,-0.003244
1.867347,0.800505,9068,101300.014067,8.926272,-0.002989
1.867347,0.805556,9069,101300.020411,8.927093,-0.002757
1.867347,0.810606,9070,101300.026612,8.927888,-0.002546
1.867347,0.815657,9071,101300.032671,8.928649,-0.002357
1.867347,0.820707,9072,101300.038583,8.929390,-0.002189
1.867347,0.825758,9073,101300.044351,8.930103,-0.002041
1.867347,0.830808,9074,101300.049969,8.930800,-0.001913
1.867347,0.835859,9075,101300.055441,8.931474,-0.001805
1.867347,0.840909,9076,101300.060759,8.932136,-0.001717
1.867347,0.845960,9077,101300.065929,8.932777,-0.001647
1.867347,0.851010,9078,101300.070942,8.933410,-0.001595
1.867347,0.856061,9079,101300.075804,8.934026,-0.001561
1.867347,0.861111,9080,101300.080508,8.934635,-0.001545
1.867347,0.866162,9081,101300.085057,8.935230,-0.001545
1.867347,0.871212,9082,101300.089446,8.935821,-0.001562
1.867347,0.876263,9083,101300.093678,8.936399,-0.001596
1.867347,0.881313,9084,101300.097748,8.936974,-0.001645
1.867347,0.886364,9085,101300.101658,8.937539,-0.001709
1.867347,0.891414,9086,101300.105404,8.938102,-0.001788
1.867347,0.896465,9087,101300.108989,8.938655,-0.001881
1.867347,0.901515,9088,101300.112408,8.939209,-0.001988
1.867347,0.906566,9089,101300.115665,8.939754,-0.002107
1.867347,0.911616,9090,101300.118752,8.940300,-0.002241
1.867347,0.916667,9091,101300.121678,8.940837,-0.002385
1.867347,0.921717,9092,101300.124432,8.941377,-0.002545
1.867347,0.926768,9093,101300.127024,8.941908,-0.002709
1.867347,0.931818,9094,101300.129441,8.942443,-0.002895
1.867347,0.936869,9095,101300.131700,8.942969,-0.003074
1.867347,0.941919,9096,101300.133778,8.943499,-0.003290
1.867347,0.946970,9097,101300.135703,8.944020,-0.003475
1.867347,0.952020,9098,101300.137439,8.944544,-0.003726
1.867347,0.957071,9099,101300.139032,8.945053,-0.003907
1.867347,0.962121,9100,101300.140427,8.945548,-0.004198
1.867347,0.967172,9101,101300.141684,8.945963,-0.004367
1.867347,0.972222,9102,101300.142740,8.946110,-0.004701
1.867347,0.977273,9103,101300.143661,8.945194,-0.004848
1.867347,0.982323,9104,101300.144379,8.938713,-0.005216
1.867347,0.987374,9105,101300.144960,8.911553,-0.005269
1.867347,0.992424,9106,101300.145335,8.618081,-0.005254
1.867347,0.997475,9107,101300.145509,8.014301,-0.002533
1.887755,0.502525,9108,101299.609625,0.317683,-0.006700
1.887755,0.507576,9109,101299.609212,1.685415,-0.016630
1.887755,0.512626,9110,101299.609507,2.864380,-0.021078
1.887755,0.517677,9111,101299.610370,3.848380,-0.030040
1.887755,0.522727,9112,101299.611933,4.652141,-0.031523
1.887755,0.527778,9113,101299.614788,5.313159,-0.037503
1.887755,0.532828,9114,101299.617847,5.860009,-0.037862
1.887755,0.537879,9115,101299.622364,6.316274,-0.041249
1.887755,0.542929,9116,101299.626914,6.699828,-0.041257
1.887755,0.547980,9117,101299.632650,7.024185,-0.042773
1.887755,0.553030,9118,101299.638485,7.299729,-0.042572
1.887755,0.558081,9119,101299.645122,7.534370,-0.042907
1.887755,0.563131,9120,101299.651945,7.734510,-0.042464
1.887755,0.568182,9121,101299.659261,7.905276,-0.042111
1.887755,0.573232,9122,101299.666783,8.051003,-0.041419
1.887755,0.578283,9123,101299.674602,8.175304,-0.040676
1.887755,0.583333,9124,101299.682593,8.281295,-0.039778
1.887755,0.588384,9125,101299.690762,8.371623,-0.038814
1.887755,0.593434,9126,101299.699050,8.448588,-0.037774
1.887755,0.598485,9127,101299.707442,8.514150,-0.036687
1.887755,0.603535,9128,101299.715904,8.570003,-0.035565
1.887755,0.608586,9129,101299.724419,8.617590,-0.034421
1.887755,0.613636,9130,101299.732962,8.658168,-0.033265
1.887755,0.618687,9131,101299.741523,8.692792,-0.032104
1.887755,0.623737,9132,101299.750082,8.722382,-0.030945
1.887755,0.628788,9133,101299.758631,8.747699,-0.029795
1.887755,0.633838,9134,101299.767156,8.769409,-0.028656
1.887755,0.638889,9135,101299.775651,8.788060,-0.027534
1.887755,0.643939,9136,101299.784104,8.804126,-0.026431
1.887755,0.648990,9137,101299.792513,8.817996,-0.025350
1.887755,0.654040,9138,101299.800867,8.830014,-0.024292
1.887755,0.659091,9139,101299.809166,8.840453,-0.023259
1.887755,0.664141,9140,101299.817400,8.849560,-0.022251
1.887755,0.669192,9141,101299.825569,8.857526,-0.021271
1.887755,0.674242,9142,101299.833666,8.864528,-0.020317
1.887755,0.679293,9143,101299.841691,8.870699,-0.019391
1.887755,0.684343,9144,101299.849636,8.876167,-0.018494
1.887755,0.689394,9145,101299.857505,8.881023,-0.017624
1.887755,0.694444,9146,101299.865288,8.885363,-0.016783
1.887755,0.699495,9147,101299.872989,8.889249,-0.015970
1.887755,0.704545,9148,101299.880600,8.892752,-0.015184
1.887755,0.709596,9149,101299.888124,8.895914,-0.014427
1.887755,0.714646,9150,101299.895554,8.898788,-0.013697
1.887755,0.719697,9151,101299.902893,8.901402,-0.012995
1.887755,0.724747,9152,101299.910134,8.903798,-0.012320
1.887755,0.729798,9153,101299.917280,8.905994,-0.011673
1.887755,0.734848,9154,101299.924324,8.908022,-0.011052
1.887755,0.739899,9155,101299.931270,8.909894,-0.010457
1.887755,0.744949,9156,101299.938110,8.911637,-0.009888
1.887755,0.750000,9157,101299.944849,8.913257,-0.009345
1.887755,0.755051,9158,101299.951479,8.914776,-0.008828
1.887755,0.760101,9159,101299.958004,8.916197,-0.008335
1.887755,0.765152,9160,101299.964417,8.917538,-0.007867
1.887755,0.770202,9161,101299.970722,8.918799,-0.007424
1.887755,0.775253,9162,101299.976912,8.919996,-0.007004
1.887755,0.780303,9163,101299.982990,8.921129,-0.006609
1.887755,0.785354,9164,101299.988951,8.922212,-0.006236
1.887755,0.790404,9165,101299.994797,8.923242,-0.005886
1.887755,0.795455,9166,101300.000522,8.924231,-0.005559
1.887755,0.800505,9167,101300.006129,8.925176,-0.005253
1.887755,0.805556,9168,101300.011613,8.926089,-0.004970
1.887755,0.810606,9169,101300.016977,8.926965,-0.004707
1.887755,0.815657,9170,101300.022214,8.927816,-0.004466
1.887755,0.820707,9171,101300.027328,8.928635,-0.004245
1.887755,0.825758,9172,101300.032313,8.929433,-0.004044
1.887755,0.830808,9173,101300.037171,8.930205,-0.003862
1.887755,0.835859,9174,101300.041898,8.930961,-0.003700
1.887755,0.840909,9175,101300.046497,8.931694,-0.003557
1.887755,0.845960,9176,101300.050961,8.932415,-0.003432
1.887755,0.851010,9177,101300.055295,8.933115,-0.003325
1.887755,0.856061,9178,101300.059491,8.933806,-0.003235
1.887755,0.861111,9179,101300.063555,8.934480,-0.003163
1.887755,0.866162,9180,101300.067479,8.935147,-0.003107
1.887755,0.871212,9181,101300.071268,8.935798,-0.003067
1.887755,0.876263,9182,101300.074916,8.936444,-0.003044
1.887755,0.881313,9183,101300.078427,8.937077,-0.003035
1.887755,0.886364,9184,101300.081795,8.937705,-0.003041
1.887755,0.891414,9185,101300.085023,8.938322,-0.003062
1.887755,0.896465,9186,101300.088107,8.938936,-0.003097
1.887755,0.901515,9187,101300.091050,8.939540,-0.003146
1.887755,0.906566,9188,101300.093847,8.940141,-0.003207
1.887755,0.911616,9189,101300.096502,8.940733,-0.003282
1.887755,0.916667,9190,101300.099011,8.941324,-0.003367
1.887755,0.921717,9191,101300.101375,8.941906,-0.003468
1.887755,0.926768,9192,101300.103594,8.942486,-0.003573
1.887755,0.931818,9193,101300.105665,8.943059,-0.003701
1.887755,0.936869,9194,101300.107596,8.943630,-0.003820
1.887755,0.941919,9195,101300.109372,8.944195,-0.003977
1.887755,0.946970,9196,101300.111015,8.944757,-0.004103
1.887755,0.952020,9197,101300.112496,8.945310,-0.004295
1.887755,0.957071,9198,101300.113852,8.945857,-0.004418
1.887755,0.962121,9199,101300.115040,8.946377,-0.004651
1.887755,0.967172,9200,101300.116109,8.946824,-0.004761
1.887755,0.972222,9201,101300.117006,8.946987,-0.005038
1.887755,0.977273,9202,101300.117788,8.946078,-0.005127
1.887755,0.982323,9203,101300.118398,8.939465,-0.005436
1.887755,0.987374,9204,101300.118891,8.911473,-0.005431
1.887755,0.992424,9205,101300.119213,8.612397,-0.005342
1.887755,0.997475,9206,101300.119358,7.998450,-0.002561
1.908163,0.502525,9207,101299.675802,0.360639,-0.006116
1.908163,0.507576,9208,101299.675396,1.719903,-0.016777
1.908163,0.512626,9209,101299.675529,2.892281,-0.022033
1.908163,0.517677,9210,101299.676055,3.870075,-0.031116
1.908163,0.522727,9211,101299.677134,4.668681,-0.033162
1.908163,0.527778,9212,101299.679242,5.325568,-0.039259
1.908163,0.532828,9213,101299.681464,5.869057,-0.039955
1.908163,0.537879,9214,101299.684919,6.322623,-0.043483
1.908163,0.542929,9215,101299.688324,6.703970,-0.043672
1.908163,0.547980,9216,101299.692765,7.026545,-0.045322
1.908163,0.553030,9217,101299.697223,7.300618,-0.045223
1.908163,0.558081,9218,101299.702393,7.534063,-0.045662
1.908163,0.563131,9219,101299.707684,7.733213,-0.045284
1.908163,0.568182,9220,101299.713415,7.903178,-0.045002
1.908163,0.573232,9221,101299.719313,8.048247,-0.044353
1.908163,0.578283,9222,101299.725478,8.172026,-0.043654
1.908163,0.583333,9223,101299.731798,8.277595,-0.042785
1.908163,0.588384,9224,101299.738283,8.367602,-0.041846
1.908163,0.593434,9225,101299.744889,8.444314,-0.040822
1.908163,0.598485,9226,101299.751598,8.509696,-0.039748
1.908163,0.603535,9227,101299.758389,8.565420,-0.038632
1.908163,0.608586,9228,101299.765242,8.612933,-0.037489
1.908163,0.613636,9229,101299.772144,8.653465,-0.036331
1.908163,0.618687,9230,101299.779078,8.688083,-0.035165
1.908163,0.623737,9231,101299.786035,8.717683,-0.033998
1.908163,0.628788,9232,101299.793000,8.743041,-0.032836
1.908163,0.633838,9233,101299.799969,8.764800,-0.031685
1.908163,0.638889,9234,101299.806928,8.783521,-0.030547
1.908163,0.643939,9235,101299.813875,8.799663,-0.029427
1.908163,0.648990,9236,101299.820798,8.813625,-0.028326
1.908163,0.654040,9237,101299.827695,8.825733,-0.027248
1.908163,0.659091,9238,101299.834557,8.836276,-0.026193
1.908163,0.664141,9239,101299.841384,8.845482,-0.025162
1.908163,0.669192,9240,101299.848165,8.853559,-0.024156
1.908163,0.674242,9241,101299.854903,8.860666,-0.023177
1.908163,0.679293,9242,101299.861588,8.866952,-0.022224
1.908163,0.684343,9243,101299.868222,8.872528,-0.021298
1.908163,0.689394,9244,101299.874796,8.877500,-0.020399
1.908163,0.694444,9245,101299.881313,8.881948,-0.019528
1.908163,0.699495,9246,101299.887764,8.885950,-0.018683
1.908163,0.704545,9247,101299.894152,8.889560,-0.017866
1.908163,0.709596,9248,101299.900469,8.892837,-0.017076
1.908163,0.714646,9249,101299.906718,8.895817,-0.016313
1.908163,0.719697,9250,101299.912891,8.898545,-0.015577
1.908163,0.724747,9251,101299.918992,8.901045,-0.014867
1.908163,0.729798,9252,101299.925013,8.903352,-0.014183
1.908163,0.734848,9253,101299.930957,8.905482,-0.013526
1.908163,0.739899,9254,101299.936817,8.907463,-0.012894
1.908163,0.744949,9255,101299.942597,8.909306,-0.012288
1.908163,0.750000,9256,101299.948289,8.911032,-0.011706
1.908163,0.755051,9257,101299.953896,8.912648,-0.011150
1.908163,0.760101,9258,101299.959412,8.914171,-0.010618
1.908163,0.765152,9259,101299.964841,8.915606,-0.010110
1.908163,0.770202,9260,101299.970175,8.916968,-0.009626
1.908163,0.775253,9261,101299.975418,8.918257,-0.009165
1.908163,0.780303,9262,101299.980564,8.919487,-0.008728
1.908163,0.785354,9263,101299.985615,8.920658,-0.008313
1.908163,0.790404,9264,101299.990566,8.921782,-0.007920
1.908163,0.795455,9265,101299.995420,8.922857,-0.007550
1.908163,0.800505,9266,101300.000170,8.923893,-0.007201
1.908163,0.805556,9267,101300.004820,8.924888,-0.006873
1.908163,0.810606,9268,101300.009364,8.925852,-0.006566
1.908163,0.815657,9269,101300.013806,8.926781,-0.006279
1.908163,0.820707,9270,101300.018138,8.927685,-0.006012
1.908163,0.825758,9271,101300.022365,8.928559,-0.005765
1.908163,0.830808,9272,101300.026481,8.929412,-0.005538
1.908163,0.835859,9273,101300.030489,8.930240,-0.005329
1.908163,0.840909,9274,101300.034383,8.931051,-0.005138
1.908163,0.845960,9275,101300.038166,8.931840,-0.004965
1.908163,0.851010,9276,101300.041834,8.932616,-0.004810
1.908163,0.856061,9277,101300.045389,8.933372,-0.004672
1.908163,0.861111,9278,101300.048825,8.934117,-0.004551
1.908163,0.866162,9279,101300.052147,8.934846,-0.004446
1.908163,0.871212,9280,101300.055348,8.935565,-0.004357
1.908163,0.876263,9281,101300.058432,8.936269,-0.004284
1.908163,0.881313,9282,101300.061394,8.936966,-0.004225
1.908163,0.886364,9283,101300.064237,8.937650,-0.004181
1.908163,0.891414,9284,101300.066957,8.938327,-0.004152
1.908163,0.896465,9285,101300.069556,8.938993,-0.004135
1.908163,0.901515,9286,101300.072029,8.939654,-0.004133
1.908163,0.906566,9287,101300.074381,8.940303,-0.004143
1.908163,0.911616,9288,101300.076606,8.940949,-0.004167
1.908163,0.916667,9289,101300.078710,8.941584,-0.004200
1.908163,0.921717,9290,101300.080685,8.942216,-0.004250
1.908163,0.926768,9291,101300.082539,8.942838,-0.004303
1.908163,0.931818,9292,101300.084262,8.943457,-0.004380
1.908163,0.936869,9293,101300.085869,8.944066,-0.004448
1.908163,0.941919,9294,101300.087338,8.944673,-0.004555
1.908163,0.946970,9295,101300.088700,8.945268,-0.004629
1.908163,0.952020,9296,101300.089917,8.945862,-0.004772
1.908163,0.957071,9297,101300.091036,8.946437,-0.004844
1.908163,0.962121,9298,101300.092005,8.946993,-0.005027
1.908163,0.967172,9299,101300.092884,8.947465,-0.005088
1.908163,0.972222,9300,101300.093610,8.947654,-0.005316
1.908163,0.977273,9301,101300.094251,8.946742,-0.005358
1.908163,0.982323,9302,101300.094742,8.940003,-0.005617
1.908163,0.987374,9303,101300.095147,8.911143,-0.005564
1.908163,0.992424,9304,101300.095405,8.606473,-0.005412
1.908163,0.997475,9305,101300.095525,7.982383,-0.002584
1.928571,0.502525,9306,101299.738839,0.403761,-0.005823
1.928571,0.507576,9307,101299.738469,1.756172,-0.016931
1.928571,0.512626,9308,101299.738554,2.921803,-0.022847
1.928571,0.517677,9309,101299.738930,3.893024,-0.031986
1.928571,0.522727,9310,101299.739741,4.686325,-0.034503
1.928571,0.527778,9311,101299.741364,5.338887,-0.040652
1.928571,0.532828,9312,101299.743002,5.878874,-0.041627
1.928571,0.537879,9313,101299.745657,6.329598,-0.045236
1.928571,0.542929,9314,101299.748158,6.708644,-0.045569
1.928571,0.547980,9315,101299.751534,7.029340,-0.047310
1.928571,0.553030,9316,101299.754823,7.301880,-0.047287
1.928571,0.558081,9317,101299.758721,7.534060,-0.047805
1.928571,0.563131,9318,101299.762650,7.732178,-0.047475
1.928571,0.568182,9319,101299.766958,7.901291,-0.047251
1.928571,0.573232,9320,101299.771369,8.045672,-0.046639
1.928571,0.578283,9321,101299.776013,8.168888,-0.045980
1.928571,0.583333,9322,101299.780775,8.274016,-0.045138
1.928571,0.588384,9323,101299.785687,8.363669,-0.044226
1.928571,0.593434,9324,101299.790703,8.440115,-0.043222
1.928571,0.598485,9325,101299.795823,8.505290,-0.042166
1.928571,0.603535,9326,101299.801022,8.560874,-0.041062
1.928571,0.608586,9327,101299.806294,8.608290,-0.039930
1.928571,0.613636,9328,101299.811623,8.648772,-0.038778
1.928571,0.618687,9329,101299.817002,8.683364,-0.037616
1.928571,0.623737,9330,101299.822417,8.712972,-0.036451
1.928571,0.628788,9331,101299.827864,8.738353,-0.035288
1.928571,0.633838,9332,101299.833330,8.760159,-0.034134
1.928571,0.638889,9333,101299.838812,8.778935,-0.032991
1.928571,0.643939,9334,101299.844300,8.795151,-0.031864
1.928571,0.648990,9335,101299.849791,8.809191,-0.030755
1.928571,0.654040,9336,101299.855276,8.821390,-0.029665
1.928571,0.659091,9337,101299.860753,8.832023,-0.028598
1.928571,0.664141,9338,101299.866213,8.841331,-0.027553
1.928571,0.669192,9339,101299.871654,8.849506,-0.026532
1.928571,0.674242,9340,101299.877071,8.856720,-0.025536
1.928571,0.679293,9341,101299.882461,8.863108,-0.024565
1.928571,0.684343,9342,101299.887817,8.868794,-0.023620
1.928571,0.689394,9343,101299.893140,8.873871,-0.022701
1.928571,0.694444,9344,101299.898422,8.878430,-0.021807
1.928571,0.699495,9345,101299.903663,8.882537,-0.020940
1.928571,0.704545,9346,101299.908858,8.886258,-0.020100
1.928571,0.709596,9347,101299.914007,8.889639,-0.019285
1.928571,0.714646,9348,101299.919103,8.892729,-0.018496
1.928571,0.719697,9349,101299.924147,8.895559,-0.017733
1.928571,0.724747,9350,101299.929134,8.898168,-0.016996
1.928571,0.729798,9351,101299.934065,8.900576,-0.016284
1.928571,0.734848,9352,101299.938933,8.902813,-0.015598
1.928571,0.739899,9353,101299.943741,8.904892,-0.014936
1.928571,0.744949,9354,101299.948483,8.906839,-0.014300
1.928571,0.750000,9355,101299.953160,8.908661,-0.013687
1.928571,0.755051,9356,101299.957767,8.910378,-0.013099
1.928571,0.760101,9357,101299.962306,8.911996,-0.012535
1.928571,0.765152,9358,101299.966771,8.913530,-0.011994
1.928571,0.770202,9359,101299.971164,8.914982,-0.011476
1.928571,0.775253,9360,101299.975480,8.916368,-0.010982
1.928571,0.780303,9361,101299.979722,8.917686,-0.010509
1.928571,0.785354,9362,101299.983883,8.918950,-0.010059
1.928571,0.790404,9363,101299.987967,8.920159,-0.009631
1.928571,0.795455,9364,101299.991968,8.921324,-0.009224
1.928571,0.800505,9365,101299.995887,8.922443,-0.008839
1.928571,0.805556,9366,101299.999722,8.923525,-0.008474
1.928571,0.810606,9367,101300.003472,8.924568,-0.008129
1.928571,0.815657,9368,101300.007135,8.925581,-0.007804
1.928571,0.820707,9369,101300.010711,8.926560,-0.007499
1.928571,0.825758,9370,101300.014197,8.927515,-0.007213
1.928571,0.830808,9371,101300.017594,8.928441,-0.006946
1.928571,0.835859,9372,101300.020898,8.929347,-0.006698
1.928571,0.840909,9373,101300.024110,8.930227,-0.006467
1.928571,0.845960,9374,101300.027228,8.931091,-0.006254
1.928571,0.851010,9375,101300.030252,8.931932,-0.006058
1.928571,0.856061,9376,101300.033178,8.932759,-0.005878
1.928571,0.861111,9377,101300.036009,8.933568,-0.005716
1.928571,0.866162,9378,101300.038740,8.934363,-0.005569
1.928571,0.871212,9379,101300.041373,8.935142,-0.005437
1.928571,0.876263,9380,101300.043904,8.935911,-0.005321
1.928571,0.881313,9381,101300.046335,8.936664,-0.005220
1.928571,0.886364,9382,101300.048663,8.937408,-0.005132
1.928571,0.891414,9383,101300.050889,8.938139,-0.005059
1.928571,0.896465,9384,101300.053010,8.938862,-0.004999
1.928571,0.901515,9385,101300.055027,8.939572,-0.004953
1.928571,0.906566,9386,101300.056938,8.940276,-0.004919
1.928571,0.911616,9387,101300.058743,8.940968,-0.004898
1.928571,0.916667,9388,101300.060442,8.941654,-0.004887
1.928571,0.921717,9389,101300.062033,8.942330,-0.004893
1.928571,0.926768,9390,101300.063520,8.942999,-0.004901
1.928571,0.931818,9391,101300.064895,8.943659,-0.004934
1.928571,0.936869,9392,101300.066170,8.944313,-0.004956
1.928571,0.941919,9393,101300.067329,8.944957,-0.005020
1.928571,0.946970,9394,101300.068396,8.945595,-0.005050
1.928571,0.952020,9395,101300.069342,8.946222,-0.005150
1.928571,0.957071,9396,101300.070205,8.946837,-0.005179
1.928571,0.962121,9397,101300.070944,8.947423,-0.005321
1.928571,0.967172,9398,101300.071610,8.947928,-0.005341
1.928571,0.972222,9399,101300.072151,8.948140,-0.005529
1.928571,0.977273,9400,101300.072628,8.947234,-0.005533
1.928571,0.982323,9401,101300.072986,8.940360,-0.005753
1.928571,0.987374,9402,101300.073282,8.910617,-0.005663
1.928571,0.992424,9403,101300.073471,8.600350,-0.005463
1.928571,0.997475,9404,101300.073556,7.966152,-0.002600
1.948980,0.502525,9405,101299.799387,0.447109,-0.005861
1.948980,0.507576,9406,101299.799087,1.793925,-0.017250
1.948980,0.512626,9407,101299.799270,2.952515,-0.023710
1.948980,0.517677,9408,101299.799698,3.916903,-0.032830
1.948980,0.522727,9409,101299.800470,4.704727,-0.035705
1.948980,0.527778,9410,101299.801839,5.352823,-0.041815
1.948980,0.532828,9411,101299.803109,5.889177,-0.042983
1.948980,0.537879,9412,101299.805149,6.336977,-0.046595
1.948980,0.542929,9413,101299.806909,6.713645,-0.047012
1.948980,0.547980,9414,101299.809352,7.032420,-0.048790
1.948980,0.553030,9415,101299.811588,7.303380,-0.048806
1.948980,0.558081,9416,101299.814302,7.534271,-0.049370
1.948980,0.563131,9417,101299.816952,7.731324,-0.049066
1.948980,0.568182,9418,101299.819900,7.899570,-0.048884
1.948980,0.573232,9419,101299.822888,8.043238,-0.048297
1.948980,0.578283,9420,101299.826062,8.165883,-0.047672
1.948980,0.583333,9421,101299.829321,8.270547,-0.046856
1.948980,0.588384,9422,101299.832707,8.359840,-0.045972
1.948980,0.593434,9423,101299.836188,8.436001,-0.044992
1.948980,0.598485,9424,101299.839766,8.500965,-0.043959
1.948980,0.603535,9425,101299.843429,8.556389,-0.042876
1.948980,0.608586,9426,101299.847171,8.603702,-0.041762
1.948980,0.613636,9427,101299.850984,8.644117,-0.040626
1.948980,0.618687,9428,101299.854860,8.678681,-0.039478
1.948980,0.623737,9429,101299.858794,8.708281,-0.038324
1.948980,0.628788,9430,101299.862775,8.733681,-0.037171
1.948980,0.633838,9431,101299.866800,8.755521,-0.036024
1.948980,0.638889,9432,101299.870860,8.774350,-0.034887
1.948980,0.643939,9433,101299.874950,8.790626,-0.033763
1.948980,0.648990,9434,101299.879062,8.804741,-0.032654
1.948980,0.654040,9435,101299.883193,8.817019,-0.031564
1.948980,0.659091,9436,101299.887335,8.827741,-0.030494
1.948980,0.664141,9437,101299.891485,8.837138,-0.029444
1.948980,0.669192,9438,101299.895636,8.845410,-0.028417
1.948980,0.674242,9439,101299.899785,8.852719,-0.027413
1.948980,0.679293,9440,101299.903925,8.859210,-0.026433
1.948980,0.684343,9441,101299.908055,8.864995,-0.025477
1.948980,0.689394,9442,101299.912169,8.870177,-0.024545
1.948980,0.694444,9443,101299.916264,8.874837,-0.023638
1.948980,0.699495,9444,101299.920335,8.879050,-0.022756
1.948980,0.704545,9445,101299.924382,8.882872,-0.021900
1.948980,0.709596,9446,101299.928398,8.886358,-0.021068
1.948980,0.714646,9447,101299.932383,8.889548,-0.020261
1.948980,0.719697,9448,101299.936331,8.892484,-0.019479
1.948980,0.724747,9449,101299.940243,8.895191,-0.018721
1.948980,0.729798,9450,101299.944114,8.897703,-0.017988
1.948980,0.734848,9451,101299.947944,8.900037,-0.017280
1.948980,0.739899,9452,101299.951727,8.902218,-0.016596
1.948980,0.744949,9453,101299.955466,8.904260,-0.015936
1.948980,0.750000,9454,101299.959154,8.906182,-0.015299
1.948980,0.755051,9455,101299.962792,8.907992,-0.014686
1.948980,0.760101,9456,101299.966377,8.909706,-0.014096
1.948980,0.765152,9457,101299.969909,8.911330,-0.013529
1.948980,0.770202,9458,101299.973384,8.912878,-0.012985
1.948980,0.775253,9459,101299.976802,8.914351,-0.012463
1.948980,0.780303,9460,101299.980160,8.915761,-0.011963
1.948980,0.785354,9461,101299.983459,8.917111,-0.011485
1.948980,0.790404,9462,101299.986695,8.918409,-0.011028
1.948980,0.795455,9463,101299.989869,8.919656,-0.010591
1.948980,0.800505,9464,101299.992977,8.920860,-0.010176
1.948980,0.805556,9465,101299.996020,8.922022,-0.009781
1.948980,0.810606,9466,101299.998995,8.923148,-0.009406
1.948980,0.815657,9467,101300.001903,8.924237,-0.009050
1.948980,0.820707,9468,101300.004740,8.925297,-0.008713
1.948980,0.825758,9469,101300.007507,8.926325,-0.008395
1.948980,0.830808,9470,101300.010201,8.927328,-0.008096
1.948980,0.835859,9471,101300.012824,8.928304,-0.007814
1.948980,0.840909,9472,101300.015371,8.929258,-0.007550
1.948980,0.845960,9473,101300.017843,8.930188,-0.007304
1.948980,0.851010,9474,101300.020238,8.931100,-0.007074
1.948980,0.856061,9475,101300.022557,8.931991,-0.006860
1.948980,0.861111,9476,101300.024796,8.932866,-0.006663
1.948980,0.866162,9477,101300.026956,8.933722,-0.006481
1.948980,0.871212,9478,101300.029034,8.934565,-0.006314
1.948980,0.876263,9479,101300.031031,8.935390,-0.006162
1.948980,0.881313,9480,101300.032943,8.936204,-0.006024
1.948980,0.886364,9481,101300.034772,8.937002,-0.005900
1.948980,0.891414,9482,101300.036515,8.937790,-0.005790
1.948980,0.896465,9483,101300.038172,8.938564,-0.005693
1.948980,0.901515,9484,101300.039740,8.939328,-0.005609
1.948980,0.906566,9485,101300.041222,8.940080,-0.005536
1.948980,0.911616,9486,101300.042611,8.940824,-0.005478
1.948980,0.916667,9487,101300.043913,8.941555,-0.005428
1.948980,0.921717,9488,101300.045119,8.942279,-0.005395
1.948980,0.926768,9489,101300.046239,8.942991,-0.005364
1.948980,0.931818,9490,101300.047259,8.943697,-0.005358
1.948980,0.936869,9491,101300.048197,8.944391,-0.005341
1.948980,0.941919,9492,101300.049030,8.945080,-0.005367
1.948980,0.946970,9493,101300.049787,8.945755,-0.005358
1.948980,0.952020,9494,101300.050434,8.946425,-0.005420
1.948980,0.957071,9495,101300.051016,8.947077,-0.005413
1.948980,0.962121,9496,101300.051487,8.947703,-0.005519
1.948980,0.967172,9497,101300.051904,8.948243,-0.005506
1.948980,0.972222,9498,101300.052215,8.948488,-0.005661
1.948980,0.977273,9499,101300.052487,8.947589,-0.005636
1.948980,0.982323,9500,101300.052664,8.940590,-0.005829
1.948980,0.987374,9501,101300.052814,8.909946,-0.005716
1.948980,0.992424,9502,101300.052900,8.594099,-0.005485
1.948980,0.997475,9503,101300.052940,7.949817,-0.002607
1.969388,0.502525,9504,101299.858961,0.492254,-0.006479
1.969388,0.507576,9505,101299.858820,1.833021,-0.018009
1.969388,0.512626,9506,101299.859331,2.984060,-0.024882
1.969388,0.517677,9507,101299.860068,3.941273,-0.033838
1.969388,0.522727,9508,101299.861013,4.723453,-0.036889
1.969388,0.527778,9509,101299.862285,5.366955,-0.042813
1.969388,0.532828,9510,101299.863257,5.899613,-0.044041
1.969388,0.537879,9511,101299.864701,6.344448,-0.047548
1.969388,0.542929,9512,101299.865682,6.718739,-0.047971
1.969388,0.547980,9513,101299.867124,7.035588,-0.049721
1.969388,0.553030,9514,101299.868214,7.304980,-0.049735
1.969388,0.558081,9515,101299.869649,7.534581,-0.050312
1.969388,0.563131,9516,101299.870921,7.730580,-0.050017
1.969388,0.568182,9517,101299.872422,7.897958,-0.049864
1.969388,0.573232,9518,101299.873906,8.040921,-0.049299
1.969388,0.578283,9519,101299.875551,8.162989,-0.048709
1.969388,0.583333,9520,101299.877258,8.267193,-0.047924
1.969388,0.588384,9521,101299.879093,8.356116,-0.047076
1.969388,0.593434,9522,101299.881022,8.431992,-0.046130
1.969388,0.598485,9523,101299.883063,8.496734,-0.045131
1.969388,0.603535,9524,101299.885203,8.551997,-0.044081
1.969388,0.608586,9525,101299.887443,8.599192,-0.042998
1.969388,0.613636,9526,101299.889775,8.639535,-0.041891
1.969388,0.618687,9527,101299.892196,8.674056,-0.040769
1.969388,0.623737,9528,101299.894696,8.703644,-0.039639
1.969388,0.628788,9529,101299.897272,8.729051,-0.038508
1.969388,0.633838,9530,101299.899914,8.750919,-0.037379
1.969388,0.638889,9531,101299.902616,8.769788,-0.036258
1.969388,0.643939,9532,101299.905371,8.786118,-0.035148
1.969388,0.648990,9533,101299.908173,8.800295,-0.034051
1.969388,0.654040,9534,101299.911013,8.812648,-0.032969
1.969388,0.659091,9535,101299.913889,8.823447,-0.031905
1.969388,0.664141,9536,101299.916790,8.832930,-0.030860
1.969388,0.669192,9537,101299.919715,8.841288,-0.029835
1.969388,0.674242,9538,101299.922654,8.848690,-0.028831
1.969388,0.679293,9539,101299.925607,8.855272,-0.027849
1.969388,0.684343,9540,101299.928565,8.861154,-0.026890
1.969388,0.689394,9541,101299.931526,8.866432,-0.025953
1.969388,0.694444,9542,101299.934484,8.871192,-0.025040
1.969388,0.699495,9543,101299.937437,8.875501,-0.024150
1.969388,0.704545,9544,101299.940380,8.879424,-0.023284
1.969388,0.709596,9545,101299.943311,8.883007,-0.022441
1.969388,0.714646,9546,101299.946226,8.886298,-0.021623
1.969388,0.719697,9547,101299.949122,8.889329,-0.020828
1.969388,0.724747,9548,101299.951996,8.892137,-0.020057
1.969388,0.729798,9549,101299.954847,8.894744,-0.019309
1.969388,0.734848,9550,101299.957671,8.897177,-0.018585
1.969388,0.739899,9551,101299.960467,8.899453,-0.017885
1.969388,0.744949,9552,101299.963231,8.901591,-0.017208
1.969388,0.750000,9553,101299.965964,8.903605,-0.016553
1.969388,0.755051,9554,101299.968661,8.905510,-0.015922
1.969388,0.760101,9555,101299.971324,8.907315,-0.015313
1.969388,0.765152,9556,101299.973947,8.909032,-0.014726
1.969388,0.770202,9557,101299.976532,8.910667,-0.014162
1.969388,0.775253,9558,101299.979075,8.912231,-0.013619
1.969388,0.780303,9559,101299.981577,8.913727,-0.013097
1.969388,0.785354,9560,101299.984034,8.915165,-0.012597
1.969388,0.790404,9561,101299.986448,8.916546,-0.012118
1.969388,0.795455,9562,101299.988814,8.917878,-0.011659
1.969388,0.800505,9563,101299.991134,8.919162,-0.011221
1.969388,0.805556,9564,101299.993405,8.920406,-0.010802
1.969388,0.810606,9565,101299.995627,8.921610,-0.010403
1.969388,0.815657,9566,101299.997798,8.922778,-0.010023
1.969388,0.820707,9567,101299.999918,8.923912,-0.009661
1.969388,0.825758,9568,101300.001984,8.925016,-0.009318
1.969388,0.830808,9569,101300.003998,8.926091,-0.008993
1.969388,0.835859,9570,101300.005955,8.927139,-0.008686
1.969388,0.840909,9571,101300.007857,8.928161,-0.008396
1.969388,0.845960,9572,101300.009702,8.929161,-0.008123
1.969388,0.851010,9573,101300.011489,8.930138,-0.007866
1.969388,0.856061,9574,101300.013216,8.931095,-0.007625
1.969388,0.861111,9575,101300.014884,8.932032,-0.007399
1.969388,0.866162,9576,101300.016489,8.932951,-0.007189
1.969388,0.871212,9577,101300.018032,8.933852,-0.006994
1.969388,0.876263,9578,101300.019510,8.934737,-0.006813
1.969388,0.881313,9579,101300.020924,8.935605,-0.006645
1.969388,0.886364,9580,101300.022270,8.936460,-0.006491
1.969388,0.891414,9581,101300.023549,8.937299,-0.006351
1.969388,0.896465,9582,101300.024757,8.938127,-0.006222
1.969388,0.901515,9583,101300.025894,8.938940,-0.006107
1.969388,0.906566,9584,101300.026958,8.939741,-0.006002
1.969388,0.911616,9585,101300.027947,8.940530,-0.005910
1.969388,0.916667,9586,101300.028860,8.941309,-0.005826
1.969388,0.921717,9587,101300.029692,8.942076,-0.005759
1.969388,0.926768,9588,101300.030446,8.942834,-0.005693
1.969388,0.931818,9589,101300.031114,8.943581,-0.005652
1.969388,0.936869,9590,101300.031704,8.944319,-0.005598
1.969388,0.941919,9591,101300.032198,8.945049,-0.005588
1.969388,0.946970,9592,101300.032619,8.945768,-0.005542
1.969388,0.952020,9593,101300.032936,8.946479,-0.005568
1.969388,0.957071,9594,101300.033187,8.947176,-0.005524
1.969388,0.962121,9595,101300.033330,8.947845,-0.005595
1.969388,0.967172,9596,101300.033419,8.948432,-0.005549
1.969388,0.972222,9597,101300.033407,8.948719,-0.005674
1.969388,0.977273,9598,101300.033361,8.947846,-0.005626
1.969388,0.982323,9599,101300.033241,8.940730,-0.005799
1.969388,0.987374,9600,101300.033121,8.909201,-0.005682
1.969388,0.992424,9601,101300.033008,8.587797,-0.005449
1.969388,0.997475,9602,101300.032948,7.933467,-0.002592
1.989796,0.502525,9603,101299.920149,0.536400,-0.008226
1.989796,0.507576,9604,101299.920373,1.871639,-0.019683
1.989796,0.512626,9605,101299.921581,3.014601,-0.026676
1.989796,0.517677,9606,101299.922863,3.964529,-0.035110
1.989796,0.522727,9607,101299.924024,4.741116,-0.038010
1.989796,0.527778,9608,101299.925059,5.380163,-0.043510
1.989796,0.532828,9609,101299.925453,5.909288,-0.044616
1.989796,0.537879,9610,101299.925933,6.351346,-0.047894
1.989796,0.542929,9611,101299.925735,6.723426,-0.048248
1.989796,0.547980,9612,101299.925766,7.038506,-0.049920
1.989796,0.553030,9613,101299.925332,7.306454,-0.049912
1.989796,0.558081,9614,101299.925139,7.534876,-0.050494
1.989796,0.563131,9615,101299.924739,7.729903,-0.050214
1.989796,0.568182,9616,101299.924545,7.896484,-0.050103
1.989796,0.573232,9617,101299.924335,8.038794,-0.049578
1.989796,0.578283,9618,101299.924302,8.160331,-0.049044
1.989796,0.583333,9619,101299.924359,8.264104,-0.048312
1.989796,0.588384,9620,101299.924577,8.352682,-0.047523
1.989796,0.593434,9621,101299.924928,8.428285,-0.046632
1.989796,0.598485,9622,101299.925430,8.492817,-0.045690
1.989796,0.603535,9623,101299.926072,8.547918,-0.044692
1.989796,0.608586,9624,101299.926852,8.594998,-0.043660
1.989796,0.613636,9625,101299.927762,8.635260,-0.042598
1.989796,0.618687,9626,101299.928795,8.669736,-0.041519
1.989796,0.623737,9627,101299.929942,8.699301,-0.040428
1.989796,0.628788,9628,101299.931192,8.724707,-0.039331
1.989796,0.633838,9629,101299.932538,8.746590,-0.038234
1.989796,0.638889,9630,101299.933968,8.765490,-0.037140
1.989796,0.643939,9631,101299.935476,8.781861,-0.036053
1.989796,0.648990,9632,101299.937050,8.796091,-0.034976
1.989796,0.654040,9633,101299.938686,8.808503,-0.033912
1.989796,0.659091,9634,101299.940372,8.819371,-0.032862
1.989796,0.664141,9635,101299.942104,8.828924,-0.031828
1.989796,0.669192,9636,101299.943873,8.837360,-0.030812
1.989796,0.674242,9637,101299.945674,8.844841,-0.029815
1.989796,0.679293,9638,101299.947501,8.851507,-0.028838
1.989796,0.684343,9639,101299.949350,8.857473,-0.027881
1.989796,0.689394,9640,101299.951213,8.862839,-0.026945
1.989796,0.694444,9641,101299.953089,8.867686,-0.026031
1.989796,0.699495,9642,101299.954972,8.872086,-0.025139
1.989796,0.704545,9643,101299.956859,8.876097,-0.024269
1.989796,0.709596,9644,101299.958747,8.879772,-0.023421
1.989796,0.714646,9645,101299.960632,8.883152,-0.022597
1.989796,0.719697,9646,101299.962511,8.886275,-0.021795
1.989796,0.724747,9647,101299.964383,8.889172,-0.021015
1.989796,0.729798,9648,101299.966243,8.891870,-0.020259
1.989796,0.734848,9649,101299.968092,8.894391,-0.019525
1.989796,0.739899,9650,101299.969925,8.896757,-0.018814
1.989796,0.744949,9651,101299.971743,8.898983,-0.018125
1.989796,0.750000,9652,101299.973541,8.901086,-0.017458
1.989796,0.755051,9653,101299.975321,8.903077,-0.016814
1.989796,0.760101,9654,101299.977078,8.904969,-0.016192
1.989796,0.765152,9655,101299.978814,8.906770,-0.015592
1.989796,0.770202,9656,101299.980525,8.908490,-0.015013
1.989796,0.775253,9657,101299.982211,8.910136,-0.014455
1.989796,0.780303,9658,101299.983871,8.911715,-0.013919
1.989796,0.785354,9659,101299.985504,8.913232,-0.013403
1.989796,0.790404,9660,101299.987107,8.914694,-0.012908
1.989796,0.795455,9661,101299.988682,8.916103,-0.012433
1.989796,0.800505,9662,101299.990226,8.917466,-0.011978
1.989796,0.805556,9663,101299.991739,8.918785,-0.011542
1.989796,0.810606,9664,101299.993220,8.920063,-0.011126
1.989796,0.815657,9665,101299.994668,8.921304,-0.010728
1.989796,0.820707,9666,101299.996081,8.922510,-0.010349
1.989796,0.825758,9667,101299.997460,8.923684,-0.009987
1.989796,0.830808,9668,101299.998803,8.924827,-0.009644
1.989796,0.835859,9669,101300.000110,8.925942,-0.009318
1.989796,0.840909,9670,101300.001379,8.927031,-0.009008
1.989796,0.845960,9671,101300.002610,8.928093,-0.008716
1.989796,0.851010,9672,101300.003801,8.929133,-0.008439
1.989796,0.856061,9673,101300.004953,8.930150,-0.008178
1.989796,0.861111,9674,101300.006063,8.931147,-0.007932
1.989796,0.866162,9675,101300.007131,8.932122,-0.007701
1.989796,0.871212,9676,101300.008154,8.933079,-0.007484
1.989796,0.876263,9677,101300.009133,8.934018,-0.007280
1.989796,0.881313,9678,101300.010066,8.934939,-0.007091
1.989796,0.886364,9679,101300.010950,8.935843,-0.006914
1.989796,0.891414,9680,101300.011785,8.936733,-0.006749
1.989796,0.896465,9681,101300.012568,8.937606,-0.006596
1.989796,0.901515,9682,101300.013296,8.938465,-0.006455
1.989796,0.906566,9683,101300.013969,8.939310,-0.006324
1.989796,0.911616,9684,101300.014581,8.940142,-0.006205
1.989796,0.916667,9685,101300.015133,8.940961,-0.006092
1.989796,0.921717,9686,101300.015614,8.941769,-0.005995
1.989796,0.926768,9687,101300.016030,8.942564,-0.005897
1.989796,0.931818,9688,101300.016364,8.943351,-0.005822
1.989796,0.936869,9689,101300.016625,8.944126,-0.005733
1.989796,0.941919,9690,101300.016788,8.944894,-0.005685
1.989796,0.946970,9691,101300.016872,8.945653,-0.005598
1.989796,0.952020,9692,101300.016837,8.946407,-0.005581
1.989796,0.957071,9693,101300.016716,8.947148,-0.005491
1.989796,0.962121,9694,101300.016457,8.947871,-0.005515
1.989796,0.967172,9695,101300.016106,8.948517,-0.005421
1.989796,0.972222,9696,101300.015607,8.948874,-0.005498
1.989796,0.977273,9697,101300.015024,8.948067,-0.005408
1.989796,0.982323,9698,101300.014321,8.940907,-0.005548
1.989796,0.987374,9699,101300.013584,8.908609,-0.005437
1.989796,0.992424,9700,101300.012951,8.581824,-0.005269
1.989796,0.997475,9701,101300.012655,7.917619,-0.002529
2.010204,0.502525,9702,101299.997200,0.645796,-0.012628
2.010204,0.507576,9703,101299.998427,1.927976,-0.022961
2.010204,0.512626,9704,101300.000630,3.054769,-0.028841
2.010204,0.517677,9705,101300.001817,3.994439,-0.035769
2.010204,0.522727,9706,101300.001780,4.763988,-0.037895
2.010204,0.527778,9707,101300.000645,5.397650,-0.042645
2.010204,0.532828,9708,101299.998271,5.922500,-0.043477
2.010204,0.537879,9709,101299.995551,6.361176,-0.046506
2.010204,0.542929,9710,101299.992012,6.730452,-0.046835
2.010204,0.547980,9711,101299.988631,7.043242,-0.048512
2.010204,0.553030,9712,101299.984869,7.309227,-0.048585
2.010204,0.558081,9713,101299.981460,7.536012,-0.049281
2.010204,0.563131,9714,101299.978015,7.729628,-0.049128
2.010204,0.568182,9715,101299.974958,7.895025,-0.049165
2.010204,0.573232,9716,101299.972078,8.036324,-0.048781
2.010204,0.578283,9717,101299.969568,8.157016,-0.048395
2.010204,0.583333,9718,101299.967330,8.260076,-0.047799
2.010204,0.588384,9719,101299.965427,8.348064,-0.047144
2.010204,0.593434,9720,101299.963813,8.423179,-0.046376
2.010204,0.598485,9721,101299.962494,8.487315,-0.045548
2.010204,0.603535,9722,101299.961440,8.542098,-0.044654
2.010204,0.608586,9723,101299.960638,8.588927,-0.043716
2.010204,0.613636,9724,101299.960062,8.628999,-0.042739
2.010204,0.618687,9725,101299.959695,8.663335,-0.041735
2.010204,0.623737,9726,101299.959513,8.692806,-0.040710
2.010204,0.628788,9727,101299.959499,8.718155,-0.039672
2.010204,0.633838,9728,101299.959633,8.740011,-0.038626
2.010204,0.638889,9729,101299.959897,8.758911,-0.037576
2.010204,0.643939,9730,101299.960276,8.775307,-0.036528
2.010204,0.648990,9731,101299.960755,8.789579,-0.035484
2.010204,0.654040,9732,101299.961321,8.802051,-0.034447
2.010204,0.659091,9733,101299.961963,8.812993,-0.033421
2.010204,0.664141,9734,101299.962671,8.822633,-0.032407
2.010204,0.669192,9735,101299.963434,8.831165,-0.031407
2.010204,0.674242,9736,101299.964245,8.838750,-0.030423
2.010204,0.679293,9737,101299.965096,8.845527,-0.029456
2.010204,0.684343,9738,101299.965980,8.851610,-0.028507
2.010204,0.689394,9739,101299.966893,8.857097,-0.027577
2.010204,0.694444,9740,101299.967829,8.862071,-0.026667
2.010204,0.699495,9741,101299.968783,8.866599,-0.025777
2.010204,0.704545,9742,101299.969752,8.870742,-0.024907
2.010204,0.709596,9743,101299.970732,8.874550,-0.024059
2.010204,0.714646,9744,101299.971719,8.878064,-0.023233
2.010204,0.719697,9745,101299.972713,8.881323,-0.022428
2.010204,0.724747,9746,101299.973708,8.884356,-0.021645
2.010204,0.729798,9747,101299.974704,8.887191,-0.020883
2.010204,0.734848,9748,101299.975699,8.889849,-0.020144
2.010204,0.739899,9749,101299.976690,8.892351,-0.019427
2.010204,0.744949,9750,101299.977677,8.894714,-0.018731
2.010204,0.750000,9751,101299.978658,8.896951,-0.018058
2.010204,0.755051,9752,101299.979631,8.899077,-0.017406
2.010204,0.760101,9753,101299.980595,8.901102,-0.016775
2.010204,0.765152,9754,101299.981550,8.903035,-0.016166
2.010204,0.770202,9755,101299.982494,8.904886,-0.015579
2.010204,0.775253,9756,101299.983426,8.906662,-0.015012
2.010204,0.780303,9757,101299.984346,8.908369,-0.014465
2.010204,0.785354,9758,101299.985253,8.910012,-0.013940
2.010204,0.790404,9759,101299.986146,8.911598,-0.013434
2.010204,0.795455,9760,101299.987024,8.913131,-0.012948
2.010204,0.800505,9761,101299.987887,8.914614,-0.012482
2.010204,0.805556,9762,101299.988733,8.916051,-0.012036
2.010204,0.810606,9763,101299.989563,8.917446,-0.011608
2.010204,0.815657,9764,101299.990376,8.918802,-0.011199
2.010204,0.820707,9765,101299.991171,8.920120,-0.010808
2.010204,0.825758,9766,101299.991948,8.921403,-0.010434
2.010204,0.830808,9767,101299.992706,8.922654,-0.010079
2.010204,0.835859,9768,101299.993444,8.923874,-0.009740
2.010204,0.840909,9769,101299.994162,8.925064,-0.009418
2.010204,0.845960,9770,101299.994859,8.926227,-0.009112
2.010204,0.851010,9771,101299.995535,8.927364,-0.008822
2.010204,0.856061,9772,101299.996188,8.928475,-0.008548
2.010204,0.861111,9773,101299.996819,8.929562,-0.008288
2.010204,0.866162,9774,101299.997425,8.930626,-0.008043
2.010204,0.871212,9775,101299.998006,8.931668,-0.007812
2.010204,0.876263,9776,101299.998561,8.932689,-0.007594
2.010204,0.881313,9777,101299.999089,8.933688,-0.007389
2.010204,0.886364,9778,101299.999588,8.934668,-0.007196
2.010204,0.891414,9779,101300.000056,8.935628,-0.007015
2.010204,0.896465,9780,101300.000492,8.936569,-0.006844
2.010204,0.901515,9781,101300.000892,8.937492,-0.006685
2.010204,0.906566,9782,101300.001254,8.938396,-0.006533
2.010204,0.911616,9783,101300.001573,8.939282,-0.006394
2.010204,0.916667,9784,101300.001847,8.940151,-0.006258
2.010204,0.921717,9785,101300.002066,8.941002,-0.006135
2.010204,0.926768,9786,101300.002230,8.941836,-0.006008
2.010204,0.931818,9787,101300.002319,8.942654,-0.005902
2.010204,0.936869,9788,101300.002335,8.943454,-0.005775
2.010204,0.941919,9789,101300.002246,8.944237,-0.005683
2.010204,0.946970,9790,101300.002055,8.945003,-0.005544
2.010204,0.952020,9791,101300.001707,8.945751,-0.005466
2.010204,0.957071,9792,101300.001204,8.946476,-0.005298
2.010204,0.962121,9793,101300.000459,8.947164,-0.005225
2.010204,0.967172,9794,101299.999457,8.947759,-0.005007
2.010204,0.972222,9795,101299.998065,8.948035,-0.004925
2.010204,0.977273,9796,101299.996221,8.947107,-0.004627
2.010204,0.982323,9797,101299.993728,8.939656,-0.004493
2.010204,0.987374,9798,101299.990432,8.906448,-0.004070
2.010204,0.992424,9799,101299.986297,8.573982,-0.003817
2.010204,0.997475,9800,101299.982879,7.898980,-0.001815
