x,y,cell_number,p_stat, vel_u, vel_v
0.010204,0.005071,0,101345.939698,2.558692,0.012719
0.010204,0.015172,1,101345.899968,2.578078,0.030768
0.010204,0.025273,2,101345.842312,2.599313,0.040787
0.010204,0.035373,3,101345.770338,2.623025,0.048736
0.010204,0.045474,4,101345.686233,2.649928,0.055305
0.010204,0.055575,5,101345.591603,2.679566,0.060826
0.010204,0.065676,6,101345.487637,2.711556,0.065530
0.010204,0.075777,7,101345.375251,2.745584,0.069583
0.010204,0.085877,8,101345.255161,2.781389,0.073105
0.010204,0.095978,9,101345.127948,2.818756,0.076186
0.010204,0.106079,10,101344.994084,2.857497,0.078895
0.010204,0.116180,11,101344.853969,2.897456,0.081286
0.010204,0.126281,12,101344.707944,2.938493,0.083401
0.010204,0.136381,13,101344.556304,2.980488,0.085275
0.010204,0.146482,14,101344.399315,3.023333,0.086934
0.010204,0.156583,15,101344.237213,3.066932,0.088402
0.010204,0.166684,16,101344.070218,3.111197,0.089696
0.010204,0.176785,17,101343.898534,3.156049,0.090833
0.010204,0.186885,18,101343.722353,3.201416,0.091826
0.010204,0.196986,19,101343.541861,3.247231,0.092685
0.010204,0.207087,20,101343.357237,3.293430,0.093420
0.010204,0.217188,21,101343.168657,3.339957,0.094038
0.010204,0.227289,22,101342.976295,3.386755,0.094548
0.010204,0.237389,23,101342.780323,3.433774,0.094954
0.010204,0.247490,24,101342.580913,3.480963,0.095263
0.010204,0.257591,25,101342.378239,3.528278,0.095478
0.010204,0.267692,26,101342.172473,3.575672,0.095605
0.010204,0.277793,27,101341.963793,3.623103,0.095647
0.010204,0.287893,28,101341.752376,3.670531,0.095607
0.010204,0.297994,29,101341.538402,3.717917,0.095489
0.010204,0.308095,30,101341.322052,3.765221,0.095295
0.010204,0.318196,31,101341.103513,3.812408,0.095029
0.010204,0.328297,32,101340.882970,3.859442,0.094692
0.010204,0.338397,33,101340.660613,3.906290,0.094287
0.010204,0.348498,34,101340.436634,3.952918,0.093816
0.010204,0.358599,35,101340.211225,3.999295,0.093282
0.010204,0.368700,36,101339.984583,4.045390,0.092686
0.010204,0.378801,37,101339.756903,4.091172,0.092031
0.010204,0.388901,38,101339.528385,4.136613,0.091319
0.010204,0.399002,39,101339.299227,4.181686,0.090551
0.010204,0.409103,40,101339.069629,4.226363,0.089729
0.010204,0.419204,41,101338.839793,4.270618,0.088856
0.010204,0.429305,42,101338.609917,4.314426,0.087933
0.010204,0.439405,43,101338.380204,4.357763,0.086962
0.010204,0.449506,44,101338.150853,4.400606,0.085944
0.010204,0.459607,45,101337.922063,4.442932,0.084882
0.010204,0.469708,46,101337.694032,4.484720,0.083778
0.010204,0.479809,47,101337.466957,4.525949,0.082632
0.010204,0.489910,48,101337.241033,4.566599,0.081447
0.010204,0.500010,49,101337.016453,4.606651,0.080225
0.010204,0.510111,50,101336.793406,4.646088,0.078967
0.010204,0.520212,51,101336.572082,4.684891,0.077675
0.010204,0.530313,52,101336.352664,4.723046,0.076350
0.010204,0.540414,53,101336.135336,4.760535,0.074995
0.010204,0.550514,54,101335.920274,4.797344,0.073610
0.010204,0.560615,55,101335.707654,4.833459,0.072197
0.010204,0.570716,56,101335.497646,4.868867,0.070759
0.010204,0.580817,57,101335.290419,4.903555,0.069295
0.010204,0.590918,58,101335.086134,4.937511,0.067809
0.010204,0.601018,59,101334.884949,4.970725,0.066301
0.010204,0.611119,60,101334.687020,5.003186,0.064772
0.010204,0.621220,61,101334.492495,5.034884,0.063224
0.010204,0.631321,62,101334.301520,5.065810,0.061659
0.010204,0.641422,63,101334.114234,5.095956,0.060077
0.010204,0.651522,64,101333.930773,5.125314,0.058479
0.010204,0.661623,65,101333.751267,5.153877,0.056868
0.010204,0.671724,66,101333.575843,5.181638,0.055243
0.010204,0.681825,67,101333.404620,5.208590,0.053607
0.010204,0.691926,68,101333.237717,5.234729,0.051959
0.010204,0.702026,69,101333.075243,5.260049,0.050302
0.010204,0.712127,70,101332.917306,5.284545,0.048635
0.010204,0.722228,71,101332.764007,5.308214,0.046960
0.010204,0.732329,72,101332.615445,5.331050,0.045277
0.010204,0.742430,73,101332.471712,5.353051,0.043587
0.010204,0.752530,74,101332.332896,5.374214,0.041892
0.010204,0.762631,75,101332.199081,5.394536,0.040190
0.010204,0.772732,76,101332.070349,5.414013,0.038484
0.010204,0.782833,77,101331.946774,5.432645,0.036773
0.010204,0.792934,78,101331.828429,5.450428,0.035058
0.010204,0.803034,79,101331.715382,5.467360,0.033339
0.010204,0.813135,80,101331.607698,5.483441,0.031617
0.010204,0.823236,81,101331.505439,5.498669,0.029891
0.010204,0.833337,82,101331.408663,5.513041,0.028162
0.010204,0.843438,83,101331.317426,5.526557,0.026430
0.010204,0.853538,84,101331.231780,5.539215,0.024695
0.010204,0.863639,85,101331.151779,5.551013,0.022956
0.010204,0.873740,86,101331.077471,5.561950,0.021213
0.010204,0.883841,87,101331.008907,5.572024,0.019465
0.010204,0.893942,88,101330.946136,5.581232,0.017710
0.010204,0.904042,89,101330.889211,5.589572,0.015948
0.010204,0.914143,90,101330.838191,5.597040,0.014175
0.010204,0.924244,91,101330.793141,5.603633,0.012386
0.010204,0.934345,92,101330.754143,5.609343,0.010576
0.010204,0.944446,93,101330.721309,5.614163,0.008730
0.010204,0.954546,94,101330.694796,5.618085,0.006829
0.010204,0.964647,95,101330.674857,5.621094,0.004838
0.010204,0.974748,96,101330.661874,5.623191,0.002632
0.010204,0.984849,97,101330.656946,5.622819,0.000584
0.010204,0.994950,98,101330.657907,5.620122,-0.000140
0.030612,0.005230,99,101346.016207,2.516888,0.034145
0.030612,0.015329,100,101345.950219,2.549286,0.073492
0.030612,0.025428,101,101345.880835,2.576743,0.088249
0.030612,0.035528,102,101345.799633,2.604461,0.102494
0.030612,0.045627,103,101345.708341,2.634367,0.114460
0.030612,0.055726,104,101345.607954,2.666360,0.124683
0.030612,0.065825,105,101345.499249,2.700243,0.133509
0.030612,0.075924,106,101345.382877,2.735819,0.141186
0.030612,0.086023,107,101345.259376,2.772913,0.147906
0.030612,0.096123,108,101345.129197,2.811366,0.153818
0.030612,0.106222,109,101344.992723,2.851037,0.159039
0.030612,0.116321,110,101344.850286,2.891800,0.163665
0.030612,0.126420,111,101344.702174,2.933541,0.167768
0.030612,0.136519,112,101344.548645,2.976159,0.171412
0.030612,0.146619,113,101344.389932,3.019559,0.174644
0.030612,0.156718,114,101344.226247,3.063659,0.177508
0.030612,0.166817,115,101344.057790,3.108378,0.180036
0.030612,0.176916,116,101343.884749,3.153647,0.182259
0.030612,0.187015,117,101343.707303,3.199397,0.184199
0.030612,0.197115,118,101343.525627,3.245567,0.185879
0.030612,0.207214,119,101343.339892,3.292097,0.187315
0.030612,0.217313,120,101343.150266,3.338934,0.188523
0.030612,0.227412,121,101342.956915,3.386024,0.189515
0.030612,0.237511,122,101342.760008,3.433319,0.190305
0.030612,0.247610,123,101342.559711,3.480771,0.190901
0.030612,0.257710,124,101342.356195,3.528335,0.191314
0.030612,0.267809,125,101342.149629,3.575968,0.191550
0.030612,0.277908,126,101341.940187,3.623628,0.191618
0.030612,0.288007,127,101341.728044,3.671275,0.191524
0.030612,0.298106,128,101341.513378,3.718871,0.191274
0.030612,0.308206,129,101341.296370,3.766378,0.190874
0.030612,0.318305,130,101341.077201,3.813761,0.190329
0.030612,0.328404,131,101340.856059,3.860984,0.189644
0.030612,0.338503,132,101340.633131,3.908014,0.188824
0.030612,0.348602,133,101340.408607,3.954818,0.187872
0.030612,0.358702,134,101340.182681,4.001364,0.186794
0.030612,0.368801,135,101339.955545,4.047623,0.185594
0.030612,0.378900,136,101339.727397,4.093564,0.184275
0.030612,0.388999,137,101339.498433,4.139158,0.182841
0.030612,0.399098,138,101339.268853,4.184379,0.181297
0.030612,0.409197,139,101339.038856,4.229198,0.179646
0.030612,0.419297,140,101338.808642,4.273591,0.177891
0.030612,0.429396,141,101338.578410,4.317531,0.176037
0.030612,0.439495,142,101338.348361,4.360996,0.174088
0.030612,0.449594,143,101338.118694,4.403961,0.172045
0.030612,0.459693,144,101337.889608,4.446405,0.169914
0.030612,0.469793,145,101337.661301,4.488306,0.167698
0.030612,0.479892,146,101337.433968,4.529643,0.165400
0.030612,0.489991,147,101337.207804,4.570396,0.163024
0.030612,0.500090,148,101336.983002,4.610548,0.160573
0.030612,0.510189,149,101336.759751,4.650079,0.158051
0.030612,0.520289,150,101336.538238,4.688972,0.155460
0.030612,0.530388,151,101336.318648,4.727212,0.152805
0.030612,0.540487,152,101336.101163,4.764782,0.150088
0.030612,0.550586,153,101335.885960,4.801668,0.147313
0.030612,0.560685,154,101335.673213,4.837855,0.144482
0.030612,0.570784,155,101335.463092,4.873332,0.141600
0.030612,0.580884,156,101335.255765,4.908084,0.138668
0.030612,0.590983,157,101335.051392,4.942101,0.135690
0.030612,0.601082,158,101334.850133,4.975372,0.132669
0.030612,0.611181,159,101334.652140,5.007886,0.129607
0.030612,0.621280,160,101334.457562,5.039634,0.126507
0.030612,0.631380,161,101334.266544,5.070606,0.123372
0.030612,0.641479,162,101334.079226,5.100796,0.120204
0.030612,0.651578,163,101333.895741,5.130193,0.117005
0.030612,0.661677,164,101333.716220,5.158793,0.113779
0.030612,0.671776,165,101333.540788,5.186588,0.110526
0.030612,0.681876,166,101333.369565,5.213571,0.107250
0.030612,0.691975,167,101333.202667,5.239739,0.103952
0.030612,0.702074,168,101333.040206,5.265085,0.100634
0.030612,0.712173,169,101332.882286,5.289605,0.097297
0.030612,0.722272,170,101332.729009,5.313295,0.093945
0.030612,0.732372,171,101332.580472,5.336152,0.090577
0.030612,0.742471,172,101332.436768,5.358171,0.087196
0.030612,0.752570,173,101332.297984,5.379350,0.083802
0.030612,0.762669,174,101332.164204,5.399686,0.080398
0.030612,0.772768,175,101332.035508,5.419177,0.076984
0.030612,0.782867,176,101331.911969,5.437821,0.073561
0.030612,0.792967,177,101331.793661,5.455615,0.070129
0.030612,0.803066,178,101331.680650,5.472558,0.066691
0.030612,0.813165,179,101331.573001,5.488649,0.063246
0.030612,0.823264,180,101331.470773,5.503886,0.059794
0.030612,0.833363,181,101331.374026,5.518267,0.056336
0.030612,0.843463,182,101331.282813,5.531793,0.052873
0.030612,0.853562,183,101331.197185,5.544460,0.049403
0.030612,0.863661,184,101331.117194,5.556269,0.045927
0.030612,0.873760,185,101331.042885,5.567219,0.042443
0.030612,0.883859,186,101330.974304,5.577307,0.038951
0.030612,0.893959,187,101330.911497,5.586534,0.035448
0.030612,0.904058,188,101330.854507,5.594897,0.031933
0.030612,0.914157,189,101330.803377,5.602397,0.028402
0.030612,0.924256,190,101330.758150,5.609031,0.024850
0.030612,0.934355,191,101330.718865,5.614801,0.021272
0.030612,0.944454,192,101330.685554,5.619707,0.017658
0.030612,0.954554,193,101330.658218,5.623756,0.013998
0.030612,0.964653,194,101330.636822,5.626952,0.010313
0.030612,0.974752,195,101330.620981,5.629346,0.006465
0.030612,0.984851,196,101330.610746,5.627990,0.002746
0.030612,0.994950,197,101330.606274,5.622820,0.000517
0.051020,0.005729,198,101346.167734,2.459200,0.069487
0.051020,0.015823,199,101346.061072,2.506106,0.135769
0.051020,0.025917,200,101345.972357,2.540854,0.148304
0.051020,0.036012,201,101345.873352,2.574175,0.166653
0.051020,0.046106,202,101345.767973,2.608445,0.181853
0.051020,0.056200,203,101345.656086,2.644007,0.195198
0.051020,0.066294,204,101345.537806,2.680850,0.206958
0.051020,0.076388,205,101345.413339,2.718908,0.217347
0.051020,0.086482,206,101345.282898,2.758104,0.226556
0.051020,0.096576,207,101345.146695,2.798358,0.234740
0.051020,0.106670,208,101345.004931,2.839588,0.242028
0.051020,0.116764,209,101344.857801,2.881713,0.248526
0.051020,0.126859,210,101344.705489,2.924656,0.254323
0.051020,0.136953,211,101344.548170,2.968342,0.259492
0.051020,0.147047,212,101344.386009,3.012702,0.264095
0.051020,0.157141,213,101344.219170,3.057669,0.268184
0.051020,0.167235,214,101344.047808,3.103178,0.271801
0.051020,0.177329,215,101343.872077,3.149171,0.274985
0.051020,0.187423,216,101343.692130,3.195589,0.277767
0.051020,0.197517,217,101343.508117,3.242380,0.280175
0.051020,0.207612,218,101343.320189,3.289489,0.282231
0.051020,0.217706,219,101343.128499,3.336869,0.283957
0.051020,0.227800,220,101342.933201,3.384471,0.285371
0.051020,0.237894,221,101342.734449,3.432250,0.286488
0.051020,0.247988,222,101342.532403,3.480161,0.287322
0.051020,0.258082,223,101342.327223,3.528163,0.287886
0.051020,0.268176,224,101342.119074,3.576213,0.288191
0.051020,0.278270,225,101341.908122,3.624272,0.288247
0.051020,0.288365,226,101341.694538,3.672302,0.288064
0.051020,0.298459,227,101341.478496,3.720266,0.287651
0.051020,0.308553,228,101341.260172,3.768127,0.287014
0.051020,0.318647,229,101341.039746,3.815850,0.286163
0.051020,0.328741,230,101340.817402,3.863401,0.285103
0.051020,0.338835,231,101340.593325,3.910747,0.283842
0.051020,0.348929,232,101340.367703,3.957857,0.282386
0.051020,0.359023,233,101340.140728,4.004698,0.280742
0.051020,0.369117,234,101339.912592,4.051240,0.278915
0.051020,0.379212,235,101339.683491,4.097455,0.276911
0.051020,0.389306,236,101339.453620,4.143313,0.274736
0.051020,0.399400,237,101339.223178,4.188787,0.272397
0.051020,0.409494,238,101338.992362,4.233851,0.269897
0.051020,0.419588,239,101338.761373,4.278479,0.267243
0.051020,0.429682,240,101338.530408,4.322646,0.264441
0.051020,0.439776,241,101338.299668,4.366327,0.261495
0.051020,0.449870,242,101338.069352,4.409501,0.258412
0.051020,0.459965,243,101337.839657,4.452144,0.255195
0.051020,0.470059,244,101337.610780,4.494235,0.251852
0.051020,0.480153,245,101337.382917,4.535753,0.248386
0.051020,0.490247,246,101337.156261,4.576680,0.244804
0.051020,0.500341,247,101336.931004,4.616996,0.241110
0.051020,0.510435,248,101336.707335,4.656684,0.237309
0.051020,0.520529,249,101336.485441,4.695726,0.233406
0.051020,0.530623,250,101336.265505,4.734106,0.229407
0.051020,0.540718,251,101336.047707,4.771808,0.225316
0.051020,0.550812,252,101335.832225,4.808819,0.221138
0.051020,0.560906,253,101335.619231,4.845124,0.216878
0.051020,0.571000,254,101335.408895,4.880711,0.212540
0.051020,0.581094,255,101335.201382,4.915566,0.208129
0.051020,0.591188,256,101334.996853,4.949679,0.203650
0.051020,0.601282,257,101334.795465,4.983039,0.199105
0.051020,0.611376,258,101334.597370,5.015636,0.194501
0.051020,0.621470,259,101334.402715,5.047460,0.189840
0.051020,0.631565,260,101334.211644,5.078503,0.185127
0.051020,0.641659,261,101334.024295,5.108757,0.180365
0.051020,0.651753,262,101333.840800,5.138214,0.175558
0.051020,0.661847,263,101333.661290,5.166868,0.170709
0.051020,0.671941,264,101333.485886,5.194711,0.165823
0.051020,0.682035,265,101333.314709,5.221739,0.160901
0.051020,0.692129,266,101333.147872,5.247946,0.155946
0.051020,0.702223,267,101332.985485,5.273328,0.150963
0.051020,0.712318,268,101332.827653,5.297880,0.145953
0.051020,0.722412,269,101332.674474,5.321598,0.140919
0.051020,0.732506,270,101332.526045,5.344479,0.135863
0.051020,0.742600,271,101332.382457,5.366520,0.130787
0.051020,0.752694,272,101332.243795,5.387718,0.125693
0.051020,0.762788,273,101332.110141,5.408070,0.120584
0.051020,0.772882,274,101331.981574,5.427575,0.115461
0.051020,0.782976,275,101331.858167,5.446231,0.110324
0.051020,0.793071,276,101331.739989,5.464036,0.105177
0.051020,0.803165,277,101331.627107,5.480989,0.100019
0.051020,0.813259,278,101331.519582,5.497088,0.094852
0.051020,0.823353,279,101331.417473,5.512333,0.089676
0.051020,0.833447,280,101331.320835,5.526723,0.084491
0.051020,0.843541,281,101331.229720,5.540256,0.079299
0.051020,0.853635,282,101331.144176,5.552933,0.074100
0.051020,0.863729,283,101331.064248,5.564753,0.068892
0.051020,0.873823,284,101330.989978,5.575715,0.063675
0.051020,0.883918,285,101330.921405,5.585820,0.058449
0.051020,0.894012,286,101330.858563,5.595067,0.053212
0.051020,0.904106,287,101330.801483,5.603457,0.047963
0.051020,0.914200,288,101330.750188,5.610991,0.042699
0.051020,0.924294,289,101330.704695,5.617670,0.037418
0.051020,0.934388,290,101330.665003,5.623497,0.032118
0.051020,0.944482,291,101330.631099,5.628477,0.026800
0.051020,0.954576,292,101330.602925,5.632617,0.021448
0.051020,0.964671,293,101330.580469,5.635915,0.016117
0.051020,0.974765,294,101330.563451,5.638401,0.010668
0.051020,0.984859,295,101330.551871,5.635673,0.005274
0.051020,0.994953,296,101330.546256,5.627636,0.001344
0.071429,0.006763,297,101346.330532,2.400517,0.118627
0.071429,0.016847,298,101346.185493,2.459462,0.216393
0.071429,0.026930,299,101346.081177,2.500674,0.220862
0.071429,0.037014,300,101345.963324,2.539425,0.242514
0.071429,0.047098,301,101345.842504,2.578095,0.259055
0.071429,0.057181,302,101345.717212,2.617453,0.274079
0.071429,0.067265,303,101345.587271,2.657581,0.287568
0.071429,0.077348,304,101345.452615,2.698492,0.299672
0.071429,0.087432,305,101345.313205,2.740179,0.310546
0.071429,0.097516,306,101345.169047,2.782618,0.320321
0.071429,0.107599,307,101345.020178,2.825778,0.329110
0.071429,0.117683,308,101344.866654,2.869618,0.337010
0.071429,0.127767,309,101344.708549,2.914095,0.344105
0.071429,0.137850,310,101344.545947,2.959164,0.350466
0.071429,0.147934,311,101344.378941,3.004776,0.356155
0.071429,0.158017,312,101344.207631,3.050885,0.361226
0.071429,0.168101,313,101344.032125,3.097443,0.365724
0.071429,0.178185,314,101343.852533,3.144403,0.369689
0.071429,0.188268,315,101343.668973,3.191718,0.373155
0.071429,0.198352,316,101343.481567,3.239344,0.376153
0.071429,0.208436,317,101343.290442,3.287237,0.378708
0.071429,0.218519,318,101343.095730,3.335353,0.380845
0.071429,0.228603,319,101342.897566,3.383650,0.382582
0.071429,0.238686,320,101342.696093,3.432087,0.383940
0.071429,0.248770,321,101342.491454,3.480624,0.384933
0.071429,0.258854,322,101342.283802,3.529221,0.385578
0.071429,0.268937,323,101342.073291,3.577840,0.385886
0.071429,0.279021,324,101341.860081,3.626444,0.385871
0.071429,0.289105,325,101341.644336,3.674996,0.385544
0.071429,0.299188,326,101341.426223,3.723461,0.384915
0.071429,0.309272,327,101341.205915,3.771803,0.383994
0.071429,0.319355,328,101340.983588,3.819989,0.382791
0.071429,0.329439,329,101340.759422,3.867986,0.381314
0.071429,0.339523,330,101340.533599,3.915762,0.379572
0.071429,0.349606,331,101340.306307,3.963284,0.377574
0.071429,0.359690,332,101340.077733,4.010523,0.375326
0.071429,0.369774,333,101339.848069,4.057449,0.372837
0.071429,0.379857,334,101339.617508,4.104032,0.370115
0.071429,0.389941,335,101339.386246,4.150245,0.367166
0.071429,0.400024,336,101339.154478,4.196060,0.363999
0.071429,0.410108,337,101338.922403,4.241451,0.360621
0.071429,0.420192,338,101338.690219,4.286393,0.357038
0.071429,0.430275,339,101338.458124,4.330860,0.353259
0.071429,0.440359,340,101338.226316,4.374830,0.349290
0.071429,0.450442,341,101337.994994,4.418278,0.345138
0.071429,0.460526,342,101337.764354,4.461184,0.340811
0.071429,0.470610,343,101337.534594,4.503525,0.336315
0.071429,0.480693,344,101337.305906,4.545282,0.331657
0.071429,0.490777,345,101337.078485,4.586434,0.326845
0.071429,0.500861,346,101336.852521,4.626964,0.321885
0.071429,0.510944,347,101336.628201,4.666854,0.316783
0.071429,0.521028,348,101336.405712,4.706087,0.311548
0.071429,0.531111,349,101336.185235,4.744647,0.306184
0.071429,0.541195,350,101335.966950,4.782518,0.300700
0.071429,0.551279,351,101335.751032,4.819686,0.295100
0.071429,0.561362,352,101335.537652,4.856139,0.289392
0.071429,0.571446,353,101335.326979,4.891862,0.283582
0.071429,0.581530,354,101335.119177,4.926845,0.277675
0.071429,0.591613,355,101334.914403,4.961075,0.271678
0.071429,0.601697,356,101334.712814,4.994544,0.265596
0.071429,0.611780,357,101334.514560,5.027240,0.259435
0.071429,0.621864,358,101334.319785,5.059155,0.253200
0.071429,0.631948,359,101334.128632,5.090280,0.246896
0.071429,0.642031,360,101333.941235,5.120608,0.240529
0.071429,0.652115,361,101333.757728,5.150132,0.234103
0.071429,0.662199,362,101333.578235,5.178846,0.227623
0.071429,0.672282,363,101333.402878,5.206742,0.221093
0.071429,0.682366,364,101333.231774,5.233817,0.214517
0.071429,0.692449,365,101333.065036,5.260065,0.207900
0.071429,0.702533,366,101332.902769,5.285482,0.201244
0.071429,0.712617,367,101332.745076,5.310064,0.194555
0.071429,0.722700,368,101332.592055,5.333808,0.187834
0.071429,0.732784,369,101332.443799,5.356710,0.181086
0.071429,0.742868,370,101332.300396,5.378768,0.174312
0.071429,0.752951,371,101332.161930,5.399979,0.167516
0.071429,0.763035,372,101332.028480,5.420342,0.160700
0.071429,0.773118,373,101331.900122,5.439855,0.153866
0.071429,0.783202,374,101331.776927,5.458516,0.147017
0.071429,0.793286,375,101331.658961,5.476325,0.140154
0.071429,0.803369,376,101331.546288,5.493280,0.133278
0.071429,0.813453,377,101331.438968,5.509380,0.126391
0.071429,0.823537,378,101331.337055,5.524625,0.119494
0.071429,0.833620,379,101331.240601,5.539015,0.112588
0.071429,0.843704,380,101331.149655,5.552550,0.105673
0.071429,0.853787,381,101331.064261,5.565229,0.098750
0.071429,0.863871,382,101330.984460,5.577052,0.091818
0.071429,0.873955,383,101330.910288,5.588020,0.084878
0.071429,0.884038,384,101330.841777,5.598134,0.077930
0.071429,0.894122,385,101330.778957,5.607393,0.070972
0.071429,0.904206,386,101330.721848,5.615799,0.064004
0.071429,0.914289,387,101330.670469,5.623354,0.057026
0.071429,0.924373,388,101330.624827,5.630060,0.050035
0.071429,0.934456,389,101330.584923,5.635918,0.043031
0.071429,0.944540,390,101330.550758,5.640930,0.036019
0.071429,0.954624,391,101330.522294,5.645104,0.028973
0.071429,0.964707,392,101330.499597,5.648430,0.021959
0.071429,0.974791,393,101330.482550,5.650922,0.014853
0.071429,0.984875,394,101330.471107,5.646727,0.007769
0.071429,0.994958,395,101330.465569,5.635746,0.002159
0.091837,0.008498,396,101346.469148,2.347945,0.179748
0.091837,0.018564,397,101346.292656,2.415230,0.311868
0.091837,0.028630,398,101346.178699,2.462186,0.303814
0.091837,0.038696,399,101346.044150,2.505489,0.329161
0.091837,0.048762,400,101345.909909,2.547994,0.345605
0.091837,0.058828,401,101345.772113,2.590808,0.361366
0.091837,0.068894,402,101345.630784,2.634051,0.375687
0.091837,0.078960,403,101345.485769,2.677763,0.388699
0.091837,0.089026,404,101345.336918,2.721973,0.400529
0.091837,0.099092,405,101345.184136,2.766688,0.411274
0.091837,0.109158,406,101345.027365,2.811907,0.421022
0.091837,0.119224,407,101344.866574,2.857616,0.429851
0.091837,0.129290,408,101344.701762,2.903795,0.437833
0.091837,0.139356,409,101344.532945,2.950421,0.445027
0.091837,0.149422,410,101344.360158,2.997463,0.451489
0.091837,0.159488,411,101344.183451,3.044891,0.457267
0.091837,0.169554,412,101344.002888,3.092671,0.462403
0.091837,0.179620,413,101343.818543,3.140768,0.466934
0.091837,0.189686,414,101343.630502,3.189145,0.470894
0.091837,0.199752,415,101343.438860,3.237767,0.474312
0.091837,0.209818,416,101343.243719,3.286596,0.477214
0.091837,0.219884,417,101343.045192,3.335596,0.479623
0.091837,0.229950,418,101342.843398,3.384730,0.481561
0.091837,0.240016,419,101342.638462,3.433961,0.483046
0.091837,0.250082,420,101342.430519,3.483254,0.484095
0.091837,0.260148,421,101342.219707,3.532572,0.484724
0.091837,0.270214,422,101342.006173,3.581880,0.484949
0.091837,0.280280,423,101341.790068,3.631143,0.484781
0.091837,0.290346,424,101341.571550,3.680327,0.484233
0.091837,0.300412,425,101341.350780,3.729398,0.483318
0.091837,0.310478,426,101341.127927,3.778322,0.482046
0.091837,0.320544,427,101340.903161,3.827067,0.480428
0.091837,0.330610,428,101340.676660,3.875601,0.478474
0.091837,0.340676,429,101340.448603,3.923892,0.476194
0.091837,0.350742,430,101340.219174,3.971911,0.473598
0.091837,0.360808,431,101339.988559,4.019626,0.470695
0.091837,0.370874,432,101339.756949,4.067009,0.467494
0.091837,0.380940,433,101339.524534,4.114031,0.464005
0.091837,0.391006,434,101339.291510,4.160665,0.460237
0.091837,0.401072,435,101339.058070,4.206883,0.456198
0.091837,0.411138,436,101338.824411,4.252660,0.451898
0.091837,0.421204,437,101338.590730,4.297970,0.447345
0.091837,0.431271,438,101338.357225,4.342789,0.442549
0.091837,0.441337,439,101338.124094,4.387093,0.437518
0.091837,0.451403,440,101337.891532,4.430860,0.432260
0.091837,0.461469,441,101337.659736,4.474068,0.426786
0.091837,0.471535,442,101337.428901,4.516696,0.421103
0.091837,0.481601,443,101337.199220,4.558724,0.415220
0.091837,0.491667,444,101336.970885,4.600133,0.409145
0.091837,0.501733,445,101336.744085,4.640904,0.402888
0.091837,0.511799,446,101336.519007,4.681019,0.396457
0.091837,0.521865,447,101336.295833,4.720463,0.389859
0.091837,0.531931,448,101336.074746,4.759220,0.383104
0.091837,0.541997,449,101335.855922,4.797274,0.376199
0.091837,0.552063,450,101335.639535,4.834613,0.369153
0.091837,0.562129,451,101335.425753,4.871222,0.361974
0.091837,0.572195,452,101335.214744,4.907089,0.354668
0.091837,0.582261,453,101335.006667,4.942203,0.347245
0.091837,0.592327,454,101334.801679,4.976553,0.339710
0.091837,0.602393,455,101334.599933,5.010129,0.332072
0.091837,0.612459,456,101334.401577,5.042922,0.324337
0.091837,0.622525,457,101334.206752,5.074924,0.316512
0.091837,0.632591,458,101334.015598,5.106126,0.308603
0.091837,0.642657,459,101333.828248,5.136521,0.300617
0.091837,0.652723,460,101333.644829,5.166103,0.292559
0.091837,0.662789,461,101333.465464,5.194866,0.284436
0.091837,0.672855,462,101333.290274,5.222804,0.276253
0.091837,0.682921,463,101333.119370,5.249913,0.268014
0.091837,0.692987,464,101332.952861,5.276188,0.259726
0.091837,0.703053,465,101332.790852,5.301626,0.251392
0.091837,0.713119,466,101332.633442,5.326223,0.243017
0.091837,0.723185,467,101332.480725,5.349975,0.234606
0.091837,0.733251,468,101332.332790,5.372882,0.226162
0.091837,0.743317,469,101332.189723,5.394940,0.217688
0.091837,0.753383,470,101332.051605,5.416147,0.209188
0.091837,0.763449,471,101331.918510,5.436503,0.200666
0.091837,0.773515,472,101331.790512,5.456006,0.192123
0.091837,0.783581,473,101331.667679,5.474655,0.183562
0.091837,0.793647,474,101331.550073,5.492450,0.174986
0.091837,0.803713,475,101331.437755,5.509390,0.166397
0.091837,0.813779,476,101331.330780,5.525474,0.157795
0.091837,0.823845,477,101331.229201,5.540703,0.149183
0.091837,0.833911,478,101331.133065,5.555078,0.140562
0.091837,0.843977,479,101331.042418,5.568597,0.131932
0.091837,0.854043,480,101330.957300,5.581262,0.123294
0.091837,0.864109,481,101330.877748,5.593074,0.114650
0.091837,0.874175,482,101330.803796,5.604032,0.105998
0.091837,0.884241,483,101330.735471,5.614138,0.097339
0.091837,0.894307,484,101330.672800,5.623393,0.088673
0.091837,0.904373,485,101330.615803,5.631799,0.080000
0.091837,0.914439,486,101330.564497,5.639356,0.071319
0.091837,0.924505,487,101330.518894,5.646066,0.062630
0.091837,0.934571,488,101330.479000,5.651931,0.053929
0.091837,0.944637,489,101330.444833,5.656952,0.045227
0.091837,0.954703,490,101330.416360,5.661135,0.036492
0.091837,0.964769,491,101330.393646,5.664471,0.027791
0.091837,0.974835,492,101330.376630,5.666968,0.019021
0.091837,0.984901,493,101330.365236,5.661322,0.010256
0.091837,0.994967,494,101330.359683,5.647414,0.002975
0.112245,0.011074,495,101346.571544,2.303914,0.250894
0.112245,0.021114,496,101346.370158,2.375668,0.419153
0.112245,0.031154,497,101346.250909,2.428333,0.395234
0.112245,0.041194,498,101346.101825,2.475146,0.425330
0.112245,0.051234,499,101345.956768,2.520904,0.440465
0.112245,0.061274,500,101345.808086,2.566703,0.456460
0.112245,0.071313,501,101345.656535,2.612717,0.470996
0.112245,0.081353,502,101345.501896,2.658997,0.484343
0.112245,0.091393,503,101345.343992,2.705583,0.496595
0.112245,0.101433,504,101345.182700,2.752497,0.507817
0.112245,0.111473,505,101345.017931,2.799749,0.518072
0.112245,0.121513,506,101344.849617,2.847342,0.527421
0.112245,0.131553,507,101344.677720,2.895269,0.535916
0.112245,0.141592,508,101344.502221,2.943519,0.543607
0.112245,0.151632,509,101344.323122,2.992076,0.550538
0.112245,0.161672,510,101344.140442,3.040918,0.556748
0.112245,0.171712,511,101343.954216,3.090022,0.562273
0.112245,0.181752,512,101343.764493,3.139363,0.567146
0.112245,0.191792,513,101343.571335,3.188912,0.571394
0.112245,0.201832,514,101343.374818,3.238640,0.575046
0.112245,0.211871,515,101343.175026,3.288516,0.578124
0.112245,0.221911,516,101342.972056,3.338509,0.580649
0.112245,0.231951,517,101342.766013,3.388587,0.582643
0.112245,0.241991,518,101342.557011,3.438718,0.584122
0.112245,0.252031,519,101342.345173,3.488868,0.585104
0.112245,0.262071,520,101342.130630,3.539006,0.585603
0.112245,0.272111,521,101341.913519,3.589097,0.585636
0.112245,0.282150,522,101341.693985,3.639111,0.585214
0.112245,0.292190,523,101341.472179,3.689015,0.584351
0.112245,0.302230,524,101341.248260,3.738775,0.583060
0.112245,0.312270,525,101341.022390,3.788361,0.581352
0.112245,0.322310,526,101340.794738,3.837741,0.579238
0.112245,0.332350,527,101340.565477,3.886885,0.576730
0.112245,0.342390,528,101340.334784,3.935761,0.573839
0.112245,0.352429,529,101340.102841,3.984340,0.570575
0.112245,0.362469,530,101339.869832,4.032592,0.566949
0.112245,0.372509,531,101339.635946,4.080489,0.562972
0.112245,0.382549,532,101339.401373,4.128003,0.558654
0.112245,0.392589,533,101339.166305,4.175106,0.554005
0.112245,0.402629,534,101338.930936,4.221772,0.549037
0.112245,0.412669,535,101338.695462,4.267976,0.543759
0.112245,0.422708,536,101338.460077,4.313692,0.538183
0.112245,0.432748,537,101338.224979,4.358897,0.532318
0.112245,0.442788,538,101337.990363,4.403566,0.526174
0.112245,0.452828,539,101337.756425,4.447679,0.519764
0.112245,0.462868,540,101337.523359,4.491213,0.513096
0.112245,0.472908,541,101337.291359,4.534147,0.506181
0.112245,0.482947,542,101337.060616,4.576462,0.499030
0.112245,0.492987,543,101336.831320,4.618140,0.491652
0.112245,0.503027,544,101336.603659,4.659162,0.484059
0.112245,0.513067,545,101336.377816,4.699510,0.476260
0.112245,0.523107,546,101336.153974,4.739170,0.468264
0.112245,0.533147,547,101335.932310,4.778125,0.460083
0.112245,0.543187,548,101335.713001,4.816361,0.451726
0.112245,0.553226,549,101335.496215,4.853864,0.443203
0.112245,0.563266,550,101335.282120,4.890623,0.434523
0.112245,0.573306,551,101335.070877,4.926625,0.425696
0.112245,0.583346,552,101334.862645,4.961859,0.416730
0.112245,0.593386,553,101334.657577,4.996315,0.407635
0.112245,0.603426,554,101334.455821,5.029984,0.398419
0.112245,0.613466,555,101334.257522,5.062857,0.389089
0.112245,0.623505,556,101334.062819,5.094927,0.379656
0.112245,0.633545,557,101333.871845,5.126185,0.370125
0.112245,0.643585,558,101333.684730,5.156626,0.360505
0.112245,0.653625,559,101333.501599,5.186243,0.350802
0.112245,0.663665,560,101333.322570,5.215031,0.341024
0.112245,0.673705,561,101333.147757,5.242986,0.331177
0.112245,0.683745,562,101332.977271,5.270103,0.321268
0.112245,0.693784,563,101332.811214,5.296379,0.311302
0.112245,0.703824,564,101332.649688,5.321811,0.301284
0.112245,0.713864,565,101332.492788,5.346395,0.291220
0.112245,0.723904,566,101332.340604,5.370129,0.281114
0.112245,0.733944,567,101332.193221,5.393012,0.270973
0.112245,0.743984,568,101332.050720,5.415042,0.260799
0.112245,0.754024,569,101331.913177,5.436218,0.250597
0.112245,0.764063,570,101331.780664,5.456539,0.240371
0.112245,0.774103,571,101331.653249,5.476004,0.230122
0.112245,0.784143,572,101331.530996,5.494614,0.219856
0.112245,0.794183,573,101331.413965,5.512369,0.209573
0.112245,0.804223,574,101331.302211,5.529267,0.199277
0.112245,0.814263,575,101331.195786,5.545311,0.188970
0.112245,0.824303,576,101331.094739,5.560499,0.178652
0.112245,0.834342,577,101330.999114,5.574834,0.168327
0.112245,0.844382,578,101330.908952,5.588315,0.157994
0.112245,0.854422,579,101330.824290,5.600943,0.147655
0.112245,0.864462,580,101330.745162,5.612721,0.137311
0.112245,0.874502,581,101330.671598,5.623648,0.126961
0.112245,0.884542,582,101330.603626,5.633726,0.116607
0.112245,0.894582,583,101330.541267,5.642957,0.106249
0.112245,0.904621,584,101330.484542,5.651341,0.095886
0.112245,0.914661,585,101330.433467,5.658881,0.085517
0.112245,0.924701,586,101330.388056,5.665578,0.075145
0.112245,0.934741,587,101330.348313,5.671434,0.064763
0.112245,0.944781,588,101330.314260,5.676449,0.054386
0.112245,0.954821,589,101330.285861,5.680630,0.043978
0.112245,0.964861,590,101330.263163,5.683969,0.033606
0.112245,0.974900,591,101330.246134,5.686469,0.023183
0.112245,0.984940,592,101330.234707,5.679371,0.012748
0.112245,0.994980,593,101330.229089,5.662540,0.003798
0.132653,0.014606,594,101346.632375,2.269647,0.330242
0.132653,0.024610,595,101346.411529,2.342087,0.535853
0.132653,0.034614,596,101346.289852,2.400964,0.493552
0.132653,0.044618,597,101346.127946,2.450120,0.529849
0.132653,0.054622,598,101345.974410,2.498694,0.542556
0.132653,0.064626,599,101345.816305,2.547007,0.558624
0.132653,0.074630,600,101345.655798,2.595430,0.572947
0.132653,0.084634,601,101345.492487,2.643992,0.586243
0.132653,0.094638,602,101345.326213,2.692738,0.598539
0.132653,0.104642,603,101345.156871,2.741691,0.609870
0.132653,0.114646,604,101344.984367,2.790868,0.620283
0.132653,0.124650,605,101344.808632,2.840276,0.629820
0.132653,0.134654,606,101344.629617,2.889915,0.638518
0.132653,0.144658,607,101344.447295,2.939782,0.646415
0.132653,0.154662,608,101344.261652,2.989866,0.653542
0.132653,0.164666,609,101344.072698,3.040152,0.659932
0.132653,0.174670,610,101343.880452,3.090625,0.665611
0.132653,0.184674,611,101343.684952,3.141264,0.670606
0.132653,0.194678,612,101343.486248,3.192046,0.674940
0.132653,0.204682,613,101343.284403,3.242947,0.678635
0.132653,0.214686,614,101343.079493,3.293941,0.681712
0.132653,0.224690,615,101342.871604,3.345000,0.684189
0.132653,0.234694,616,101342.660833,3.396096,0.686083
0.132653,0.244698,617,101342.447287,3.447200,0.687410
0.132653,0.254702,618,101342.231081,3.498282,0.688187
0.132653,0.264706,619,101342.012341,3.549312,0.688428
0.132653,0.274710,620,101341.791199,3.600259,0.688145
0.132653,0.284714,621,101341.567796,3.651093,0.687354
0.132653,0.294718,622,101341.342278,3.701783,0.686065
0.132653,0.304722,623,101341.114801,3.752298,0.684292
0.132653,0.314726,624,101340.885525,3.802607,0.682047
0.132653,0.324730,625,101340.654615,3.852681,0.679341
0.132653,0.334734,626,101340.422244,3.902489,0.676187
0.132653,0.344738,627,101340.188586,3.952001,0.672595
0.132653,0.354742,628,101339.953822,4.001189,0.668578
0.132653,0.364746,629,101339.718136,4.050024,0.664147
0.132653,0.374750,630,101339.481715,4.098476,0.659314
0.132653,0.384754,631,101339.244749,4.146519,0.654090
0.132653,0.394758,632,101339.007428,4.194126,0.648487
0.132653,0.404762,633,101338.769945,4.241270,0.642518
0.132653,0.414766,634,101338.532494,4.287927,0.636195
0.132653,0.424770,635,101338.295269,4.334072,0.629528
0.132653,0.434774,636,101338.058466,4.379681,0.622531
0.132653,0.444778,637,101337.822279,4.424732,0.615215
0.132653,0.454782,638,101337.586901,4.469201,0.607592
0.132653,0.464786,639,101337.352525,4.513070,0.599674
0.132653,0.474790,640,101337.119344,4.556316,0.591473
0.132653,0.484794,641,101336.887545,4.598921,0.583002
0.132653,0.494798,642,101336.657317,4.640866,0.574273
0.132653,0.504802,643,101336.428843,4.682135,0.565296
0.132653,0.514806,644,101336.202306,4.722710,0.556084
0.132653,0.524810,645,101335.977886,4.762574,0.546648
0.132653,0.534814,646,101335.755759,4.801714,0.537000
0.132653,0.544818,647,101335.536094,4.840115,0.527153
0.132653,0.554822,648,101335.319059,4.877766,0.517117
0.132653,0.564826,649,101335.104815,4.914653,0.506904
0.132653,0.574830,650,101334.893522,4.950767,0.496523
0.132653,0.584834,651,101334.685331,4.986096,0.485987
0.132653,0.594838,652,101334.480392,5.020632,0.475304
0.132653,0.604842,653,101334.278850,5.054365,0.464485
0.132653,0.614846,654,101334.080843,5.087288,0.453540
0.132653,0.624850,655,101333.886506,5.119394,0.442477
0.132653,0.634854,656,101333.695968,5.150676,0.431307
0.132653,0.644858,657,101333.509353,5.181128,0.420037
0.132653,0.654862,658,101333.326781,5.210745,0.408676
0.132653,0.664866,659,101333.148365,5.239523,0.397232
0.132653,0.674870,660,101332.974213,5.267458,0.385712
0.132653,0.684874,661,101332.804430,5.294545,0.374125
0.132653,0.694878,662,101332.639110,5.320785,0.362475
0.132653,0.704882,663,101332.478359,5.346174,0.350767
0.132653,0.714886,664,101332.322263,5.370709,0.339012
0.132653,0.724890,665,101332.170906,5.394388,0.327213
0.132653,0.734894,666,101332.024367,5.417210,0.315375
0.132653,0.744898,667,101331.882722,5.439176,0.303505
0.132653,0.754902,668,101331.746042,5.460284,0.291605
0.132653,0.764906,669,101331.614393,5.480535,0.279681
0.132653,0.774910,670,101331.487840,5.499928,0.267735
0.132653,0.784914,671,101331.366440,5.518464,0.255772
0.132653,0.794918,672,101331.250249,5.536144,0.243793
0.132653,0.804922,673,101331.139318,5.552969,0.231803
0.132653,0.814926,674,101331.033695,5.568939,0.219802
0.132653,0.824930,675,101330.933423,5.584055,0.207794
0.132653,0.834934,676,101330.838543,5.598320,0.195780
0.132653,0.844938,677,101330.749092,5.611733,0.183761
0.132653,0.854942,678,101330.665103,5.624298,0.171738
0.132653,0.864946,679,101330.586607,5.636014,0.159713
0.132653,0.874950,680,101330.513631,5.646884,0.147685
0.132653,0.884954,681,101330.446200,5.656910,0.135656
0.132653,0.894958,682,101330.384332,5.666092,0.123625
0.132653,0.904962,683,101330.328047,5.674434,0.111593
0.132653,0.914966,684,101330.277359,5.681936,0.099559
0.132653,0.924970,685,101330.232280,5.688601,0.087525
0.132653,0.934974,686,101330.192812,5.694430,0.075484
0.132653,0.944978,687,101330.158978,5.699424,0.063454
0.132653,0.954982,688,101330.130747,5.703589,0.051396
0.132653,0.964986,689,101330.108150,5.706916,0.039373
0.132653,0.974990,690,101330.091179,5.709402,0.027312
0.132653,0.984994,691,101330.079780,5.700836,0.015228
0.132653,0.994998,692,101330.074159,5.681087,0.004622
0.153061,0.019184,693,101346.647652,2.246010,0.416200
0.153061,0.029142,694,101346.411554,2.315575,0.660137
0.153061,0.039099,695,101346.289301,2.381552,0.597445
0.153061,0.049057,696,101346.115914,2.431738,0.641672
0.153061,0.059014,697,101345.955889,2.482878,0.650837
0.153061,0.068972,698,101345.789527,2.533233,0.667119
0.153061,0.078929,699,101345.621231,2.583725,0.680915
0.153061,0.088887,700,101345.450156,2.634279,0.693925
0.153061,0.098844,701,101345.276241,2.684946,0.706008
0.153061,0.108802,702,101345.099407,2.735747,0.717189
0.153061,0.118759,703,101344.919575,2.786698,0.727501
0.153061,0.128717,704,101344.736690,2.837805,0.736971
0.153061,0.138674,705,101344.550713,2.889073,0.745625
0.153061,0.148632,706,101344.361618,2.940497,0.753487
0.153061,0.158589,707,101344.169397,2.992072,0.760580
0.153061,0.168547,708,101343.974059,3.043785,0.766928
0.153061,0.178505,709,101343.775623,3.095624,0.772550
0.153061,0.188462,710,101343.574125,3.147571,0.777465
0.153061,0.198420,711,101343.369613,3.199607,0.781692
0.153061,0.208377,712,101343.162147,3.251709,0.785248
0.153061,0.218335,713,101342.951800,3.303856,0.788149
0.153061,0.228292,714,101342.738657,3.356021,0.790409
0.153061,0.238250,715,101342.522810,3.408178,0.792045
0.153061,0.248207,716,101342.304366,3.460301,0.793069
0.153061,0.258165,717,101342.083437,3.512361,0.793496
0.153061,0.268122,718,101341.860145,3.564331,0.793338
0.153061,0.278080,719,101341.634623,3.616180,0.792608
0.153061,0.288037,720,101341.407008,3.667880,0.791318
0.153061,0.297995,721,101341.177447,3.719402,0.789481
0.153061,0.307952,722,101340.946094,3.770715,0.787108
0.153061,0.317910,723,101340.713108,3.821789,0.784211
0.153061,0.327867,724,101340.478655,3.872596,0.780804
0.153061,0.337825,725,101340.242906,3.923105,0.776896
0.153061,0.347782,726,101340.006036,3.973288,0.772502
0.153061,0.357740,727,101339.768224,4.023117,0.767633
0.153061,0.367697,728,101339.529654,4.072562,0.762300
0.153061,0.377655,729,101339.290516,4.121594,0.756517
0.153061,0.387612,730,101339.050998,4.170186,0.750297
0.153061,0.397570,731,101338.811291,4.218312,0.743654
0.153061,0.407527,732,101338.571584,4.265947,0.736600
0.153061,0.417485,733,101338.332072,4.313067,0.729150
0.153061,0.427443,734,101338.092947,4.359646,0.721316
0.153061,0.437400,735,101337.854402,4.405663,0.713112
0.153061,0.447358,736,101337.616632,4.451093,0.704551
0.153061,0.457315,737,101337.379827,4.495916,0.695646
0.153061,0.467273,738,101337.144179,4.540111,0.686413
0.153061,0.477230,739,101336.909876,4.583658,0.676864
0.153061,0.487188,740,101336.677105,4.626539,0.667013
0.153061,0.497145,741,101336.446048,4.668733,0.656875
0.153061,0.507103,742,101336.216882,4.710228,0.646462
0.153061,0.517060,743,101335.989793,4.751008,0.635782
0.153061,0.527018,744,101335.764970,4.791057,0.624854
0.153061,0.536975,745,101335.542574,4.830358,0.613694
0.153061,0.546933,746,101335.322769,4.868899,0.602313
0.153061,0.556890,747,101335.105714,4.906668,0.590724
0.153061,0.566848,748,101334.891569,4.943653,0.578940
0.153061,0.576805,749,101334.680484,4.979845,0.566972
0.153061,0.586763,750,101334.472610,5.015235,0.554833
0.153061,0.596720,751,101334.268087,5.049812,0.542535
0.153061,0.606678,752,101334.067057,5.083571,0.530087
0.153061,0.616635,753,101333.869651,5.116503,0.517503
0.153061,0.626593,754,101333.675998,5.148602,0.504791
0.153061,0.636550,755,101333.486222,5.179864,0.491963
0.153061,0.646508,756,101333.300441,5.210282,0.479028
0.153061,0.656466,757,101333.118766,5.239854,0.465995
0.153061,0.666423,758,101332.941308,5.268575,0.452874
0.153061,0.676381,759,101332.768168,5.296443,0.439672
0.153061,0.686338,760,101332.599450,5.323454,0.426402
0.153061,0.696296,761,101332.435226,5.349625,0.413059
0.153061,0.706253,762,101332.275588,5.374920,0.399664
0.153061,0.716211,763,101332.120632,5.399354,0.386218
0.153061,0.726168,764,101331.970437,5.422927,0.372729
0.153061,0.736126,765,101331.825075,5.445640,0.359201
0.153061,0.746083,766,101331.684616,5.467493,0.345641
0.153061,0.756041,767,101331.549125,5.488485,0.332053
0.153061,0.765998,768,101331.418664,5.508618,0.318442
0.153061,0.775956,769,101331.293289,5.527893,0.304812
0.153061,0.785913,770,101331.173053,5.546311,0.291166
0.153061,0.795871,771,101331.058006,5.563874,0.277508
0.153061,0.805828,772,101330.948195,5.580582,0.263841
0.153061,0.815786,773,101330.843660,5.596438,0.250167
0.153061,0.825743,774,101330.744442,5.611443,0.236488
0.153061,0.835701,775,101330.650576,5.625600,0.222807
0.153061,0.845658,776,101330.562094,5.638910,0.209124
0.153061,0.855616,777,101330.479026,5.651376,0.195441
0.153061,0.865573,778,101330.401399,5.662999,0.181759
0.153061,0.875531,779,101330.329235,5.673781,0.168079
0.153061,0.885489,780,101330.262556,5.683725,0.154401
0.153061,0.895446,781,101330.201378,5.692833,0.140725
0.153061,0.905404,782,101330.145719,5.701106,0.127052
0.153061,0.915361,783,101330.095588,5.708548,0.113380
0.153061,0.925319,784,101330.051000,5.715158,0.099713
0.153061,0.935276,785,101330.011953,5.720941,0.086041
0.153061,0.945234,786,101329.978471,5.725896,0.072384
0.153061,0.955191,787,101329.950529,5.730029,0.058704
0.153061,0.965149,788,101329.928153,5.733330,0.045058
0.153061,0.975106,789,101329.911346,5.735774,0.031384
0.153061,0.985064,790,101329.900054,5.725732,0.017675
0.153061,0.995021,791,101329.894491,5.703072,0.005438
0.173469,0.024876,792,101346.614472,2.233510,0.507481
0.173469,0.034776,793,101346.366074,2.296947,0.790738
0.173469,0.044675,794,101346.244279,2.371199,0.705864
0.173469,0.054575,795,101346.060332,2.420987,0.759955
0.173469,0.064475,796,101345.895408,2.474669,0.764377
0.173469,0.074375,797,101345.721599,2.526591,0.781281
0.173469,0.084274,798,101345.546496,2.578868,0.794276
0.173469,0.094174,799,101345.368415,2.631139,0.806889
0.173469,0.104074,800,101345.187510,2.683496,0.818592
0.173469,0.113974,801,101345.003713,2.735948,0.829447
0.173469,0.123873,802,101344.816974,2.788507,0.839474
0.173469,0.133773,803,101344.627257,2.841179,0.848687
0.173469,0.143673,804,101344.434541,2.893964,0.857104
0.173469,0.153572,805,101344.238817,2.946860,0.864740
0.173469,0.163472,806,101344.040087,2.999859,0.871609
0.173469,0.173372,807,101343.838369,3.052950,0.877726
0.173469,0.183272,808,101343.633692,3.106121,0.883105
0.173469,0.193171,809,101343.426097,3.159355,0.887760
0.173469,0.203071,810,101343.215637,3.212633,0.891703
0.173469,0.212971,811,101343.002377,3.265936,0.894948
0.173469,0.222871,812,101342.786394,3.319242,0.897505
0.173469,0.232770,813,101342.567776,3.372525,0.899386
0.173469,0.242670,814,101342.346621,3.425758,0.900604
0.173469,0.252570,815,101342.123036,3.478917,0.901171
0.173469,0.262470,816,101341.897135,3.531975,0.901098
0.173469,0.272369,817,101341.669043,3.584906,0.900397
0.173469,0.282269,818,101341.438892,3.637680,0.899079
0.173469,0.292169,819,101341.206823,3.690270,0.897155
0.173469,0.302069,820,101340.972985,3.742646,0.894636
0.173469,0.311968,821,101340.737532,3.794779,0.891535
0.173469,0.321868,822,101340.500627,3.846639,0.887862
0.173469,0.331768,823,101340.262436,3.898197,0.883630
0.173469,0.341667,824,101340.023131,3.949424,0.878852
0.173469,0.351567,825,101339.782888,4.000290,0.873541
0.173469,0.361467,826,101339.541885,4.050767,0.867710
0.173469,0.371367,827,101339.300304,4.100834,0.861364
0.173469,0.381266,828,101339.058367,4.150460,0.854520
0.173469,0.391166,829,101338.816243,4.199614,0.847201
0.173469,0.401066,830,101338.574118,4.248270,0.839419
0.173469,0.410966,831,101338.332180,4.296404,0.831187
0.173469,0.420865,832,101338.090621,4.343989,0.822518
0.173469,0.430765,833,101337.849634,4.391003,0.813429
0.173469,0.440665,834,101337.609410,4.437422,0.803933
0.173469,0.450565,835,101337.370142,4.483224,0.794045
0.173469,0.460464,836,101337.132019,4.528388,0.783782
0.173469,0.470364,837,101336.895231,4.572894,0.773157
0.173469,0.480264,838,101336.659965,4.616722,0.762187
0.173469,0.490164,839,101336.426406,4.659853,0.750885
0.173469,0.500063,840,101336.194742,4.702271,0.739273
0.173469,0.509963,841,101335.965132,4.743989,0.727359
0.173469,0.519863,842,101335.737724,4.784968,0.715155
0.173469,0.529762,843,101335.512706,4.825157,0.702686
0.173469,0.539662,844,101335.290260,4.864573,0.689962
0.173469,0.549562,845,101335.070549,4.903205,0.677000
0.173469,0.559462,846,101334.853730,4.941042,0.663814
0.173469,0.569361,847,101334.639955,4.978072,0.650418
0.173469,0.579261,848,101334.429372,5.014288,0.636825
0.173469,0.589161,849,101334.222122,5.049679,0.623050
0.173469,0.599061,850,101334.018343,5.084239,0.609104
0.173469,0.608960,851,101333.818166,5.117961,0.595001
0.173469,0.618860,852,101333.621717,5.150840,0.580753
0.173469,0.628760,853,101333.429117,5.182870,0.566372
0.173469,0.638660,854,101333.240482,5.214047,0.551868
0.173469,0.648559,855,101333.055922,5.244367,0.537254
0.173469,0.658459,856,101332.875542,5.273828,0.522539
0.173469,0.668359,857,101332.699442,5.302427,0.507733
0.173469,0.678259,858,101332.527716,5.330162,0.492845
0.173469,0.688158,859,101332.360458,5.357033,0.477888
0.173469,0.698058,860,101332.197744,5.383053,0.462861
0.173469,0.707958,861,101332.039648,5.408191,0.447782
0.173469,0.717857,862,101331.886256,5.432463,0.432652
0.173469,0.727757,863,101331.737640,5.455871,0.417480
0.173469,0.737657,864,101331.593868,5.478415,0.402273
0.173469,0.747557,865,101331.455002,5.500096,0.387035
0.173469,0.757456,866,101331.321100,5.520916,0.371774
0.173469,0.767356,867,101331.192217,5.540876,0.356492
0.173469,0.777256,868,101331.068404,5.559979,0.341195
0.173469,0.787156,869,101330.949706,5.578227,0.325887
0.173469,0.797055,870,101330.836168,5.595621,0.310571
0.173469,0.806955,871,101330.727829,5.612165,0.295251
0.173469,0.816855,872,101330.624724,5.627860,0.279928
0.173469,0.826755,873,101330.526889,5.642710,0.264605
0.173469,0.836654,874,101330.434352,5.656717,0.249284
0.173469,0.846554,875,101330.347142,5.669883,0.233967
0.173469,0.856454,876,101330.265283,5.682212,0.218655
0.173469,0.866354,877,101330.188798,5.693705,0.203348
0.173469,0.876253,878,101330.117705,5.704366,0.188048
0.173469,0.886153,879,101330.052022,5.714196,0.172754
0.173469,0.896053,880,101329.991763,5.723199,0.157466
0.173469,0.905952,881,101329.936942,5.731377,0.142186
0.173469,0.915852,882,101329.887567,5.738732,0.126911
0.173469,0.925752,883,101329.843652,5.745266,0.111646
0.173469,0.935652,884,101329.805192,5.750982,0.096378
0.173469,0.945551,885,101329.772212,5.755879,0.081130
0.173469,0.955451,886,101329.744690,5.759963,0.065862
0.173469,0.965351,887,101329.722647,5.763224,0.050627
0.173469,0.975251,888,101329.706094,5.765599,0.035373
0.173469,0.985150,889,101329.694973,5.754071,0.020074
0.173469,0.995050,890,101329.689510,5.728510,0.006240
0.193878,0.031727,891,101346.530750,2.232361,0.603115
0.193878,0.041558,892,101346.271891,2.286735,0.926902
0.193878,0.051388,893,101346.150936,2.370662,0.818044
0.193878,0.061218,894,101345.956896,2.418525,0.884117
0.193878,0.071048,895,101345.788226,2.474991,0.882407
0.193878,0.080878,896,101345.607368,2.527989,0.900590
0.193878,0.090708,897,101345.426198,2.581858,0.912473
0.193878,0.100539,898,101345.241629,2.635601,0.924681
0.193878,0.110369,899,101345.054224,2.689442,0.935888
0.193878,0.120199,900,101344.863877,2.743364,0.946302
0.193878,0.130029,901,101344.670571,2.797374,0.955914
0.193878,0.139859,902,101344.474296,2.851473,0.964731
0.193878,0.149690,903,101344.275052,2.905660,0.972764
0.193878,0.159520,904,101344.072848,2.959929,0.980020
0.193878,0.169350,905,101343.867704,3.014270,0.986507
0.193878,0.179180,906,101343.659653,3.068673,0.992235
0.193878,0.189010,907,101343.448736,3.123122,0.997211
0.193878,0.198840,908,101343.235007,3.177601,1.001444
0.193878,0.208671,909,101343.018530,3.232091,1.004943
0.193878,0.218501,910,101342.799380,3.286569,1.007716
0.193878,0.228331,911,101342.577638,3.341016,1.009769
0.193878,0.238161,912,101342.353416,3.395414,1.011106
0.193878,0.247991,913,101342.126825,3.449731,1.011746
0.193878,0.257822,914,101341.897966,3.503941,1.011702
0.193878,0.267652,915,101341.666955,3.558016,1.010979
0.193878,0.277482,916,101341.433922,3.611928,1.009587
0.193878,0.287312,917,101341.199005,3.665650,1.007536
0.193878,0.297142,918,101340.962350,3.719152,1.004835
0.193878,0.306972,919,101340.724109,3.772404,1.001495
0.193878,0.316803,920,101340.484443,3.825377,0.997527
0.193878,0.326633,921,101340.243518,3.878042,0.992943
0.193878,0.336463,922,101340.001505,3.930369,0.987755
0.193878,0.346293,923,101339.758582,3.982329,0.981975
0.193878,0.356123,924,101339.514936,4.033893,0.975616
0.193878,0.365953,925,101339.270750,4.085051,0.968703
0.193878,0.375784,926,101339.026150,4.135825,0.961232
0.193878,0.385614,927,101338.781334,4.186043,0.953226
0.193878,0.395444,928,101338.536519,4.235754,0.944699
0.193878,0.405274,929,101338.291904,4.284931,0.935669
0.193878,0.415104,930,101338.047685,4.333549,0.926149
0.193878,0.424935,931,101337.804058,4.381582,0.916158
0.193878,0.434765,932,101337.561216,4.429007,0.905711
0.193878,0.444595,933,101337.319352,4.475800,0.894825
0.193878,0.454425,934,101337.078656,4.521939,0.883516
0.193878,0.464255,935,101336.839317,4.567405,0.871802
0.193878,0.474085,936,101336.601521,4.612177,0.859700
0.193878,0.483916,937,101336.365451,4.656237,0.847227
0.193878,0.493746,938,101336.131285,4.699568,0.834400
0.193878,0.503576,939,101335.899203,4.742153,0.821240
0.193878,0.513406,940,101335.669371,4.784004,0.807763
0.193878,0.523236,941,101335.441932,4.825082,0.793981
0.193878,0.533067,942,101335.217059,4.865340,0.779913
0.193878,0.542897,943,101334.994929,4.904799,0.765572
0.193878,0.552727,944,101334.775699,4.943447,0.750978
0.193878,0.562557,945,101334.559522,4.981273,0.736147
0.193878,0.572387,946,101334.346543,5.018270,0.721096
0.193878,0.582217,947,101334.136904,5.054428,0.705839
0.193878,0.592048,948,101333.930737,5.089742,0.690391
0.193878,0.601878,949,101333.728171,5.124203,0.674767
0.193878,0.611708,950,101333.529330,5.157808,0.658980
0.193878,0.621538,951,101333.334331,5.190552,0.643045
0.193878,0.631368,952,101333.143284,5.222431,0.626974
0.193878,0.641198,953,101332.956298,5.253442,0.610780
0.193878,0.651029,954,101332.773472,5.283584,0.594474
0.193878,0.660859,955,101332.594902,5.312854,0.578068
0.193878,0.670689,956,101332.420680,5.341252,0.561573
0.193878,0.680519,957,101332.250887,5.368777,0.544996
0.193878,0.690349,958,101332.085610,5.395430,0.528354
0.193878,0.700180,959,101331.924920,5.421225,0.511646
0.193878,0.710010,960,101331.768884,5.446132,0.494890
0.193878,0.719840,961,101331.617576,5.470169,0.478086
0.193878,0.729670,962,101331.471053,5.493338,0.461246
0.193878,0.739500,963,101331.329375,5.515643,0.444375
0.193878,0.749330,964,101331.192596,5.537084,0.427479
0.193878,0.759161,965,101331.060766,5.557665,0.410564
0.193878,0.768991,966,101330.933932,5.577389,0.393636
0.193878,0.778821,967,101330.812136,5.596258,0.376699
0.193878,0.788651,968,101330.695418,5.614276,0.359756
0.193878,0.798481,969,101330.583814,5.631445,0.342812
0.193878,0.808312,970,101330.477357,5.647769,0.325869
0.193878,0.818142,971,101330.376077,5.663251,0.308930
0.193878,0.827972,972,101330.280001,5.677895,0.291998
0.193878,0.837802,973,101330.189155,5.691704,0.275074
0.193878,0.847632,974,101330.103559,5.704681,0.258159
0.193878,0.857462,975,101330.023235,5.716830,0.241255
0.193878,0.867293,976,101329.948199,5.728153,0.224363
0.193878,0.877123,977,101329.878466,5.738655,0.207482
0.193878,0.886953,978,101329.814051,5.748336,0.190613
0.193878,0.896783,979,101329.754963,5.757202,0.173757
0.193878,0.906613,980,101329.701214,5.765254,0.156912
0.193878,0.916443,981,101329.652810,5.772495,0.140076
0.193878,0.926274,982,101329.609762,5.778927,0.123255
0.193878,0.936104,983,101329.572065,5.784554,0.106435
0.193878,0.945934,984,101329.539740,5.789375,0.089638
0.193878,0.955764,985,101329.512770,5.793395,0.072827
0.193878,0.965594,986,101329.491167,5.796603,0.056046
0.193878,0.975425,987,101329.474951,5.798874,0.039256
0.193878,0.985255,988,101329.464054,5.785850,0.022410
0.193878,0.995085,989,101329.458729,5.757399,0.007022
0.214286,0.039765,990,101346.394609,2.242610,0.702400
0.214286,0.049513,991,101346.126234,2.285302,1.068295
0.214286,0.059262,992,101346.005998,2.380481,0.933477
0.214286,0.069010,993,101345.801932,2.424815,1.013837
0.214286,0.078759,994,101345.630279,2.484582,1.004327
0.214286,0.088507,995,101345.442377,2.538116,1.024701
0.214286,0.098256,996,101345.255637,2.593509,1.035048
0.214286,0.108005,997,101345.064828,2.648519,1.046935
0.214286,0.117753,998,101344.871225,2.703700,1.057544
0.214286,0.127502,999,101344.674578,2.758953,1.067440
0.214286,0.137250,1000,101344.474923,2.814295,1.076540
0.214286,0.146999,1001,101344.272273,2.869720,1.084854
0.214286,0.156748,1002,101344.066647,2.925222,1.092385
0.214286,0.166496,1003,101343.858075,2.980792,1.099135
0.214286,0.176245,1004,101343.646597,3.036419,1.105108
0.214286,0.185993,1005,101343.432262,3.092087,1.110307
0.214286,0.195742,1006,101343.215129,3.147781,1.114737
0.214286,0.205490,1007,101342.995267,3.203481,1.118401
0.214286,0.215239,1008,101342.772756,3.259168,1.121301
0.214286,0.224988,1009,101342.547695,3.314817,1.123451
0.214286,0.234736,1010,101342.320158,3.370465,1.124862
0.214286,0.244485,1011,101342.090219,3.426034,1.125528
0.214286,0.254233,1012,101341.857998,3.481449,1.125454
0.214286,0.263982,1013,101341.623632,3.536727,1.124652
0.214286,0.273731,1014,101341.387262,3.591839,1.123128
0.214286,0.283479,1015,101341.149032,3.646753,1.120892
0.214286,0.293228,1016,101340.909094,3.701440,1.117954
0.214286,0.302976,1017,101340.667603,3.755869,1.114322
0.214286,0.312725,1018,101340.424722,3.810011,1.110008
0.214286,0.322473,1019,101340.180620,3.863834,1.105023
0.214286,0.332222,1020,101339.935470,3.917307,1.099379
0.214286,0.341971,1021,101339.689448,3.970402,1.093089
0.214286,0.351719,1022,101339.442733,4.023088,1.086166
0.214286,0.361468,1023,101339.195506,4.075338,1.078625
0.214286,0.371216,1024,101338.947957,4.127140,1.070496
0.214286,0.380965,1025,101338.700238,4.178502,1.061777
0.214286,0.390714,1026,101338.452532,4.229267,1.052482
0.214286,0.400462,1027,101338.205075,4.279483,1.042620
0.214286,0.410211,1028,101337.958063,4.329124,1.032218
0.214286,0.419959,1029,101337.711694,4.378163,1.021292
0.214286,0.429708,1030,101337.466165,4.426577,1.009862
0.214286,0.439456,1031,101337.221672,4.474341,0.997945
0.214286,0.449205,1032,101336.978404,4.521433,0.985561
0.214286,0.458954,1033,101336.736552,4.567832,0.972728
0.214286,0.468702,1034,101336.496301,4.613519,0.959465
0.214286,0.478451,1035,101336.257833,4.658474,0.945792
0.214286,0.488199,1036,101336.021328,4.702680,0.931728
0.214286,0.497948,1037,101335.786959,4.746122,0.917290
0.214286,0.507697,1038,101335.554899,4.788784,0.902501
0.214286,0.517445,1039,101335.325319,4.830676,0.887381
0.214286,0.527194,1040,101335.098369,4.871758,0.871945
0.214286,0.536942,1041,101334.874209,4.911991,0.856209
0.214286,0.546691,1042,101334.652994,4.951394,0.840191
0.214286,0.556439,1043,101334.434865,4.989957,0.823913
0.214286,0.566188,1044,101334.219964,5.027674,0.807390
0.214286,0.575937,1045,101334.008425,5.064536,0.790641
0.214286,0.585685,1046,101333.800378,5.100536,0.773683
0.214286,0.595434,1047,101333.595948,5.135671,0.756531
0.214286,0.605182,1048,101333.395252,5.169934,0.739201
0.214286,0.614931,1049,101333.198403,5.203322,0.721708
0.214286,0.624680,1050,101333.005507,5.235832,0.704068
0.214286,0.634428,1051,101332.816667,5.267463,0.686293
0.214286,0.644177,1052,101332.631977,5.298213,0.668398
0.214286,0.653925,1053,101332.451528,5.328081,0.650395
0.214286,0.663674,1054,101332.275404,5.357067,0.632295
0.214286,0.673422,1055,101332.103688,5.385172,0.614112
0.214286,0.683171,1056,101331.936450,5.412397,0.595853
0.214286,0.692920,1057,101331.773765,5.438745,0.577534
0.214286,0.702668,1058,101331.615696,5.464228,0.559157
0.214286,0.712417,1059,101331.462302,5.488821,0.540738
0.214286,0.722165,1060,101331.313644,5.512542,0.522278
0.214286,0.731914,1061,101331.169770,5.535396,0.503791
0.214286,0.741663,1062,101331.030731,5.557385,0.485280
0.214286,0.751411,1063,101330.896571,5.578512,0.466752
0.214286,0.761160,1064,101330.767331,5.598783,0.448215
0.214286,0.770908,1065,101330.643049,5.618200,0.429671
0.214286,0.780657,1066,101330.523759,5.636769,0.411127
0.214286,0.790405,1067,101330.409492,5.654492,0.392585
0.214286,0.800154,1068,101330.300278,5.671374,0.374050
0.214286,0.809903,1069,101330.196141,5.687419,0.355525
0.214286,0.819651,1070,101330.097106,5.702631,0.337011
0.214286,0.829400,1071,101330.003192,5.717016,0.318512
0.214286,0.839148,1072,101329.914419,5.730576,0.300029
0.214286,0.848897,1073,101329.830803,5.743315,0.281562
0.214286,0.858646,1074,101329.752358,5.755238,0.263113
0.214286,0.868394,1075,101329.679096,5.766349,0.244683
0.214286,0.878143,1076,101329.611029,5.776650,0.226271
0.214286,0.887891,1077,101329.548166,5.786146,0.207877
0.214286,0.897640,1078,101329.490514,5.794841,0.189500
0.214286,0.907388,1079,101329.438081,5.802735,0.171142
0.214286,0.917137,1080,101329.390869,5.809835,0.152797
0.214286,0.926886,1081,101329.348889,5.816140,0.134472
0.214286,0.936634,1082,101329.312132,5.821655,0.116152
0.214286,0.946383,1083,101329.280617,5.826381,0.097859
0.214286,0.956131,1084,101329.254329,5.830320,0.079556
0.214286,0.965880,1085,101329.233274,5.833460,0.061282
0.214286,0.975629,1086,101329.217478,5.835590,0.043009
0.214286,0.985377,1087,101329.206863,5.821056,0.024666
0.214286,0.995126,1088,101329.201712,5.789725,0.007781
0.234694,0.048994,1089,101346.204015,2.264318,0.806074
0.234694,0.058649,1090,101345.926204,2.292955,1.213912
0.234694,0.068304,1091,101345.806067,2.401195,1.052012
0.234694,0.077959,1092,101345.591748,2.440318,1.148802
0.234694,0.087613,1093,101345.417609,2.504279,1.129731
0.234694,0.097268,1094,101345.222316,2.557734,1.153430
0.234694,0.106923,1095,101345.030253,2.614788,1.161691
0.234694,0.116578,1096,101344.833106,2.670914,1.173453
0.234694,0.126233,1097,101344.633317,2.727392,1.183353
0.234694,0.135888,1098,101344.430309,2.783919,1.192695
0.234694,0.145543,1099,101344.224231,2.840550,1.201207
0.234694,0.155198,1100,101344.015097,2.897266,1.208933
0.234694,0.164853,1101,101343.802953,2.954059,1.215864
0.234694,0.174507,1102,101343.587849,3.010913,1.222000
0.234694,0.184162,1103,101343.369846,3.067815,1.227340
0.234694,0.193817,1104,101343.149011,3.124744,1.231885
0.234694,0.203472,1105,101342.925421,3.181682,1.235636
0.234694,0.213127,1106,101342.699163,3.238606,1.238594
0.234694,0.222782,1107,101342.470323,3.295495,1.240759
0.234694,0.232437,1108,101342.239007,3.352320,1.242145
0.234694,0.242092,1109,101342.005311,3.409109,1.242765
0.234694,0.251747,1110,101341.769329,3.465780,1.242606
0.234694,0.261401,1111,101341.531205,3.522266,1.241660
0.234694,0.271056,1112,101341.291101,3.578580,1.239938
0.234694,0.280711,1113,101341.049167,3.634690,1.237451
0.234694,0.290366,1114,101340.805561,3.690564,1.234208
0.234694,0.300021,1115,101340.560447,3.746172,1.230219
0.234694,0.309676,1116,101340.313994,3.801480,1.225492
0.234694,0.319331,1117,101340.066376,3.856459,1.220041
0.234694,0.328986,1118,101339.817772,3.911075,1.213876
0.234694,0.338640,1119,101339.568363,3.965299,1.207010
0.234694,0.348295,1120,101339.318337,4.019099,1.199458
0.234694,0.357950,1121,101339.067881,4.072445,1.191234
0.234694,0.367605,1122,101338.817185,4.125309,1.182353
0.234694,0.377260,1123,101338.566455,4.177680,1.172844
0.234694,0.386915,1124,101338.315878,4.229550,1.162712
0.234694,0.396570,1125,101338.065642,4.280779,1.151969
0.234694,0.406225,1126,101337.815962,4.331411,1.140626
0.234694,0.415880,1127,101337.567017,4.381421,1.128716
0.234694,0.425534,1128,101337.319004,4.430783,1.116254
0.234694,0.435189,1129,101337.072112,4.479475,1.103260
0.234694,0.444844,1130,101336.826532,4.527474,1.089755
0.234694,0.454499,1131,101336.582452,4.574759,1.075761
0.234694,0.464154,1132,101336.340057,4.621309,1.061296
0.234694,0.473809,1133,101336.099526,4.667107,1.046384
0.234694,0.483464,1134,101335.861038,4.712133,1.031043
0.234694,0.493119,1135,101335.624765,4.756372,1.015297
0.234694,0.502773,1136,101335.390875,4.799810,0.999165
0.234694,0.512428,1137,101335.159533,4.842435,0.982670
0.234694,0.522083,1138,101334.930898,4.884254,0.965834
0.234694,0.531738,1139,101334.705117,4.925227,0.948675
0.234694,0.541393,1140,101334.482342,4.965323,0.931210
0.234694,0.551048,1141,101334.262716,5.004560,0.913459
0.234694,0.560703,1142,101334.046369,5.042930,0.895445
0.234694,0.570358,1143,101333.833434,5.080426,0.877186
0.234694,0.580013,1144,101333.624032,5.117043,0.858702
0.234694,0.589667,1145,101333.418280,5.152777,0.840008
0.234694,0.599322,1146,101333.216292,5.187622,0.821124
0.234694,0.608977,1147,101333.018172,5.221578,0.802066
0.234694,0.618632,1148,101332.824022,5.254642,0.782850
0.234694,0.628287,1149,101332.633935,5.286812,0.763492
0.234694,0.637942,1150,101332.448002,5.318089,0.744006
0.234694,0.647597,1151,101332.266306,5.348473,0.724406
0.234694,0.657252,1152,101332.088925,5.377965,0.704706
0.234694,0.666907,1153,101331.915932,5.406566,0.684919
0.234694,0.676561,1154,101331.747397,5.434279,0.665056
0.234694,0.686216,1155,101331.583379,5.461107,0.645128
0.234694,0.695871,1156,101331.423941,5.487055,0.625148
0.234694,0.705526,1157,101331.269135,5.512133,0.605123
0.234694,0.715181,1158,101331.119009,5.536322,0.585064
0.234694,0.724836,1159,101330.973614,5.559640,0.564976
0.234694,0.734491,1160,101330.832986,5.582092,0.544870
0.234694,0.744146,1161,101330.697168,5.603683,0.524752
0.234694,0.753800,1162,101330.566193,5.624418,0.504628
0.234694,0.763455,1163,101330.440092,5.644301,0.484505
0.234694,0.773110,1164,101330.318894,5.663338,0.464386
0.234694,0.782765,1165,101330.202624,5.681534,0.444277
0.234694,0.792420,1166,101330.091306,5.698893,0.424181
0.234694,0.802075,1167,101329.984960,5.715423,0.404102
0.234694,0.811730,1168,101329.883603,5.731126,0.384042
0.234694,0.821385,1169,101329.787252,5.746009,0.364004
0.234694,0.831040,1170,101329.695921,5.760077,0.343990
0.234694,0.840694,1171,101329.609621,5.773334,0.324000
0.234694,0.850349,1172,101329.528363,5.785785,0.304036
0.234694,0.860004,1173,101329.452155,5.797435,0.284097
0.234694,0.869659,1174,101329.381005,5.808288,0.264185
0.234694,0.879314,1175,101329.314920,5.818348,0.244299
0.234694,0.888969,1176,101329.253903,5.827620,0.224438
0.234694,0.898624,1177,101329.197958,5.836107,0.204601
0.234694,0.908279,1178,101329.147090,5.843813,0.184789
0.234694,0.917933,1179,101329.101297,5.850741,0.164995
0.234694,0.927588,1180,101329.060587,5.856893,0.145227
0.234694,0.937243,1181,101329.024951,5.862274,0.125468
0.234694,0.946898,1182,101328.994402,5.866884,0.105739
0.234694,0.956553,1183,101328.968929,5.870727,0.086007
0.234694,0.966208,1184,101328.948530,5.873784,0.066301
0.234694,0.975863,1185,101328.933238,5.875728,0.046608
0.234694,0.985518,1186,101328.922961,5.859669,0.026829
0.234694,0.995173,1187,101328.918021,5.825469,0.008511
0.255102,0.059405,1188,101345.956191,2.297374,0.914664
0.255102,0.068954,1189,101345.667510,2.310798,1.362736
0.255102,0.078503,1190,101345.547210,2.432945,1.175151
0.255102,0.088052,1191,101345.322068,2.465854,1.288184
0.255102,0.097602,1192,101345.145180,2.534794,1.259054
0.255102,0.107151,1193,101344.941724,2.587657,1.286686
0.255102,0.116700,1194,101344.744079,2.646613,1.292427
0.255102,0.126249,1195,101344.540040,2.703728,1.304242
0.255102,0.135798,1196,101344.333674,2.761516,1.313300
0.255102,0.145347,1197,101344.123870,2.819281,1.322052
0.255102,0.154897,1198,101343.910957,2.877174,1.329893
0.255102,0.164446,1199,101343.694935,2.935152,1.336942
0.255102,0.173995,1200,101343.475877,2.993203,1.343172
0.255102,0.183544,1201,101343.253855,3.051309,1.348581
0.255102,0.193093,1202,101343.028951,3.109451,1.353166
0.255102,0.202643,1203,101342.801254,3.167605,1.356924
0.255102,0.212192,1204,101342.570863,3.225749,1.359853
0.255102,0.221741,1205,101342.337885,3.283857,1.361955
0.255102,0.231290,1206,101342.102435,3.341902,1.363226
0.255102,0.240839,1207,101341.864640,3.399859,1.363677
0.255102,0.250389,1208,101341.624640,3.457740,1.363317
0.255102,0.259938,1209,101341.382569,3.515462,1.362136
0.255102,0.269487,1210,101341.138584,3.572961,1.360125
0.255102,0.279036,1211,101340.892843,3.630246,1.357297
0.255102,0.288585,1212,101340.645500,3.687285,1.353662
0.255102,0.298135,1213,101340.396722,3.744044,1.349229
0.255102,0.307684,1214,101340.146683,3.800493,1.344007
0.255102,0.317233,1215,101339.895561,3.856598,1.338006
0.255102,0.326782,1216,101339.643539,3.912326,1.331239
0.255102,0.336331,1217,101339.390804,3.967647,1.323718
0.255102,0.345880,1218,101339.137547,4.022526,1.315458
0.255102,0.355430,1219,101338.883961,4.076934,1.306473
0.255102,0.364979,1220,101338.630243,4.130839,1.296780
0.255102,0.374528,1221,101338.376588,4.184215,1.286394
0.255102,0.384077,1222,101338.123202,4.237051,1.275346
0.255102,0.393626,1223,101337.870277,4.289326,1.263644
0.255102,0.403176,1224,101337.618007,4.340920,1.251300
0.255102,0.412725,1225,101337.366605,4.391869,1.238332
0.255102,0.422274,1226,101337.116252,4.442145,1.224772
0.255102,0.431823,1227,101336.867142,4.491727,1.210637
0.255102,0.441372,1228,101336.619462,4.540591,1.195952
0.255102,0.450922,1229,101336.373398,4.588716,1.180737
0.255102,0.460471,1230,101336.129132,4.636081,1.165015
0.255102,0.470020,1231,101335.886843,4.682668,1.148810
0.255102,0.479569,1232,101335.646705,4.728459,1.132144
0.255102,0.489118,1233,101335.408888,4.773438,1.115040
0.255102,0.498668,1234,101335.173557,4.817590,1.097522
0.255102,0.508217,1235,101334.940870,4.860903,1.079612
0.255102,0.517766,1236,101334.710982,4.903368,1.061334
0.255102,0.527315,1237,101334.484041,4.944988,1.042713
0.255102,0.536864,1238,101334.260185,4.985728,1.023767
0.255102,0.546413,1239,101334.039552,5.025563,1.004516
0.255102,0.555963,1240,101333.822276,5.064509,0.984981
0.255102,0.565512,1241,101333.608477,5.102561,0.965187
0.255102,0.575061,1242,101333.398274,5.139714,0.945152
0.255102,0.584610,1243,101333.191777,5.175963,0.924898
0.255102,0.594159,1244,101332.989092,5.211307,0.904443
0.255102,0.603709,1245,101332.790316,5.245743,0.883805
0.255102,0.613258,1246,101332.595543,5.279272,0.863002
0.255102,0.622807,1247,101332.404859,5.311892,0.842051
0.255102,0.632356,1248,101332.218346,5.343605,0.820969
0.255102,0.641905,1249,101332.036080,5.374413,0.799771
0.255102,0.651455,1250,101331.858129,5.404317,0.778471
0.255102,0.661004,1251,101331.684560,5.433321,0.757083
0.255102,0.670553,1252,101331.515432,5.461428,0.735621
0.255102,0.680102,1253,101331.350801,5.488642,0.714097
0.255102,0.689651,1254,101331.190715,5.514969,0.692521
0.255102,0.699201,1255,101331.035223,5.540414,0.670907
0.255102,0.708750,1256,101330.884364,5.564988,0.649261
0.255102,0.718299,1257,101330.738176,5.588677,0.627596
0.255102,0.727848,1258,101330.596696,5.611498,0.605915
0.255102,0.737397,1259,101330.459952,5.633457,0.584230
0.255102,0.746946,1260,101330.327973,5.654563,0.562547
0.255102,0.756496,1261,101330.200782,5.674819,0.540871
0.255102,0.766045,1262,101330.078400,5.694233,0.519209
0.255102,0.775594,1263,101329.960847,5.712811,0.497565
0.255102,0.785143,1264,101329.848139,5.730559,0.475943
0.255102,0.794692,1265,101329.740290,5.747484,0.454347
0.255102,0.804242,1266,101329.637311,5.763592,0.432780
0.255102,0.813791,1267,101329.539212,5.778888,0.411243
0.255102,0.823340,1268,101329.446002,5.793380,0.389740
0.255102,0.832889,1269,101329.357687,5.807072,0.368271
0.255102,0.842438,1270,101329.274273,5.819970,0.346837
0.255102,0.851988,1271,101329.195763,5.832080,0.325438
0.255102,0.861537,1272,101329.122160,5.843408,0.304075
0.255102,0.871086,1273,101329.053467,5.853957,0.282747
0.255102,0.880635,1274,101328.989685,5.863734,0.261454
0.255102,0.890184,1275,101328.930813,5.872742,0.240193
0.255102,0.899734,1276,101328.876851,5.880985,0.218964
0.255102,0.909283,1277,101328.827800,5.888469,0.197766
0.255102,0.918832,1278,101328.783655,5.895196,0.176593
0.255102,0.928381,1279,101328.744421,5.901169,0.155450
0.255102,0.937930,1280,101328.710087,5.906392,0.134323
0.255102,0.947479,1281,101328.680662,5.910868,0.113229
0.255102,0.957029,1282,101328.656136,5.914596,0.092138
0.255102,0.966578,1283,101328.636500,5.917555,0.071071
0.255102,0.976127,1284,101328.621796,5.919265,0.050029
0.255102,0.985676,1285,101328.611913,5.901662,0.028884
0.255102,0.995225,1286,101328.607220,5.864601,0.009207
0.275510,0.070969,1287,101345.646739,2.341812,1.028359
0.275510,0.080401,1288,101345.345826,2.339196,1.514939
0.275510,0.089833,1289,101345.224388,2.475912,1.303274
0.275510,0.099265,1290,101344.987961,2.501873,1.431869
0.275510,0.108697,1291,101344.807554,2.576472,1.392597
0.275510,0.118128,1292,101344.595126,2.628273,1.424496
0.275510,0.127560,1293,101344.391421,2.689416,1.427330
0.275510,0.136992,1294,101344.179813,2.747387,1.439335
0.275510,0.146424,1295,101343.966407,2.806534,1.447373
0.275510,0.155856,1296,101343.749329,2.865504,1.455476
0.275510,0.165287,1297,101343.529193,2.924647,1.462523
0.275510,0.174719,1298,101343.305943,2.983859,1.468777
0.275510,0.184151,1299,101343.079694,3.043139,1.474171
0.275510,0.193583,1300,101342.850533,3.102460,1.478711
0.275510,0.203014,1301,101342.618565,3.161799,1.482389
0.275510,0.212446,1302,101342.383900,3.221131,1.485200
0.275510,0.221878,1303,101342.146657,3.280429,1.487141
0.275510,0.231310,1304,101341.906966,3.339664,1.488211
0.275510,0.240742,1305,101341.664960,3.398807,1.488407
0.275510,0.250173,1306,101341.420786,3.457832,1.487737
0.275510,0.259605,1307,101341.174600,3.516741,1.486211
0.275510,0.269037,1308,101340.926553,3.575451,1.483816
0.275510,0.278469,1309,101340.676820,3.633905,1.480546
0.275510,0.287900,1310,101340.425574,3.692102,1.476416
0.275510,0.297332,1311,101340.172984,3.750008,1.471437
0.275510,0.306764,1312,101339.919233,3.807589,1.465618
0.275510,0.316196,1313,101339.664503,3.864811,1.458968
0.275510,0.325628,1314,101339.408985,3.921640,1.451500
0.275510,0.335059,1315,101339.152871,3.978042,1.443226
0.275510,0.344491,1316,101338.896356,4.033984,1.434162
0.275510,0.353923,1317,101338.639639,4.089434,1.424321
0.275510,0.363355,1318,101338.382920,4.144359,1.413722
0.275510,0.372787,1319,101338.126400,4.198729,1.402383
0.275510,0.382218,1320,101337.870278,4.252520,1.390322
0.275510,0.391650,1321,101337.614758,4.305716,1.377569
0.275510,0.401082,1322,101337.360034,4.358288,1.364137
0.275510,0.410514,1323,101337.106302,4.410135,1.350039
0.275510,0.419945,1324,101336.853769,4.461285,1.335296
0.275510,0.429377,1325,101336.602621,4.511712,1.319942
0.275510,0.438809,1326,101336.353050,4.561393,1.303998
0.275510,0.448241,1327,101336.105242,4.610307,1.287489
0.275510,0.457673,1328,101335.859378,4.658432,1.270439
0.275510,0.467104,1329,101335.615635,4.705749,1.252872
0.275510,0.476536,1330,101335.374183,4.752242,1.234815
0.275510,0.485968,1331,101335.135191,4.797894,1.216292
0.275510,0.495400,1332,101334.898818,4.842691,1.197329
0.275510,0.504831,1333,101334.665219,4.886620,1.177950
0.275510,0.514263,1334,101334.434543,4.929670,1.158180
0.275510,0.523695,1335,101334.206933,4.971836,1.138045
0.275510,0.533127,1336,101333.982523,5.013118,1.117572
0.275510,0.542559,1337,101333.761440,5.053484,1.096780
0.275510,0.551990,1338,101333.543810,5.092917,1.075689
0.275510,0.561422,1339,101333.329751,5.131433,1.054324
0.275510,0.570854,1340,101333.119369,5.169026,1.032710
0.275510,0.580286,1341,101332.912771,5.205696,1.010868
0.275510,0.589717,1342,101332.710050,5.241440,0.988818
0.275510,0.599149,1343,101332.511299,5.276258,0.966581
0.275510,0.608581,1344,101332.316601,5.310150,0.944175
0.275510,0.618013,1345,101332.126033,5.343118,0.921620
0.275510,0.627445,1346,101331.939667,5.375164,0.898933
0.275510,0.636876,1347,101331.757569,5.406292,0.876130
0.275510,0.646308,1348,101331.579801,5.436504,0.853228
0.275510,0.655740,1349,101331.406417,5.465805,0.830242
0.275510,0.665172,1350,101331.237468,5.494200,0.807185
0.275510,0.674604,1351,101331.072998,5.521696,0.784071
0.275510,0.684035,1352,101330.913049,5.548296,0.760913
0.275510,0.693467,1353,101330.757657,5.574009,0.737721
0.275510,0.702899,1354,101330.606855,5.598843,0.714508
0.275510,0.712331,1355,101330.460671,5.622808,0.691282
0.275510,0.721762,1356,101330.319130,5.645893,0.668053
0.275510,0.731194,1357,101330.182254,5.668119,0.644825
0.275510,0.740626,1358,101330.050061,5.689491,0.621611
0.275510,0.750058,1359,101329.922568,5.710019,0.598415
0.275510,0.759490,1360,101329.799788,5.729709,0.575242
0.275510,0.768921,1361,101329.681730,5.748569,0.552099
0.275510,0.778353,1362,101329.568405,5.766607,0.528989
0.275510,0.787785,1363,101329.459817,5.783830,0.505917
0.275510,0.797217,1364,101329.355972,5.800245,0.482884
0.275510,0.806648,1365,101329.256874,5.815860,0.459894
0.275510,0.816080,1366,101329.162523,5.830682,0.436949
0.275510,0.825512,1367,101329.072920,5.844718,0.414049
0.275510,0.834944,1368,101328.988064,5.857974,0.391196
0.275510,0.844376,1369,101328.907955,5.870458,0.368390
0.275510,0.853807,1370,101328.832589,5.882174,0.345630
0.275510,0.863239,1371,101328.761964,5.893129,0.322916
0.275510,0.872671,1372,101328.696075,5.903328,0.300247
0.275510,0.882103,1373,101328.634920,5.912778,0.277621
0.275510,0.891535,1374,101328.578493,5.921483,0.255038
0.275510,0.900966,1375,101328.526791,5.929447,0.232493
0.275510,0.910398,1376,101328.479809,5.936675,0.209987
0.275510,0.919830,1377,101328.437540,5.943171,0.187513
0.275510,0.929262,1378,101328.399985,5.948939,0.165075
0.275510,0.938693,1379,101328.367132,5.953982,0.142658
0.275510,0.948125,1380,101328.338985,5.958303,0.120278
0.275510,0.957557,1381,101328.315538,5.961902,0.097907
0.275510,0.966989,1382,101328.296771,5.964744,0.075559
0.275510,0.976421,1383,101328.282737,5.966168,0.053249
0.275510,0.985852,1384,101328.273304,5.946998,0.030816
0.275510,0.995284,1385,101328.268892,5.907083,0.009864
0.295918,0.083645,1386,101345.270755,2.397696,1.147310
0.295918,0.092949,1387,101344.956249,2.378615,1.670615
0.295918,0.102252,1388,101344.832929,2.530275,1.436604
0.295918,0.111555,1389,101344.584754,2.548867,1.579697
0.295918,0.120858,1390,101344.400088,2.629596,1.530558
0.295918,0.130161,1391,101344.178048,2.679958,1.566769
0.295918,0.139464,1392,101343.967838,2.743554,1.566408
0.295918,0.148767,1393,101343.748056,2.802243,1.578681
0.295918,0.158070,1394,101343.527191,2.862814,1.585497
0.295918,0.167373,1395,101343.302385,2.922964,1.592871
0.295918,0.176676,1396,101343.074650,2.983361,1.598975
0.295918,0.185979,1397,101342.843829,3.043798,1.604293
0.295918,0.195283,1398,101342.610094,3.104295,1.608694
0.295918,0.204586,1399,101342.373546,3.164816,1.612198
0.295918,0.213889,1400,101342.134312,3.225335,1.614793
0.295918,0.223192,1401,101341.892523,3.285822,1.616475
0.295918,0.232495,1402,101341.648319,3.346247,1.617238
0.295918,0.241798,1403,101341.401849,3.406577,1.617082
0.295918,0.251101,1404,101341.153267,3.466783,1.616005
0.295918,0.260404,1405,101340.902736,3.526836,1.614014
0.295918,0.269707,1406,101340.650424,3.586727,1.611117
0.295918,0.279010,1407,101340.396500,3.646373,1.607304
0.295918,0.288313,1408,101340.141150,3.705725,1.602570
0.295918,0.297617,1409,101339.884563,3.764773,1.596931
0.295918,0.306920,1410,101339.626926,3.823481,1.590400
0.295918,0.316223,1411,101339.368436,3.881813,1.582986
0.295918,0.325526,1412,101339.109290,3.939733,1.574702
0.295918,0.334829,1413,101338.849689,3.997205,1.565560
0.295918,0.344132,1414,101338.589837,4.054195,1.555577
0.295918,0.353435,1415,101338.329937,4.110668,1.544768
0.295918,0.362738,1416,101338.070197,4.166591,1.533151
0.295918,0.372041,1417,101337.810821,4.221932,1.520746
0.295918,0.381344,1418,101337.552017,4.276660,1.507574
0.295918,0.390647,1419,101337.293986,4.330751,1.493657
0.295918,0.399951,1420,101337.036932,4.384188,1.479025
0.295918,0.409254,1421,101336.781052,4.436931,1.463693
0.295918,0.418557,1422,101336.526540,4.488901,1.447678
0.295918,0.427860,1423,101336.273601,4.540118,1.431005
0.295918,0.437163,1424,101336.022417,4.590555,1.413711
0.295918,0.446466,1425,101335.773176,4.640192,1.395816
0.295918,0.455769,1426,101335.526058,4.689008,1.377350
0.295918,0.465072,1427,101335.281238,4.736983,1.358339
0.295918,0.474375,1428,101335.038885,4.784101,1.338811
0.295918,0.483678,1429,101334.799160,4.830346,1.318792
0.295918,0.492981,1430,101334.562222,4.875703,1.298311
0.295918,0.502285,1431,101334.328218,4.920160,1.277395
0.295918,0.511588,1432,101334.097293,4.963707,1.256070
0.295918,0.520891,1433,101333.869581,5.006336,1.234363
0.295918,0.530194,1434,101333.645211,5.048044,1.212303
0.295918,0.539497,1435,101333.424305,5.088828,1.189917
0.295918,0.548800,1436,101333.206974,5.128661,1.167224
0.295918,0.558103,1437,101332.993329,5.167535,1.144249
0.295918,0.567406,1438,101332.783470,5.205462,1.121017
0.295918,0.576709,1439,101332.577490,5.242442,1.097553
0.295918,0.586012,1440,101332.375476,5.278475,1.073880
0.295918,0.595315,1441,101332.177508,5.313562,1.050018
0.295918,0.604619,1442,101331.983658,5.347704,1.025989
0.295918,0.613922,1443,101331.793995,5.380905,1.001813
0.295918,0.623225,1444,101331.608578,5.413168,0.977508
0.295918,0.632528,1445,101331.427463,5.444498,0.953093
0.295918,0.641831,1446,101331.250700,5.474901,0.928585
0.295918,0.651134,1447,101331.078332,5.504383,0.904000
0.295918,0.660437,1448,101330.910400,5.532949,0.879352
0.295918,0.669740,1449,101330.746936,5.560607,0.854657
0.295918,0.679043,1450,101330.587973,5.587365,0.829926
0.295918,0.688346,1451,101330.433534,5.613231,0.805174
0.295918,0.697650,1452,101330.283642,5.638214,0.780409
0.295918,0.706953,1453,101330.138315,5.662323,0.755645
0.295918,0.716256,1454,101329.997567,5.685568,0.730889
0.295918,0.725559,1455,101329.861410,5.707945,0.706150
0.295918,0.734862,1456,101329.729854,5.729472,0.681434
0.295918,0.744165,1457,101329.602904,5.750159,0.656751
0.295918,0.753468,1458,101329.480565,5.770014,0.632105
0.295918,0.762771,1459,101329.362837,5.789048,0.607502
0.295918,0.772074,1460,101329.249721,5.807267,0.582946
0.295918,0.781377,1461,101329.141215,5.824682,0.558441
0.295918,0.790680,1462,101329.037316,5.841301,0.533990
0.295918,0.799984,1463,101328.938019,5.857132,0.509596
0.295918,0.809287,1464,101328.843319,5.872184,0.485259
0.295918,0.818590,1465,101328.753209,5.886464,0.460982
0.295918,0.827893,1466,101328.667681,5.899981,0.436766
0.295918,0.837196,1467,101328.586729,5.912741,0.412609
0.295918,0.846499,1468,101328.510342,5.924752,0.388511
0.295918,0.855802,1469,101328.438514,5.936021,0.364473
0.295918,0.865105,1470,101328.371235,5.946554,0.340491
0.295918,0.874408,1471,101328.308495,5.956358,0.316565
0.295918,0.883711,1472,101328.250287,5.965438,0.292693
0.295918,0.893014,1473,101328.196601,5.973800,0.268871
0.295918,0.902318,1474,101328.147429,5.981450,0.245098
0.295918,0.911621,1475,101328.102764,5.988390,0.221370
0.295918,0.920924,1476,101328.062594,5.994627,0.197682
0.295918,0.930227,1477,101328.026917,6.000164,0.174036
0.295918,0.939530,1478,101327.995720,6.005004,0.150417
0.295918,0.948833,1479,101327.969003,6.009151,0.126838
0.295918,0.958136,1480,101327.946759,6.012604,0.103277
0.295918,0.967439,1481,101327.928964,6.015311,0.079735
0.295918,0.976742,1482,101327.915680,6.016393,0.056246
0.295918,0.986045,1483,101327.906749,5.995632,0.032610
0.295918,0.995348,1484,101327.902650,5.952866,0.010478
0.316327,0.097376,1485,101344.822431,2.465183,1.271678
0.316327,0.106540,1486,101344.492809,2.429632,1.829873
0.316327,0.115703,1487,101344.366953,2.596394,1.575309
0.316327,0.124867,1488,101344.106430,2.607515,1.731557
0.316327,0.134031,1489,101343.916708,2.694647,1.673094
0.316327,0.143194,1490,101343.684452,2.743353,1.713383
0.316327,0.152358,1491,101343.467223,2.809635,1.709650
0.316327,0.161522,1492,101343.238672,2.868936,1.722181
0.316327,0.170685,1493,101343.009917,2.931019,1.727563
0.316327,0.179849,1494,101342.776921,2.992333,1.734103
0.316327,0.189013,1495,101342.541204,3.054006,1.739088
0.316327,0.198177,1496,101342.302458,3.115669,1.743307
0.316327,0.207340,1497,101342.060933,3.177385,1.746534
0.316327,0.216504,1498,101341.816736,3.239101,1.748814
0.316327,0.225668,1499,101341.570021,3.300790,1.750129
0.316327,0.234831,1500,101341.320939,3.362417,1.750476
0.316327,0.243995,1501,101341.069652,3.423949,1.749851
0.316327,0.253159,1502,101340.816329,3.485349,1.748254
0.316327,0.262322,1503,101340.561143,3.546585,1.745683
0.316327,0.271486,1504,101340.304276,3.607626,1.742147
0.316327,0.280650,1505,101340.045915,3.668451,1.737654
0.316327,0.289814,1506,101339.786245,3.728979,1.732195
0.316327,0.298977,1507,101339.525471,3.789165,1.725769
0.316327,0.308141,1508,101339.263792,3.848993,1.718393
0.316327,0.317305,1509,101339.001413,3.908423,1.710084
0.316327,0.326468,1510,101338.738542,3.967418,1.700850
0.316327,0.335632,1511,101338.475390,4.025941,1.690707
0.316327,0.344796,1512,101338.212168,4.083955,1.679672
0.316327,0.353959,1513,101337.949089,4.141423,1.667762
0.316327,0.363123,1514,101337.686366,4.198311,1.654996
0.316327,0.372287,1515,101337.424211,4.254584,1.641396
0.316327,0.381450,1516,101337.162835,4.310211,1.626983
0.316327,0.390614,1517,101336.902447,4.365162,1.611783
0.316327,0.399778,1518,101336.643252,4.419412,1.595820
0.316327,0.408942,1519,101336.385453,4.472940,1.579127
0.316327,0.418105,1520,101336.129246,4.525702,1.561720
0.316327,0.427269,1521,101335.874825,4.577638,1.543622
0.316327,0.436433,1522,101335.622387,4.628760,1.524861
0.316327,0.445596,1523,101335.372109,4.679042,1.505475
0.316327,0.454760,1524,101335.124173,4.728465,1.485489
0.316327,0.463924,1525,101334.878748,4.777010,1.464934
0.316327,0.473087,1526,101334.636001,4.824661,1.443840
0.316327,0.482251,1527,101334.396087,4.871402,1.422235
0.316327,0.491415,1528,101334.159159,4.917219,1.400151
0.316327,0.500579,1529,101333.925358,4.962102,1.377616
0.316327,0.509742,1530,101333.694821,5.006039,1.354660
0.316327,0.518906,1531,101333.467675,5.049024,1.331312
0.316327,0.528070,1532,101333.244040,5.091053,1.307601
0.316327,0.537233,1533,101333.024027,5.132122,1.283557
0.316327,0.546397,1534,101332.807741,5.172228,1.259205
0.316327,0.555561,1535,101332.595278,5.211353,1.234571
0.316327,0.564724,1536,101332.386728,5.249491,1.209677
0.316327,0.573888,1537,101332.182175,5.286658,1.184552
0.316327,0.583052,1538,101331.981692,5.322854,1.159220
0.316327,0.592216,1539,101331.785348,5.358083,1.133704
0.316327,0.601379,1540,101331.593204,5.392347,1.108028
0.316327,0.610543,1541,101331.405313,5.425652,1.082211
0.316327,0.619707,1542,101331.221726,5.458004,1.056274
0.316327,0.628870,1543,101331.042484,5.489408,1.030237
0.316327,0.638034,1544,101330.867624,5.519873,1.004117
0.316327,0.647198,1545,101330.697178,5.549405,0.977932
0.316327,0.656361,1546,101330.531172,5.578013,0.951697
0.316327,0.665525,1547,101330.369629,5.605706,0.925427
0.316327,0.674689,1548,101330.212567,5.632493,0.899137
0.316327,0.683852,1549,101330.059998,5.658385,0.872838
0.316327,0.693016,1550,101329.911934,5.683390,0.846544
0.316327,0.702180,1551,101329.768379,5.707521,0.820264
0.316327,0.711344,1552,101329.629338,5.730789,0.794009
0.316327,0.720507,1553,101329.494812,5.753202,0.767787
0.316327,0.729671,1554,101329.364797,5.774762,0.741606
0.316327,0.738835,1555,101329.239291,5.795488,0.715471
0.316327,0.747998,1556,101329.118286,5.815390,0.689392
0.316327,0.757162,1557,101329.001775,5.834479,0.663372
0.316327,0.766326,1558,101328.889749,5.852764,0.637415
0.316327,0.775489,1559,101328.782195,5.870257,0.611526
0.316327,0.784653,1560,101328.679103,5.886967,0.585708
0.316327,0.793817,1561,101328.580459,5.902903,0.559962
0.316327,0.802981,1562,101328.486250,5.918076,0.534291
0.316327,0.812144,1563,101328.396461,5.932494,0.508695
0.316327,0.821308,1564,101328.311079,5.946165,0.483174
0.316327,0.830472,1565,101328.230087,5.959100,0.457729
0.316327,0.839635,1566,101328.153472,5.971305,0.432358
0.316327,0.848799,1567,101328.081219,5.982789,0.407061
0.316327,0.857963,1568,101328.013312,5.993559,0.381835
0.316327,0.867126,1569,101327.949738,6.003623,0.356679
0.316327,0.876290,1570,101327.890482,6.012986,0.331589
0.316327,0.885454,1571,101327.835531,6.021656,0.306564
0.316327,0.894617,1572,101327.784872,6.029638,0.281599
0.316327,0.903781,1573,101327.738491,6.036937,0.256691
0.316327,0.912945,1574,101327.696380,6.043559,0.231837
0.316327,0.922109,1575,101327.658523,6.049509,0.207030
0.316327,0.931272,1576,101327.624915,6.054790,0.182271
0.316327,0.940436,1577,101327.595541,6.059407,0.157547
0.316327,0.949600,1578,101327.570396,6.063362,0.132865
0.316327,0.958763,1579,101327.549478,6.066652,0.108210
0.316327,0.967927,1580,101327.532751,6.069205,0.083571
0.316327,0.977091,1581,101327.520291,6.069887,0.059000
0.316327,0.986254,1582,101327.511912,6.047505,0.034256
0.316327,0.995418,1583,101327.508156,6.001886,0.011044
0.336735,0.112092,1584,101344.294848,2.544561,1.401621
0.336735,0.121106,1585,101343.948471,2.492922,1.992826
0.336735,0.130120,1586,101343.819465,2.674755,1.719528
0.336735,0.139135,1587,101343.545848,2.678581,1.887391
0.336735,0.148149,1588,101343.350201,2.772201,1.820331
0.336735,0.157163,1589,101343.107110,2.819216,1.864217
0.336735,0.166177,1590,101342.882244,2.888361,1.857041
0.336735,0.175192,1591,101342.644312,2.948223,1.869712
0.336735,0.184206,1592,101342.407194,3.011918,1.873440
0.336735,0.193220,1593,101342.165526,3.074397,1.879001
0.336735,0.202235,1594,101341.921442,3.137381,1.882657
0.336735,0.211249,1595,101341.674427,3.200281,1.885582
0.336735,0.220263,1596,101341.424832,3.263225,1.887421
0.336735,0.229277,1597,101341.172764,3.326135,1.888258
0.336735,0.238292,1598,101340.918405,3.388985,1.888067
0.336735,0.247306,1599,101340.661928,3.451735,1.886847
0.336735,0.256320,1600,101340.403517,3.514346,1.884595
0.336735,0.265335,1601,101340.143360,3.576781,1.881313
0.336735,0.274349,1602,101339.881652,3.639003,1.877003
0.336735,0.283363,1603,101339.618595,3.700978,1.871674
0.336735,0.292378,1604,101339.354392,3.762672,1.865334
0.336735,0.301392,1605,101339.089250,3.824010,1.857977
0.336735,0.310406,1606,101338.823388,3.884948,1.849608
0.336735,0.319420,1607,101338.557023,3.945463,1.840246
0.336735,0.328435,1608,101338.290371,4.005515,1.829909
0.336735,0.337449,1609,101338.023654,4.065064,1.818611
0.336735,0.346463,1610,101337.757092,4.124070,1.806369
0.336735,0.355478,1611,101337.490907,4.182497,1.793204
0.336735,0.364492,1612,101337.225318,4.240307,1.779137
0.336735,0.373506,1613,101336.960544,4.297464,1.764190
0.336735,0.382521,1614,101336.696802,4.353936,1.748388
0.336735,0.391535,1615,101336.434304,4.409689,1.731757
0.336735,0.400549,1616,101336.173260,4.464697,1.714326
0.336735,0.409563,1617,101335.913873,4.518934,1.696123
0.336735,0.418578,1618,101335.656345,4.572373,1.677182
0.336735,0.427592,1619,101335.400867,4.624973,1.657524
0.336735,0.436606,1620,101335.147629,4.676687,1.637175
0.336735,0.445621,1621,101334.896816,4.727521,1.616169
0.336735,0.454635,1622,101334.648599,4.777453,1.594545
0.336735,0.463649,1623,101334.403148,4.826465,1.572330
0.336735,0.472664,1624,101334.160620,4.874540,1.549560
0.336735,0.481678,1625,101333.921168,4.921665,1.526266
0.336735,0.490692,1626,101333.684934,4.967826,1.502480
0.336735,0.499706,1627,101333.452053,5.013014,1.478234
0.336735,0.508721,1628,101333.222652,5.057218,1.453560
0.336735,0.517735,1629,101332.996847,5.100434,1.428490
0.336735,0.526749,1630,101332.774748,5.142656,1.403054
0.336735,0.535764,1631,101332.556456,5.183883,1.377283
0.336735,0.544778,1632,101332.342064,5.224115,1.351208
0.336735,0.553792,1633,101332.131655,5.263348,1.324856
0.336735,0.562807,1634,101331.925306,5.301570,1.298251
0.336735,0.571821,1635,101331.723086,5.338784,1.271420
0.336735,0.580835,1636,101331.525057,5.375003,1.244391
0.336735,0.589849,1637,101331.331273,5.410232,1.217189
0.336735,0.598864,1638,101331.141782,5.444477,1.189837
0.336735,0.607878,1639,101330.956623,5.477744,1.162358
0.336735,0.616892,1640,101330.775832,5.510042,1.134773
0.336735,0.625907,1641,101330.599436,5.541378,1.107102
0.336735,0.634921,1642,101330.427458,5.571762,1.079365
0.336735,0.643935,1643,101330.259916,5.601203,1.051579
0.336735,0.652950,1644,101330.096822,5.629712,1.023761
0.336735,0.661964,1645,101329.938186,5.657300,0.995927
0.336735,0.670978,1646,101329.784010,5.683977,0.968090
0.336735,0.679992,1647,101329.634296,5.709756,0.940264
0.336735,0.689007,1648,101329.489040,5.734649,0.912461
0.336735,0.698021,1649,101329.348237,5.758667,0.884692
0.336735,0.707035,1650,101329.211876,5.781823,0.856967
0.336735,0.716050,1651,101329.079947,5.804131,0.829296
0.336735,0.725064,1652,101328.952436,5.825600,0.801685
0.336735,0.734078,1653,101328.829326,5.846236,0.774143
0.336735,0.743092,1654,101328.710603,5.866057,0.746673
0.336735,0.752107,1655,101328.596246,5.885076,0.719283
0.336735,0.761121,1656,101328.486236,5.903304,0.691976
0.336735,0.770135,1657,101328.380552,5.920753,0.664756
0.336735,0.779150,1658,101328.279174,5.937434,0.637626
0.336735,0.788164,1659,101328.182079,5.953358,0.610587
0.336735,0.797178,1660,101328.089245,5.968536,0.583641
0.336735,0.806193,1661,101328.000650,5.982978,0.556789
0.336735,0.815207,1662,101327.916272,5.996693,0.530030
0.336735,0.824221,1663,101327.836089,6.009693,0.503363
0.336735,0.833235,1664,101327.760079,6.021985,0.476789
0.336735,0.842250,1665,101327.688220,6.033579,0.450304
0.336735,0.851264,1666,101327.620492,6.044482,0.423907
0.336735,0.860278,1667,101327.556874,6.054705,0.397595
0.336735,0.869293,1668,101327.497347,6.064252,0.371365
0.336735,0.878307,1669,101327.441893,6.073133,0.345214
0.336735,0.887321,1670,101327.390493,6.081353,0.319138
0.336735,0.896336,1671,101327.343130,6.088919,0.293132
0.336735,0.905350,1672,101327.299789,6.095837,0.267192
0.336735,0.914364,1673,101327.260455,6.102112,0.241315
0.336735,0.923378,1674,101327.225112,6.107748,0.215492
0.336735,0.932393,1675,101327.193751,6.112751,0.189724
0.336735,0.941407,1676,101327.166355,6.117124,0.163998
0.336735,0.950421,1677,101327.142918,6.120870,0.138317
0.336735,0.959436,1678,101327.123436,6.123983,0.112671
0.336735,0.968450,1679,101327.107867,6.126360,0.087038
0.336735,0.977464,1680,101327.096300,6.126583,0.061490
0.336735,0.986479,1681,101327.088520,6.102546,0.035739
0.336735,0.995493,1682,101327.085134,6.054066,0.011558
0.357143,0.127712,1683,101343.679883,2.636268,1.537276
0.357143,0.136568,1684,101343.315065,2.569283,2.159549
0.357143,0.145423,1685,101343.182361,2.765983,1.869330
0.357143,0.154279,1686,101342.894832,2.762915,2.047139
0.357143,0.163135,1687,101342.692402,2.862934,1.972318
0.357143,0.171990,1688,101342.437883,2.908385,2.019118
0.357143,0.180846,1689,101342.204726,2.980491,2.008512
0.357143,0.189702,1690,101341.956843,3.040923,2.021085
0.357143,0.198558,1691,101341.710892,3.106322,2.022935
0.357143,0.207413,1692,101341.460110,3.169979,2.027317
0.357143,0.216269,1693,101341.207317,3.234318,2.029400
0.357143,0.225125,1694,101340.951745,3.298468,2.030797
0.357143,0.233980,1695,101340.693873,3.362650,2.030996
0.357143,0.242836,1696,101340.433798,3.426750,2.030136
0.357143,0.251692,1697,101340.171736,3.490746,2.028175
0.357143,0.260548,1698,101339.907879,3.554592,2.025120
0.357143,0.269403,1699,101339.642434,3.618246,2.020970
0.357143,0.278259,1700,101339.375612,3.681666,2.015729
0.357143,0.287115,1701,101339.107627,3.744813,2.009402
0.357143,0.295970,1702,101338.838699,3.807647,2.002002
0.357143,0.304826,1703,101338.569052,3.870125,1.993536
0.357143,0.313682,1704,101338.298911,3.932177,1.984004
0.357143,0.322538,1705,101338.028508,3.993760,1.973417
0.357143,0.331393,1706,101337.758075,4.054845,1.961798
0.357143,0.340249,1707,101337.487840,4.115388,1.949166
0.357143,0.349105,1708,101337.218036,4.175350,1.935540
0.357143,0.357960,1709,101336.948892,4.234691,1.920942
0.357143,0.366816,1710,101336.680636,4.293371,1.905397
0.357143,0.375672,1711,101336.413492,4.351355,1.888929
0.357143,0.384528,1712,101336.147682,4.408605,1.871566
0.357143,0.393383,1713,101335.883423,4.465090,1.853337
0.357143,0.402239,1714,101335.620927,4.520779,1.834272
0.357143,0.411095,1715,101335.360401,4.575644,1.814404
0.357143,0.419951,1716,101335.102043,4.629660,1.793766
0.357143,0.428806,1717,101334.846046,4.682800,1.772391
0.357143,0.437662,1718,101334.592595,4.735022,1.750308
0.357143,0.446518,1719,101334.341869,4.786296,1.727546
0.357143,0.455373,1720,101334.094041,4.836621,1.704144
0.357143,0.464229,1721,101333.849268,4.885978,1.680142
0.357143,0.473085,1722,101333.607705,4.934352,1.655572
0.357143,0.481941,1723,101333.369493,4.981730,1.630470
0.357143,0.490796,1724,101333.134767,5.028100,1.604872
0.357143,0.499652,1725,101332.903650,5.073454,1.578811
0.357143,0.508508,1726,101332.676258,5.117784,1.552323
0.357143,0.517363,1727,101332.452696,5.161085,1.525441
0.357143,0.526219,1728,101332.233061,5.203354,1.498197
0.357143,0.535075,1729,101332.017440,5.244592,1.470625
0.357143,0.543931,1730,101331.805912,5.284798,1.442757
0.357143,0.552786,1731,101331.598546,5.323976,1.414623
0.357143,0.561642,1732,101331.395403,5.362124,1.386252
0.357143,0.570498,1733,101331.196537,5.399237,1.357669
0.357143,0.579353,1734,101331.001995,5.435323,1.328901
0.357143,0.588209,1735,101330.811815,5.470396,1.299977
0.357143,0.597065,1736,101330.626028,5.504464,1.270921
0.357143,0.605921,1737,101330.444659,5.537537,1.241758
0.357143,0.614776,1738,101330.267726,5.569624,1.212509
0.357143,0.623632,1739,101330.095241,5.600735,1.183195
0.357143,0.632488,1740,101329.927213,5.630883,1.153836
0.357143,0.641343,1741,101329.763642,5.660080,1.124450
0.357143,0.650199,1742,101329.604527,5.688337,1.095055
0.357143,0.659055,1743,101329.449860,5.715668,1.065667
0.357143,0.667911,1744,101329.299631,5.742085,1.036299
0.357143,0.676766,1745,101329.153825,5.767604,1.006967
0.357143,0.685622,1746,101329.012427,5.792236,0.977681
0.357143,0.694478,1747,101328.875415,5.815997,0.948453
0.357143,0.703333,1748,101328.742768,5.838901,0.919294
0.357143,0.712189,1749,101328.614461,5.860962,0.890211
0.357143,0.721045,1750,101328.490469,5.882193,0.861213
0.357143,0.729901,1751,101328.370763,5.902607,0.832306
0.357143,0.738756,1752,101328.255315,5.922213,0.803496
0.357143,0.747612,1753,101328.144096,5.941030,0.774788
0.357143,0.756468,1754,101328.037075,5.959070,0.746186
0.357143,0.765323,1755,101327.934222,5.976347,0.717693
0.357143,0.774179,1756,101327.835506,5.992873,0.689311
0.357143,0.783035,1757,101327.740895,6.008661,0.661043
0.357143,0.791891,1758,101327.650360,6.023722,0.632888
0.357143,0.800746,1759,101327.563868,6.038069,0.604848
0.357143,0.809602,1760,101327.481391,6.051711,0.576921
0.357143,0.818458,1761,101327.402898,6.064660,0.549106
0.357143,0.827314,1762,101327.328362,6.076926,0.521402
0.357143,0.836169,1763,101327.257752,6.088520,0.493806
0.357143,0.845025,1764,101327.191044,6.099449,0.466316
0.357143,0.853881,1765,101327.128209,6.109724,0.438929
0.357143,0.862736,1766,101327.069224,6.119352,0.411640
0.357143,0.871592,1767,101327.014064,6.128342,0.384447
0.357143,0.880448,1768,101326.962706,6.136701,0.357344
0.357143,0.889304,1769,101326.915129,6.144436,0.330326
0.357143,0.898159,1770,101326.871312,6.151553,0.303390
0.357143,0.907015,1771,101326.831236,6.158060,0.276529
0.357143,0.915871,1772,101326.794885,6.163960,0.249739
0.357143,0.924726,1773,101326.762239,6.169260,0.223011
0.357143,0.933582,1774,101326.733288,6.173963,0.196344
0.357143,0.942438,1775,101326.708013,6.178074,0.169726
0.357143,0.951294,1776,101326.686404,6.181596,0.143157
0.357143,0.960149,1777,101326.668460,6.184516,0.116631
0.357143,0.969005,1778,101326.654130,6.186696,0.090114
0.357143,0.977861,1779,101326.643518,6.186398,0.063701
0.357143,0.986716,1780,101326.636379,6.160670,0.037050
0.357143,0.995572,1781,101326.633384,6.109314,0.012016
0.377551,0.144146,1782,101342.968133,2.740900,1.678744
0.377551,0.152835,1783,101342.583184,2.659657,2.330048
0.377551,0.161523,1784,101342.446318,2.870863,2.024692
0.377551,0.170212,1785,101342.144048,2.861477,2.210696
0.377551,0.178901,1786,101341.934043,2.967661,2.128987
0.377551,0.187590,1787,101341.667577,3.011814,2.177859
0.377551,0.196279,1788,101341.425512,3.086892,2.163891
0.377551,0.204968,1789,101341.167215,3.147957,2.176015
0.377551,0.213657,1790,101340.912038,3.215129,2.175755
0.377551,0.222346,1791,101340.651808,3.279986,2.178696
0.377551,0.231034,1792,101340.390073,3.345714,2.178921
0.377551,0.239723,1793,101340.125783,3.411121,2.178511
0.377551,0.248412,1794,101339.859566,3.476541,2.176776
0.377551,0.257101,1795,101339.591499,3.541815,2.173921
0.377551,0.265790,1796,101339.321837,3.606930,2.169887
0.377551,0.274479,1797,101339.050792,3.671829,2.164691
0.377551,0.283168,1798,101338.778595,3.736468,2.158333
0.377551,0.291857,1799,101338.505477,3.800803,2.150823
0.377551,0.300545,1800,101338.231673,3.864788,2.142170
0.377551,0.309234,1801,101337.957423,3.928382,2.132388
0.377551,0.317923,1802,101337.682967,3.991531,2.121489
0.377551,0.326612,1803,101337.408546,4.054171,2.109480
0.377551,0.335301,1804,101337.134405,4.116258,2.096376
0.377551,0.343990,1805,101336.860787,4.177760,2.082206
0.377551,0.352679,1806,101336.587932,4.238631,2.066992
0.377551,0.361368,1807,101336.316079,4.298831,2.050760
0.377551,0.370057,1808,101336.045461,4.358318,2.033536
0.377551,0.378745,1809,101335.776311,4.417056,2.015350
0.377551,0.387434,1810,101335.508854,4.475006,1.996231
0.377551,0.396123,1811,101335.243309,4.532135,1.976212
0.377551,0.404812,1812,101334.979891,4.588410,1.955327
0.377551,0.413501,1813,101334.718806,4.643804,1.933611
0.377551,0.422190,1814,101334.460252,4.698290,1.911102
0.377551,0.430879,1815,101334.204418,4.751843,1.887836
0.377551,0.439568,1816,101333.951486,4.804435,1.863849
0.377551,0.448256,1817,101333.701627,4.856032,1.839174
0.377551,0.456945,1818,101333.455005,4.906612,1.813847
0.377551,0.465634,1819,101333.211773,4.956173,1.787911
0.377551,0.474323,1820,101332.972073,5.004698,1.761405
0.377551,0.483012,1821,101332.736037,5.052178,1.734367
0.377551,0.491701,1822,101332.503786,5.098602,1.706835
0.377551,0.500390,1823,101332.275432,5.143963,1.678847
0.377551,0.509079,1824,101332.051077,5.188256,1.650439
0.377551,0.517767,1825,101331.830810,5.231477,1.621647
0.377551,0.526456,1826,101331.614713,5.273627,1.592507
0.377551,0.535145,1827,101331.402858,5.314707,1.563053
0.377551,0.543834,1828,101331.195306,5.354719,1.533319
0.377551,0.552523,1829,101330.992109,5.393669,1.503338
0.377551,0.561212,1830,101330.793313,5.431561,1.473141
0.377551,0.569901,1831,101330.598952,5.468398,1.442755
0.377551,0.578590,1832,101330.409054,5.504182,1.412208
0.377551,0.587278,1833,101330.223641,5.538926,1.381528
0.377551,0.595967,1834,101330.042726,5.572644,1.350740
0.377551,0.604656,1835,101329.866315,5.605350,1.319871
0.377551,0.613345,1836,101329.694410,5.637055,1.288943
0.377551,0.622034,1837,101329.527004,5.667772,1.257978
0.377551,0.630723,1838,101329.364089,5.697516,1.226996
0.377551,0.639412,1839,101329.205648,5.726301,1.196015
0.377551,0.648101,1840,101329.051664,5.754141,1.165054
0.377551,0.656789,1841,101328.902112,5.781052,1.134127
0.377551,0.665478,1842,101328.756966,5.807049,1.103251
0.377551,0.674167,1843,101328.616197,5.832147,1.072437
0.377551,0.682856,1844,101328.479773,5.856364,1.041700
0.377551,0.691545,1845,101328.347659,5.879714,1.011048
0.377551,0.700234,1846,101328.219820,5.902213,0.980493
0.377551,0.708923,1847,101328.096217,5.923878,0.950042
0.377551,0.717612,1848,101327.976812,5.944725,0.919704
0.377551,0.726300,1849,101327.861565,5.964769,0.889485
0.377551,0.734989,1850,101327.750435,5.984022,0.859389
0.377551,0.743678,1851,101327.643381,6.002496,0.829421
0.377551,0.752367,1852,101327.540363,6.020212,0.799584
0.377551,0.761056,1853,101327.441339,6.037183,0.769882
0.377551,0.769745,1854,101327.346270,6.053423,0.740315
0.377551,0.778434,1855,101327.255113,6.068946,0.710886
0.377551,0.787123,1856,101327.167831,6.083765,0.681595
0.377551,0.795811,1857,101327.084384,6.097892,0.652440
0.377551,0.804500,1858,101327.004733,6.111339,0.623421
0.377551,0.813189,1859,101326.928843,6.124119,0.594536
0.377551,0.821878,1860,101326.856676,6.136243,0.565782
0.377551,0.830567,1861,101326.788199,6.147721,0.537157
0.377551,0.839256,1862,101326.723378,6.158563,0.508658
0.377551,0.847945,1863,101326.662180,6.168780,0.480280
0.377551,0.856634,1864,101326.604575,6.178381,0.452020
0.377551,0.865322,1865,101326.550534,6.187374,0.423872
0.377551,0.874011,1866,101326.500029,6.195768,0.395832
0.377551,0.882700,1867,101326.453034,6.203570,0.367894
0.377551,0.891389,1868,101326.409524,6.210788,0.340054
0.377551,0.900078,1869,101326.369477,6.217428,0.312304
0.377551,0.908767,1870,101326.332869,6.223496,0.284638
0.377551,0.917456,1871,101326.299683,6.228999,0.257052
0.377551,0.926145,1872,101326.269898,6.233940,0.229536
0.377551,0.934833,1873,101326.243500,6.238326,0.202087
0.377551,0.943522,1874,101326.220471,6.242159,0.174694
0.377551,0.952211,1875,101326.200797,6.245443,0.147353
0.377551,0.960900,1876,101326.184480,6.248158,0.120063
0.377551,0.969589,1877,101326.171459,6.250116,0.092779
0.377551,0.978278,1878,101326.161857,6.249238,0.065616
0.377551,0.986967,1879,101326.155392,6.221776,0.038180
0.377551,0.995656,1880,101326.152809,6.167521,0.012415
0.397959,0.161293,1881,101342.148821,2.859229,1.826074
0.397959,0.169808,1882,101341.742100,2.765143,2.504227
0.397959,0.178323,1883,101341.600705,2.990342,2.185474
0.397959,0.186838,1884,101341.282909,2.975351,2.377871
0.397959,0.195353,1885,101341.064650,3.087353,2.290123
0.397959,0.203867,1886,101340.785829,3.130578,2.340116
0.397959,0.212382,1887,101340.534339,3.208557,2.322865
0.397959,0.220897,1888,101340.265326,3.270367,2.334081
0.397959,0.229412,1889,101340.000660,3.339343,2.331460
0.397959,0.237927,1890,101339.730823,3.405422,2.332629
0.397959,0.246441,1891,101339.460095,3.472557,2.330671
0.397959,0.254956,1892,101339.187122,3.539212,2.328124
0.397959,0.263471,1893,101338.912703,3.605852,2.324113
0.397959,0.271986,1894,101338.636884,3.672262,2.318921
0.397959,0.280501,1895,101338.359966,3.738440,2.312467
0.397959,0.289015,1896,101338.082178,3.804321,2.304782
0.397959,0.297530,1897,101337.803776,3.869858,2.295869
0.397959,0.306045,1898,101337.525010,3.935003,2.285743
0.397959,0.314560,1899,101337.246136,3.999706,2.274420
0.397959,0.323074,1900,101336.967410,4.063920,2.261916
0.397959,0.331589,1901,101336.689088,4.127589,2.248249
0.397959,0.340104,1902,101336.411424,4.190650,2.233433
0.397959,0.348619,1903,101336.134673,4.253061,2.217493
0.397959,0.357134,1904,101335.859085,4.314783,2.200459
0.397959,0.365648,1905,101335.584907,4.375774,2.182363
0.397959,0.374163,1906,101335.312381,4.435991,2.163233
0.397959,0.382678,1907,101335.041740,4.495394,2.143104
0.397959,0.391193,1908,101334.773215,4.553946,2.122009
0.397959,0.399708,1909,101334.507026,4.611611,2.099986
0.397959,0.408222,1910,101334.243387,4.668359,2.077071
0.397959,0.416737,1911,101333.982502,4.724158,2.053305
0.397959,0.425252,1912,101333.724565,4.778984,2.028728
0.397959,0.433767,1913,101333.469761,4.832811,2.003381
0.397959,0.442281,1914,101333.218264,4.885617,1.977306
0.397959,0.450796,1915,101332.970236,4.937375,1.950541
0.397959,0.459311,1916,101332.725830,4.988060,1.923126
0.397959,0.467826,1917,101332.485188,5.037658,1.895100
0.397959,0.476341,1918,101332.248440,5.086164,1.866509
0.397959,0.484855,1919,101332.015702,5.133570,1.837396
0.397959,0.493370,1920,101331.787082,5.179868,1.807800
0.397959,0.501885,1921,101331.562674,5.225053,1.777763
0.397959,0.510400,1922,101331.342562,5.269123,1.747323
0.397959,0.518915,1923,101331.126820,5.312078,1.716520
0.397959,0.527429,1924,101330.915510,5.353918,1.685390
0.397959,0.535944,1925,101330.708684,5.394649,1.653971
0.397959,0.544459,1926,101330.506384,5.434275,1.622297
0.397959,0.552974,1927,101330.308644,5.472805,1.590404
0.397959,0.561488,1928,101330.115486,5.510248,1.558322
0.397959,0.570003,1929,101329.926927,5.546610,1.526084
0.397959,0.578518,1930,101329.742974,5.581901,1.493717
0.397959,0.587033,1931,101329.563627,5.616127,1.461249
0.397959,0.595548,1932,101329.388881,5.649307,1.428705
0.397959,0.604062,1933,101329.218721,5.681457,1.396114
0.397959,0.612577,1934,101329.053129,5.712594,1.363497
0.397959,0.621092,1935,101328.892080,5.742733,1.330878
0.397959,0.629607,1936,101328.735546,5.771891,1.298276
0.397959,0.638122,1937,101328.583494,5.800084,1.265710
0.397959,0.646636,1938,101328.435885,5.827330,1.233198
0.397959,0.655151,1939,101328.292680,5.853646,1.200756
0.397959,0.663666,1940,101328.153836,5.879051,1.168397
0.397959,0.672181,1941,101328.019306,5.903561,1.136136
0.397959,0.680695,1942,101327.889044,5.927196,1.103984
0.397959,0.689210,1943,101327.762999,5.949972,1.071951
0.397959,0.697725,1944,101327.641121,5.971908,1.040047
0.397959,0.706240,1945,101327.523360,5.993021,1.008279
0.397959,0.714755,1946,101327.409662,6.013330,0.976655
0.397959,0.723269,1947,101327.299976,6.032851,0.945181
0.397959,0.731784,1948,101327.194248,6.051601,0.913860
0.397959,0.740299,1949,101327.092428,6.069593,0.882697
0.397959,0.748814,1950,101326.994462,6.086843,0.851694
0.397959,0.757329,1951,101326.900300,6.103369,0.820853
0.397959,0.765843,1952,101326.809893,6.119188,0.790176
0.397959,0.774358,1953,101326.723189,6.134312,0.759661
0.397959,0.782873,1954,101326.640142,6.148758,0.729310
0.397959,0.791388,1955,101326.560703,6.162538,0.699121
0.397959,0.799903,1956,101326.484828,6.175666,0.669092
0.397959,0.808417,1957,101326.412472,6.188155,0.639220
0.397959,0.816932,1958,101326.343593,6.200016,0.609503
0.397959,0.825447,1959,101326.278149,6.211261,0.579936
0.397959,0.833962,1960,101326.216101,6.221902,0.550516
0.397959,0.842476,1961,101326.157412,6.231948,0.521238
0.397959,0.850991,1962,101326.102045,6.241411,0.492098
0.397959,0.859506,1963,101326.049967,6.250299,0.463089
0.397959,0.868021,1964,101326.001144,6.258621,0.434207
0.397959,0.876536,1965,101325.955547,6.266386,0.405445
0.397959,0.885050,1966,101325.913146,6.273601,0.376796
0.397959,0.893565,1967,101325.873915,6.280274,0.348255
0.397959,0.902080,1968,101325.837829,6.286411,0.319815
0.397959,0.910595,1969,101325.804863,6.292019,0.291468
0.397959,0.919110,1970,101325.774998,6.297104,0.263208
0.397959,0.927624,1971,101325.748212,6.301670,0.235025
0.397959,0.936139,1972,101325.724489,6.305722,0.206917
0.397959,0.944654,1973,101325.703812,6.309265,0.178869
0.397959,0.953169,1974,101325.686162,6.312298,0.150878
0.397959,0.961683,1975,101325.671546,6.314796,0.122946
0.397959,0.970198,1976,101325.659895,6.316508,0.095015
0.397959,0.978713,1977,101325.651346,6.314988,0.067224
0.397959,0.987228,1978,101325.645585,6.285747,0.039121
0.397959,0.995743,1979,101325.643426,6.228558,0.012751
0.418367,0.179048,1980,101341.209691,2.992204,1.979244
0.418367,0.187382,1981,101340.779673,2.887013,2.681858
0.418367,0.195717,1982,101340.633509,3.125535,2.351394
0.418367,0.204051,1983,101340.299519,3.105757,2.548349
0.418367,0.212386,1984,101340.072497,3.223144,2.455336
0.418367,0.220720,1985,101339.781082,3.265873,2.505423
0.418367,0.229055,1986,101339.519821,3.346611,2.484942
0.418367,0.237390,1987,101339.240014,3.409304,2.494695
0.418367,0.245724,1988,101338.965805,3.480072,2.489433
0.418367,0.254059,1989,101338.686455,3.547389,2.488425
0.418367,0.262393,1990,101338.406933,3.615917,2.483909
0.418367,0.270728,1991,101338.125594,3.683786,2.478837
0.418367,0.279062,1992,101337.843408,3.751593,2.472159
0.418367,0.287397,1993,101337.560389,3.819065,2.464239
0.418367,0.295731,1994,101337.276885,3.886214,2.454973
0.418367,0.304066,1995,101336.993142,3.952965,2.444409
0.418367,0.312400,1996,101336.709437,4.019269,2.432553
0.418367,0.320735,1997,101336.426040,4.085072,2.419429
0.418367,0.329070,1998,101336.143223,4.150324,2.405057
0.418367,0.337404,1999,101335.861257,4.214971,2.389463
0.418367,0.345739,2000,101335.580408,4.278955,2.372668
0.418367,0.354073,2001,101335.300940,4.342218,2.354696
0.418367,0.362408,2002,101335.023114,4.404717,2.335581
0.418367,0.370742,2003,101334.747181,4.466411,2.315359
0.418367,0.379077,2004,101334.473389,4.527258,2.294068
0.418367,0.387411,2005,101334.201975,4.587217,2.271744
0.418367,0.395746,2006,101333.933170,4.646250,2.248428
0.418367,0.404080,2007,101333.667193,4.704322,2.224161
0.418367,0.412415,2008,101333.404254,4.761400,2.198985
0.418367,0.420749,2009,101333.144553,4.817455,2.172944
0.418367,0.429084,2010,101332.888275,4.872462,2.146084
0.418367,0.437419,2011,101332.635598,4.926398,2.118449
0.418367,0.445753,2012,101332.386684,4.979241,2.090087
0.418367,0.454088,2013,101332.141684,5.030972,2.061041
0.418367,0.462422,2014,101331.900735,5.081569,2.031356
0.418367,0.470757,2015,101331.663964,5.131016,2.001075
0.418367,0.479091,2016,101331.431483,5.179304,1.970242
0.418367,0.487426,2017,101331.203392,5.226433,1.938906
0.418367,0.495760,2018,101330.979778,5.272399,1.907110
0.418367,0.504095,2019,101330.760717,5.317199,1.874899
0.418367,0.512429,2020,101330.546270,5.360834,1.842313
0.418367,0.520764,2021,101330.336489,5.403307,1.809394
0.418367,0.529098,2022,101330.131415,5.444623,1.776181
0.418367,0.537433,2023,101329.931077,5.484790,1.742712
0.418367,0.545768,2024,101329.735494,5.523815,1.709026
0.418367,0.554102,2025,101329.544677,5.561711,1.675156
0.418367,0.562437,2026,101329.358625,5.598490,1.641137
0.418367,0.570771,2027,101329.177331,5.634163,1.607001
0.418367,0.579106,2028,101329.000780,5.668745,1.572778
0.418367,0.587440,2029,101328.828950,5.702245,1.538495
0.418367,0.595775,2030,101328.661811,5.734681,1.504178
0.418367,0.604109,2031,101328.499328,5.766072,1.469854
0.418367,0.612444,2032,101328.341462,5.796439,1.435546
0.418367,0.620778,2033,101328.188168,5.825801,1.401278
0.418367,0.629113,2034,101328.039395,5.854177,1.367068
0.418367,0.637448,2035,101327.895091,5.881586,1.332936
0.418367,0.645782,2036,101327.755200,5.908050,1.298898
0.418367,0.654117,2037,101327.619664,5.933586,1.264970
0.418367,0.662451,2038,101327.488421,5.958217,1.231166
0.418367,0.670786,2039,101327.361410,5.981962,1.197498
0.418367,0.679120,2040,101327.238566,6.004840,1.163978
0.418367,0.687455,2041,101327.119825,6.026873,1.130615
0.418367,0.695789,2042,101327.005122,6.048079,1.097417
0.418367,0.704124,2043,101326.894391,6.068478,1.064392
0.418367,0.712458,2044,101326.787569,6.088089,1.031545
0.418367,0.720793,2045,101326.684589,6.106933,0.998882
0.418367,0.729127,2046,101326.585387,6.125025,0.966407
0.418367,0.737462,2047,101326.489902,6.142384,0.934121
0.418367,0.745797,2048,101326.398069,6.159025,0.902028
0.418367,0.754131,2049,101326.309830,6.174965,0.870126
0.418367,0.762466,2050,101326.225123,6.190223,0.838418
0.418367,0.770800,2051,101326.143892,6.204815,0.806902
0.418367,0.779135,2052,101326.066079,6.218755,0.775576
0.418367,0.787469,2053,101325.991631,6.232058,0.744440
0.418367,0.795804,2054,101325.920495,6.244740,0.713489
0.418367,0.804138,2055,101325.852619,6.256813,0.682721
0.418367,0.812473,2056,101325.787955,6.268290,0.652131
0.418367,0.820807,2057,101325.726457,6.279184,0.621716
0.418367,0.829142,2058,101325.668079,6.289506,0.591470
0.418367,0.837476,2059,101325.612779,6.299268,0.561388
0.418367,0.845811,2060,101325.560516,6.308480,0.531464
0.418367,0.854146,2061,101325.511251,6.317153,0.501693
0.418367,0.862480,2062,101325.464948,6.325296,0.472067
0.418367,0.870815,2063,101325.421573,6.332917,0.442580
0.418367,0.879149,2064,101325.381094,6.340026,0.413225
0.418367,0.887484,2065,101325.343479,6.346630,0.383995
0.418367,0.895818,2066,101325.308701,6.352735,0.354883
0.418367,0.904153,2067,101325.276733,6.358350,0.325880
0.418367,0.912487,2068,101325.247552,6.363480,0.296978
0.418367,0.920822,2069,101325.221134,6.368131,0.268171
0.418367,0.929156,2070,101325.197459,6.372307,0.239449
0.418367,0.937491,2071,101325.176509,6.376014,0.210805
0.418367,0.945825,2072,101325.158267,6.379255,0.182230
0.418367,0.954160,2073,101325.142712,6.382029,0.153713
0.418367,0.962495,2074,101325.129856,6.384298,0.125264
0.418367,0.970829,2075,101325.119618,6.385737,0.096810
0.418367,0.979164,2076,101325.112156,6.383519,0.068515
0.418367,0.987498,2077,101325.107122,6.352446,0.039866
0.418367,0.995833,2078,101325.105395,6.292277,0.013023
0.438776,0.197295,2079,101340.136908,3.140967,2.138128
0.438776,0.205444,2080,101339.682270,3.026722,2.862540
0.438776,0.213594,2081,101339.531273,3.277732,2.521989
0.438776,0.221743,2082,101339.180633,3.254059,2.721640
0.438776,0.229892,2083,101338.944579,3.376326,2.624025
0.438776,0.238041,2084,101338.640580,3.419016,2.673125
0.438776,0.246191,2085,101338.369477,3.502307,2.649407
0.438776,0.254340,2086,101338.079103,3.566028,2.657057
0.438776,0.262489,2087,101337.795606,3.638520,2.648826
0.438776,0.270639,2088,101337.507185,3.707067,2.645160
0.438776,0.278788,2089,101337.219427,3.776926,2.637659
0.438776,0.286937,2090,101336.930420,3.845933,2.629614
0.438776,0.295086,2091,101336.641302,3.914808,2.619827
0.438776,0.303236,2092,101336.352053,3.983218,2.608735
0.438776,0.311385,2093,101336.063067,4.051191,2.596218
0.438776,0.319534,2094,101335.774603,4.118643,2.582342
0.438776,0.327684,2095,101335.486959,4.185523,2.567118
0.438776,0.335833,2096,101335.200420,4.251774,2.550579
0.438776,0.343982,2097,101334.915270,4.317341,2.532754
0.438776,0.352131,2098,101334.631787,4.382170,2.513674
0.438776,0.360281,2099,101334.350245,4.446201,2.493372
0.438776,0.368430,2100,101334.070909,4.509381,2.471881
0.438776,0.376579,2101,101333.794038,4.571666,2.449244
0.438776,0.384729,2102,101333.519881,4.633018,2.425504
0.438776,0.392878,2103,101333.248674,4.693394,2.400706
0.438776,0.401027,2104,101332.980646,4.752757,2.374896
0.438776,0.409176,2105,101332.716011,4.811072,2.348121
0.438776,0.417326,2106,101332.454973,4.868308,2.320428
0.438776,0.425475,2107,101332.197720,4.924436,2.291867
0.438776,0.433624,2108,101331.944429,4.979432,2.262489
0.438776,0.441774,2109,101331.695260,5.033276,2.232344
0.438776,0.449923,2110,101331.450363,5.085949,2.201482
0.438776,0.458072,2111,101331.209870,5.137435,2.169954
0.438776,0.466222,2112,101330.973899,5.187718,2.137809
0.438776,0.474371,2113,101330.742557,5.236786,2.105095
0.438776,0.482520,2114,101330.515934,5.284628,2.071858
0.438776,0.490669,2115,101330.294106,5.331245,2.038148
0.438776,0.498819,2116,101330.077137,5.376640,2.004013
0.438776,0.506968,2117,101329.865077,5.420814,1.969501
0.438776,0.515117,2118,101329.657962,5.463773,1.934654
0.438776,0.523267,2119,101329.455819,5.505523,1.899516
0.438776,0.531416,2120,101329.258662,5.546073,1.864129
0.438776,0.539565,2121,101329.066492,5.585434,1.828533
0.438776,0.547714,2122,101328.879303,5.623619,1.792766
0.438776,0.555864,2123,101328.697078,5.660643,1.756863
0.438776,0.564013,2124,101328.519792,5.696521,1.720861
0.438776,0.572162,2125,101328.347410,5.731271,1.684791
0.438776,0.580312,2126,101328.179892,5.764910,1.648684
0.438776,0.588461,2127,101328.017191,5.797455,1.612569
0.438776,0.596610,2128,101327.859253,5.828923,1.576471
0.438776,0.604759,2129,101327.706018,5.859335,1.540415
0.438776,0.612909,2130,101327.557425,5.888715,1.504424
0.438776,0.621058,2131,101327.413406,5.917087,1.468522
0.438776,0.629207,2132,101327.273890,5.944473,1.432727
0.438776,0.637357,2133,101327.138803,5.970895,1.397058
0.438776,0.645506,2134,101327.008070,5.996376,1.361531
0.438776,0.653655,2135,101326.881613,6.020938,1.326160
0.438776,0.661804,2136,101326.759355,6.044604,1.290958
0.438776,0.669954,2137,101326.641215,6.067397,1.255936
0.438776,0.678103,2138,101326.527114,6.089338,1.221105
0.438776,0.686252,2139,101326.416972,6.110450,1.186473
0.438776,0.694402,2140,101326.310710,6.130754,1.152048
0.438776,0.702551,2141,101326.208249,6.150271,1.117835
0.438776,0.710700,2142,101326.109511,6.169022,1.083840
0.438776,0.718849,2143,101326.014420,6.187028,1.050065
0.438776,0.726999,2144,101325.922901,6.204308,1.016514
0.438776,0.735148,2145,101325.834880,6.220881,0.983189
0.438776,0.743297,2146,101325.750285,6.236765,0.950089
0.438776,0.751447,2147,101325.669047,6.251977,0.917215
0.438776,0.759596,2148,101325.591097,6.266534,0.884564
0.438776,0.767745,2149,101325.516371,6.280456,0.852137
0.438776,0.775895,2150,101325.444804,6.293757,0.819930
0.438776,0.784044,2151,101325.376335,6.306454,0.787940
0.438776,0.792193,2152,101325.310906,6.318562,0.756164
0.438776,0.800342,2153,101325.248460,6.330095,0.724596
0.438776,0.808492,2154,101325.188943,6.341067,0.693233
0.438776,0.816641,2155,101325.132302,6.351490,0.662068
0.438776,0.824790,2156,101325.078490,6.361378,0.631096
0.438776,0.832940,2157,101325.027459,6.370741,0.600312
0.438776,0.841089,2158,101324.979164,6.379592,0.569707
0.438776,0.849238,2159,101324.933564,6.387940,0.539275
0.438776,0.857387,2160,101324.890618,6.395795,0.509010
0.438776,0.865537,2161,101324.850288,6.403168,0.478902
0.438776,0.873686,2162,101324.812541,6.410066,0.448946
0.438776,0.881835,2163,101324.777342,6.416498,0.419133
0.438776,0.889985,2164,101324.744660,6.422471,0.389454
0.438776,0.898134,2165,101324.714468,6.427993,0.359902
0.438776,0.906283,2166,101324.686738,6.433071,0.330467
0.438776,0.914432,2167,101324.661445,6.437709,0.301142
0.438776,0.922582,2168,101324.638569,6.441914,0.271918
0.438776,0.930731,2169,101324.618086,6.445691,0.242784
0.438776,0.938880,2170,101324.599980,6.449044,0.213735
0.438776,0.947030,2171,101324.584233,6.451976,0.184759
0.438776,0.955179,2172,101324.570825,6.454484,0.155845
0.438776,0.963328,2173,101324.559768,6.456512,0.127005
0.438776,0.971477,2174,101324.550975,6.457654,0.098156
0.438776,0.979627,2175,101324.544624,6.454681,0.069484
0.438776,0.987776,2176,101324.540330,6.421719,0.040414
0.438776,0.995925,2177,101324.539039,6.358510,0.013228
0.459184,0.215916,2178,101338.914971,3.306851,2.302465
0.459184,0.223876,2179,101338.434710,3.185914,3.045651
0.459184,0.231837,2180,101338.279066,3.448392,2.696565
0.459184,0.239797,2181,101337.911644,3.421768,2.897022
0.459184,0.247757,2182,101337.666628,3.548342,2.795327
0.459184,0.255717,2183,101337.350420,3.591436,2.842326
0.459184,0.263678,2184,101337.069792,3.677016,2.815267
0.459184,0.271638,2185,101336.769508,3.741879,2.820104
0.459184,0.279598,2186,101336.477414,3.815965,2.808509
0.459184,0.287558,2187,101336.180837,3.885689,2.801631
0.459184,0.295519,2188,101335.885887,3.956754,2.790660
0.459184,0.303479,2189,101335.590426,4.026762,2.779132
0.459184,0.311439,2190,101335.295742,4.096537,2.765738
0.459184,0.319399,2191,101335.001780,4.165691,2.750982
0.459184,0.327360,2192,101334.708981,4.234271,2.734732
0.459184,0.335320,2193,101334.417608,4.302179,2.717072
0.459184,0.343280,2194,101334.127977,4.369367,2.698021
0.459184,0.351240,2195,101333.840378,4.435775,2.677623
0.459184,0.359200,2196,101333.555102,4.501347,2.655917
0.459184,0.367161,2197,101333.272429,4.566026,2.632944
0.459184,0.375121,2198,101332.992627,4.629757,2.608746
0.459184,0.383081,2199,101332.715956,4.692490,2.583368
0.459184,0.391041,2200,101332.442664,4.754184,2.556863
0.459184,0.399002,2201,101332.172983,4.814802,2.529282
0.459184,0.406962,2202,101331.907133,4.874306,2.500679
0.459184,0.414922,2203,101331.645319,4.932663,2.471107
0.459184,0.422882,2204,101331.387731,4.989843,2.440622
0.459184,0.430843,2205,101331.134544,5.045821,2.409277
0.459184,0.438803,2206,101330.885916,5.100575,2.377131
0.459184,0.446763,2207,101330.641988,5.154086,2.344237
0.459184,0.454723,2208,101330.402888,5.206340,2.310653
0.459184,0.462684,2209,101330.168723,5.257325,2.276434
0.459184,0.470644,2210,101329.939590,5.307032,2.241634
0.459184,0.478604,2211,101329.715564,5.355451,2.206305
0.459184,0.486564,2212,101329.496710,5.402579,2.170498
0.459184,0.494525,2213,101329.283076,5.448415,2.134263
0.459184,0.502485,2214,101329.074694,5.492967,2.097653
0.459184,0.510445,2215,101328.871584,5.536242,2.060716
0.459184,0.518405,2216,101328.673753,5.578251,2.023500
0.459184,0.526366,2217,101328.481196,5.619005,1.986048
0.459184,0.534326,2218,101328.293895,5.658517,1.948405
0.459184,0.542286,2219,101328.111822,5.696803,1.910611
0.459184,0.550246,2220,101327.934940,5.733881,1.872706
0.459184,0.558207,2221,101327.763201,5.769769,1.834725
0.459184,0.566167,2222,101327.596551,5.804487,1.796705
0.459184,0.574127,2223,101327.434926,5.838058,1.758678
0.459184,0.582087,2224,101327.278259,5.870502,1.720675
0.459184,0.590048,2225,101327.126473,5.901842,1.682723
0.459184,0.598008,2226,101326.979490,5.932099,1.644849
0.459184,0.605968,2227,101326.837224,5.961296,1.607076
0.459184,0.613928,2228,101326.699589,5.989460,1.569426
0.459184,0.621888,2229,101326.566494,6.016616,1.531921
0.459184,0.629849,2230,101326.437846,6.042791,1.494579
0.459184,0.637809,2231,101326.313551,6.068011,1.457417
0.459184,0.645769,2232,101326.193512,6.092300,1.420451
0.459184,0.653729,2233,101326.077634,6.115685,1.383692
0.459184,0.661690,2234,101325.965820,6.138189,1.347154
0.459184,0.669650,2235,101325.857975,6.159837,1.310845
0.459184,0.677610,2236,101325.754003,6.180654,1.274774
0.459184,0.685570,2237,101325.653810,6.200664,1.238949
0.459184,0.693531,2238,101325.557302,6.219889,1.203375
0.459184,0.701491,2239,101325.464389,6.238353,1.168057
0.459184,0.709451,2240,101325.374981,6.256078,1.132998
0.459184,0.717411,2241,101325.288990,6.273085,1.098200
0.459184,0.725372,2242,101325.206332,6.289396,1.063664
0.459184,0.733332,2243,101325.126923,6.305031,1.029392
0.459184,0.741292,2244,101325.050684,6.320008,0.995381
0.459184,0.749252,2245,101324.977537,6.334348,0.961630
0.459184,0.757213,2246,101324.907407,6.348065,0.928137
0.459184,0.765173,2247,101324.840221,6.361180,0.894898
0.459184,0.773133,2248,101324.775910,6.373710,0.861911
0.459184,0.781093,2249,101324.714408,6.385672,0.829170
0.459184,0.789054,2250,101324.655651,6.397081,0.796672
0.459184,0.797014,2251,101324.599577,6.407951,0.764409
0.459184,0.804974,2252,101324.546129,6.418297,0.732377
0.459184,0.812934,2253,101324.495251,6.428133,0.700569
0.459184,0.820895,2254,101324.446891,6.437471,0.668977
0.459184,0.828855,2255,101324.400997,6.446324,0.637596
0.459184,0.836815,2256,101324.357524,6.454703,0.606418
0.459184,0.844775,2257,101324.316425,6.462618,0.575434
0.459184,0.852736,2258,101324.277660,6.470081,0.544637
0.459184,0.860696,2259,101324.241188,6.477100,0.514018
0.459184,0.868656,2260,101324.206972,6.483685,0.483569
0.459184,0.876616,2261,101324.174976,6.489845,0.453281
0.459184,0.884576,2262,101324.145170,6.495587,0.423146
0.459184,0.892537,2263,101324.117521,6.500918,0.393154
0.459184,0.900497,2264,101324.092002,6.505846,0.363296
0.459184,0.908457,2265,101324.068587,6.510376,0.333564
0.459184,0.916417,2266,101324.047251,6.514515,0.303947
0.459184,0.924378,2267,101324.027974,6.518268,0.274437
0.459184,0.932338,2268,101324.010734,6.521639,0.245023
0.459184,0.940298,2269,101323.995514,6.524633,0.215698
0.459184,0.948258,2270,101323.982299,6.527251,0.186452
0.459184,0.956219,2271,101323.971065,6.529488,0.157268
0.459184,0.964179,2272,101323.961831,6.531267,0.128166
0.459184,0.972139,2273,101323.954500,6.532086,0.099049
0.459184,0.980099,2274,101323.949271,6.528305,0.070126
0.459184,0.988060,2275,101323.945723,6.493389,0.040761
0.459184,0.996020,2276,101323.944865,6.427066,0.013366
0.479592,0.234789,2277,101337.526653,3.491380,2.471807
0.479592,0.242557,2278,101337.020259,3.366416,3.230290
0.479592,0.250326,2279,101336.860505,3.639139,2.874143
0.479592,0.258095,2280,101336.476648,3.610527,3.073481
0.479592,0.265863,2281,101336.223212,3.740769,2.968061
0.479592,0.273632,2282,101335.895682,3.784654,3.011819
0.479592,0.281401,2283,101335.606396,3.872197,2.981197
0.479592,0.289169,2284,101335.297429,3.938252,2.982443
0.479592,0.296938,2285,101334.998029,4.013724,2.967014
0.479592,0.304707,2286,101334.694848,4.084499,2.956298
0.479592,0.312475,2287,101334.394399,4.156560,2.941310
0.479592,0.320244,2288,101334.094371,4.227349,2.925728
0.479592,0.328013,2289,101333.796177,4.297764,2.908180
0.479592,0.335781,2290,101333.499728,4.367378,2.889224
0.479592,0.343550,2291,101333.205501,4.436251,2.868720
0.479592,0.351318,2292,101332.913757,4.504277,2.846774
0.479592,0.359087,2293,101332.624819,4.571409,2.823415
0.479592,0.366856,2294,101332.338976,4.637587,2.798698
0.479592,0.374624,2295,101332.056512,4.702755,2.772675
0.479592,0.382393,2296,101331.777696,4.766860,2.745398
0.479592,0.390162,2297,101331.502782,4.829849,2.716921
0.479592,0.397930,2298,101331.232010,4.891680,2.687302
0.479592,0.405699,2299,101330.965603,4.952316,2.656601
0.479592,0.413468,2300,101330.703766,5.011723,2.624881
0.479592,0.421236,2301,101330.446687,5.069872,2.592203
0.479592,0.429005,2302,101330.194536,5.126735,2.558629
0.479592,0.436773,2303,101329.947465,5.182290,2.524221
0.479592,0.444542,2304,101329.705607,5.236519,2.489043
0.479592,0.452311,2305,101329.469076,5.289409,2.453155
0.479592,0.460079,2306,101329.237969,5.340949,2.416620
0.479592,0.467848,2307,101329.012364,5.391132,2.379497
0.479592,0.475617,2308,101328.792323,5.439955,2.341845
0.479592,0.483385,2309,101328.577890,5.487416,2.303722
0.479592,0.491154,2310,101328.369093,5.533517,2.265182
0.479592,0.498923,2311,101328.165943,5.578261,2.226278
0.479592,0.506691,2312,101327.968439,5.621659,2.187064
0.479592,0.514460,2313,101327.776564,5.663724,2.147590
0.479592,0.522229,2314,101327.590287,5.704475,2.107906
0.479592,0.529997,2315,101327.409567,5.743926,2.068059
0.479592,0.537766,2316,101327.234351,5.782098,2.028091
0.479592,0.545534,2317,101327.064576,5.819011,1.988045
0.479592,0.553303,2318,101326.900169,5.854687,1.947961
0.479592,0.561072,2319,101326.741050,5.889150,1.907874
0.479592,0.568840,2320,101326.587131,5.922426,1.867820
0.479592,0.576609,2321,101326.438318,5.954540,1.827831
0.479592,0.584378,2322,101326.294512,5.985518,1.787936
0.479592,0.592146,2323,101326.155607,6.015387,1.748164
0.479592,0.599915,2324,101326.021498,6.044174,1.708537
0.479592,0.607684,2325,101325.892072,6.071904,1.669080
0.479592,0.615452,2326,101325.767218,6.098607,1.629813
0.479592,0.623221,2327,101325.646821,6.124310,1.590754
0.479592,0.630990,2328,101325.530766,6.149044,1.551921
0.479592,0.638758,2329,101325.418937,6.172838,1.513330
0.479592,0.646527,2330,101325.311219,6.195719,1.474992
0.479592,0.654295,2331,101325.207497,6.217716,1.436921
0.479592,0.662064,2332,101325.107659,6.238854,1.399124
0.479592,0.669833,2333,101325.011592,6.259162,1.361611
0.479592,0.677601,2334,101324.919186,6.278665,1.324387
0.479592,0.685370,2335,101324.830334,6.297388,1.287459
0.479592,0.693139,2336,101324.744930,6.315356,1.250830
0.479592,0.700907,2337,101324.662873,6.332594,1.214503
0.479592,0.708676,2338,101324.584061,6.349125,1.178479
0.479592,0.716445,2339,101324.508399,6.364973,1.142759
0.479592,0.724213,2340,101324.435793,6.380159,1.107342
0.479592,0.731982,2341,101324.366152,6.394704,1.072227
0.479592,0.739751,2342,101324.299389,6.408628,1.037412
0.479592,0.747519,2343,101324.235421,6.421952,1.002892
0.479592,0.755288,2344,101324.174167,6.434693,0.968665
0.479592,0.763056,2345,101324.115549,6.446869,0.934725
0.479592,0.770825,2346,101324.059495,6.458498,0.901068
0.479592,0.778594,2347,101324.005932,6.469598,0.867687
0.479592,0.786362,2348,101323.954796,6.480184,0.834577
0.479592,0.794131,2349,101323.906020,6.490272,0.801732
0.479592,0.801900,2350,101323.859544,6.499877,0.769143
0.479592,0.809668,2351,101323.815312,6.509012,0.736803
0.479592,0.817437,2352,101323.773267,6.517689,0.704705
0.479592,0.825206,2353,101323.733357,6.525922,0.672840
0.479592,0.832974,2354,101323.695536,6.533723,0.641200
0.479592,0.840743,2355,101323.659755,6.541101,0.609776
0.479592,0.848511,2356,101323.625971,6.548068,0.578560
0.479592,0.856280,2357,101323.594145,6.554634,0.547542
0.479592,0.864049,2358,101323.564237,6.560807,0.516712
0.479592,0.871817,2359,101323.536212,6.566596,0.486063
0.479592,0.879586,2360,101323.510037,6.572010,0.455583
0.479592,0.887355,2361,101323.485680,6.577055,0.425264
0.479592,0.895123,2362,101323.463112,6.581739,0.395095
0.479592,0.902892,2363,101323.442308,6.586068,0.365068
0.479592,0.910661,2364,101323.423242,6.590049,0.335171
0.479592,0.918429,2365,101323.405891,6.593685,0.305396
0.479592,0.926198,2366,101323.390236,6.596984,0.275732
0.479592,0.933967,2367,101323.376257,6.599948,0.246169
0.479592,0.941735,2368,101323.363937,6.602581,0.216698
0.479592,0.949504,2369,101323.353263,6.604885,0.187309
0.479592,0.957272,2370,101323.344210,6.606847,0.157985
0.479592,0.965041,2371,101323.336802,6.608370,0.128749
0.479592,0.972810,2372,101323.330936,6.608839,0.099490
0.479592,0.980578,2373,101323.326827,6.604202,0.070444
0.479592,0.988347,2374,101323.324024,6.567262,0.040910
0.479592,0.996116,2375,101323.323592,6.497729,0.013436
0.500000,0.253788,2376,101335.953010,3.696256,2.645453
0.500000,0.261364,2377,101335.420698,3.570223,3.415204
0.500000,0.268939,2378,101335.257869,3.851736,3.053382
0.500000,0.276515,2379,101334.858605,3.822091,3.249638
0.500000,0.284091,2380,101334.597941,3.955275,3.140663
0.500000,0.291667,2381,101334.260689,4.000246,3.180014
0.500000,0.299242,2382,101333.964356,4.089345,3.145469
0.500000,0.306818,2383,101333.648710,4.156544,3.142293
0.500000,0.314394,2384,101333.344099,4.233092,3.122470
0.500000,0.321970,2385,101333.036692,4.304688,3.107226
0.500000,0.329545,2386,101332.733287,4.377423,3.087613
0.500000,0.337121,2387,101332.431450,4.448661,3.067355
0.500000,0.344697,2388,101332.132681,4.519343,3.045064
0.500000,0.352273,2389,101331.836862,4.589015,3.021335
0.500000,0.359848,2390,101331.544485,4.657749,2.996033
0.500000,0.367424,2391,101331.255801,4.725435,2.969283
0.500000,0.375000,2392,101330.971126,4.792031,2.941127
0.500000,0.382576,2393,101330.690731,4.857477,2.911635
0.500000,0.390152,2394,101330.414880,4.921721,2.880870
0.500000,0.397727,2395,101330.143815,4.984716,2.848897
0.500000,0.405303,2396,101329.877760,5.046417,2.815785
0.500000,0.412879,2397,101329.616918,5.106789,2.781601
0.500000,0.420455,2398,101329.361471,5.165802,2.746417
0.500000,0.428030,2399,101329.111580,5.223432,2.710304
0.500000,0.435606,2400,101328.867386,5.279656,2.673333
0.500000,0.443182,2401,101328.629009,5.334457,2.635573
0.500000,0.450758,2402,101328.396545,5.387823,2.597093
0.500000,0.458333,2403,101328.170074,5.439745,2.557961
0.500000,0.465909,2404,101327.949652,5.490220,2.518245
0.500000,0.473485,2405,101327.735318,5.539247,2.478009
0.500000,0.481061,2406,101327.527092,5.586829,2.437317
0.500000,0.488636,2407,101327.324974,5.632973,2.396229
0.500000,0.496212,2408,101327.128951,5.677687,2.354805
0.500000,0.503788,2409,101326.938990,5.720982,2.313101
0.500000,0.511364,2410,101326.755046,5.762873,2.271170
0.500000,0.518939,2411,101326.577060,5.803380,2.229064
0.500000,0.526515,2412,101326.404959,5.842525,2.186835
0.500000,0.534091,2413,101326.238659,5.880334,2.144529
0.500000,0.541667,2414,101326.078068,5.916831,2.102191
0.500000,0.549242,2415,101325.923082,5.952042,2.059861
0.500000,0.556818,2416,101325.773590,5.985995,2.017580
0.500000,0.564394,2417,101325.629475,6.018720,1.975382
0.500000,0.571970,2418,101325.490615,6.050247,1.933302
0.500000,0.579545,2419,101325.356881,6.080606,1.891369
0.500000,0.587121,2420,101325.228141,6.109829,1.849613
0.500000,0.594697,2421,101325.104262,6.137947,1.808059
0.500000,0.602273,2422,101324.985106,6.164989,1.766729
0.500000,0.609848,2423,101324.870537,6.190988,1.725645
0.500000,0.617424,2424,101324.760416,6.215974,1.684825
0.500000,0.625000,2425,101324.654606,6.239979,1.644285
0.500000,0.632576,2426,101324.552970,6.263034,1.604039
0.500000,0.640152,2427,101324.455372,6.285172,1.564102
0.500000,0.647727,2428,101324.361677,6.306423,1.524483
0.500000,0.655303,2429,101324.271756,6.326817,1.485191
0.500000,0.662879,2430,101324.185478,6.346384,1.446235
0.500000,0.670455,2431,101324.102718,6.365152,1.407619
0.500000,0.678030,2432,101324.023353,6.383149,1.369348
0.500000,0.685606,2433,101323.947263,6.400401,1.331425
0.500000,0.693182,2434,101323.874335,6.416935,1.293851
0.500000,0.700758,2435,101323.804454,6.432777,1.256628
0.500000,0.708333,2436,101323.737514,6.447950,1.219753
0.500000,0.715909,2437,101323.673410,6.462479,1.183227
0.500000,0.723485,2438,101323.612043,6.476386,1.147045
0.500000,0.731061,2439,101323.553316,6.489694,1.111206
0.500000,0.738636,2440,101323.497138,6.502422,1.075704
0.500000,0.746212,2441,101323.443421,6.514592,1.040535
0.500000,0.753788,2442,101323.392080,6.526222,1.005693
0.500000,0.761364,2443,101323.343036,6.537330,0.971171
0.500000,0.768939,2444,101323.296212,6.547934,0.936964
0.500000,0.776515,2445,101323.251536,6.558051,0.903064
0.500000,0.784091,2446,101323.208939,6.567697,0.869463
0.500000,0.791667,2447,101323.168355,6.576889,0.836153
0.500000,0.799242,2448,101323.129724,6.585641,0.803127
0.500000,0.806818,2449,101323.092987,6.593965,0.770375
0.500000,0.814394,2450,101323.058088,6.601877,0.737888
0.500000,0.821970,2451,101323.024976,6.609387,0.705658
0.500000,0.829545,2452,101322.993602,6.616508,0.673674
0.500000,0.837121,2453,101322.963919,6.623250,0.641927
0.500000,0.844697,2454,101322.935885,6.629624,0.610408
0.500000,0.852273,2455,101322.909459,6.635640,0.579107
0.500000,0.859848,2456,101322.884603,6.641306,0.548013
0.500000,0.867424,2457,101322.861282,6.646633,0.517116
0.500000,0.875000,2458,101322.839463,6.651626,0.486407
0.500000,0.882576,2459,101322.819114,6.656294,0.455875
0.500000,0.890152,2460,101322.800209,6.660645,0.425509
0.500000,0.897727,2461,101322.782720,6.664683,0.395299
0.500000,0.905303,2462,101322.766623,6.668416,0.365236
0.500000,0.912879,2463,101322.751896,6.671848,0.335308
0.500000,0.920455,2464,101322.738519,6.674985,0.305506
0.500000,0.928030,2465,101322.726471,6.677831,0.275818
0.500000,0.935606,2466,101322.715738,6.680391,0.246235
0.500000,0.943182,2467,101322.706302,6.682666,0.216747
0.500000,0.950758,2468,101322.698153,6.684657,0.187344
0.500000,0.958333,2469,101322.691267,6.686345,0.158006
0.500000,0.965909,2470,101322.685671,6.687604,0.128762
0.500000,0.973485,2471,101322.681255,6.687699,0.099487
0.500000,0.981061,2472,101322.678255,6.682160,0.070442
0.500000,0.988636,2473,101322.676188,6.643118,0.040862
0.500000,0.996212,2474,101322.676168,6.570264,0.013438
0.520408,0.272787,2475,101334.173489,3.923331,2.822374
0.520408,0.280170,2476,101333.616528,3.799463,3.598699
0.520408,0.287553,2477,101333.452352,4.088045,3.232498
0.520408,0.294936,2478,101333.039653,4.058267,3.423656
0.520408,0.302318,2479,101332.773849,4.193562,3.311100
0.520408,0.309701,2480,101332.429444,4.239775,3.344856
0.520408,0.317084,2481,101332.128673,4.329923,3.305887
0.520408,0.324467,2482,101331.809374,4.398071,3.297405
0.520408,0.331850,2483,101331.502702,4.475259,3.272544
0.520408,0.339233,2484,101331.194522,4.547303,3.252027
0.520408,0.346616,2485,101330.891790,4.620248,3.227131
0.520408,0.353999,2486,101330.592001,4.691462,3.201537
0.520408,0.361381,2487,101330.296691,4.761891,3.173888
0.520408,0.368764,2488,101330.005711,4.831076,3.144800
0.520408,0.376147,2489,101329.719550,4.899098,3.114151
0.520408,0.383530,2490,101329.438428,4.965848,3.082086
0.520408,0.390913,2491,101329.162634,5.031290,3.048662
0.520408,0.398296,2492,101328.892403,5.095369,3.013964
0.520408,0.405679,2493,101328.627958,5.158043,2.978069
0.520408,0.413062,2494,101328.369494,5.219273,2.941055
0.520408,0.420444,2495,101328.117183,5.279024,2.903003
0.520408,0.427827,2496,101327.871172,5.337273,2.863993
0.520408,0.435210,2497,101327.631583,5.394001,2.824106
0.520408,0.442593,2498,101327.398515,5.449192,2.783421
0.520408,0.449976,2499,101327.172042,5.502838,2.742015
0.520408,0.457359,2500,101326.952216,5.554933,2.699965
0.520408,0.464742,2501,101326.739066,5.605477,2.657345
0.520408,0.472125,2502,101326.532599,5.654473,2.614228
0.520408,0.479507,2503,101326.332802,5.701929,2.570683
0.520408,0.486890,2504,101326.139644,5.747857,2.526777
0.520408,0.494273,2505,101325.953073,5.792272,2.482575
0.520408,0.501656,2506,101325.773023,5.835189,2.438138
0.520408,0.509039,2507,101325.599411,5.876630,2.393524
0.520408,0.516422,2508,101325.432141,5.916615,2.348788
0.520408,0.523805,2509,101325.271103,5.955172,2.303982
0.520408,0.531188,2510,101325.116177,5.992330,2.259158
0.520408,0.538570,2511,101324.967233,6.028121,2.214360
0.520408,0.545953,2512,101324.824131,6.062575,2.169634
0.520408,0.553336,2513,101324.686726,6.095727,2.125020
0.520408,0.560719,2514,101324.554865,6.127611,2.080555
0.520408,0.568102,2515,101324.428392,6.158261,2.036272
0.520408,0.575485,2516,101324.307146,6.187713,1.992203
0.520408,0.582868,2517,101324.190966,6.216002,1.948377
0.520408,0.590251,2518,101324.079686,6.243164,1.904820
0.520408,0.597633,2519,101323.973141,6.269235,1.861553
0.520408,0.605016,2520,101323.871168,6.294250,1.818598
0.520408,0.612399,2521,101323.773601,6.318243,1.775973
0.520408,0.619782,2522,101323.680280,6.341249,1.733692
0.520408,0.627165,2523,101323.591043,6.363302,1.691769
0.520408,0.634548,2524,101323.505735,6.384436,1.650215
0.520408,0.641931,2525,101323.424200,6.404685,1.609041
0.520408,0.649314,2526,101323.346290,6.424082,1.568254
0.520408,0.656696,2527,101323.271857,6.442660,1.527860
0.520408,0.664079,2528,101323.200760,6.460450,1.487864
0.520408,0.671462,2529,101323.132860,6.477481,1.448268
0.520408,0.678845,2530,101323.068026,6.493783,1.409075
0.520408,0.686228,2531,101323.006129,6.509384,1.370284
0.520408,0.693611,2532,101322.947046,6.524310,1.331894
0.520408,0.700994,2533,101322.890658,6.538588,1.293904
0.520408,0.708376,2534,101322.836851,6.552244,1.256309
0.520408,0.715759,2535,101322.785518,6.565301,1.219108
0.520408,0.723142,2536,101322.736555,6.577782,1.182293
0.520408,0.730525,2537,101322.689863,6.589710,1.145861
0.520408,0.737908,2538,101322.645347,6.601107,1.109804
0.520408,0.745291,2539,101322.602919,6.611992,1.074116
0.520408,0.752674,2540,101322.562493,6.622384,1.038790
0.520408,0.760057,2541,101322.523988,6.632302,1.003817
0.520408,0.767439,2542,101322.487329,6.641762,0.969190
0.520408,0.774822,2543,101322.452443,6.650782,0.934898
0.520408,0.782205,2544,101322.419262,6.659379,0.900934
0.520408,0.789588,2545,101322.387722,6.667566,0.867288
0.520408,0.796971,2546,101322.357762,6.675360,0.833950
0.520408,0.804354,2547,101322.329325,6.682774,0.800911
0.520408,0.811737,2548,101322.302357,6.689820,0.768160
0.520408,0.819120,2549,101322.276808,6.696511,0.735687
0.520408,0.826502,2550,101322.252631,6.702857,0.703482
0.520408,0.833885,2551,101322.229781,6.708871,0.671534
0.520408,0.841268,2552,101322.208217,6.714561,0.639833
0.520408,0.848651,2553,101322.187901,6.719938,0.608368
0.520408,0.856034,2554,101322.168796,6.725010,0.577127
0.520408,0.863417,2555,101322.150868,6.729786,0.546101
0.520408,0.870800,2556,101322.134087,6.734273,0.515279
0.520408,0.878183,2557,101322.118424,6.738479,0.484649
0.520408,0.885565,2558,101322.103850,6.742411,0.454201
0.520408,0.892948,2559,101322.090343,6.746075,0.423924
0.520408,0.900331,2560,101322.077877,6.749476,0.393807
0.520408,0.907714,2561,101322.066433,6.752621,0.363840
0.520408,0.915097,2562,101322.055992,6.755513,0.334011
0.520408,0.922480,2563,101322.046534,6.758158,0.304310
0.520408,0.929863,2564,101322.038045,6.760559,0.274727
0.520408,0.937246,2565,101322.030509,6.762721,0.245250
0.520408,0.944628,2566,101322.023913,6.764645,0.215869
0.520408,0.952011,2567,101322.018249,6.766327,0.186577
0.520408,0.959394,2568,101322.013491,6.767744,0.157349
0.520408,0.966777,2569,101322.009675,6.768732,0.128219
0.520408,0.974160,2570,101322.006682,6.768431,0.099051
0.520408,0.981543,2571,101322.004768,6.761950,0.070127
0.520408,0.988926,2572,101322.003418,6.720718,0.040624
0.520408,0.996309,2573,101322.003794,6.644409,0.013374
0.540816,0.291660,2574,101332.166223,4.174556,3.001110
0.540816,0.298851,2575,101331.587375,4.056329,3.778534
0.540816,0.306042,2576,101331.424539,4.349963,3.409159
0.540816,0.313233,2577,101331.001667,4.320841,3.593154
0.540816,0.320425,2578,101330.734020,4.457278,3.476785
0.540816,0.327616,2579,101330.386320,4.504696,3.503739
0.540816,0.334807,2580,101330.085037,4.595246,3.459706
0.540816,0.341999,2581,101329.766442,4.663957,3.444998
0.540816,0.349190,2582,101329.462216,4.741186,3.414378
0.540816,0.356381,2583,101329.158073,4.813125,3.387811
0.540816,0.363572,2584,101328.861004,4.885642,3.356942
0.540816,0.370764,2585,101328.568466,4.956179,3.325342
0.540816,0.377955,2586,101328.281985,5.025664,3.291720
0.540816,0.385146,2587,101328.001367,5.093648,3.256701
0.540816,0.392337,2588,101327.727064,5.160220,3.220185
0.540816,0.399529,2589,101327.459247,5.225279,3.182335
0.540816,0.406720,2590,101327.198149,5.288798,3.143224
0.540816,0.413911,2591,101326.943945,5.350734,3.102952
0.540816,0.421103,2592,101326.696790,5.411056,3.061609
0.540816,0.428294,2593,101326.456808,5.469739,3.019289
0.540816,0.435485,2594,101326.224094,5.526764,2.976081
0.540816,0.442676,2595,101325.998717,5.582120,2.932077
0.540816,0.449868,2596,101325.780718,5.635803,2.887364
0.540816,0.457059,2597,101325.570112,5.687812,2.842029
0.540816,0.464250,2598,101325.366889,5.738151,2.796154
0.540816,0.471441,2599,101325.171015,5.786831,2.749819
0.540816,0.478633,2600,101324.982435,5.833864,2.703102
0.540816,0.485824,2601,101324.801073,5.879269,2.656076
0.540816,0.493015,2602,101324.626833,5.923067,2.608811
0.540816,0.500207,2603,101324.459603,5.965282,2.561374
0.540816,0.507398,2604,101324.299255,6.005941,2.513827
0.540816,0.514589,2605,101324.145646,6.045073,2.466230
0.540816,0.521780,2606,101323.998622,6.082709,2.418638
0.540816,0.528972,2607,101323.858018,6.118884,2.371101
0.540816,0.536163,2608,101323.723659,6.153633,2.323669
0.540816,0.543354,2609,101323.595363,6.186996,2.276387
0.540816,0.550545,2610,101323.472945,6.219013,2.229296
0.540816,0.557737,2611,101323.356210,6.249723,2.182435
0.540816,0.564928,2612,101323.244964,6.279166,2.135837
0.540816,0.572119,2613,101323.139011,6.307384,2.089534
0.540816,0.579311,2614,101323.038152,6.334417,2.043553
0.540816,0.586502,2615,101322.942189,6.360306,1.997921
0.540816,0.593693,2616,101322.850927,6.385091,1.952658
0.540816,0.600884,2617,101322.764171,6.408812,1.907784
0.540816,0.608076,2618,101322.681730,6.431508,1.863316
0.540816,0.615267,2619,101322.603416,6.453217,1.819267
0.540816,0.622458,2620,101322.529045,6.473976,1.775650
0.540816,0.629649,2621,101322.458439,6.493822,1.732473
0.540816,0.636841,2622,101322.391422,6.512792,1.689745
0.540816,0.644032,2623,101322.327826,6.530921,1.647472
0.540816,0.651223,2624,101322.267488,6.548244,1.605657
0.540816,0.658415,2625,101322.210249,6.564796,1.564304
0.540816,0.665606,2626,101322.155959,6.580607,1.523413
0.540816,0.672797,2627,101322.104471,6.595710,1.482984
0.540816,0.679988,2628,101322.055647,6.610135,1.443015
0.540816,0.687180,2629,101322.009352,6.623909,1.403503
0.540816,0.694371,2630,101321.965459,6.637061,1.364445
0.540816,0.701562,2631,101321.923848,6.649618,1.325836
0.540816,0.708753,2632,101321.884402,6.661604,1.287670
0.540816,0.715945,2633,101321.847011,6.673044,1.249939
0.540816,0.723136,2634,101321.811573,6.683961,1.212638
0.540816,0.730327,2635,101321.777987,6.694378,1.175758
0.540816,0.737519,2636,101321.746162,6.704315,1.139291
0.540816,0.744710,2637,101321.716008,6.713793,1.103228
0.540816,0.751901,2638,101321.687443,6.722830,1.067560
0.540816,0.759092,2639,101321.660388,6.731444,1.032276
0.540816,0.766284,2640,101321.634770,6.739653,0.997367
0.540816,0.773475,2641,101321.610520,6.747472,0.962822
0.540816,0.780666,2642,101321.587572,6.754916,0.928631
0.540816,0.787857,2643,101321.565865,6.762002,0.894783
0.540816,0.795049,2644,101321.545342,6.768744,0.861267
0.540816,0.802240,2645,101321.525949,6.775154,0.828071
0.540816,0.809431,2646,101321.507637,6.781244,0.795186
0.540816,0.816623,2647,101321.490359,6.787027,0.762599
0.540816,0.823814,2648,101321.474070,6.792514,0.730299
0.540816,0.831005,2649,101321.458730,6.797714,0.698275
0.540816,0.838196,2650,101321.444301,6.802638,0.666514
0.540816,0.845388,2651,101321.430748,6.807294,0.635007
0.540816,0.852579,2652,101321.418037,6.811691,0.603741
0.540816,0.859770,2653,101321.406140,6.815837,0.572705
0.540816,0.866961,2654,101321.395026,6.819740,0.541887
0.540816,0.874153,2655,101321.384670,6.823406,0.511276
0.540816,0.881344,2656,101321.375048,6.826841,0.480861
0.540816,0.888535,2657,101321.366138,6.830053,0.450631
0.540816,0.895727,2658,101321.357919,6.833046,0.420574
0.540816,0.902918,2659,101321.350372,6.835825,0.390679
0.540816,0.910109,2660,101321.343480,6.838396,0.360935
0.540816,0.917300,2661,101321.337227,6.840762,0.331332
0.540816,0.924492,2662,101321.331599,6.842927,0.301857
0.540816,0.931683,2663,101321.326582,6.844896,0.272501
0.540816,0.938874,2664,101321.322166,6.846670,0.243253
0.540816,0.946065,2665,101321.318338,6.848251,0.214101
0.540816,0.953257,2666,101321.315093,6.849634,0.185038
0.540816,0.960448,2667,101321.312408,6.850782,0.156040
0.540816,0.967639,2668,101321.310321,6.851497,0.127143
0.540816,0.974831,2669,101321.308709,6.850778,0.098198
0.540816,0.982022,2670,101321.307846,6.843320,0.069512
0.540816,0.989213,2671,101321.307190,6.799803,0.040202
0.540816,0.996404,2672,101321.307939,6.719882,0.013245
0.561224,0.310281,2673,101329.908585,4.451889,3.179652
0.561224,0.317283,2674,101329.312700,4.342982,3.951801
0.561224,0.324285,2675,101329.155194,4.639303,3.580373
0.561224,0.331288,2676,101328.727137,4.611448,3.755092
0.561224,0.338290,2677,101328.462548,4.747880,3.634482
0.561224,0.345292,2678,101328.117100,4.796217,3.653422
0.561224,0.352294,2679,101327.820924,4.886338,3.603564
0.561224,0.359296,2680,101327.509083,4.954987,3.581697
0.561224,0.366299,2681,101327.213507,5.031451,3.544552
0.561224,0.373301,2682,101326.919883,5.102508,3.511159
0.561224,0.380303,2683,101326.635118,5.173752,3.473632
0.561224,0.387305,2684,101326.356650,5.242753,3.435382
0.561224,0.394308,2685,101326.085933,5.310402,3.395214
0.561224,0.401310,2686,101325.822709,5.376281,3.353750
0.561224,0.408312,2687,101325.567358,5.440484,3.310917
0.561224,0.415314,2688,101325.319966,5.502925,3.266896
0.561224,0.422316,2689,101325.080683,5.563595,3.221773
0.561224,0.429319,2690,101324.849588,5.622465,3.175664
0.561224,0.436321,2691,101324.626742,5.679522,3.128672
0.561224,0.443323,2692,101324.412168,5.734758,3.080900
0.561224,0.450325,2693,101324.205860,5.788173,3.032447
0.561224,0.457328,2694,101324.007784,5.839773,2.983411
0.561224,0.464330,2695,101323.817877,5.889571,2.933884
0.561224,0.471332,2696,101323.636052,5.937583,2.883957
0.561224,0.478334,2697,101323.462196,5.983832,2.833713
0.561224,0.485336,2698,101323.296178,6.028343,2.783234
0.561224,0.492339,2699,101323.137845,6.071146,2.732595
0.561224,0.499341,2700,101322.987026,6.112272,2.681868
0.561224,0.506343,2701,101322.843537,6.151758,2.631121
0.561224,0.513345,2702,101322.707180,6.189642,2.580416
0.561224,0.520348,2703,101322.577744,6.225963,2.529810
0.561224,0.527350,2704,101322.455011,6.260761,2.479359
0.561224,0.534352,2705,101322.338756,6.294081,2.429109
0.561224,0.541354,2706,101322.228745,6.325967,2.379108
0.561224,0.548356,2707,101322.124744,6.356464,2.329397
0.561224,0.555359,2708,101322.026515,6.385620,2.280013
0.561224,0.562361,2709,101321.933818,6.413483,2.230990
0.561224,0.569363,2710,101321.846416,6.440098,2.182359
0.561224,0.576365,2711,101321.764072,6.465512,2.134147
0.561224,0.583368,2712,101321.686553,6.489772,2.086376
0.561224,0.590370,2713,101321.613628,6.512921,2.039068
0.561224,0.597372,2714,101321.545072,6.535006,1.992238
0.561224,0.604374,2715,101321.480664,6.556070,1.945903
0.561224,0.611377,2716,101321.420192,6.576154,1.900072
0.561224,0.618379,2717,101321.363445,6.595301,1.854757
0.561224,0.625381,2718,101321.310224,6.613549,1.809964
0.561224,0.632383,2719,101321.260334,6.630939,1.765698
0.561224,0.639385,2720,101321.213589,6.647508,1.721962
0.561224,0.646388,2721,101321.169808,6.663292,1.678757
0.561224,0.653390,2722,101321.128821,6.678327,1.636084
0.561224,0.660392,2723,101321.090463,6.692650,1.593941
0.561224,0.667394,2724,101321.054577,6.706292,1.552325
0.561224,0.674397,2725,101321.021014,6.719285,1.511233
0.561224,0.681399,2726,101320.989634,6.731660,1.470658
0.561224,0.688401,2727,101320.960302,6.743445,1.430595
0.561224,0.695403,2728,101320.932890,6.754668,1.391037
0.561224,0.702405,2729,101320.907279,6.765356,1.351975
0.561224,0.709408,2730,101320.883355,6.775533,1.313401
0.561224,0.716410,2731,101320.861012,6.785223,1.275306
0.561224,0.723412,2732,101320.840148,6.794450,1.237679
0.561224,0.730414,2733,101320.820669,6.803234,1.200511
0.561224,0.737417,2734,101320.802488,6.811597,1.163791
0.561224,0.744419,2735,101320.785519,6.819558,1.127507
0.561224,0.751421,2736,101320.769686,6.827134,1.091649
0.561224,0.758423,2737,101320.754915,6.834344,1.056205
0.561224,0.765425,2738,101320.741139,6.841204,1.021162
0.561224,0.772428,2739,101320.728293,6.847728,0.986509
0.561224,0.779430,2740,101320.716319,6.853932,0.952234
0.561224,0.786432,2741,101320.705160,6.859829,0.918325
0.561224,0.793434,2742,101320.694767,6.865434,0.884769
0.561224,0.800437,2743,101320.685090,6.870758,0.851555
0.561224,0.807439,2744,101320.676086,6.875813,0.818669
0.561224,0.814441,2745,101320.667712,6.880611,0.786099
0.561224,0.821443,2746,101320.659932,6.885162,0.753834
0.561224,0.828445,2747,101320.652709,6.889474,0.721861
0.561224,0.835448,2748,101320.646011,6.893558,0.690168
0.561224,0.842450,2749,101320.639807,6.897421,0.658743
0.561224,0.849452,2750,101320.634070,6.901072,0.627573
0.561224,0.856454,2751,101320.628773,6.904518,0.596647
0.561224,0.863457,2752,101320.623893,6.907766,0.565952
0.561224,0.870459,2753,101320.619408,6.910822,0.535477
0.561224,0.877461,2754,101320.615297,6.913692,0.505211
0.561224,0.884463,2755,101320.611543,6.916382,0.475140
0.561224,0.891466,2756,101320.608128,6.918897,0.445255
0.561224,0.898468,2757,101320.605037,6.921241,0.415544
0.561224,0.905470,2758,101320.602255,6.923419,0.385994
0.561224,0.912472,2759,101320.599770,6.925436,0.356596
0.561224,0.919474,2760,101320.597570,6.927294,0.327338
0.561224,0.926477,2761,101320.595644,6.928998,0.298208
0.561224,0.933479,2762,101320.593983,6.930549,0.269197
0.561224,0.940481,2763,101320.592578,6.931950,0.240293
0.561224,0.947483,2764,101320.591420,6.933201,0.211485
0.561224,0.954486,2765,101320.590508,6.934293,0.182766
0.561224,0.961488,2766,101320.589818,6.935179,0.154110
0.561224,0.968490,2767,101320.589396,6.935618,0.125558
0.561224,0.975492,2768,101320.589110,6.934463,0.096948
0.561224,0.982494,2769,101320.589255,6.925999,0.068610
0.561224,0.989497,2770,101320.589263,6.880091,0.039606
0.561224,0.996499,2771,101320.590358,6.796377,0.013053
0.581633,0.328528,2772,101327.378157,4.757166,3.355314
0.581633,0.335345,2773,101326.772935,4.661386,4.114781
0.581633,0.342162,2774,101326.626487,4.957639,3.742376
0.581633,0.348979,2775,101326.200494,4.931399,3.905676
0.581633,0.355796,2776,101325.945951,5.066449,3.780223
0.581633,0.362613,2777,101325.610450,5.115106,3.789961
0.581633,0.369430,2778,101325.327127,5.203732,3.733437
0.581633,0.376247,2779,101325.030178,5.271406,3.703506
0.581633,0.383064,2780,101324.751514,5.346054,3.659071
0.581633,0.389881,2781,101324.476883,5.415193,3.618125
0.581633,0.396698,2782,101324.212994,5.484078,3.573312
0.581633,0.403515,2783,101323.957258,5.550452,3.527853
0.581633,0.410332,2784,101323.710999,5.615161,3.480663
0.581633,0.417149,2785,101323.473862,5.677826,3.432355
0.581633,0.423966,2786,101323.246108,5.738556,3.382883
0.581633,0.430783,2787,101323.027704,5.797287,3.332443
0.581633,0.437600,2788,101322.818677,5.854028,3.281133
0.581633,0.444417,2789,101322.618979,5.908775,3.229082
0.581633,0.451234,2790,101322.428544,5.961534,3.176400
0.581633,0.458050,2791,101322.247267,6.012322,3.123197
0.581633,0.464867,2792,101322.075017,6.061158,3.069578
0.581633,0.471684,2793,101321.911633,6.108070,3.015641
0.581633,0.478501,2794,101321.756932,6.153090,2.961481
0.581633,0.485318,2795,101321.610707,6.196255,2.907186
0.581633,0.492135,2796,101321.472735,6.237603,2.852837
0.581633,0.498952,2797,101321.342772,6.277179,2.798511
0.581633,0.505769,2798,101321.220565,6.315028,2.744280
0.581633,0.512586,2799,101321.105846,6.351197,2.690209
0.581633,0.519403,2800,101320.998339,6.385737,2.636359
0.581633,0.526220,2801,101320.897763,6.418698,2.582783
0.581633,0.533037,2802,101320.803829,6.450132,2.529533
0.581633,0.539854,2803,101320.716249,6.480091,2.476652
0.581633,0.546671,2804,101320.634731,6.508628,2.424181
0.581633,0.553488,2805,101320.558986,6.535797,2.372157
0.581633,0.560305,2806,101320.488727,6.561652,2.320611
0.581633,0.567122,2807,101320.423671,6.586246,2.269572
0.581633,0.573939,2808,101320.363538,6.609634,2.219064
0.581633,0.580756,2809,101320.308058,6.631865,2.169108
0.581633,0.587573,2810,101320.256964,6.652992,2.119721
0.581633,0.594390,2811,101320.209999,6.673063,2.070917
0.581633,0.601207,2812,101320.166914,6.692126,2.022707
0.581633,0.608024,2813,101320.127469,6.710228,1.975101
0.581633,0.614841,2814,101320.091432,6.727415,1.928103
0.581633,0.621658,2815,101320.058580,6.743729,1.881719
0.581633,0.628475,2816,101320.028703,6.759212,1.835949
0.581633,0.635292,2817,101320.001597,6.773905,1.790793
0.581633,0.642109,2818,101319.977069,6.787846,1.746249
0.581633,0.648926,2819,101319.954936,6.801072,1.702313
0.581633,0.655743,2820,101319.935023,6.813621,1.658981
0.581633,0.662560,2821,101319.917167,6.825526,1.616247
0.581633,0.669377,2822,101319.901212,6.836821,1.574104
0.581633,0.676194,2823,101319.887011,6.847538,1.532543
0.581633,0.683011,2824,101319.874427,6.857706,1.491556
0.581633,0.689828,2825,101319.863329,6.867355,1.451131
0.581633,0.696645,2826,101319.853598,6.876509,1.411260
0.581633,0.703462,2827,101319.845118,6.885197,1.371930
0.581633,0.710279,2828,101319.837783,6.893441,1.333130
0.581633,0.717096,2829,101319.831494,6.901264,1.294848
0.581633,0.723913,2830,101319.826158,6.908689,1.257071
0.581633,0.730729,2831,101319.821689,6.915736,1.219787
0.581633,0.737546,2832,101319.818007,6.922425,1.182982
0.581633,0.744363,2833,101319.815037,6.928773,1.146644
0.581633,0.751180,2834,101319.812709,6.934798,1.110758
0.581633,0.757997,2835,101319.810960,6.940517,1.075312
0.581633,0.764814,2836,101319.809730,6.945944,1.040292
0.581633,0.771631,2837,101319.808964,6.951094,1.005684
0.581633,0.778448,2838,101319.808612,6.955980,0.971475
0.581633,0.785265,2839,101319.808627,6.960615,0.937651
0.581633,0.792082,2840,101319.808965,6.965011,0.904199
0.581633,0.798899,2841,101319.809587,6.969180,0.871105
0.581633,0.805716,2842,101319.810456,6.973133,0.838357
0.581633,0.812533,2843,101319.811539,6.976880,0.805940
0.581633,0.819350,2844,101319.812805,6.980430,0.773843
0.581633,0.826167,2845,101319.814225,6.983791,0.742051
0.581633,0.832984,2846,101319.815775,6.986973,0.710552
0.581633,0.839801,2847,101319.817430,6.989981,0.679333
0.581633,0.846618,2848,101319.819168,6.992825,0.648382
0.581633,0.853435,2849,101319.820971,6.995510,0.617686
0.581633,0.860252,2850,101319.822819,6.998042,0.587233
0.581633,0.867069,2851,101319.824697,7.000428,0.557010
0.581633,0.873886,2852,101319.826590,7.002672,0.527006
0.581633,0.880703,2853,101319.828484,7.004779,0.497208
0.581633,0.887520,2854,101319.830366,7.006755,0.467605
0.581633,0.894337,2855,101319.832227,7.008603,0.438185
0.581633,0.901154,2856,101319.834055,7.010327,0.408938
0.581633,0.907971,2857,101319.835841,7.011932,0.379850
0.581633,0.914788,2858,101319.837578,7.013419,0.350912
0.581633,0.921605,2859,101319.839259,7.014792,0.322112
0.581633,0.928422,2860,101319.840875,7.016054,0.293439
0.581633,0.935239,2861,101319.842422,7.017208,0.264883
0.581633,0.942056,2862,101319.843895,7.018253,0.236432
0.581633,0.948873,2863,101319.845287,7.019190,0.208076
0.581633,0.955690,2864,101319.846600,7.020004,0.179808
0.581633,0.962507,2865,101319.847812,7.020636,0.151600
0.581633,0.969324,2866,101319.848975,7.020796,0.123499
0.581633,0.976141,2867,101319.849950,7.019192,0.095327
0.581633,0.982958,2868,101319.851050,7.009698,0.067441
0.581633,0.989775,2869,101319.851685,6.961285,0.038847
0.581633,0.996592,2870,101319.853099,6.873568,0.012803
0.602041,0.346282,2871,101324.554265,5.091896,3.524588
0.602041,0.352919,2872,101323.951218,5.013089,4.262816
0.602041,0.359556,2873,101323.823808,5.306076,3.890525
0.602041,0.366192,2874,101323.410019,5.281441,4.040273
0.602041,0.372829,2875,101323.175138,5.413451,3.909249
0.602041,0.379466,2876,101322.859930,5.461451,3.908673
0.602041,0.386103,2877,101322.599781,5.547228,3.844631
0.602041,0.392739,2878,101322.328339,5.612682,3.805820
0.602041,0.399376,2879,101322.077238,5.684181,3.753404
0.602041,0.406013,2880,101321.832340,5.750082,3.704301
0.602041,0.412650,2881,101321.600037,5.815269,3.651705
0.602041,0.419286,2882,101321.377697,5.877687,3.598632
0.602041,0.425923,2883,101321.166440,5.938132,3.544115
0.602041,0.432560,2884,101320.965778,5.996283,3.488747
0.602041,0.439196,2885,101320.775803,6.052262,3.432511
0.602041,0.445833,2886,101320.596325,6.106039,3.375606
0.602041,0.452470,2887,101320.427209,6.157646,3.318143
0.602041,0.459107,2888,101320.268250,6.207106,3.260255
0.602041,0.465743,2889,101320.119227,6.254453,3.202055
0.602041,0.472380,2890,101319.979882,6.299725,3.143654
0.602041,0.479017,2891,101319.849940,6.342968,3.085155
0.602041,0.485654,2892,101319.729102,6.384232,3.026654
0.602041,0.492290,2893,101319.617050,6.423569,2.968238
0.602041,0.498927,2894,101319.513455,6.461036,2.909990
0.602041,0.505564,2895,101319.417976,6.496691,2.851983
0.602041,0.512200,2896,101319.330264,6.530593,2.794286
0.602041,0.518837,2897,101319.249963,6.562804,2.736958
0.602041,0.525474,2898,101319.176717,6.593385,2.680056
0.602041,0.532111,2899,101319.110169,6.622399,2.623629
0.602041,0.538747,2900,101319.049962,6.649908,2.567719
0.602041,0.545384,2901,101318.995744,6.675974,2.512364
0.602041,0.552021,2902,101318.947170,6.700658,2.457598
0.602041,0.558658,2903,101318.903899,6.724021,2.403450
0.602041,0.565294,2904,101318.865600,6.746123,2.349943
0.602041,0.571931,2905,101318.831951,6.767025,2.297099
0.602041,0.578568,2906,101318.802641,6.786783,2.244933
0.602041,0.585204,2907,101318.777368,6.805455,2.193460
0.602041,0.591841,2908,101318.755845,6.823095,2.142688
0.602041,0.598478,2909,101318.737794,6.839755,2.092625
0.602041,0.605115,2910,101318.722951,6.855485,2.043274
0.602041,0.611751,2911,101318.711063,6.870335,1.994637
0.602041,0.618388,2912,101318.701892,6.884350,1.946713
0.602041,0.625025,2913,101318.695209,6.897577,1.899500
0.602041,0.631662,2914,101318.690801,6.910056,1.852992
0.602041,0.638298,2915,101318.688464,6.921830,1.807184
0.602041,0.644935,2916,101318.688008,6.932935,1.762068
0.602041,0.651572,2917,101318.689253,6.943411,1.717635
0.602041,0.658208,2918,101318.692031,6.953292,1.673875
0.602041,0.664845,2919,101318.696184,6.962612,1.630776
0.602041,0.671482,2920,101318.701567,6.971404,1.588328
0.602041,0.678119,2921,101318.708041,6.979697,1.546518
0.602041,0.684755,2922,101318.715479,6.987522,1.505332
0.602041,0.691392,2923,101318.723762,6.994905,1.464756
0.602041,0.698029,2924,101318.732782,7.001872,1.424778
0.602041,0.704666,2925,101318.742435,7.008447,1.385382
0.602041,0.711302,2926,101318.752628,7.014653,1.346553
0.602041,0.717939,2927,101318.763274,7.020511,1.308277
0.602041,0.724576,2928,101318.774293,7.026042,1.270538
0.602041,0.731213,2929,101318.785611,7.031264,1.233321
0.602041,0.737849,2930,101318.797161,7.036196,1.196611
0.602041,0.744486,2931,101318.808881,7.040854,1.160392
0.602041,0.751123,2932,101318.820714,7.045254,1.124650
0.602041,0.757759,2933,101318.832608,7.049411,1.089368
0.602041,0.764396,2934,101318.844516,7.053339,1.054533
0.602041,0.771033,2935,101318.856394,7.057050,1.020128
0.602041,0.777670,2936,101318.868203,7.060556,0.986139
0.602041,0.784306,2937,101318.879909,7.063869,0.952551
0.602041,0.790943,2938,101318.891477,7.067000,0.919350
0.602041,0.797580,2939,101318.902880,7.069959,0.886521
0.602041,0.804217,2940,101318.914090,7.072755,0.854050
0.602041,0.810853,2941,101318.925084,7.075398,0.821924
0.602041,0.817490,2942,101318.935841,7.077895,0.790127
0.602041,0.824127,2943,101318.946341,7.080254,0.758647
0.602041,0.830763,2944,101318.956567,7.082482,0.727469
0.602041,0.837400,2945,101318.966504,7.084587,0.696582
0.602041,0.844037,2946,101318.976138,7.086573,0.665972
0.602041,0.850674,2947,101318.985456,7.088447,0.635625
0.602041,0.857310,2948,101318.994449,7.090214,0.605530
0.602041,0.863947,2949,101319.003105,7.091879,0.575673
0.602041,0.870584,2950,101319.011418,7.093446,0.546043
0.602041,0.877221,2951,101319.019379,7.094921,0.516628
0.602041,0.883857,2952,101319.026982,7.096306,0.487415
0.602041,0.890494,2953,101319.034220,7.097605,0.458393
0.602041,0.897131,2954,101319.041090,7.098822,0.429550
0.602041,0.903767,2955,101319.047587,7.099959,0.400876
0.602041,0.910404,2956,101319.053706,7.101021,0.372358
0.602041,0.917041,2957,101319.059445,7.102008,0.343986
0.602041,0.923678,2958,101319.064801,7.102923,0.315749
0.602041,0.930314,2959,101319.069772,7.103769,0.287636
0.602041,0.936951,2960,101319.074355,7.104547,0.259636
0.602041,0.943588,2961,101319.078548,7.105257,0.231739
0.602041,0.950225,2962,101319.082350,7.105896,0.203935
0.602041,0.956861,2963,101319.085764,7.106447,0.176217
0.602041,0.963498,2964,101319.088771,7.106833,0.148554
0.602041,0.970135,2965,101319.091427,7.106717,0.121000
0.602041,0.976771,2966,101319.093589,7.104652,0.093364
0.602041,0.983408,2967,101319.095584,7.094114,0.066023
0.602041,0.990045,2968,101319.096806,7.043069,0.037938
0.602041,0.996682,2969,101319.098505,6.951113,0.012498
0.622449,0.363430,2970,101321.420292,5.456983,3.683015
0.622449,0.369893,2971,101320.835891,5.398913,4.390176
0.622449,0.376355,2972,101320.738321,5.684940,4.019230
0.622449,0.382818,2973,101320.350442,5.661450,4.153366
0.622449,0.389281,2974,101320.148023,5.788425,4.016004
0.622449,0.395743,2975,101319.866577,5.834359,4.004165
0.622449,0.402206,2976,101319.642895,5.915610,3.931835
0.622449,0.408669,2977,101319.410364,5.977243,3.883513
0.622449,0.415131,2978,101319.200095,6.043962,3.822595
0.622449,0.421594,2979,101318.998073,6.105017,3.764949
0.622449,0.428056,2980,101318.810273,6.164916,3.704298
0.622449,0.434519,2981,101318.633975,6.221824,3.643453
0.622449,0.440982,2982,101318.470035,6.276492,3.581558
0.622449,0.447444,2983,101318.317784,6.328664,3.519178
0.622449,0.453907,2984,101318.177104,6.378484,3.456316
0.622449,0.460370,2985,101318.047611,6.425956,3.393172
0.622449,0.466832,2986,101317.928980,6.471145,3.329857
0.622449,0.473295,2987,101317.820824,6.514101,3.266501
0.622449,0.479758,2988,101317.722748,6.554886,3.203213
0.622449,0.486220,2989,101317.634334,6.593567,3.140097
0.622449,0.492683,2990,101317.555154,6.630212,3.077246
0.622449,0.499145,2991,101317.484768,6.664893,3.014745
0.622449,0.505608,2992,101317.422731,6.697684,2.952671
0.622449,0.512071,2993,101317.368596,6.728658,2.891092
0.622449,0.518533,2994,101317.321917,6.757891,2.830068
0.622449,0.524996,2995,101317.282251,6.785456,2.769653
0.622449,0.531459,2996,101317.249160,6.811429,2.709893
0.622449,0.537921,2997,101317.222215,6.835881,2.650827
0.622449,0.544384,2998,101317.200999,6.858886,2.592490
0.622449,0.550847,2999,101317.185104,6.880513,2.534910
0.622449,0.557309,3000,101317.174136,6.900832,2.478110
0.622449,0.563772,3001,101317.167714,6.919909,2.422109
0.622449,0.570234,3002,101317.165475,6.937810,2.366922
0.622449,0.576697,3003,101317.167068,6.954600,2.312558
0.622449,0.583160,3004,101317.172160,6.970339,2.259025
0.622449,0.589622,3005,101317.180434,6.985088,2.206328
0.622449,0.596085,3006,101317.191591,6.998902,2.154465
0.622449,0.602548,3007,101317.205345,7.011837,2.103437
0.622449,0.609010,3008,101317.221430,7.023943,2.053238
0.622449,0.615473,3009,101317.239594,7.035271,2.003862
0.622449,0.621936,3010,101317.259599,7.045866,1.955300
0.622449,0.628398,3011,101317.281227,7.055774,1.907543
0.622449,0.634861,3012,101317.304269,7.065037,1.860579
0.622449,0.641324,3013,101317.328535,7.073694,1.814395
0.622449,0.647786,3014,101317.353846,7.081783,1.768978
0.622449,0.654249,3015,101317.380037,7.089340,1.724312
0.622449,0.660711,3016,101317.406953,7.096398,1.680383
0.622449,0.667174,3017,101317.434455,7.102990,1.637174
0.622449,0.673637,3018,101317.462411,7.109146,1.594668
0.622449,0.680099,3019,101317.490702,7.114896,1.552849
0.622449,0.686562,3020,101317.519219,7.120265,1.511700
0.622449,0.693025,3021,101317.547861,7.125279,1.471203
0.622449,0.699487,3022,101317.576536,7.129962,1.431340
0.622449,0.705950,3023,101317.605161,7.134336,1.392094
0.622449,0.712413,3024,101317.633659,7.138421,1.353447
0.622449,0.718875,3025,101317.661962,7.142237,1.315381
0.622449,0.725338,3026,101317.690009,7.145802,1.277879
0.622449,0.731800,3027,101317.717741,7.149133,1.240923
0.622449,0.738263,3028,101317.745110,7.152246,1.204495
0.622449,0.744726,3029,101317.772069,7.155156,1.168578
0.622449,0.751188,3030,101317.798578,7.157875,1.133156
0.622449,0.757651,3031,101317.824602,7.160419,1.098211
0.622449,0.764114,3032,101317.850107,7.162797,1.063727
0.622449,0.770576,3033,101317.875066,7.165022,1.029688
0.622449,0.777039,3034,101317.899453,7.167104,0.996077
0.622449,0.783502,3035,101317.923247,7.169052,0.962878
0.622449,0.789964,3036,101317.946429,7.170875,0.930077
0.622449,0.796427,3037,101317.968983,7.172583,0.897657
0.622449,0.802890,3038,101317.990893,7.174183,0.865605
0.622449,0.809352,3039,101318.012148,7.175682,0.833904
0.622449,0.815815,3040,101318.032738,7.177088,0.802542
0.622449,0.822277,3041,101318.052654,7.178407,0.771503
0.622449,0.828740,3042,101318.071889,7.179644,0.740774
0.622449,0.835203,3043,101318.090437,7.180806,0.710341
0.622449,0.841665,3044,101318.108295,7.181897,0.680192
0.622449,0.848128,3045,101318.125459,7.182921,0.650312
0.622449,0.854591,3046,101318.141925,7.183884,0.620689
0.622449,0.861053,3047,101318.157693,7.184789,0.591310
0.622449,0.867516,3048,101318.172762,7.185640,0.562163
0.622449,0.873979,3049,101318.187131,7.186440,0.533237
0.622449,0.880441,3050,101318.200800,7.187193,0.504518
0.622449,0.886904,3051,101318.213769,7.187901,0.475996
0.622449,0.893366,3052,101318.226041,7.188567,0.447658
0.622449,0.899829,3053,101318.237615,7.189193,0.419494
0.622449,0.906292,3054,101318.248493,7.189781,0.391493
0.622449,0.912754,3055,101318.258677,7.190335,0.363642
0.622449,0.919217,3056,101318.268169,7.190854,0.335933
0.622449,0.925680,3057,101318.276970,7.191342,0.308353
0.622449,0.932142,3058,101318.285082,7.191798,0.280894
0.622449,0.938605,3059,101318.292506,7.192225,0.253543
0.622449,0.945068,3060,101318.299246,7.192622,0.226292
0.622449,0.951530,3061,101318.305300,7.192984,0.199129
0.622449,0.957993,3062,101318.310678,7.193287,0.172050
0.622449,0.964455,3063,101318.315359,7.193438,0.145023
0.622449,0.970918,3064,101318.319407,7.193048,0.118104
0.622449,0.977381,3065,101318.322673,7.190518,0.091090
0.622449,0.983843,3066,101318.325498,7.178927,0.064381
0.622449,0.990306,3067,101318.327264,7.125115,0.036894
0.622449,0.996769,3068,101318.329215,7.028654,0.012142
0.642857,0.379864,3069,101317.966987,5.852354,3.825088
0.642857,0.386160,3070,101317.423919,5.818549,4.489998
0.642857,0.392456,3071,101317.370354,6.093393,4.121950
0.642857,0.398751,3072,101317.026296,6.070054,4.238586
0.642857,0.405047,3073,101316.872781,6.189633,4.094216
0.642857,0.411343,3074,101316.642038,6.231630,4.070448
0.642857,0.417639,3075,101316.471318,6.306340,3.989276
0.642857,0.423934,3076,101316.293998,6.362199,3.931118
0.642857,0.430230,3077,101316.140448,6.422225,3.861475
0.642857,0.436526,3078,101315.996752,6.476571,3.795226
0.642857,0.442822,3079,101315.868384,6.529385,3.726582
0.642857,0.449118,3080,101315.752486,6.579056,3.658151
0.642857,0.455413,3081,101315.649598,6.626299,3.589170
0.642857,0.461709,3082,101315.558838,6.670928,3.520169
0.642857,0.468005,3083,101315.479844,6.713114,3.451160
0.642857,0.474301,3084,101315.412020,6.752898,3.382331
0.642857,0.480597,3085,101315.354837,6.790376,3.313783
0.642857,0.486892,3086,101315.307723,6.825630,3.245634
0.642857,0.493188,3087,101315.270111,6.858748,3.177979
0.642857,0.499484,3088,101315.241430,6.889821,3.110905
0.642857,0.505780,3089,101315.221113,6.918941,3.044487
0.642857,0.512076,3090,101315.208599,6.946197,2.978794
0.642857,0.518371,3091,101315.203336,6.971682,2.913881
0.642857,0.524667,3092,101315.204786,6.995482,2.849798
0.642857,0.530963,3093,101315.212425,7.017687,2.786586
0.642857,0.537259,3094,101315.225748,7.038380,2.724279
0.642857,0.543555,3095,101315.244265,7.057645,2.662903
0.642857,0.549850,3096,101315.267509,7.075561,2.602480
0.642857,0.556146,3097,101315.295032,7.092207,2.543026
0.642857,0.562442,3098,101315.326410,7.107657,2.484550
0.642857,0.568738,3099,101315.361238,7.121982,2.427060
0.642857,0.575034,3100,101315.399134,7.135251,2.370557
0.642857,0.581329,3101,101315.439740,7.147531,2.315041
0.642857,0.587625,3102,101315.482718,7.158885,2.260507
0.642857,0.593921,3103,101315.527750,7.169373,2.206949
0.642857,0.600217,3104,101315.574544,7.179053,2.154356
0.642857,0.606513,3105,101315.622823,7.187979,2.102718
0.642857,0.612808,3106,101315.672333,7.196202,2.052020
0.642857,0.619104,3107,101315.722837,7.203771,2.002248
0.642857,0.625400,3108,101315.774119,7.210729,1.953384
0.642857,0.631696,3109,101315.825977,7.217122,1.905412
0.642857,0.637992,3110,101315.878227,7.222987,1.858311
0.642857,0.644287,3111,101315.930701,7.228364,1.812064
0.642857,0.650583,3112,101315.983245,7.233287,1.766649
0.642857,0.656879,3113,101316.035717,7.237789,1.722046
0.642857,0.663175,3114,101316.087992,7.241902,1.678234
0.642857,0.669471,3115,101316.139953,7.245655,1.635191
0.642857,0.675766,3116,101316.191497,7.249075,1.592898
0.642857,0.682062,3117,101316.242529,7.252188,1.551332
0.642857,0.688358,3118,101316.292967,7.255019,1.510473
0.642857,0.694654,3119,101316.342735,7.257589,1.470298
0.642857,0.700950,3120,101316.391767,7.259919,1.430788
0.642857,0.707245,3121,101316.440003,7.262029,1.391921
0.642857,0.713541,3122,101316.487393,7.263936,1.353678
0.642857,0.719837,3123,101316.533890,7.265658,1.316036
0.642857,0.726133,3124,101316.579455,7.267210,1.278978
0.642857,0.732429,3125,101316.624054,7.268606,1.242482
0.642857,0.738724,3126,101316.667659,7.269859,1.206530
0.642857,0.745020,3127,101316.710244,7.270983,1.171103
0.642857,0.751316,3128,101316.751789,7.271988,1.136182
0.642857,0.757612,3129,101316.792277,7.272885,1.101749
0.642857,0.763908,3130,101316.831694,7.273684,1.067786
0.642857,0.770203,3131,101316.870029,7.274394,1.034276
0.642857,0.776499,3132,101316.907275,7.275023,1.001201
0.642857,0.782795,3133,101316.943426,7.275580,0.968546
0.642857,0.789091,3134,101316.978478,7.276070,0.936293
0.642857,0.795387,3135,101317.012430,7.276501,0.904427
0.642857,0.801682,3136,101317.045281,7.276880,0.872933
0.642857,0.807978,3137,101317.077034,7.277212,0.841795
0.642857,0.814274,3138,101317.107689,7.277502,0.810998
0.642857,0.820570,3139,101317.137252,7.277756,0.780529
0.642857,0.826866,3140,101317.165727,7.277977,0.750372
0.642857,0.833161,3141,101317.193119,7.278171,0.720514
0.642857,0.839457,3142,101317.219434,7.278341,0.690942
0.642857,0.845753,3143,101317.244679,7.278490,0.661643
0.642857,0.852049,3144,101317.268861,7.278621,0.632603
0.642857,0.858345,3145,101317.291986,7.278738,0.603810
0.642857,0.864640,3146,101317.314062,7.278843,0.575252
0.642857,0.870936,3147,101317.335097,7.278939,0.546916
0.642857,0.877232,3148,101317.355099,7.279028,0.518792
0.642857,0.883528,3149,101317.374074,7.279111,0.490866
0.642857,0.889824,3150,101317.392031,7.279192,0.463128
0.642857,0.896119,3151,101317.408977,7.279271,0.435567
0.642857,0.902415,3152,101317.424919,7.279350,0.408172
0.642857,0.908711,3153,101317.439864,7.279430,0.380932
0.642857,0.915007,3154,101317.453819,7.279514,0.353837
0.642857,0.921303,3155,101317.466790,7.279601,0.326876
0.642857,0.927598,3156,101317.478783,7.279693,0.300039
0.642857,0.933894,3157,101317.489805,7.279790,0.273316
0.642857,0.940190,3158,101317.499862,7.279893,0.246697
0.642857,0.946486,3159,101317.508957,7.280000,0.220173
0.642857,0.952782,3160,101317.517095,7.280105,0.193732
0.642857,0.959077,3161,101317.524287,7.280177,0.167372
0.642857,0.965373,3162,101317.530514,7.280106,0.141058
0.642857,0.971669,3163,101317.535846,7.279448,0.114853
0.642857,0.977965,3164,101317.540128,7.276452,0.088539
0.642857,0.984261,3165,101317.543714,7.263809,0.062539
0.642857,0.990556,3166,101317.545977,7.207083,0.035728
0.642857,0.996852,3167,101317.548146,7.105823,0.011741
0.663265,0.395484,3168,101314.196941,6.276492,3.944230
0.663265,0.401621,3169,101313.725319,6.270068,4.554307
0.663265,0.407759,3170,101313.733654,6.528985,4.191313
0.663265,0.413896,3171,101313.455956,6.504224,4.288872
0.663265,0.420033,3172,101313.371627,6.613677,4.137104
0.663265,0.426170,3173,101313.212038,6.649423,4.101184
0.663265,0.432307,3174,101313.113868,6.715271,4.010998
0.663265,0.438445,3175,101313.010711,6.763109,3.943126
0.663265,0.444582,3176,101312.932014,6.814312,3.864970
0.663265,0.450719,3177,101312.863928,6.859906,3.790513
0.663265,0.456856,3178,101312.811367,6.903715,3.714380
0.663265,0.462994,3179,101312.771301,6.944340,3.638988
0.663265,0.469131,3180,101312.743933,6.982473,3.563641
0.663265,0.475268,3181,101312.728151,7.017997,3.488822
0.663265,0.481405,3182,101312.723350,7.051106,3.414538
0.663265,0.487542,3183,101312.728732,7.081882,3.340949
0.663265,0.493680,3184,101312.743579,7.110448,3.268139
0.663265,0.499817,3185,101312.767159,7.136911,3.196198
0.663265,0.505954,3186,101312.798766,7.161384,3.125199
0.663265,0.512091,3187,101312.837708,7.183978,3.055201
0.663265,0.518228,3188,101312.883321,7.204800,2.986257
0.663265,0.524366,3189,101312.934964,7.223954,2.918407
0.663265,0.530503,3190,101312.992024,7.241543,2.851683
0.663265,0.536640,3191,101313.053918,7.257663,2.786109
0.663265,0.542777,3192,101313.120092,7.272409,2.721703
0.663265,0.548915,3193,101313.190021,7.285870,2.658473
0.663265,0.555052,3194,101313.263213,7.298132,2.596426
0.663265,0.561189,3195,101313.339206,7.309277,2.535562
0.663265,0.567326,3196,101313.417567,7.319381,2.475874
0.663265,0.573463,3197,101313.497895,7.328519,2.417357
0.663265,0.579601,3198,101313.579815,7.336761,2.359996
0.663265,0.585738,3199,101313.662983,7.344171,2.303779
0.663265,0.591875,3200,101313.747079,7.350814,2.248688
0.663265,0.598012,3201,101313.831812,7.356747,2.194704
0.663265,0.604150,3202,101313.916912,7.362026,2.141806
0.663265,0.610287,3203,101314.002136,7.366704,2.089973
0.663265,0.616424,3204,101314.087262,7.370827,2.039180
0.663265,0.622561,3205,101314.172087,7.374442,1.989404
0.663265,0.628698,3206,101314.256429,7.377591,1.940620
0.663265,0.634836,3207,101314.340125,7.380312,1.892801
0.663265,0.640973,3208,101314.423028,7.382642,1.845921
0.663265,0.647110,3209,101314.505007,7.384616,1.799955
0.663265,0.653247,3210,101314.585946,7.386263,1.754876
0.663265,0.659384,3211,101314.665742,7.387615,1.710657
0.663265,0.665522,3212,101314.744305,7.388697,1.667273
0.663265,0.671659,3213,101314.821557,7.389535,1.624697
0.663265,0.677796,3214,101314.897428,7.390152,1.582904
0.663265,0.683933,3215,101314.971862,7.390571,1.541869
0.663265,0.690071,3216,101315.044807,7.390812,1.501566
0.663265,0.696208,3217,101315.116223,7.390893,1.461971
0.663265,0.702345,3218,101315.186074,7.390832,1.423061
0.663265,0.708482,3219,101315.254334,7.390645,1.384812
0.663265,0.714619,3220,101315.320980,7.390345,1.347201
0.663265,0.720757,3221,101315.385996,7.389948,1.310205
0.663265,0.726894,3222,101315.449371,7.389464,1.273802
0.663265,0.733031,3223,101315.511096,7.388906,1.237972
0.663265,0.739168,3224,101315.571168,7.388283,1.202693
0.663265,0.745306,3225,101315.629586,7.387606,1.167945
0.663265,0.751443,3226,101315.686354,7.386883,1.133707
0.663265,0.757580,3227,101315.741477,7.386122,1.099962
0.663265,0.763717,3228,101315.794962,7.385331,1.066690
0.663265,0.769854,3229,101315.846820,7.384516,1.033873
0.663265,0.775992,3230,101315.897060,7.383683,1.001493
0.663265,0.782129,3231,101315.945696,7.382839,0.969533
0.663265,0.788266,3232,101315.992742,7.381987,0.937976
0.663265,0.794403,3233,101316.038213,7.381133,0.906806
0.663265,0.800540,3234,101316.082124,7.380281,0.876007
0.663265,0.806678,3235,101316.124491,7.379436,0.845564
0.663265,0.812815,3236,101316.165332,7.378600,0.815461
0.663265,0.818952,3237,101316.204664,7.377778,0.785685
0.663265,0.825089,3238,101316.242503,7.376972,0.756221
0.663265,0.831227,3239,101316.278868,7.376186,0.727055
0.663265,0.837364,3240,101316.313776,7.375421,0.698174
0.663265,0.843501,3241,101316.347243,7.374679,0.669564
0.663265,0.849638,3242,101316.379288,7.373963,0.641214
0.663265,0.855775,3243,101316.409927,7.373275,0.613109
0.663265,0.861913,3244,101316.439177,7.372616,0.585240
0.663265,0.868050,3245,101316.467053,7.371988,0.557592
0.663265,0.874187,3246,101316.493572,7.371392,0.530156
0.663265,0.880324,3247,101316.518749,7.370828,0.502918
0.663265,0.886461,3248,101316.542598,7.370299,0.475870
0.663265,0.892599,3249,101316.565134,7.369805,0.448999
0.663265,0.898736,3250,101316.586370,7.369347,0.422295
0.663265,0.904873,3251,101316.606320,7.368925,0.395748
0.663265,0.911010,3252,101316.624995,7.368540,0.369347
0.663265,0.917148,3253,101316.642407,7.368194,0.343082
0.663265,0.923285,3254,101316.658568,7.367885,0.316944
0.663265,0.929422,3255,101316.673488,7.367616,0.290923
0.663265,0.935559,3256,101316.687175,7.367384,0.265010
0.663265,0.941696,3257,101316.699641,7.367192,0.239194
0.663265,0.947834,3258,101316.710892,7.367034,0.213468
0.663265,0.953971,3259,101316.720936,7.366903,0.187820
0.663265,0.960108,3260,101316.729786,7.366762,0.162249
0.663265,0.966245,3261,101316.737424,7.366482,0.136716
0.663265,0.972383,3262,101316.743928,7.365564,0.111293
0.663265,0.978520,3263,101316.749135,7.362109,0.085746
0.663265,0.984657,3264,101316.753409,7.348425,0.060522
0.663265,0.990794,3265,101316.756121,7.288628,0.034458
0.663265,0.996931,3266,101316.758474,7.182244,0.011299
0.683673,0.410200,3267,101310.130260,6.725892,4.032900
0.683673,0.416188,3268,101309.768474,6.749369,4.574209
0.683673,0.422176,3269,101309.860276,6.987165,4.219399
0.683673,0.428163,3270,101309.676079,6.958857,4.296786
0.683673,0.434151,3271,101309.684741,7.055152,4.137743
0.683673,0.440139,3272,101309.619773,7.081978,4.090079
0.683673,0.446127,3273,101309.616184,7.136437,3.991267
0.683673,0.452115,3274,101309.608002,7.173832,3.914411
0.683673,0.458102,3275,101309.623648,7.213986,3.828525
0.683673,0.464090,3276,101309.649308,7.248743,3.746820
0.683673,0.470078,3277,101309.689342,7.281636,3.664241
0.683673,0.476066,3278,101309.740545,7.311466,3.583028
0.683673,0.482054,3279,101309.802806,7.338900,3.502520
0.683673,0.488042,3280,101309.874817,7.363885,3.423138
0.683673,0.494029,3281,101309.955774,7.386636,3.344869
0.683673,0.500017,3282,101310.044724,7.407265,3.267833
0.683673,0.506005,3283,101310.140821,7.425915,3.192081
0.683673,0.511993,3284,101310.243233,7.442715,3.117668
0.683673,0.517981,3285,101310.351177,7.457790,3.044633
0.683673,0.523968,3286,101310.463913,7.471262,2.973002
0.683673,0.529956,3287,101310.580745,7.483247,2.902795
0.683673,0.535944,3288,101310.701022,7.493854,2.834021
0.683673,0.541932,3289,101310.824134,7.503188,2.766683
0.683673,0.547920,3290,101310.949519,7.511348,2.700777
0.683673,0.553908,3291,101311.076654,7.518426,2.636292
0.683673,0.559895,3292,101311.205059,7.524510,2.573214
0.683673,0.565883,3293,101311.334293,7.529680,2.511524
0.683673,0.571871,3294,101311.463953,7.534015,2.451201
0.683673,0.577859,3295,101311.593672,7.537585,2.392219
0.683673,0.583847,3296,101311.723118,7.540458,2.334552
0.683673,0.589834,3297,101311.851990,7.542696,2.278170
0.683673,0.595822,3298,101311.980019,7.544358,2.223042
0.683673,0.601810,3299,101312.106963,7.545498,2.169137
0.683673,0.607798,3300,101312.232609,7.546167,2.116423
0.683673,0.613786,3301,101312.356765,7.546411,2.064867
0.683673,0.619774,3302,101312.479266,7.546274,2.014435
0.683673,0.625761,3303,101312.599965,7.545796,1.965094
0.683673,0.631749,3304,101312.718736,7.545013,1.916811
0.683673,0.637737,3305,101312.835470,7.543959,1.869551
0.683673,0.643725,3306,101312.950074,7.542665,1.823282
0.683673,0.649713,3307,101313.062471,7.541159,1.777971
0.683673,0.655700,3308,101313.172597,7.539468,1.733586
0.683673,0.661688,3309,101313.280398,7.537616,1.690096
0.683673,0.667676,3310,101313.385835,7.535624,1.647468
0.683673,0.673664,3311,101313.488876,7.533512,1.605675
0.683673,0.679652,3312,101313.589498,7.531300,1.564684
0.683673,0.685640,3313,101313.687687,7.529004,1.524469
0.683673,0.691627,3314,101313.783435,7.526640,1.485000
0.683673,0.697615,3315,101313.876742,7.524222,1.446252
0.683673,0.703603,3316,101313.967611,7.521763,1.408196
0.683673,0.709591,3317,101314.056053,7.519275,1.370808
0.683673,0.715579,3318,101314.142080,7.516769,1.334063
0.683673,0.721566,3319,101314.225709,7.514255,1.297936
0.683673,0.727554,3320,101314.306962,7.511740,1.262404
0.683673,0.733542,3321,101314.385861,7.509234,1.227445
0.683673,0.739530,3322,101314.462432,7.506742,1.193036
0.683673,0.745518,3323,101314.536702,7.504273,1.159156
0.683673,0.751506,3324,101314.608700,7.501830,1.125784
0.683673,0.757493,3325,101314.678456,7.499421,1.092901
0.683673,0.763481,3326,101314.746001,7.497049,1.060488
0.683673,0.769469,3327,101314.811367,7.494718,1.028525
0.683673,0.775457,3328,101314.874587,7.492432,0.996994
0.683673,0.781445,3329,101314.935694,7.490195,0.965878
0.683673,0.787432,3330,101314.994720,7.488009,0.935161
0.683673,0.793420,3331,101315.051698,7.485877,0.904825
0.683673,0.799408,3332,101315.106661,7.483801,0.874855
0.683673,0.805396,3333,101315.159641,7.481783,0.845235
0.683673,0.811384,3334,101315.210670,7.479826,0.815950
0.683673,0.817372,3335,101315.259781,7.477931,0.786987
0.683673,0.823359,3336,101315.307003,7.476099,0.758330
0.683673,0.829347,3337,101315.352367,7.474332,0.729967
0.683673,0.835335,3338,101315.395902,7.472631,0.701884
0.683673,0.841323,3339,101315.437638,7.470997,0.674068
0.683673,0.847311,3340,101315.477603,7.469429,0.646507
0.683673,0.853298,3341,101315.515823,7.467930,0.619189
0.683673,0.859286,3342,101315.552324,7.466499,0.592101
0.683673,0.865274,3343,101315.587133,7.465138,0.565233
0.683673,0.871262,3344,101315.620273,7.463845,0.538573
0.683673,0.877250,3345,101315.651767,7.462622,0.512110
0.683673,0.883238,3346,101315.681638,7.461468,0.485834
0.683673,0.889225,3347,101315.709908,7.460384,0.459733
0.683673,0.895213,3348,101315.736596,7.459370,0.433798
0.683673,0.901201,3349,101315.761722,7.458426,0.408019
0.683673,0.907189,3350,101315.785304,7.457551,0.382387
0.683673,0.913177,3351,101315.807359,7.456746,0.356890
0.683673,0.919164,3352,101315.827904,7.456010,0.331521
0.683673,0.925152,3353,101315.846954,7.455345,0.306270
0.683673,0.931140,3354,101315.864523,7.454748,0.281127
0.683673,0.937128,3355,101315.880624,7.454220,0.256085
0.683673,0.943116,3356,101315.895270,7.453759,0.231134
0.683673,0.949104,3357,101315.908472,7.453363,0.206265
0.683673,0.955091,3358,101315.920238,7.453018,0.181469
0.683673,0.961079,3359,101315.930586,7.452682,0.156745
0.683673,0.967067,3360,101315.939499,7.452207,0.132053
0.683673,0.973055,3361,101315.947058,7.451041,0.107471
0.683673,0.979043,3362,101315.953096,7.447141,0.082748
0.683673,0.985030,3363,101315.957986,7.432437,0.058355
0.683673,0.991018,3364,101315.961101,7.369404,0.033099
0.683673,0.997006,3365,101315.963604,7.257543,0.010822
0.704082,0.423930,3366,101305.811195,7.194494,4.082888
0.704082,0.429779,3367,101305.605907,7.249621,4.540311
0.704082,0.435627,3368,101305.805599,7.460852,4.198255
0.704082,0.441476,3369,101305.745814,7.426440,4.255037
0.704082,0.447324,3370,101305.873675,7.506399,4.089617
0.704082,0.453172,3371,101305.928536,7.521464,4.031437
0.704082,0.459021,3372,101306.042603,7.561983,3.925120
0.704082,0.464869,3373,101306.150578,7.586529,3.840747
0.704082,0.470718,3374,101306.279872,7.613506,3.748597
0.704082,0.476566,3375,101306.416718,7.635485,3.661251
0.704082,0.482415,3376,101306.565005,7.655747,3.573867
0.704082,0.488263,3377,101306.721415,7.673259,3.488522
0.704082,0.494111,3378,101306.885616,7.688666,3.404555
0.704082,0.499960,3379,101307.056192,7.701960,3.322318
0.704082,0.505808,3380,101307.232239,7.713369,3.241757
0.704082,0.511657,3381,101307.412752,7.723020,3.162943
0.704082,0.517505,3382,101307.596857,7.731066,3.085884
0.704082,0.523354,3383,101307.783725,7.737642,3.010593
0.704082,0.529202,3384,101307.972598,7.742877,2.937065
0.704082,0.535050,3385,101308.162782,7.746892,2.865291
0.704082,0.540899,3386,101308.353644,7.749799,2.795253
0.704082,0.546747,3387,101308.544607,7.751703,2.726927
0.704082,0.552596,3388,101308.735154,7.752703,2.660284
0.704082,0.558444,3389,101308.924816,7.752887,2.595292
0.704082,0.564292,3390,101309.113178,7.752341,2.531913
0.704082,0.570141,3391,101309.299868,7.751140,2.470108
0.704082,0.575989,3392,101309.484559,7.749356,2.409838
0.704082,0.581838,3393,101309.666962,7.747054,2.351058
0.704082,0.587686,3394,101309.846827,7.744295,2.293726
0.704082,0.593535,3395,101310.023937,7.741133,2.237797
0.704082,0.599383,3396,101310.198106,7.737619,2.183227
0.704082,0.605231,3397,101310.369177,7.733800,2.129973
0.704082,0.611080,3398,101310.537019,7.729719,2.077990
0.704082,0.616928,3399,101310.701524,7.725414,2.027235
0.704082,0.622777,3400,101310.862606,7.720922,1.977664
0.704082,0.628625,3401,101311.020197,7.716274,1.929237
0.704082,0.634474,3402,101311.174247,7.711499,1.881911
0.704082,0.640322,3403,101311.324721,7.706624,1.835647
0.704082,0.646170,3404,101311.471599,7.701673,1.790404
0.704082,0.652019,3405,101311.614871,7.696667,1.746145
0.704082,0.657867,3406,101311.754539,7.691625,1.702833
0.704082,0.663716,3407,101311.890614,7.686564,1.660431
0.704082,0.669564,3408,101312.023115,7.681501,1.618905
0.704082,0.675413,3409,101312.152069,7.676449,1.578220
0.704082,0.681261,3410,101312.277507,7.671421,1.538344
0.704082,0.687109,3411,101312.399469,7.666429,1.499246
0.704082,0.692958,3412,101312.517995,7.661482,1.460895
0.704082,0.698806,3413,101312.633132,7.656590,1.423262
0.704082,0.704655,3414,101312.744929,7.651761,1.386319
0.704082,0.710503,3415,101312.853437,7.647002,1.350038
0.704082,0.716351,3416,101312.958710,7.642319,1.314393
0.704082,0.722200,3417,101313.060803,7.637719,1.279359
0.704082,0.728048,3418,101313.159772,7.633205,1.244912
0.704082,0.733897,3419,101313.255675,7.628783,1.211027
0.704082,0.739745,3420,101313.348568,7.624455,1.177684
0.704082,0.745594,3421,101313.438509,7.620224,1.144858
0.704082,0.751442,3422,101313.525555,7.616093,1.112531
0.704082,0.757290,3423,101313.609764,7.612065,1.080681
0.704082,0.763139,3424,101313.691192,7.608141,1.049289
0.704082,0.768987,3425,101313.769894,7.604323,1.018337
0.704082,0.774836,3426,101313.845927,7.600611,0.987806
0.704082,0.780684,3427,101313.919343,7.597007,0.957679
0.704082,0.786533,3428,101313.990196,7.593511,0.927938
0.704082,0.792381,3429,101314.058538,7.590123,0.898569
0.704082,0.798229,3430,101314.124419,7.586844,0.869555
0.704082,0.804078,3431,101314.187888,7.583674,0.840880
0.704082,0.809926,3432,101314.248994,7.580613,0.812532
0.704082,0.815775,3433,101314.307782,7.577661,0.784494
0.704082,0.821623,3434,101314.364298,7.574817,0.756754
0.704082,0.827472,3435,101314.418586,7.572083,0.729299
0.704082,0.833320,3436,101314.470688,7.569456,0.702115
0.704082,0.839168,3437,101314.520643,7.566937,0.675191
0.704082,0.845017,3438,101314.568492,7.564525,0.648513
0.704082,0.850865,3439,101314.614272,7.562219,0.622072
0.704082,0.856714,3440,101314.658019,7.560019,0.595854
0.704082,0.862562,3441,101314.699768,7.557925,0.569849
0.704082,0.868410,3442,101314.739552,7.555935,0.544047
0.704082,0.874259,3443,101314.777402,7.554048,0.518437
0.704082,0.880107,3444,101314.813349,7.552264,0.493009
0.704082,0.885956,3445,101314.847421,7.550583,0.467752
0.704082,0.891804,3446,101314.879646,7.549003,0.442658
0.704082,0.897653,3447,101314.910049,7.547525,0.417716
0.704082,0.903501,3448,101314.938655,7.546146,0.392918
0.704082,0.909349,3449,101314.965487,7.544866,0.368255
0.704082,0.915198,3450,101314.990567,7.543685,0.343717
0.704082,0.921046,3451,101315.013914,7.542603,0.319296
0.704082,0.926895,3452,101315.035548,7.541617,0.294983
0.704082,0.932743,3453,101315.055486,7.540729,0.270771
0.704082,0.938592,3454,101315.073745,7.539935,0.246650
0.704082,0.944440,3455,101315.090339,7.539236,0.222613
0.704082,0.950288,3456,101315.105284,7.538626,0.198652
0.704082,0.956137,3457,101315.118589,7.538089,0.174757
0.704082,0.961985,3458,101315.130275,7.537578,0.150929
0.704082,0.967834,3459,101315.140323,7.536924,0.127125
0.704082,0.973682,3460,101315.148822,7.535524,0.103431
0.704082,0.979531,3461,101315.155600,7.531199,0.079580
0.704082,0.985379,3462,101315.161032,7.515510,0.056066
0.704082,0.991227,3463,101315.164502,7.449068,0.031667
0.704082,0.997076,3464,101315.167123,7.331347,0.010316
0.724490,0.436606,3465,101301.314973,7.673182,4.085865
0.724490,0.442326,3466,101301.319589,7.760823,4.443438
0.724490,0.448046,3467,101301.652482,7.940148,4.120651
0.724490,0.453765,3468,101301.749824,7.896897,4.157211
0.724490,0.459485,3469,101302.023283,7.957467,3.987341
0.724490,0.465205,3470,101302.222674,7.958038,3.920841
0.724490,0.470925,3471,101302.476233,7.982306,3.808996
0.724490,0.476644,3472,101302.719676,7.991878,3.719395
0.724490,0.482364,3473,101302.979560,8.003890,3.623175
0.724490,0.488084,3474,101303.242249,8.011526,3.532458
0.724490,0.493804,3475,101303.511362,8.017845,3.442499
0.724490,0.499523,3476,101303.783600,8.021938,3.355234
0.724490,0.505243,3477,101304.058580,8.024420,3.269966
0.724490,0.510963,3478,101304.334935,8.025307,3.186975
0.724490,0.516683,3479,101304.611815,8.024820,3.106154
0.724490,0.522402,3480,101304.888314,8.023086,3.027518
0.724490,0.528122,3481,101305.163672,8.020253,2.951024
0.724490,0.533842,3482,101305.437197,8.016445,2.876639
0.724490,0.539561,3483,101305.708282,8.011779,2.804317
0.724490,0.545281,3484,101305.976394,8.006364,2.734010
0.724490,0.551001,3485,101306.241069,8.000296,2.665662
0.724490,0.556721,3486,101306.501908,7.993665,2.599218
0.724490,0.562440,3487,101306.758568,7.986552,2.534620
0.724490,0.568160,3488,101307.010761,7.979030,2.471809
0.724490,0.573880,3489,101307.258246,7.971165,2.410723
0.724490,0.579600,3490,101307.500827,7.963017,2.351303
0.724490,0.585319,3491,101307.738346,7.954640,2.293489
0.724490,0.591039,3492,101307.970679,7.946082,2.237221
0.724490,0.596759,3493,101308.197738,7.937387,2.182441
0.724490,0.602479,3494,101308.419458,7.928595,2.129091
0.724490,0.608198,3495,101308.635801,7.919740,2.077117
0.724490,0.613918,3496,101308.846752,7.910854,2.026463
0.724490,0.619638,3497,101309.052314,7.901966,1.977076
0.724490,0.625357,3498,101309.252506,7.893100,1.928907
0.724490,0.631077,3499,101309.447363,7.884278,1.881904
0.724490,0.636797,3500,101309.636931,7.875521,1.836022
0.724490,0.642517,3501,101309.821270,7.866846,1.791212
0.724490,0.648236,3502,101310.000445,7.858266,1.747432
0.724490,0.653956,3503,101310.174530,7.849795,1.704639
0.724490,0.659676,3504,101310.343606,7.841445,1.662791
0.724490,0.665396,3505,101310.507760,7.833225,1.621848
0.724490,0.671115,3506,101310.667080,7.825143,1.581775
0.724490,0.676835,3507,101310.821660,7.817206,1.542533
0.724490,0.682555,3508,101310.971594,7.809420,1.504088
0.724490,0.688275,3509,101311.116980,7.801791,1.466407
0.724490,0.693994,3510,101311.257916,7.794322,1.429459
0.724490,0.699714,3511,101311.394500,7.787017,1.393212
0.724490,0.705434,3512,101311.526830,7.779879,1.357637
0.724490,0.711153,3513,101311.655004,7.772911,1.322707
0.724490,0.716873,3514,101311.779119,7.766113,1.288395
0.724490,0.722593,3515,101311.899272,7.759487,1.254674
0.724490,0.728313,3516,101312.015556,7.753033,1.221521
0.724490,0.734032,3517,101312.128065,7.746752,1.188911
0.724490,0.739752,3518,101312.236890,7.740643,1.156823
0.724490,0.745472,3519,101312.342121,7.734706,1.125233
0.724490,0.751192,3520,101312.443845,7.728940,1.094123
0.724490,0.756911,3521,101312.542147,7.723344,1.063471
0.724490,0.762631,3522,101312.637110,7.717917,1.033259
0.724490,0.768351,3523,101312.728815,7.712657,1.003467
0.724490,0.774071,3524,101312.817340,7.707564,0.974079
0.724490,0.779790,3525,101312.902760,7.702635,0.945078
0.724490,0.785510,3526,101312.985151,7.697868,0.916446
0.724490,0.791230,3527,101313.064581,7.693263,0.888169
0.724490,0.796949,3528,101313.141122,7.688817,0.860231
0.724490,0.802669,3529,101313.214838,7.684527,0.832618
0.724490,0.808389,3530,101313.285794,7.680393,0.805316
0.724490,0.814109,3531,101313.354052,7.676413,0.778311
0.724490,0.819828,3532,101313.419670,7.672584,0.751589
0.724490,0.825548,3533,101313.482706,7.668906,0.725140
0.724490,0.831268,3534,101313.543215,7.665375,0.698949
0.724490,0.836988,3535,101313.601249,7.661991,0.673006
0.724490,0.842707,3536,101313.656859,7.658751,0.647299
0.724490,0.848427,3537,101313.710092,7.655654,0.621818
0.724490,0.854147,3538,101313.760995,7.652698,0.596550
0.724490,0.859867,3539,101313.809612,7.649881,0.571487
0.724490,0.865586,3540,101313.855985,7.647201,0.546617
0.724490,0.871306,3541,101313.900154,7.644657,0.521932
0.724490,0.877026,3542,101313.942156,7.642247,0.497420
0.724490,0.882745,3543,101313.982029,7.639969,0.473075
0.724490,0.888465,3544,101314.019805,7.637823,0.448885
0.724490,0.894185,3545,101314.055518,7.635806,0.424843
0.724490,0.899905,3546,101314.089198,7.633917,0.400939
0.724490,0.905624,3547,101314.120874,7.632155,0.377166
0.724490,0.911344,3548,101314.150573,7.630519,0.353514
0.724490,0.917064,3549,101314.178320,7.629007,0.329977
0.724490,0.922784,3550,101314.204139,7.627618,0.306546
0.724490,0.928503,3551,101314.228053,7.626351,0.283213
0.724490,0.934223,3552,101314.250081,7.625204,0.259971
0.724490,0.939943,3553,101314.270243,7.624177,0.236812
0.724490,0.945663,3554,101314.288557,7.623267,0.213728
0.724490,0.951382,3555,101314.305038,7.622468,0.190714
0.724490,0.957102,3556,101314.319699,7.621762,0.167758
0.724490,0.962822,3557,101314.332563,7.621094,0.144865
0.724490,0.968541,3558,101314.343610,7.620278,0.121986
0.724490,0.974261,3559,101314.352936,7.618662,0.099219
0.724490,0.979981,3560,101314.360361,7.613940,0.076277
0.724490,0.985701,3561,101314.366266,7.597315,0.053679
0.724490,0.991420,3562,101314.370045,7.527286,0.030178
0.724490,0.997140,3563,101314.372754,7.403298,0.009787
0.744898,0.448171,3564,101296.753439,8.149489,4.034221
0.744898,0.453773,3565,101297.024315,8.269616,4.275673
0.744898,0.459376,3566,101297.513188,8.412341,3.981091
0.744898,0.464978,3567,101297.798808,8.357729,3.998669
0.744898,0.470580,3568,101298.241050,8.396354,3.827491
0.744898,0.476183,3569,101298.605913,8.380175,3.755889
0.744898,0.481785,3570,101299.016485,8.386456,3.641378
0.744898,0.487387,3571,101299.409951,8.379514,3.549647
0.744898,0.492990,3572,101299.812362,8.375386,3.452233
0.744898,0.498592,3573,101300.210379,8.367730,3.361015
0.744898,0.504194,3574,101300.607659,8.359410,3.271213
0.744898,0.509797,3575,101301.001134,8.349589,3.184661
0.744898,0.515399,3576,101301.390613,8.338836,3.100599
0.744898,0.521001,3577,101301.774982,8.327164,3.019237
0.744898,0.526604,3578,101302.153647,8.314767,2.940408
0.744898,0.532206,3579,101302.525977,8.301754,2.864073
0.744898,0.537808,3580,101302.891492,8.288245,2.790141
0.744898,0.543411,3581,101303.249784,8.274341,2.718535
0.744898,0.549013,3582,101303.600531,8.260134,2.649168
0.744898,0.554615,3583,101303.943479,8.245704,2.581958
0.744898,0.560217,3584,101304.278441,8.231124,2.516820
0.744898,0.565820,3585,101304.605282,8.216455,2.453670
0.744898,0.571422,3586,101304.923919,8.201755,2.392428
0.744898,0.577024,3587,101305.234311,8.187072,2.333011
0.744898,0.582627,3588,101305.536454,8.172447,2.275343
0.744898,0.588229,3589,101305.830376,8.157919,2.219347
0.744898,0.593831,3590,101306.116134,8.143518,2.164949
0.744898,0.599434,3591,101306.393808,8.129274,2.112079
0.744898,0.605036,3592,101306.663497,8.115208,2.060669
0.744898,0.610638,3593,101306.925319,8.101343,2.010652
0.744898,0.616241,3594,101307.179403,8.087695,1.961967
0.744898,0.621843,3595,101307.425891,8.074280,1.914553
0.744898,0.627445,3596,101307.664934,8.061108,1.868353
0.744898,0.633048,3597,101307.896689,8.048191,1.823311
0.744898,0.638650,3598,101308.121320,8.035537,1.779377
0.744898,0.644252,3599,101308.338992,8.023152,1.736499
0.744898,0.649855,3600,101308.549874,8.011039,1.694629
0.744898,0.655457,3601,101308.754137,7.999204,1.653724
0.744898,0.661059,3602,101308.951951,7.987647,1.613738
0.744898,0.666662,3603,101309.143486,7.976369,1.574632
0.744898,0.672264,3604,101309.328910,7.965372,1.536365
0.744898,0.677866,3605,101309.508389,7.954653,1.498900
0.744898,0.683469,3606,101309.682088,7.944213,1.462203
0.744898,0.689071,3607,101309.850167,7.934048,1.426238
0.744898,0.694673,3608,101310.012785,7.924158,1.390974
0.744898,0.700276,3609,101310.170095,7.914539,1.356379
0.744898,0.705878,3610,101310.322248,7.905189,1.322426
0.744898,0.711480,3611,101310.469392,7.896105,1.289085
0.744898,0.717083,3612,101310.611669,7.887283,1.256331
0.744898,0.722685,3613,101310.749217,7.878720,1.224138
0.744898,0.728287,3614,101310.882171,7.870412,1.192482
0.744898,0.733890,3615,101311.010662,7.862355,1.161340
0.744898,0.739492,3616,101311.134815,7.854545,1.130690
0.744898,0.745094,3617,101311.254753,7.846979,1.100511
0.744898,0.750697,3618,101311.370593,7.839651,1.070783
0.744898,0.756299,3619,101311.482450,7.832557,1.041486
0.744898,0.761901,3620,101311.590432,7.825695,1.012602
0.744898,0.767504,3621,101311.694645,7.819059,0.984115
0.744898,0.773106,3622,101311.795191,7.812645,0.956006
0.744898,0.778708,3623,101311.892168,7.806450,0.928259
0.744898,0.784310,3624,101311.985670,7.800469,0.900860
0.744898,0.789913,3625,101312.075787,7.794698,0.873794
0.744898,0.795515,3626,101312.162606,7.789133,0.847045
0.744898,0.801117,3627,101312.246211,7.783771,0.820601
0.744898,0.806720,3628,101312.326681,7.778608,0.794448
0.744898,0.812322,3629,101312.404093,7.773641,0.768573
0.744898,0.817924,3630,101312.478521,7.768865,0.742965
0.744898,0.823527,3631,101312.550033,7.764277,0.717611
0.744898,0.829129,3632,101312.618699,7.759875,0.692500
0.744898,0.834731,3633,101312.684581,7.755656,0.667621
0.744898,0.840334,3634,101312.747742,7.751616,0.642965
0.744898,0.845936,3635,101312.808240,7.747751,0.618519
0.744898,0.851538,3636,101312.866130,7.744060,0.594275
0.744898,0.857141,3637,101312.921466,7.740540,0.570222
0.744898,0.862743,3638,101312.974298,7.737187,0.546352
0.744898,0.868345,3639,101313.024675,7.734000,0.522656
0.744898,0.873948,3640,101313.072642,7.730975,0.499124
0.744898,0.879550,3641,101313.118243,7.728111,0.475748
0.744898,0.885152,3642,101313.161518,7.725404,0.452520
0.744898,0.890755,3643,101313.202506,7.722854,0.429431
0.744898,0.896357,3644,101313.241245,7.720457,0.406475
0.744898,0.901959,3645,101313.277768,7.718212,0.383642
0.744898,0.907562,3646,101313.312108,7.716117,0.360926
0.744898,0.913164,3647,101313.344296,7.714171,0.338319
0.744898,0.918766,3648,101313.374360,7.712370,0.315813
0.744898,0.924369,3649,101313.402326,7.710715,0.293402
0.744898,0.929971,3650,101313.428220,7.709203,0.271080
0.744898,0.935573,3651,101313.452064,7.707833,0.248838
0.744898,0.941176,3652,101313.473880,7.706602,0.226670
0.744898,0.946778,3653,101313.493686,7.705509,0.204570
0.744898,0.952380,3654,101313.511503,7.704545,0.182531
0.744898,0.957983,3655,101313.527341,7.703691,0.160543
0.744898,0.963585,3656,101313.541228,7.702885,0.138613
0.744898,0.969187,3657,101313.553141,7.701926,0.116689
0.744898,0.974790,3658,101313.563183,7.700115,0.094877
0.744898,0.980392,3659,101313.571167,7.695032,0.072872
0.744898,0.985994,3660,101313.577475,7.677537,0.051218
0.744898,0.991597,3661,101313.581521,7.603739,0.028645
0.744898,0.997199,3662,101313.584289,7.473053,0.009239
0.765306,0.458582,3663,101292.277394,8.607704,3.922165
0.765306,0.464078,3664,101292.867240,8.759540,4.031669
0.765306,0.469575,3665,101293.527442,8.862339,3.776962
0.765306,0.475072,3666,101294.026255,8.794533,3.777513
0.765306,0.480568,3667,101294.652814,8.809612,3.609446
0.765306,0.486065,3668,101295.196386,8.775316,3.536885
0.765306,0.491562,3669,101295.773612,8.762791,3.423347
0.765306,0.497058,3670,101296.323781,8.738689,3.333255
0.765306,0.502555,3671,101296.872935,8.718115,3.238051
0.765306,0.508051,3672,101297.408267,8.695051,3.149631
0.765306,0.513548,3673,101297.933869,8.672186,3.063049
0.765306,0.519045,3674,101298.447158,8.648700,2.980094
0.765306,0.524541,3675,101298.948416,8.625099,2.899924
0.765306,0.530038,3676,101299.437005,8.601363,2.822692
0.765306,0.535535,3677,101299.912798,8.577643,2.748175
0.765306,0.541031,3678,101300.375616,8.554006,2.676290
0.765306,0.546528,3679,101300.825418,8.530533,2.606904
0.765306,0.552025,3680,101301.262214,8.507284,2.539905
0.765306,0.557521,3681,101301.686083,8.484314,2.475179
0.765306,0.563018,3682,101302.097148,8.461667,2.412615
0.765306,0.568514,3683,101302.495580,8.439379,2.352109
0.765306,0.574011,3684,101302.881582,8.417481,2.293559
0.765306,0.579508,3685,101303.255383,8.395998,2.236867
0.765306,0.585004,3686,101303.617239,8.374948,2.181940
0.765306,0.590501,3687,101303.967419,8.354345,2.128690
0.765306,0.595998,3688,101304.306207,8.334202,2.077033
0.765306,0.601494,3689,101304.633898,8.314525,2.026889
0.765306,0.606991,3690,101304.950791,8.295319,1.978181
0.765306,0.612487,3691,101305.257189,8.276587,1.930838
0.765306,0.617984,3692,101305.553397,8.258330,1.884791
0.765306,0.623481,3693,101305.839719,8.240546,1.839977
0.765306,0.628977,3694,101306.116457,8.223232,1.796333
0.765306,0.634474,3695,101306.383908,8.206386,1.753803
0.765306,0.639971,3696,101306.642366,8.190002,1.712332
0.765306,0.645467,3697,101306.892120,8.174075,1.671868
0.765306,0.650964,3698,101307.133451,8.158597,1.632363
0.765306,0.656461,3699,101307.366634,8.143562,1.593770
0.765306,0.661957,3700,101307.591936,8.128961,1.556046
0.765306,0.667454,3701,101307.809617,8.114787,1.519149
0.765306,0.672950,3702,101308.019930,8.101031,1.483041
0.765306,0.678447,3703,101308.223118,8.087684,1.447684
0.765306,0.683944,3704,101308.419417,8.074738,1.413044
0.765306,0.689440,3705,101308.609055,8.062184,1.379088
0.765306,0.694937,3706,101308.792252,8.050012,1.345783
0.765306,0.700434,3707,101308.969220,8.038215,1.313101
0.765306,0.705930,3708,101309.140163,8.026784,1.281013
0.765306,0.711427,3709,101309.305278,8.015711,1.249493
0.765306,0.716923,3710,101309.464753,8.004987,1.218515
0.765306,0.722420,3711,101309.618770,7.994604,1.188055
0.765306,0.727917,3712,101309.767503,7.984554,1.158091
0.765306,0.733413,3713,101309.911120,7.974829,1.128600
0.765306,0.738910,3714,101310.049781,7.965421,1.099563
0.765306,0.744407,3715,101310.183640,7.956324,1.070958
0.765306,0.749903,3716,101310.312846,7.947528,1.042769
0.765306,0.755400,3717,101310.437539,7.939028,1.014975
0.765306,0.760897,3718,101310.557856,7.930816,0.987561
0.765306,0.766393,3719,101310.673926,7.922885,0.960511
0.765306,0.771890,3720,101310.785874,7.915229,0.933808
0.765306,0.777386,3721,101310.893819,7.907841,0.907438
0.765306,0.782883,3722,101310.997874,7.900715,0.881386
0.765306,0.788380,3723,101311.098148,7.893845,0.855639
0.765306,0.793876,3724,101311.194746,7.887225,0.830184
0.765306,0.799373,3725,101311.287768,7.880849,0.805008
0.765306,0.804870,3726,101311.377308,7.874712,0.780099
0.765306,0.810366,3727,101311.463457,7.868809,0.755445
0.765306,0.815863,3728,101311.546302,7.863135,0.731036
0.765306,0.821359,3729,101311.625925,7.857685,0.706860
0.765306,0.826856,3730,101311.702407,7.852454,0.682908
0.765306,0.832353,3731,101311.775821,7.847439,0.659168
0.765306,0.837849,3732,101311.846241,7.842634,0.635633
0.765306,0.843346,3733,101311.913733,7.838036,0.612292
0.765306,0.848843,3734,101311.978364,7.833641,0.589137
0.765306,0.854339,3735,101312.040195,7.829445,0.566158
0.765306,0.859836,3736,101312.099285,7.825445,0.543348
0.765306,0.865333,3737,101312.155690,7.821636,0.520697
0.765306,0.870829,3738,101312.209462,7.818016,0.498199
0.765306,0.876326,3739,101312.260653,7.814582,0.475846
0.765306,0.881822,3740,101312.309309,7.811330,0.453629
0.765306,0.887319,3741,101312.355476,7.808258,0.431542
0.765306,0.892816,3742,101312.399195,7.805363,0.409578
0.765306,0.898312,3743,101312.440508,7.802642,0.387730
0.765306,0.903809,3744,101312.479451,7.800093,0.365990
0.765306,0.909306,3745,101312.516060,7.797713,0.344352
0.765306,0.914802,3746,101312.550368,7.795501,0.322811
0.765306,0.920299,3747,101312.582407,7.793455,0.301358
0.765306,0.925795,3748,101312.612204,7.791572,0.279989
0.765306,0.931292,3749,101312.639787,7.789850,0.258697
0.765306,0.936789,3750,101312.665180,7.788288,0.237475
0.765306,0.942285,3751,101312.688407,7.786884,0.216319
0.765306,0.947782,3752,101312.709488,7.785633,0.195222
0.765306,0.953279,3753,101312.728443,7.784528,0.174178
0.765306,0.958775,3754,101312.745286,7.783548,0.153178
0.765306,0.964272,3755,101312.760046,7.782624,0.132232
0.765306,0.969769,3756,101312.772697,7.781539,0.111280
0.765306,0.975265,3757,101312.783348,7.779559,0.090445
0.765306,0.980762,3758,101312.791807,7.774157,0.069397
0.765306,0.986258,3759,101312.798453,7.755875,0.048706
0.765306,0.991755,3760,101312.802722,7.678127,0.027084
0.765306,0.997252,3761,101312.805525,7.540293,0.008679
0.785714,0.467811,3762,101288.073072,9.029518,3.746991
0.785714,0.473214,3763,101289.021639,9.211883,3.710089
0.785714,0.478617,3764,101289.855273,9.273606,3.509671
0.785714,0.484020,3765,101290.580510,9.191962,3.495449
0.785714,0.489423,3766,101291.394458,9.183301,3.336075
0.785714,0.494826,3767,101292.118274,9.130781,3.267333
0.785714,0.500229,3768,101292.860536,9.099854,3.158919
0.785714,0.505632,3769,101293.563440,9.059075,3.074643
0.785714,0.511035,3770,101294.253602,9.022806,2.985309
0.785714,0.516438,3771,101294.918977,8.985190,2.903166
0.785714,0.521841,3772,101295.564523,8.948766,2.822952
0.785714,0.527244,3773,101296.188378,8.912677,2.746504
0.785714,0.532646,3774,101296.791559,8.877355,2.672879
0.785714,0.538049,3775,101297.374102,8.842719,2.602203
0.785714,0.543452,3776,101297.936517,8.808863,2.534210
0.785714,0.548855,3777,101298.479219,8.775798,2.468788
0.785714,0.554258,3778,101299.002720,8.743554,2.405779
0.785714,0.559661,3779,101299.507541,8.712142,2.345052
0.785714,0.565064,3780,101299.994234,8.681570,2.286474
0.785714,0.570467,3781,101300.463360,8.651841,2.229926
0.785714,0.575870,3782,101300.915490,8.622952,2.175292
0.785714,0.581273,3783,101301.351195,8.594898,2.122463
0.785714,0.586676,3784,101301.771045,8.567668,2.071337
0.785714,0.592079,3785,101302.175601,8.541250,2.021818
0.785714,0.597482,3786,101302.565418,8.515631,1.973818
0.785714,0.602885,3787,101302.941038,8.490794,1.927250
0.785714,0.608287,3788,101303.302990,8.466723,1.882037
0.785714,0.613690,3789,101303.651790,8.443401,1.838104
0.785714,0.619093,3790,101303.987936,8.420808,1.795382
0.785714,0.624496,3791,101304.311913,8.398928,1.753805
0.785714,0.629899,3792,101304.624186,8.377741,1.713313
0.785714,0.635302,3793,101304.925206,8.357228,1.673848
0.785714,0.640705,3794,101305.215407,8.337371,1.635356
0.785714,0.646108,3795,101305.495204,8.318152,1.597788
0.785714,0.651511,3796,101305.764997,8.299551,1.561096
0.785714,0.656914,3797,101306.025171,8.281552,1.525235
0.785714,0.662317,3798,101306.276092,8.264136,1.490164
0.785714,0.667720,3799,101306.518113,8.247285,1.455843
0.785714,0.673123,3800,101306.751571,8.230982,1.422236
0.785714,0.678526,3801,101306.976787,8.215211,1.389308
0.785714,0.683929,3802,101307.194070,8.199956,1.357026
0.785714,0.689331,3803,101307.403714,8.185200,1.325360
0.785714,0.694734,3804,101307.606001,8.170929,1.294279
0.785714,0.700137,3805,101307.801198,8.157127,1.263757
0.785714,0.705540,3806,101307.989563,8.143782,1.233769
0.785714,0.710943,3807,101308.171339,8.130878,1.204288
0.785714,0.716346,3808,101308.346760,8.118404,1.175293
0.785714,0.721749,3809,101308.516050,8.106347,1.146761
0.785714,0.727152,3810,101308.679419,8.094694,1.118672
0.785714,0.732555,3811,101308.837073,8.083434,1.091006
0.785714,0.737958,3812,101308.989203,8.072555,1.063745
0.785714,0.743361,3813,101309.135994,8.062047,1.036870
0.785714,0.748764,3814,101309.277623,8.051899,1.010364
0.785714,0.754167,3815,101309.414257,8.042101,0.984213
0.785714,0.759570,3816,101309.546057,8.032643,0.958399
0.785714,0.764972,3817,101309.673174,8.023516,0.932910
0.785714,0.770375,3818,101309.795755,8.014711,0.907730
0.785714,0.775778,3819,101309.913937,8.006219,0.882848
0.785714,0.781181,3820,101310.027855,7.998032,0.858249
0.785714,0.786584,3821,101310.137633,7.990142,0.833922
0.785714,0.791987,3822,101310.243392,7.982542,0.809855
0.785714,0.797390,3823,101310.345246,7.975224,0.786038
0.785714,0.802793,3824,101310.443304,7.968180,0.762459
0.785714,0.808196,3825,101310.537672,7.961405,0.739109
0.785714,0.813599,3826,101310.628446,7.954892,0.715976
0.785714,0.819002,3827,101310.715723,7.948634,0.693053
0.785714,0.824405,3828,101310.799592,7.942627,0.670330
0.785714,0.829808,3829,101310.880137,7.936864,0.647798
0.785714,0.835211,3830,101310.957442,7.931341,0.625448
0.785714,0.840614,3831,101311.031582,7.926051,0.603273
0.785714,0.846016,3832,101311.102632,7.920991,0.581264
0.785714,0.851419,3833,101311.170662,7.916156,0.559415
0.785714,0.856822,3834,101311.235737,7.911540,0.537717
0.785714,0.862225,3835,101311.297921,7.907140,0.516163
0.785714,0.867628,3836,101311.357274,7.902953,0.494747
0.785714,0.873031,3837,101311.413851,7.898973,0.473461
0.785714,0.878434,3838,101311.467708,7.895197,0.452299
0.785714,0.883837,3839,101311.518893,7.891622,0.431255
0.785714,0.889240,3840,101311.567456,7.888245,0.410322
0.785714,0.894643,3841,101311.613441,7.885061,0.389495
0.785714,0.900046,3842,101311.656890,7.882070,0.368767
0.785714,0.905449,3843,101311.697844,7.879266,0.348132
0.785714,0.910852,3844,101311.736340,7.876649,0.327586
0.785714,0.916255,3845,101311.772413,7.874215,0.307121
0.785714,0.921657,3846,101311.806095,7.871962,0.286734
0.785714,0.927060,3847,101311.837418,7.869888,0.266417
0.785714,0.932463,3848,101311.866409,7.867991,0.246167
0.785714,0.937866,3849,101311.893095,7.866268,0.225978
0.785714,0.943269,3850,101311.917499,7.864717,0.205845
0.785714,0.948672,3851,101311.939644,7.863335,0.185761
0.785714,0.954075,3852,101311.959550,7.862112,0.165725
0.785714,0.959478,3853,101311.977231,7.861025,0.145724
0.785714,0.964881,3854,101311.992719,7.860000,0.125773
0.785714,0.970284,3855,101312.005984,7.858811,0.105806
0.785714,0.975687,3856,101312.017143,7.856688,0.085958
0.785714,0.981090,3857,101312.025996,7.851018,0.065879
0.785714,0.986493,3858,101312.032918,7.832053,0.046164
0.785714,0.991896,3859,101312.037372,7.750174,0.025506
0.785714,0.997299,3860,101312.040186,7.604729,0.008112
0.806122,0.475848,3861,101284.350522,9.395354,3.510293
0.806122,0.481170,3862,101285.673708,9.607190,3.314918
0.806122,0.486491,3863,101286.664129,9.629603,3.185532
0.806122,0.491812,3864,101287.612257,9.535046,3.158361
0.806122,0.497134,3865,101288.600063,9.504209,3.014135
0.806122,0.502455,3866,101289.490872,9.434865,2.954135
0.806122,0.507776,3867,101290.382909,9.387340,2.855107
0.806122,0.513098,3868,101291.222217,9.331617,2.780859
0.806122,0.518419,3869,101292.036528,9.281530,2.700954
0.806122,0.523740,3870,101292.814682,9.231221,2.628433
0.806122,0.529062,3871,101293.562884,9.183120,2.557535
0.806122,0.534383,3872,101294.280132,9.136283,2.490274
0.806122,0.539704,3873,101294.968367,9.091064,2.425588
0.806122,0.545026,3874,101295.628406,9.047311,2.363623
0.806122,0.550347,3875,101296.261493,9.005048,2.304083
0.806122,0.555668,3876,101296.868701,8.964226,2.246854
0.806122,0.560990,3877,101297.451136,8.924818,2.191770
0.806122,0.566311,3878,101298.009861,8.886784,2.138698
0.806122,0.571632,3879,101298.545912,8.850087,2.087508
0.806122,0.576954,3880,101299.060292,8.814684,2.038081
0.806122,0.582275,3881,101299.553965,8.780535,1.990306
0.806122,0.587596,3882,101300.027860,8.747599,1.944080
0.806122,0.592918,3883,101300.482865,8.715833,1.899307
0.806122,0.598239,3884,101300.919833,8.685196,1.855899
0.806122,0.603560,3885,101301.339576,8.655648,1.813774
0.806122,0.608882,3886,101301.742871,8.627148,1.772855
0.806122,0.614203,3887,101302.130456,8.599659,1.733071
0.806122,0.619524,3888,101302.503036,8.573141,1.694357
0.806122,0.624846,3889,101302.861280,8.547560,1.656651
0.806122,0.630167,3890,101303.205823,8.522879,1.619896
0.806122,0.635488,3891,101303.537270,8.499067,1.584040
0.806122,0.640810,3892,101303.856195,8.476089,1.549032
0.806122,0.646131,3893,101304.163142,8.453915,1.514828
0.806122,0.651452,3894,101304.458628,8.432516,1.481384
0.806122,0.656774,3895,101304.743143,8.411862,1.448660
0.806122,0.662095,3896,101305.017153,8.391925,1.416618
0.806122,0.667416,3897,101305.281097,8.372680,1.385225
0.806122,0.672738,3898,101305.535395,8.354101,1.354447
0.806122,0.678059,3899,101305.780443,8.336164,1.324252
0.806122,0.683380,3900,101306.016618,8.318844,1.294614
0.806122,0.688702,3901,101306.244275,8.302121,1.265504
0.806122,0.694023,3902,101306.463754,8.285973,1.236897
0.806122,0.699344,3903,101306.675376,8.270380,1.208769
0.806122,0.704666,3904,101306.879445,8.255322,1.181098
0.806122,0.709987,3905,101307.076250,8.240781,1.153863
0.806122,0.715309,3906,101307.266066,8.226740,1.127044
0.806122,0.720630,3907,101307.449154,8.213183,1.100621
0.806122,0.725951,3908,101307.625759,8.200093,1.074578
0.806122,0.731273,3909,101307.796119,8.187455,1.048897
0.806122,0.736594,3910,101307.960455,8.175254,1.023562
0.806122,0.741915,3911,101308.118979,8.163478,0.998559
0.806122,0.747237,3912,101308.271893,8.152112,0.973872
0.806122,0.752558,3913,101308.419388,8.141144,0.949489
0.806122,0.757879,3914,101308.561646,8.130562,0.925396
0.806122,0.763201,3915,101308.698839,8.120354,0.901581
0.806122,0.768522,3916,101308.831133,8.110510,0.878032
0.806122,0.773843,3917,101308.958683,8.101018,0.854738
0.806122,0.779165,3918,101309.081638,8.091868,0.831688
0.806122,0.784486,3919,101309.200139,8.083052,0.808872
0.806122,0.789807,3920,101309.314320,8.074558,0.786281
0.806122,0.795129,3921,101309.424310,8.066380,0.763904
0.806122,0.800450,3922,101309.530229,8.058509,0.741733
0.806122,0.805771,3923,101309.632194,8.050935,0.719759
0.806122,0.811093,3924,101309.730313,8.043653,0.697973
0.806122,0.816414,3925,101309.824693,8.036654,0.676369
0.806122,0.821735,3926,101309.915431,8.029931,0.654937
0.806122,0.827057,3927,101310.002623,8.023479,0.633672
0.806122,0.832378,3928,101310.086358,8.017291,0.612565
0.806122,0.837699,3929,101310.166721,8.011360,0.591609
0.806122,0.843021,3930,101310.243794,8.005682,0.570798
0.806122,0.848342,3931,101310.317653,8.000251,0.550126
0.806122,0.853663,3932,101310.388372,7.995061,0.529586
0.806122,0.858985,3933,101310.456020,7.990107,0.509173
0.806122,0.864306,3934,101310.520661,7.985386,0.488879
0.806122,0.869627,3935,101310.582360,7.980892,0.468700
0.806122,0.874949,3936,101310.641173,7.976621,0.448630
0.806122,0.880270,3937,101310.697158,7.972569,0.428664
0.806122,0.885591,3938,101310.750366,7.968732,0.408796
0.806122,0.890913,3939,101310.800847,7.965107,0.389020
0.806122,0.896234,3940,101310.848649,7.961690,0.369333
0.806122,0.901555,3941,101310.893814,7.958478,0.349729
0.806122,0.906877,3942,101310.936385,7.955468,0.330203
0.806122,0.912198,3943,101310.976400,7.952657,0.310751
0.806122,0.917519,3944,101311.013896,7.950042,0.291367
0.806122,0.922841,3945,101311.048905,7.947620,0.272047
0.806122,0.928162,3946,101311.081460,7.945390,0.252788
0.806122,0.933483,3947,101311.111590,7.943350,0.233583
0.806122,0.938805,3948,101311.139321,7.941495,0.214430
0.806122,0.944126,3949,101311.164679,7.939825,0.195323
0.806122,0.949447,3950,101311.187685,7.938335,0.176258
0.806122,0.954769,3951,101311.208362,7.937015,0.157233
0.806122,0.960090,3952,101311.226722,7.935841,0.138234
0.806122,0.965411,3953,101311.242801,7.934735,0.119284
0.806122,0.970733,3954,101311.256563,7.933461,0.100303
0.806122,0.976054,3955,101311.268131,7.931225,0.081450
0.806122,0.981375,3956,101311.277302,7.925343,0.062345
0.806122,0.986697,3957,101311.284440,7.905819,0.043610
0.806122,0.992018,3958,101311.289043,7.819636,0.023922
0.806122,0.997339,3959,101311.291848,7.666108,0.007542
0.826531,0.482700,3960,101281.323007,9.686324,3.218846
0.826531,0.487952,3961,101283.002805,9.927341,2.856310
0.826531,0.493203,3962,101284.111291,9.915576,2.816142
0.826531,0.498455,3963,101285.258776,9.810724,2.776409
0.826531,0.503707,3964,101286.388078,9.761187,2.654253
0.826531,0.508959,3965,101287.416672,9.677957,2.607410
0.826531,0.514211,3966,101288.428953,9.617034,2.521657
0.826531,0.519462,3967,101289.375892,9.549299,2.461253
0.826531,0.524714,3968,101290.286657,9.488322,2.393842
0.826531,0.529966,3969,101291.150894,9.428089,2.333831
0.826531,0.535218,3970,101291.976311,9.370979,2.274706
0.826531,0.540469,3971,101292.762733,9.315929,2.218838
0.826531,0.545721,3972,101293.513093,9.263225,2.165020
0.826531,0.550973,3973,101294.228967,9.212637,2.113469
0.826531,0.556225,3974,101294.912323,9.164126,2.063880
0.826531,0.561477,3975,101295.564852,9.117584,2.016161
0.826531,0.566728,3976,101296.188218,9.072932,1.970159
0.826531,0.571980,3977,101296.783972,9.030083,1.925761
0.826531,0.577232,3978,101297.353585,8.988958,1.882852
0.826531,0.582484,3979,101297.898440,8.949478,1.841330
0.826531,0.587735,3980,101298.419842,8.911568,1.801101
0.826531,0.592987,3981,101298.919018,8.875157,1.762081
0.826531,0.598239,3982,101299.397123,8.840176,1.724189
0.826531,0.603491,3983,101299.855242,8.806559,1.687353
0.826531,0.608743,3984,101300.294397,8.774244,1.651507
0.826531,0.613994,3985,101300.715547,8.743172,1.616588
0.826531,0.619246,3986,101301.119593,8.713286,1.582541
0.826531,0.624498,3987,101301.507385,8.684533,1.549312
0.826531,0.629750,3988,101301.879719,8.656863,1.516855
0.826531,0.635001,3989,101302.237344,8.630228,1.485123
0.826531,0.640253,3990,101302.580965,8.604584,1.454078
0.826531,0.645505,3991,101302.911246,8.579887,1.423679
0.826531,0.650757,3992,101303.228810,8.556096,1.393892
0.826531,0.656009,3993,101303.534245,8.533175,1.364684
0.826531,0.661260,3994,101303.828103,8.511086,1.336024
0.826531,0.666512,3995,101304.110905,8.489796,1.307884
0.826531,0.671764,3996,101304.383142,8.469270,1.280238
0.826531,0.677016,3997,101304.645276,8.449479,1.253061
0.826531,0.682267,3998,101304.897743,8.430393,1.226329
0.826531,0.687519,3999,101305.140956,8.411984,1.200021
0.826531,0.692771,4000,101305.375301,8.394225,1.174117
0.826531,0.698023,4001,101305.601146,8.377092,1.148597
0.826531,0.703275,4002,101305.818836,8.360562,1.123445
0.826531,0.708526,4003,101306.028700,8.344611,1.098642
0.826531,0.713778,4004,101306.231045,8.329218,1.074174
0.826531,0.719030,4005,101306.426164,8.314364,1.050026
0.826531,0.724282,4006,101306.614335,8.300030,1.026183
0.826531,0.729533,4007,101306.795818,8.286197,1.002632
0.826531,0.734785,4008,101306.970862,8.272849,0.979361
0.826531,0.740037,4009,101307.139701,8.259969,0.956358
0.826531,0.745289,4010,101307.302558,8.247541,0.933611
0.826531,0.750541,4011,101307.459644,8.235551,0.911110
0.826531,0.755792,4012,101307.611158,8.223984,0.888845
0.826531,0.761044,4013,101307.757290,8.212828,0.866806
0.826531,0.766296,4014,101307.898220,8.202069,0.844984
0.826531,0.771548,4015,101308.034118,8.191695,0.823369
0.826531,0.776799,4016,101308.165147,8.181695,0.801954
0.826531,0.782051,4017,101308.291459,8.172058,0.780730
0.826531,0.787303,4018,101308.413202,8.162773,0.759690
0.826531,0.792555,4019,101308.530512,8.153830,0.738826
0.826531,0.797807,4020,101308.643523,8.145220,0.718131
0.826531,0.803058,4021,101308.752360,8.136933,0.697598
0.826531,0.808310,4022,101308.857140,8.128962,0.677221
0.826531,0.813562,4023,101308.957976,8.121296,0.656993
0.826531,0.818814,4024,101309.054977,8.113930,0.636909
0.826531,0.824065,4025,101309.148243,8.106855,0.616962
0.826531,0.829317,4026,101309.237871,8.100064,0.597146
0.826531,0.834569,4027,101309.323953,8.093552,0.577457
0.826531,0.839821,4028,101309.406576,8.087310,0.557889
0.826531,0.845073,4029,101309.485823,8.081335,0.538436
0.826531,0.850324,4030,101309.561773,8.075618,0.519093
0.826531,0.855576,4031,101309.634499,8.070156,0.499857
0.826531,0.860828,4032,101309.704073,8.064942,0.480721
0.826531,0.866080,4033,101309.770561,8.059972,0.461682
0.826531,0.871331,4034,101309.834027,8.055241,0.442735
0.826531,0.876583,4035,101309.894529,8.050744,0.423875
0.826531,0.881835,4036,101309.952127,8.046478,0.405098
0.826531,0.887087,4037,101310.006871,8.042438,0.386401
0.826531,0.892339,4038,101310.058814,8.038619,0.367778
0.826531,0.897590,4039,101310.108001,8.035020,0.349226
0.826531,0.902842,4040,101310.154480,8.031636,0.330741
0.826531,0.908094,4041,101310.198290,8.028464,0.312319
0.826531,0.913346,4042,101310.239471,8.025500,0.293957
0.826531,0.918597,4043,101310.278061,8.022744,0.275650
0.826531,0.923849,4044,101310.314093,8.020190,0.257395
0.826531,0.929101,4045,101310.347599,8.017838,0.239188
0.826531,0.934353,4046,101310.378609,8.015684,0.221026
0.826531,0.939605,4047,101310.407149,8.013726,0.202905
0.826531,0.944856,4048,101310.433246,8.011961,0.184822
0.826531,0.950108,4049,101310.456920,8.010386,0.166772
0.826531,0.955360,4050,101310.478196,8.008989,0.148756
0.826531,0.960612,4051,101310.497082,8.007747,0.130757
0.826531,0.965863,4052,101310.513620,8.006577,0.112805
0.826531,0.971115,4053,101310.527765,8.005240,0.094809
0.826531,0.976367,4054,101310.539651,8.002921,0.076948
0.826531,0.981619,4055,101310.549066,7.996887,0.058816
0.826531,0.986871,4056,101310.556365,7.976949,0.041061
0.826531,0.992122,4057,101310.561081,7.886299,0.022344
0.826531,0.997374,4058,101310.563859,7.724216,0.006974
0.846939,0.488392,4059,101279.179055,9.886641,2.884777
0.846939,0.493586,4060,101281.157889,10.157920,2.350594
0.846939,0.498780,4061,101282.324373,10.120376,2.418032
0.846939,0.503974,4062,101283.627654,10.009364,2.363552
0.846939,0.509168,4063,101284.847965,9.946415,2.270461
0.846939,0.514362,4064,101285.970592,9.853563,2.239946
0.846939,0.519556,4065,101287.060857,9.783647,2.170511
0.846939,0.524750,4066,101288.075988,9.707815,2.126955
0.846939,0.529944,4067,101289.046528,9.639719,2.074237
0.846939,0.535138,4068,101289.962574,9.573030,2.028876
0.846939,0.540332,4069,101290.833434,9.510168,1.983234
0.846939,0.545526,4070,101291.659510,9.449928,1.940292
0.846939,0.550720,4071,101292.444650,9.392557,1.898629
0.846939,0.555914,4072,101293.191030,9.337753,1.858608
0.846939,0.561108,4073,101293.901215,9.285430,1.819920
0.846939,0.566301,4074,101294.577379,9.235432,1.782526
0.846939,0.571495,4075,101295.221617,9.187640,1.746303
0.846939,0.576689,4076,101295.835846,9.141933,1.711169
0.846939,0.581883,4077,101296.421856,9.098199,1.677043
0.846939,0.587077,4078,101296.981306,9.056333,1.643852
0.846939,0.592271,4079,101297.515739,9.016235,1.611529
0.846939,0.597465,4080,101298.026589,8.977812,1.580016
0.846939,0.602659,4081,101298.515187,8.940978,1.549257
0.846939,0.607853,4082,101298.982775,8.905649,1.519203
0.846939,0.613047,4083,101299.430507,8.871749,1.489808
0.846939,0.618241,4084,101299.859458,8.839205,1.461030
0.846939,0.623435,4085,101300.270630,8.807951,1.432833
0.846939,0.628629,4086,101300.664960,8.777922,1.405181
0.846939,0.633823,4087,101301.043318,8.749059,1.378043
0.846939,0.639017,4088,101301.406519,8.721306,1.351389
0.846939,0.644211,4089,101301.755324,8.694612,1.325193
0.846939,0.649405,4090,101302.090445,8.668927,1.299430
0.846939,0.654599,4091,101302.412548,8.644206,1.274077
0.846939,0.659793,4092,101302.722257,8.620405,1.249112
0.846939,0.664987,4093,101303.020156,8.597484,1.224517
0.846939,0.670181,4094,101303.306793,8.575403,1.200272
0.846939,0.675375,4095,101303.582682,8.554127,1.176361
0.846939,0.680569,4096,101303.848307,8.533622,1.152769
0.846939,0.685763,4097,101304.104121,8.513855,1.129480
0.846939,0.690957,4098,101304.350550,8.494796,1.106480
0.846939,0.696151,4099,101304.587995,8.476417,1.083757
0.846939,0.701345,4100,101304.816835,8.458690,1.061299
0.846939,0.706539,4101,101305.037425,8.441590,1.039094
0.846939,0.711733,4102,101305.250100,8.425093,1.017131
0.846939,0.716927,4103,101305.455176,8.409176,0.995401
0.846939,0.722121,4104,101305.652952,8.393818,0.973894
0.846939,0.727315,4105,101305.843710,8.378999,0.952600
0.846939,0.732509,4106,101306.027715,8.364700,0.931512
0.846939,0.737703,4107,101306.205220,8.350902,0.910621
0.846939,0.742897,4108,101306.376461,8.337588,0.889920
0.846939,0.748091,4109,101306.541665,8.324743,0.869401
0.846939,0.753285,4110,101306.701043,8.312350,0.849057
0.846939,0.758479,4111,101306.854798,8.300394,0.828882
0.846939,0.763673,4112,101307.003121,8.288862,0.808869
0.846939,0.768867,4113,101307.146192,8.277741,0.789013
0.846939,0.774061,4114,101307.284183,8.267017,0.769306
0.846939,0.779255,4115,101307.417257,8.256679,0.749744
0.846939,0.784449,4116,101307.545569,8.246714,0.730321
0.846939,0.789643,4117,101307.669263,8.237114,0.711032
0.846939,0.794837,4118,101307.788480,8.227866,0.691873
0.846939,0.800031,4119,101307.903351,8.218961,0.672837
0.846939,0.805225,4120,101308.014002,8.210390,0.653921
0.846939,0.810419,4121,101308.120551,8.202144,0.635120
0.846939,0.815613,4122,101308.223110,8.194213,0.616429
0.846939,0.820807,4123,101308.321788,8.186592,0.597845
0.846939,0.826001,4124,101308.416685,8.179270,0.579363
0.846939,0.831195,4125,101308.507899,8.172242,0.560979
0.846939,0.836389,4126,101308.595521,8.165501,0.542690
0.846939,0.841583,4127,101308.679637,8.159040,0.524491
0.846939,0.846777,4128,101308.760332,8.152852,0.506379
0.846939,0.851971,4129,101308.837682,8.146933,0.488351
0.846939,0.857165,4130,101308.911762,8.141275,0.470402
0.846939,0.862359,4131,101308.982642,8.135874,0.452530
0.846939,0.867553,4132,101309.050390,8.130725,0.434730
0.846939,0.872747,4133,101309.115068,8.125823,0.417001
0.846939,0.877941,4134,101309.176736,8.121162,0.399338
0.846939,0.883135,4135,101309.235451,8.116740,0.381738
0.846939,0.888329,4136,101309.291265,8.112551,0.364198
0.846939,0.893523,4137,101309.344230,8.108592,0.346716
0.846939,0.898717,4138,101309.394391,8.104858,0.329288
0.846939,0.903911,4139,101309.441795,8.101348,0.311911
0.846939,0.909105,4140,101309.486482,8.098056,0.294583
0.846939,0.914299,4141,101309.528492,8.094981,0.277299
0.846939,0.919493,4142,101309.567861,8.092119,0.260059
0.846939,0.924687,4143,101309.604623,8.089467,0.242858
0.846939,0.929881,4144,101309.638810,8.087023,0.225695
0.846939,0.935075,4145,101309.670452,8.084785,0.208566
0.846939,0.940269,4146,101309.699575,8.082750,0.191468
0.846939,0.945463,4147,101309.726204,8.080916,0.174399
0.846939,0.950657,4148,101309.750360,8.079276,0.157356
0.846939,0.955851,4149,101309.772069,8.077823,0.140340
0.846939,0.961045,4150,101309.791335,8.076529,0.123332
0.846939,0.966239,4151,101309.808205,8.075314,0.106372
0.846939,0.971433,4152,101309.822627,8.073932,0.089352
0.846939,0.976627,4153,101309.834740,8.071563,0.072479
0.846939,0.981821,4154,101309.844329,8.065437,0.055313
0.846939,0.987015,4155,101309.851735,8.045252,0.038531
0.846939,0.992209,4156,101309.856529,7.949986,0.020780
0.846939,0.997403,4157,101309.859265,7.778882,0.006412
0.867347,0.492970,4158,101278.051308,9.986533,2.523219
0.867347,0.498117,4159,101280.234638,10.289282,1.820430
0.867347,0.503265,4160,101281.384652,10.237672,2.011538
0.867347,0.508412,4161,101282.782260,10.125551,1.936842
0.867347,0.513560,4162,101284.028584,10.055762,1.879503
0.867347,0.518707,4163,101285.190371,9.958363,1.866484
0.867347,0.523855,4164,101286.307071,9.884637,1.815145
0.867347,0.529002,4165,101287.343503,9.805177,1.790274
0.867347,0.534150,4166,101288.331233,9.734225,1.753248
0.867347,0.539297,4167,101289.260039,9.664917,1.723716
0.867347,0.544445,4168,101290.140831,9.599870,1.692313
0.867347,0.549592,4169,101290.974080,9.537703,1.663009
0.867347,0.554740,4170,101291.764366,9.478676,1.634025
0.867347,0.559887,4171,101292.514156,9.422427,1.605970
0.867347,0.565035,4172,101293.226397,9.368846,1.578514
0.867347,0.570182,4173,101293.903523,9.317748,1.551701
0.867347,0.575330,4174,101294.547867,9.268991,1.525444
0.867347,0.580477,4175,101295.161535,9.222434,1.499710
0.867347,0.585625,4176,101295.746477,9.177947,1.474456
0.867347,0.590772,4177,101296.304482,9.135412,1.449647
0.867347,0.595920,4178,101296.837201,9.094716,1.425250
0.867347,0.601067,4179,101297.346156,9.055755,1.401239
0.867347,0.606215,4180,101297.832750,9.018434,1.377587
0.867347,0.611362,4181,101298.298283,8.982661,1.354272
0.867347,0.616510,4182,101298.743954,8.948354,1.331272
0.867347,0.621657,4183,101299.170876,8.915435,1.308571
0.867347,0.626805,4184,101299.580081,8.883832,1.286150
0.867347,0.631953,4185,101299.972527,8.853477,1.263995
0.867347,0.637100,4186,101300.349104,8.824306,1.242090
0.867347,0.642248,4187,101300.710637,8.796261,1.220426
0.867347,0.647395,4188,101301.057897,8.769288,1.198989
0.867347,0.652543,4189,101301.391600,8.743337,1.177770
0.867347,0.657690,4190,101301.712417,8.718358,1.156759
0.867347,0.662838,4191,101302.020972,8.694308,1.135947
0.867347,0.667985,4192,101302.317848,8.671144,1.115326
0.867347,0.673133,4193,101302.603593,8.648828,1.094888
0.867347,0.678280,4194,101302.878716,8.627321,1.074626
0.867347,0.683428,4195,101303.143697,8.606590,1.054534
0.867347,0.688575,4196,101303.398985,8.586601,1.034605
0.867347,0.693723,4197,101303.645002,8.567323,1.014833
0.867347,0.698870,4198,101303.882143,8.548728,0.995214
0.867347,0.704018,4199,101304.110780,8.530789,0.975741
0.867347,0.709165,4200,101304.331264,8.513479,0.956410
0.867347,0.714313,4201,101304.543924,8.496775,0.937216
0.867347,0.719460,4202,101304.749070,8.480653,0.918156
0.867347,0.724608,4203,101304.946996,8.465093,0.899224
0.867347,0.729755,4204,101305.137977,8.450074,0.880417
0.867347,0.734903,4205,101305.322274,8.435578,0.861730
0.867347,0.740050,4206,101305.500133,8.421585,0.843161
0.867347,0.745198,4207,101305.671787,8.408079,0.824706
0.867347,0.750345,4208,101305.837456,8.395043,0.806361
0.867347,0.755493,4209,101305.997347,8.382463,0.788122
0.867347,0.760640,4210,101306.151658,8.370322,0.769987
0.867347,0.765788,4211,101306.300576,8.358608,0.751953
0.867347,0.770935,4212,101306.444277,8.347307,0.734016
0.867347,0.776083,4213,101306.582928,8.336407,0.716173
0.867347,0.781231,4214,101306.716689,8.325895,0.698422
0.867347,0.786378,4215,101306.845709,8.315761,0.680760
0.867347,0.791526,4216,101306.970132,8.305992,0.663184
0.867347,0.796673,4217,101307.090094,8.296580,0.645691
0.867347,0.801821,4218,101307.205722,8.287515,0.628279
0.867347,0.806968,4219,101307.317139,8.278786,0.610946
0.867347,0.812116,4220,101307.424462,8.270385,0.593687
0.867347,0.817263,4221,101307.527799,8.262304,0.576502
0.867347,0.822411,4222,101307.627256,8.254535,0.559388
0.867347,0.827558,4223,101307.722932,8.247070,0.542342
0.867347,0.832706,4224,101307.814921,8.239902,0.525362
0.867347,0.837853,4225,101307.903313,8.233025,0.508446
0.867347,0.843001,4226,101307.988192,8.226431,0.491591
0.867347,0.848148,4227,101308.069639,8.220115,0.474795
0.867347,0.853296,4228,101308.147732,8.214070,0.458056
0.867347,0.858443,4229,101308.222541,8.208292,0.441372
0.867347,0.863591,4230,101308.294137,8.202775,0.424741
0.867347,0.868738,4231,101308.362584,8.197513,0.408160
0.867347,0.873886,4232,101308.427945,8.192502,0.391627
0.867347,0.879033,4233,101308.490276,8.187737,0.375141
0.867347,0.884181,4234,101308.549634,8.183214,0.358699
0.867347,0.889328,4235,101308.606071,8.178929,0.342298
0.867347,0.894476,4236,101308.659636,8.174878,0.325938
0.867347,0.899623,4237,101308.710375,8.171057,0.309616
0.867347,0.904771,4238,101308.758332,8.167463,0.293330
0.867347,0.909918,4239,101308.803547,8.164093,0.277078
0.867347,0.915066,4240,101308.846060,8.160943,0.260858
0.867347,0.920213,4241,101308.885905,8.158011,0.244669
0.867347,0.925361,4242,101308.923116,8.155293,0.228507
0.867347,0.930509,4243,101308.957724,8.152788,0.212372
0.867347,0.935656,4244,101308.989758,8.150493,0.196261
0.867347,0.940804,4245,101309.019244,8.148406,0.180172
0.867347,0.945951,4246,101309.046207,8.146523,0.164105
0.867347,0.951099,4247,101309.070666,8.144840,0.148054
0.867347,0.956246,4248,101309.092647,8.143347,0.132025
0.867347,0.961394,4249,101309.112153,8.142020,0.115995
0.867347,0.966541,4250,101309.129234,8.140774,0.100014
0.867347,0.971689,4251,101309.143830,8.139367,0.083959
0.867347,0.976836,4252,101309.156086,8.136975,0.068062
0.867347,0.981984,4253,101309.165781,8.130818,0.051855
0.867347,0.987131,4254,101309.173235,8.110566,0.036040
0.867347,0.992279,4255,101309.178051,8.010553,0.019243
0.867347,0.997426,4256,101309.180733,7.829982,0.005860
0.887755,0.496501,4257,101277.994054,9.985107,2.146036
0.887755,0.501613,4258,101280.272659,10.317853,1.298858
0.887755,0.506725,4259,101281.323108,10.266032,1.612964
0.887755,0.511836,4260,101282.742013,10.160272,1.515997
0.887755,0.516948,4261,101283.946652,10.089262,1.499215
0.887755,0.522060,4262,101285.088717,9.994017,1.501010
0.887755,0.527171,4263,101286.177586,9.921030,1.470103
0.887755,0.532283,4264,101287.187013,9.843046,1.462964
0.887755,0.537395,4265,101288.147939,9.773343,1.442264
0.887755,0.542506,4266,101289.049829,9.705413,1.428244
0.887755,0.547618,4267,101289.904484,9.641706,1.411094
0.887755,0.552730,4268,101290.712174,9.580879,1.395200
0.887755,0.557841,4269,101291.477804,9.523163,1.378703
0.887755,0.562953,4270,101292.203853,9.468189,1.362354
0.887755,0.568065,4271,101292.893366,9.415842,1.345861
0.887755,0.573176,4272,101293.548804,9.365930,1.329337
0.887755,0.578288,4273,101294.172522,9.318308,1.312744
0.887755,0.583400,4274,101294.766629,9.272832,1.296102
0.887755,0.588511,4275,101295.333066,9.229372,1.279409
0.887755,0.593623,4276,101295.873603,9.187807,1.262672
0.887755,0.598735,4277,101296.389864,9.148027,1.245896
0.887755,0.603846,4278,101296.883340,9.109928,1.229087
0.887755,0.608958,4279,101297.355400,9.073414,1.212248
0.887755,0.614070,4280,101297.807304,9.038398,1.195386
0.887755,0.619181,4281,101298.240216,9.004796,1.178506
0.887755,0.624293,4282,101298.655208,8.972535,1.161613
0.887755,0.629405,4283,101299.053269,8.941543,1.144711
0.887755,0.634516,4284,101299.435318,8.911755,1.127805
0.887755,0.639628,4285,101299.802202,8.883108,1.110898
0.887755,0.644740,4286,101300.154711,8.855547,1.093996
0.887755,0.649851,4287,101300.493577,8.829020,1.077103
0.887755,0.654963,4288,101300.819483,8.803479,1.060221
0.887755,0.660075,4289,101301.133062,8.778876,1.043354
0.887755,0.665186,4290,101301.434906,8.755169,1.026507
0.887755,0.670298,4291,101301.725567,8.732319,1.009680
0.887755,0.675410,4292,101302.005560,8.710287,0.992878
0.887755,0.680521,4293,101302.275369,8.689039,0.976102
0.887755,0.685633,4294,101302.535444,8.668541,0.959356
0.887755,0.690745,4295,101302.786208,8.648762,0.942640
0.887755,0.695856,4296,101303.028060,8.629672,0.925956
0.887755,0.700968,4297,101303.261371,8.611245,0.909307
0.887755,0.706080,4298,101303.486492,8.593454,0.892694
0.887755,0.711191,4299,101303.703752,8.576275,0.876117
0.887755,0.716303,4300,101303.913461,8.559684,0.859579
0.887755,0.721414,4301,101304.115912,8.543662,0.843079
0.887755,0.726526,4302,101304.311380,8.528186,0.826620
0.887755,0.731638,4303,101304.500125,8.513239,0.810201
0.887755,0.736749,4304,101304.682393,8.498801,0.793824
0.887755,0.741861,4305,101304.858415,8.484856,0.777488
0.887755,0.746973,4306,101305.028410,8.471388,0.761194
0.887755,0.752084,4307,101305.192586,8.458380,0.744942
0.887755,0.757196,4308,101305.351139,8.445818,0.728732
0.887755,0.762308,4309,101305.504254,8.433689,0.712565
0.887755,0.767419,4310,101305.652109,8.421978,0.696440
0.887755,0.772531,4311,101305.794870,8.410675,0.680357
0.887755,0.777643,4312,101305.932694,8.399765,0.664316
0.887755,0.782754,4313,101306.065733,8.389239,0.648316
0.887755,0.787866,4314,101306.194128,8.379084,0.632358
0.887755,0.792978,4315,101306.318014,8.369292,0.616440
0.887755,0.798089,4316,101306.437521,8.359852,0.600562
0.887755,0.803201,4317,101306.552770,8.350755,0.584724
0.887755,0.808313,4318,101306.663876,8.341991,0.568925
0.887755,0.813424,4319,101306.770950,8.333553,0.553165
0.887755,0.818536,4320,101306.874097,8.325432,0.537442
0.887755,0.823648,4321,101306.973415,8.317621,0.521756
0.887755,0.828759,4322,101307.068999,8.310113,0.506106
0.887755,0.833871,4323,101307.160938,8.302900,0.490492
0.887755,0.838983,4324,101307.249318,8.295977,0.474913
0.887755,0.844094,4325,101307.334220,8.289337,0.459367
0.887755,0.849206,4326,101307.415721,8.282974,0.443853
0.887755,0.854318,4327,101307.493892,8.276882,0.428372
0.887755,0.859429,4328,101307.568804,8.271056,0.412922
0.887755,0.864541,4329,101307.640523,8.265492,0.397501
0.887755,0.869653,4330,101307.709110,8.260183,0.382110
0.887755,0.874764,4331,101307.774624,8.255126,0.366747
0.887755,0.879876,4332,101307.837122,8.250315,0.351410
0.887755,0.884988,4333,101307.896655,8.245748,0.336100
0.887755,0.890099,4334,101307.953275,8.241419,0.320814
0.887755,0.895211,4335,101308.007027,8.237326,0.305552
0.887755,0.900323,4336,101308.057956,8.233464,0.290313
0.887755,0.905434,4337,101308.106105,8.229831,0.275095
0.887755,0.910546,4338,101308.151511,8.226422,0.259898
0.887755,0.915658,4339,101308.194212,8.223236,0.244720
0.887755,0.920769,4340,101308.234243,8.220269,0.229560
0.887755,0.925881,4341,101308.271634,8.217519,0.214418
0.887755,0.930993,4342,101308.306416,8.214983,0.199291
0.887755,0.936104,4343,101308.338617,8.212660,0.184180
0.887755,0.941216,4344,101308.368261,8.210545,0.169081
0.887755,0.946328,4345,101308.395372,8.208638,0.153996
0.887755,0.951439,4346,101308.419970,8.206933,0.138919
0.887755,0.956551,4347,101308.442080,8.205421,0.123861
0.887755,0.961663,4348,101308.461702,8.204076,0.108791
0.887755,0.966774,4349,101308.478890,8.202817,0.093772
0.887755,0.971886,4350,101308.493576,8.201402,0.078663
0.887755,0.976998,4351,101308.505912,8.199012,0.063726
0.887755,0.982109,4352,101308.515674,8.192869,0.048464
0.887755,0.987221,4353,101308.523163,8.172736,0.033620
0.887755,0.992333,4354,101308.527927,8.067966,0.017769
0.887755,0.997444,4355,101308.530493,7.877436,0.005331
0.908163,0.499078,4356,101278.968220,9.887632,1.772800
0.908163,0.504163,4357,101281.204285,10.251469,0.816226
0.908163,0.509249,4358,101282.083793,10.213292,1.240855
0.908163,0.514334,4359,101283.446933,10.120534,1.122250
0.908163,0.519420,4360,101284.545055,10.054480,1.145459
0.908163,0.524505,4361,101285.609968,9.967483,1.159167
0.908163,0.529591,4362,101286.618243,9.899809,1.148736
0.908163,0.534676,4363,101287.554833,9.828042,1.157171
0.908163,0.539762,4364,101288.446896,9.763505,1.152115
0.908163,0.544847,4365,101289.284626,9.700664,1.152187
0.908163,0.549933,4366,101290.079323,9.641567,1.148324
0.908163,0.555018,4367,101290.831080,9.585078,1.144739
0.908163,0.560104,4368,101291.544543,9.531372,1.139764
0.908163,0.565189,4369,101292.221971,9.480134,1.134172
0.908163,0.570275,4370,101292.866182,9.431253,1.127756
0.908163,0.575360,4371,101293.479427,9.384562,1.120680
0.908163,0.580446,4372,101294.063861,9.339930,1.112960
0.908163,0.585531,4373,101294.621399,9.297230,1.104662
0.908163,0.590617,4374,101295.153801,9.256347,1.095828
0.908163,0.595702,4375,101295.662667,9.217175,1.086502
0.908163,0.600788,4376,101296.149460,9.179615,1.076724
0.908163,0.605873,4377,101296.615521,9.143576,1.066531
0.908163,0.610959,4378,101297.062077,9.108974,1.055957
0.908163,0.616044,4379,101297.490258,9.075731,1.045033
0.908163,0.621130,4380,101297.901102,9.043776,1.033787
0.908163,0.626215,4381,101298.295566,9.013041,1.022247
0.908163,0.631301,4382,101298.674536,8.983465,1.010437
0.908163,0.636386,4383,101299.038827,8.954990,0.998378
0.908163,0.641472,4384,101299.389197,8.927561,0.986093
0.908163,0.646557,4385,101299.726348,8.901129,0.973600
0.908163,0.651643,4386,101300.050932,8.875648,0.960917
0.908163,0.656728,4387,101300.363556,8.851076,0.948061
0.908163,0.661814,4388,101300.664785,8.827372,0.935046
0.908163,0.666899,4389,101300.955146,8.804497,0.921887
0.908163,0.671985,4390,101301.235132,8.782418,0.908597
0.908163,0.677070,4391,101301.505202,8.761099,0.895187
0.908163,0.682156,4392,101301.765787,8.740511,0.881669
0.908163,0.687241,4393,101302.017291,8.720623,0.868052
0.908163,0.692327,4394,101302.260093,8.701408,0.854346
0.908163,0.697412,4395,101302.494547,8.682840,0.840559
0.908163,0.702498,4396,101302.720989,8.664895,0.826700
0.908163,0.707583,4397,101302.939733,8.647548,0.812776
0.908163,0.712669,4398,101303.151074,8.630779,0.798794
0.908163,0.717754,4399,101303.355291,8.614567,0.784759
0.908163,0.722840,4400,101303.552649,8.598893,0.770679
0.908163,0.727925,4401,101303.743395,8.583738,0.756557
0.908163,0.733011,4402,101303.927765,8.569085,0.742399
0.908163,0.738096,4403,101304.105980,8.554918,0.728210
0.908163,0.743182,4404,101304.278250,8.541221,0.713993
0.908163,0.748267,4405,101304.444775,8.527980,0.699753
0.908163,0.753353,4406,101304.605742,8.515181,0.685492
0.908163,0.758438,4407,101304.761330,8.502810,0.671215
0.908163,0.763524,4408,101304.911709,8.490854,0.656923
0.908163,0.768609,4409,101305.057038,8.479302,0.642621
0.908163,0.773695,4410,101305.197471,8.468142,0.628309
0.908163,0.778780,4411,101305.333152,8.457363,0.613991
0.908163,0.783866,4412,101305.464219,8.446955,0.599668
0.908163,0.788951,4413,101305.590802,8.436908,0.585342
0.908163,0.794037,4414,101305.713025,8.427212,0.571015
0.908163,0.799123,4415,101305.831007,8.417859,0.556688
0.908163,0.804208,4416,101305.944859,8.408839,0.542363
0.908163,0.809294,4417,101306.054688,8.400145,0.528041
0.908163,0.814379,4418,101306.160597,8.391768,0.513723
0.908163,0.819465,4419,101306.262680,8.383702,0.499409
0.908163,0.824550,4420,101306.361031,8.375940,0.485101
0.908163,0.829636,4421,101306.455737,8.368474,0.470800
0.908163,0.834721,4422,101306.546880,8.361298,0.456505
0.908163,0.839807,4423,101306.634540,8.354407,0.442218
0.908163,0.844892,4424,101306.718792,8.347794,0.427938
0.908163,0.849978,4425,101306.799707,8.341455,0.413667
0.908163,0.855063,4426,101306.877353,8.335383,0.399405
0.908163,0.860149,4427,101306.951795,8.329573,0.385151
0.908163,0.865234,4428,101307.023094,8.324022,0.370906
0.908163,0.870320,4429,101307.091308,8.318724,0.356670
0.908163,0.875405,4430,101307.156492,8.313675,0.342443
0.908163,0.880491,4431,101307.218697,8.308871,0.328225
0.908163,0.885576,4432,101307.277974,8.304308,0.314015
0.908163,0.890662,4433,101307.334370,8.299982,0.299814
0.908163,0.895747,4434,101307.387927,8.295890,0.285622
0.908163,0.900833,4435,101307.438688,8.292029,0.271438
0.908163,0.905918,4436,101307.486692,8.288394,0.257262
0.908163,0.911004,4437,101307.531975,8.284985,0.243094
0.908163,0.916089,4438,101307.574573,8.281796,0.228933
0.908163,0.921175,4439,101307.614516,8.278827,0.214779
0.908163,0.926260,4440,101307.651836,8.276074,0.200631
0.908163,0.931346,4441,101307.686561,8.273536,0.186490
0.908163,0.936431,4442,101307.718715,8.271210,0.172355
0.908163,0.941517,4443,101307.748323,8.269093,0.158225
0.908163,0.946602,4444,101307.775408,8.267183,0.144101
0.908163,0.951688,4445,101307.799986,8.265476,0.129977
0.908163,0.956773,4446,101307.822085,8.263962,0.115867
0.908163,0.961859,4447,101307.841699,8.262617,0.101736
0.908163,0.966944,4448,101307.858888,8.261359,0.087660
0.908163,0.972030,4449,101307.873575,8.259950,0.073478
0.908163,0.977115,4450,101307.885919,8.257579,0.059479
0.908163,0.982201,4451,101307.895690,8.251474,0.045144
0.908163,0.987286,4452,101307.903199,8.231498,0.031262
0.908163,0.992372,4453,101307.907911,8.122156,0.016371
0.908163,0.997457,4454,101307.910367,7.921424,0.004838
0.928571,0.500813,4455,101280.834287,9.707309,1.423647
0.928571,0.505881,4456,101282.892264,10.105245,0.400229
0.928571,0.510949,4457,101283.544168,10.092540,0.913759
0.928571,0.516016,4458,101284.778653,10.018226,0.775402
0.928571,0.521084,4459,101285.713303,9.962915,0.833637
0.928571,0.526152,4460,101286.648442,9.889058,0.856001
0.928571,0.531220,4461,101287.529546,9.830798,0.863584
0.928571,0.536288,4462,101288.352559,9.769127,0.884452
0.928571,0.541356,4463,101289.138988,9.713116,0.892851
0.928571,0.546424,4464,101289.880212,9.658438,0.904581
0.928571,0.551492,4465,101290.585914,9.606692,0.911990
0.928571,0.556560,4466,101291.255919,9.557018,0.918758
0.928571,0.561627,4467,101291.894080,9.509555,0.923551
0.928571,0.566695,4468,101292.502180,9.464069,0.927087
0.928571,0.571763,4469,101293.082495,9.420480,0.929256
0.928571,0.576831,4470,101293.636829,9.378665,0.930251
0.928571,0.581899,4471,101294.166911,9.338527,0.930138
0.928571,0.586967,4472,101294.674277,9.299973,0.929017
0.928571,0.592035,4473,101295.160336,9.262916,0.926965
0.928571,0.597103,4474,101295.626373,9.227276,0.924057
0.928571,0.602171,4475,101296.073561,9.192981,0.920362
0.928571,0.607238,4476,101296.502977,9.159960,0.915940
0.928571,0.612306,4477,101296.915611,9.128150,0.910848
0.928571,0.617374,4478,101297.312371,9.097490,0.905138
0.928571,0.622442,4479,101297.694096,9.067927,0.898858
0.928571,0.627510,4480,101298.061563,9.039409,0.892052
0.928571,0.632578,4481,101298.415488,9.011888,0.884759
0.928571,0.637646,4482,101298.756537,8.985317,0.877016
0.928571,0.642714,4483,101299.085327,8.959656,0.868857
0.928571,0.647782,4484,101299.402434,8.934864,0.860314
0.928571,0.652849,4485,101299.708393,8.910906,0.851415
0.928571,0.657917,4486,101300.003704,8.887747,0.842187
0.928571,0.662985,4487,101300.288834,8.865356,0.832654
0.928571,0.668053,4488,101300.564221,8.843702,0.822839
0.928571,0.673121,4489,101300.830272,8.822756,0.812764
0.928571,0.678189,4490,101301.087374,8.802492,0.802446
0.928571,0.683257,4491,101301.335887,8.782884,0.791904
0.928571,0.688325,4492,101301.576149,8.763907,0.781155
0.928571,0.693393,4493,101301.808481,8.745540,0.770214
0.928571,0.698460,4494,101302.033182,8.727761,0.759095
0.928571,0.703528,4495,101302.250538,8.710549,0.747812
0.928571,0.708596,4496,101302.460815,8.693886,0.736376
0.928571,0.713664,4497,101302.664267,8.677752,0.724798
0.928571,0.718732,4498,101302.861132,8.662131,0.713090
0.928571,0.723800,4499,101303.051638,8.647006,0.701261
0.928571,0.728868,4500,101303.235999,8.632363,0.689320
0.928571,0.733936,4501,101303.414417,8.618186,0.677276
0.928571,0.739004,4502,101303.587085,8.604461,0.665136
0.928571,0.744071,4503,101303.754187,8.591176,0.652907
0.928571,0.749139,4504,101303.915896,8.578318,0.640597
0.928571,0.754207,4505,101304.072376,8.565874,0.628211
0.928571,0.759275,4506,101304.223784,8.553834,0.615756
0.928571,0.764343,4507,101304.370270,8.542186,0.603236
0.928571,0.769411,4508,101304.511974,8.530919,0.590657
0.928571,0.774479,4509,101304.649032,8.520024,0.578024
0.928571,0.779547,4510,101304.781571,8.509492,0.565340
0.928571,0.784615,4511,101304.909715,8.499313,0.552611
0.928571,0.789683,4512,101305.033579,8.489478,0.539838
0.928571,0.794750,4513,101305.153274,8.479979,0.527027
0.928571,0.799818,4514,101305.268905,8.470808,0.514180
0.928571,0.804886,4515,101305.380573,8.461958,0.501300
0.928571,0.809954,4516,101305.488375,8.453420,0.488390
0.928571,0.815022,4517,101305.592400,8.445189,0.475453
0.928571,0.820090,4518,101305.692737,8.437258,0.462490
0.928571,0.825158,4519,101305.789468,8.429620,0.449504
0.928571,0.830226,4520,101305.882673,8.422269,0.436498
0.928571,0.835294,4521,101305.972425,8.415200,0.423472
0.928571,0.840361,4522,101306.058798,8.408407,0.410429
0.928571,0.845429,4523,101306.141860,8.401885,0.397370
0.928571,0.850497,4524,101306.221675,8.395629,0.384297
0.928571,0.855565,4525,101306.298305,8.389634,0.371211
0.928571,0.860633,4526,101306.371809,8.383896,0.358113
0.928571,0.865701,4527,101306.442244,8.378411,0.345004
0.928571,0.870769,4528,101306.509661,8.373173,0.331886
0.928571,0.875837,4529,101306.574113,8.368180,0.318759
0.928571,0.880905,4530,101306.635645,8.363427,0.305625
0.928571,0.885972,4531,101306.694305,8.358912,0.292483
0.928571,0.891040,4532,101306.750134,8.354629,0.279335
0.928571,0.896108,4533,101306.803173,8.350577,0.266182
0.928571,0.901176,4534,101306.853461,8.346752,0.253023
0.928571,0.906244,4535,101306.901033,8.343152,0.239860
0.928571,0.911312,4536,101306.945924,8.339773,0.226692
0.928571,0.916380,4537,101306.988165,8.336614,0.213521
0.928571,0.921448,4538,101307.027785,8.333670,0.200346
0.928571,0.926516,4539,101307.064814,8.330942,0.187168
0.928571,0.931583,4540,101307.099276,8.328425,0.173988
0.928571,0.936651,4541,101307.131195,8.326119,0.160805
0.928571,0.941719,4542,101307.160594,8.324021,0.147619
0.928571,0.946787,4543,101307.187495,8.322129,0.134433
0.928571,0.951855,4544,101307.211910,8.320438,0.121239
0.928571,0.956923,4545,101307.233869,8.318939,0.108056
0.928571,0.961991,4546,101307.253361,8.317608,0.094842
0.928571,0.967059,4547,101307.270449,8.316365,0.081685
0.928571,0.972127,4548,101307.285052,8.314976,0.068411
0.928571,0.977194,4549,101307.297331,8.312638,0.055328
0.928571,0.982262,4550,101307.307051,8.306588,0.041895
0.928571,0.987330,4551,101307.314549,8.286799,0.028951
0.928571,0.992398,4552,101307.319252,8.173032,0.015014
0.928571,0.997466,4553,101307.321656,7.961972,0.004367
0.948980,0.501847,4554,101283.383658,9.463916,1.117147
0.948980,0.506904,4555,101285.148722,9.900331,0.072342
0.948980,0.511961,4556,101285.541177,9.921181,0.647660
0.948980,0.517019,4557,101286.589916,9.869117,0.491083
0.948980,0.522076,4558,101287.320093,9.829006,0.576787
0.948980,0.527134,4559,101288.086086,9.771463,0.603822
0.948980,0.532191,4560,101288.806079,9.725611,0.625016
0.948980,0.537248,4561,101289.485406,9.676613,0.654378
0.948980,0.542306,4562,101290.139351,9.631482,0.672762
0.948980,0.547363,4563,101290.760372,9.587060,0.692903
0.948980,0.552421,4564,101291.355916,9.544560,0.708689
0.948980,0.557478,4565,101291.925341,9.503407,0.723156
0.948980,0.562535,4566,101292.471357,9.463732,0.735315
0.948980,0.567593,4567,101292.995044,9.425401,0.745788
0.948980,0.572650,4568,101293.497913,9.388380,0.754551
0.948980,0.577708,4569,101293.981132,9.352605,0.761803
0.948980,0.582765,4570,101294.445841,9.318027,0.767642
0.948980,0.587822,4571,101294.893052,9.284594,0.772188
0.948980,0.592880,4572,101295.323704,9.252260,0.775540
0.948980,0.597937,4573,101295.738658,9.220980,0.777790
0.948980,0.602994,4574,101296.138705,9.190712,0.779022
0.948980,0.608052,4575,101296.524580,9.161415,0.779313
0.948980,0.613109,4576,101296.896960,9.133051,0.778733
0.948980,0.618167,4577,101297.256475,9.105584,0.777346
0.948980,0.623224,4578,101297.603712,9.078979,0.775212
0.948980,0.628281,4579,101297.939217,9.053206,0.772385
0.948980,0.633339,4580,101298.263501,9.028232,0.768914
0.948980,0.638396,4581,101298.577040,9.004028,0.764845
0.948980,0.643454,4582,101298.880281,8.980566,0.760221
0.948980,0.648511,4583,101299.173645,8.957820,0.755080
0.948980,0.653568,4584,101299.457525,8.935765,0.749458
0.948980,0.658626,4585,101299.732293,8.914379,0.743389
0.948980,0.663683,4586,101299.998299,8.893639,0.736903
0.948980,0.668741,4587,101300.255871,8.873523,0.730028
0.948980,0.673798,4588,101300.505322,8.854012,0.722792
0.948980,0.678855,4589,101300.746946,8.835087,0.715217
0.948980,0.683913,4590,101300.981021,8.816727,0.707328
0.948980,0.688970,4591,101301.207811,8.798917,0.699144
0.948980,0.694028,4592,101301.427566,8.781640,0.690686
0.948980,0.699085,4593,101301.640523,8.764878,0.681971
0.948980,0.704142,4594,101301.846908,8.748617,0.673017
0.948980,0.709200,4595,101302.046933,8.732842,0.663839
0.948980,0.714257,4596,101302.240802,8.717540,0.654451
0.948980,0.719315,4597,101302.428708,8.702696,0.644868
0.948980,0.724372,4598,101302.610836,8.688299,0.635101
0.948980,0.729429,4599,101302.787359,8.674336,0.625164
0.948980,0.734487,4600,101302.958446,8.660795,0.615066
0.948980,0.739544,4601,101303.124255,8.647667,0.604819
0.948980,0.744602,4602,101303.284937,8.634940,0.594432
0.948980,0.749659,4603,101303.440638,8.622604,0.583913
0.948980,0.754716,4604,101303.591494,8.610649,0.573272
0.948980,0.759774,4605,101303.737638,8.599067,0.562516
0.948980,0.764831,4606,101303.879196,8.587848,0.551653
0.948980,0.769889,4607,101304.016287,8.576983,0.540689
0.948980,0.774946,4608,101304.149027,8.566465,0.529631
0.948980,0.780003,4609,101304.277523,8.556285,0.518485
0.948980,0.785061,4610,101304.401883,8.546435,0.507256
0.948980,0.790118,4611,101304.522205,8.536910,0.495950
0.948980,0.795176,4612,101304.638584,8.527701,0.484572
0.948980,0.800233,4613,101304.751113,8.518801,0.473126
0.948980,0.805290,4614,101304.859879,8.510205,0.461617
0.948980,0.810348,4615,101304.964965,8.501906,0.450049
0.948980,0.815405,4616,101305.066450,8.493897,0.438426
0.948980,0.820462,4617,101305.164412,8.486175,0.426750
0.948980,0.825520,4618,101305.258922,8.478732,0.415027
0.948980,0.830577,4619,101305.350051,8.471564,0.403257
0.948980,0.835635,4620,101305.437865,8.464666,0.391446
0.948980,0.840692,4621,101305.522427,8.458033,0.379595
0.948980,0.845749,4622,101305.603797,8.451661,0.367707
0.948980,0.850807,4623,101305.682034,8.445546,0.355784
0.948980,0.855864,4624,101305.757193,8.439682,0.343828
0.948980,0.860922,4625,101305.829325,8.434067,0.331843
0.948980,0.865979,4626,101305.898481,8.428696,0.319829
0.948980,0.871036,4627,101305.964709,8.423566,0.307789
0.948980,0.876094,4628,101306.028053,8.418673,0.295725
0.948980,0.881151,4629,101306.088557,8.414014,0.283637
0.948980,0.886209,4630,101306.146261,8.409585,0.271528
0.948980,0.891266,4631,101306.201204,8.405384,0.259399
0.948980,0.896323,4632,101306.253423,8.401408,0.247252
0.948980,0.901381,4633,101306.302951,8.397654,0.235087
0.948980,0.906438,4634,101306.349823,8.394120,0.222905
0.948980,0.911496,4635,101306.394067,8.390803,0.210709
0.948980,0.916553,4636,101306.435713,8.387700,0.198499
0.948980,0.921610,4637,101306.474788,8.384810,0.186276
0.948980,0.926668,4638,101306.511318,8.382130,0.174041
0.948980,0.931725,4639,101306.545326,8.379660,0.161795
0.948980,0.936783,4640,101306.576833,8.377395,0.149539
0.948980,0.941840,4641,101306.605859,8.375336,0.137272
0.948980,0.946897,4642,101306.632426,8.373479,0.124999
0.948980,0.951955,4643,101306.656543,8.371821,0.112712
0.948980,0.957012,4644,101306.678241,8.370352,0.100432
0.948980,0.962070,4645,101306.697503,8.369049,0.088113
0.948980,0.967127,4646,101306.714398,8.367834,0.075851
0.948980,0.972184,4647,101306.728837,8.366476,0.063463
0.948980,0.977242,4648,101306.740987,8.364182,0.051273
0.948980,0.982299,4649,101306.750604,8.358202,0.038720
0.948980,0.987357,4650,101306.758044,8.338621,0.026684
0.948980,0.992414,4651,101306.762735,8.220556,0.013687
0.948980,0.997471,4652,101306.765113,7.999081,0.003908
0.969388,0.502346,4653,101286.354042,9.183467,0.868972
0.969388,0.507398,4654,101287.742620,9.663207,-0.153964
0.969388,0.512450,4655,101287.871002,9.721026,0.454497
0.969388,0.517503,4656,101288.699007,9.693012,0.279099
0.969388,0.522555,4657,101289.203696,9.670565,0.383988
0.969388,0.527607,4658,101289.779954,9.630462,0.410589
0.969388,0.532660,4659,101290.321616,9.598439,0.439855
0.969388,0.537712,4660,101290.841864,9.563081,0.473200
0.969388,0.542764,4661,101291.349848,9.529837,0.497265
0.969388,0.547817,4662,101291.838666,9.496515,0.522057
0.969388,0.552869,4663,101292.313345,9.464064,0.542773
0.969388,0.557921,4664,101292.772558,9.432158,0.561855
0.969388,0.562974,4665,101293.217727,9.400951,0.578581
0.969388,0.568026,4666,101293.649088,9.370406,0.593465
0.969388,0.573078,4667,101294.067276,9.340548,0.606532
0.969388,0.578131,4668,101294.472736,9.311372,0.617963
0.969388,0.583183,4669,101294.865941,9.282881,0.627868
0.969388,0.588235,4670,101295.247319,9.255069,0.636366
0.969388,0.593288,4671,101295.617284,9.227933,0.643558
0.969388,0.598340,4672,101295.976227,9.201463,0.649539
0.969388,0.603392,4673,101296.324522,9.175652,0.654396
0.969388,0.608445,4674,101296.662527,9.150489,0.658209
0.969388,0.613497,4675,101296.990583,9.125964,0.661049
0.969388,0.618549,4676,101297.309018,9.102062,0.662985
0.969388,0.623602,4677,101297.618143,9.078774,0.664078
0.969388,0.628654,4678,101297.918259,9.056087,0.664385
0.969388,0.633706,4679,101298.209653,9.033988,0.663958
0.969388,0.638759,4680,101298.492601,9.012464,0.662846
0.969388,0.643811,4681,101298.767368,8.991502,0.661094
0.969388,0.648863,4682,101299.034207,8.971090,0.658744
0.969388,0.653916,4683,101299.293362,8.951214,0.655834
0.969388,0.658968,4684,101299.545066,8.931865,0.652400
0.969388,0.664020,4685,101299.789543,8.913029,0.648475
0.969388,0.669073,4686,101300.027010,8.894694,0.644090
0.969388,0.674125,4687,101300.257672,8.876851,0.639274
0.969388,0.679177,4688,101300.481729,8.859487,0.634054
0.969388,0.684230,4689,101300.699371,8.842591,0.628454
0.969388,0.689282,4690,101300.910782,8.826152,0.622498
0.969388,0.694334,4691,101301.116137,8.810160,0.616208
0.969388,0.699387,4692,101301.315605,8.794605,0.609604
0.969388,0.704439,4693,101301.509349,8.779477,0.602705
0.969388,0.709491,4694,101301.697525,8.764765,0.595528
0.969388,0.714544,4695,101301.880282,8.750460,0.588091
0.969388,0.719596,4696,101302.057764,8.736554,0.580408
0.969388,0.724648,4697,101302.230110,8.723038,0.572494
0.969388,0.729701,4698,101302.397453,8.709903,0.564363
0.969388,0.734753,4699,101302.559920,8.697142,0.556027
0.969388,0.739805,4700,101302.717634,8.684745,0.547499
0.969388,0.744857,4701,101302.870714,8.672707,0.538790
0.969388,0.749910,4702,101303.019271,8.661018,0.529910
0.969388,0.754962,4703,101303.163416,8.649673,0.520869
0.969388,0.760014,4704,101303.303253,8.638665,0.511676
0.969388,0.765067,4705,101303.438883,8.627985,0.502341
0.969388,0.770119,4706,101303.570402,8.617629,0.492871
0.969388,0.775171,4707,101303.697903,8.607589,0.483274
0.969388,0.780224,4708,101303.821475,8.597859,0.473557
0.969388,0.785276,4709,101303.941205,8.588434,0.463728
0.969388,0.790328,4710,101304.057174,8.579308,0.453793
0.969388,0.795381,4711,101304.169461,8.570475,0.443757
0.969388,0.800433,4712,101304.278142,8.561930,0.433627
0.969388,0.805485,4713,101304.383291,8.553668,0.423407
0.969388,0.810538,4714,101304.484976,8.545683,0.413104
0.969388,0.815590,4715,101304.583266,8.537971,0.402721
0.969388,0.820642,4716,101304.678224,8.530528,0.392264
0.969388,0.825695,4717,101304.769912,8.523348,0.381736
0.969388,0.830747,4718,101304.858390,8.516427,0.371141
0.969388,0.835799,4719,101304.943713,8.509763,0.360484
0.969388,0.840852,4720,101305.025937,8.503349,0.349768
0.969388,0.845904,4721,101305.105113,8.497184,0.338997
0.969388,0.850956,4722,101305.181292,8.491262,0.328173
0.969388,0.856009,4723,101305.254519,8.485582,0.317299
0.969388,0.861061,4724,101305.324842,8.480139,0.306380
0.969388,0.866113,4725,101305.392302,8.474930,0.295416
0.969388,0.871166,4726,101305.456942,8.469952,0.284411
0.969388,0.876218,4727,101305.518802,8.465202,0.273368
0.969388,0.881270,4728,101305.577918,8.460677,0.262288
0.969388,0.886323,4729,101305.634325,8.456374,0.251174
0.969388,0.891375,4730,101305.688059,8.452292,0.240027
0.969388,0.896427,4731,101305.739151,8.448427,0.228851
0.969388,0.901480,4732,101305.787632,8.444776,0.217646
0.969388,0.906532,4733,101305.833530,8.441339,0.206415
0.969388,0.911584,4734,101305.876872,8.438112,0.195159
0.969388,0.916637,4735,101305.917684,8.435094,0.183880
0.969388,0.921689,4736,101305.955990,8.432283,0.172580
0.969388,0.926741,4737,101305.991812,8.429677,0.161259
0.969388,0.931794,4738,101306.025171,8.427273,0.149920
0.969388,0.936846,4739,101306.056087,8.425072,0.138564
0.969388,0.941898,4740,101306.084576,8.423071,0.127191
0.969388,0.946951,4741,101306.110658,8.421267,0.115806
0.969388,0.952003,4742,101306.134341,8.419658,0.104400
0.969388,0.957055,4743,101306.155655,8.418233,0.092999
0.969388,0.962108,4744,101306.174580,8.416972,0.081551
0.969388,0.967160,4745,101306.191185,8.415797,0.070161
0.969388,0.972212,4746,101306.205379,8.414480,0.058636
0.969388,0.977265,4747,101306.217332,8.412242,0.047314
0.969388,0.982317,4748,101306.226791,8.406339,0.035619
0.969388,0.987369,4749,101306.234126,8.386972,0.024459
0.969388,0.992422,4750,101306.238786,8.264699,0.012380
0.969388,0.997474,4751,101306.241138,8.032750,0.003457
0.989796,0.502505,4752,101289.432338,8.901980,0.690776
0.989796,0.507555,4753,101290.397337,9.427556,-0.275206
0.989796,0.512606,4754,101290.284963,9.519490,0.340484
0.989796,0.517657,4755,101290.884837,9.514106,0.141192
0.989796,0.522708,4756,101291.166220,9.508844,0.258379
0.989796,0.527758,4757,101291.555567,9.484705,0.278010
0.989796,0.532809,4758,101291.921620,9.465829,0.309669
0.989796,0.537860,4759,101292.285439,9.443162,0.342301
0.989796,0.542910,4760,101292.650081,9.421155,0.367531
0.989796,0.547961,4761,101293.008827,9.398316,0.393164
0.989796,0.553012,4762,101293.364465,9.375436,0.415285
0.989796,0.558063,4763,101293.714841,9.352380,0.435870
0.989796,0.563113,4764,101294.060153,9.329332,0.454337
0.989796,0.568164,4765,101294.399792,9.306336,0.471092
0.989796,0.573215,4766,101294.733560,9.283466,0.486157
0.989796,0.578265,4767,101295.061207,9.260770,0.499679
0.989796,0.583316,4768,101295.382577,9.238295,0.511750
0.989796,0.588367,4769,101295.697549,9.216074,0.522468
0.989796,0.593418,4770,101296.006044,9.194139,0.531921
0.989796,0.598468,4771,101296.308017,9.172514,0.540189
0.989796,0.603519,4772,101296.603453,9.151218,0.547348
0.989796,0.608570,4773,101296.892358,9.130268,0.553468
0.989796,0.613620,4774,101297.174759,9.109675,0.558614
0.989796,0.618671,4775,101297.450700,9.089450,0.562846
0.989796,0.623722,4776,101297.720239,9.069599,0.566220
0.989796,0.628773,4777,101297.983445,9.050128,0.568789
0.989796,0.633823,4778,101298.240396,9.031041,0.570601
0.989796,0.638874,4779,101298.491179,9.012339,0.571701
0.989796,0.643925,4780,101298.735884,8.994023,0.572132
0.989796,0.648975,4781,101298.974608,8.976093,0.571932
0.989796,0.654026,4782,101299.207452,8.958547,0.571141
0.989796,0.659077,4783,101299.434517,8.941385,0.569790
0.989796,0.664128,4784,101299.655908,8.924605,0.567914
0.989796,0.669178,4785,101299.871730,8.908203,0.565542
0.989796,0.674229,4786,101300.082090,8.892176,0.562703
0.989796,0.679280,4787,101300.287093,8.876521,0.559424
0.989796,0.684330,4788,101300.486844,8.861233,0.555728
0.989796,0.689381,4789,101300.681448,8.846309,0.551640
0.989796,0.694432,4790,101300.871008,8.831744,0.547181
0.989796,0.699483,4791,101301.055626,8.817533,0.542373
0.989796,0.704533,4792,101301.235403,8.803672,0.537234
0.989796,0.709584,4793,101301.410438,8.790154,0.531783
0.989796,0.714635,4794,101301.580827,8.776976,0.526037
0.989796,0.719685,4795,101301.746664,8.764133,0.520012
0.989796,0.724736,4796,101301.908044,8.751620,0.513723
0.989796,0.729787,4797,101302.065056,8.739432,0.507185
0.989796,0.734838,4798,101302.217788,8.727564,0.500410
0.989796,0.739888,4799,101302.366328,8.716011,0.493412
0.989796,0.744939,4800,101302.510758,8.704769,0.486203
0.989796,0.749990,4801,101302.651160,8.693834,0.478795
0.989796,0.755040,4802,101302.787614,8.683200,0.471196
0.989796,0.760091,4803,101302.920196,8.672864,0.463419
0.989796,0.765142,4804,101303.048983,8.662820,0.455472
0.989796,0.770193,4805,101303.174045,8.653064,0.447364
0.989796,0.775243,4806,101303.295454,8.643592,0.439104
0.989796,0.780294,4807,101303.413278,8.634400,0.430700
0.989796,0.785345,4808,101303.527582,8.625482,0.422159
0.989796,0.790395,4809,101303.638431,8.616836,0.413489
0.989796,0.795446,4810,101303.745886,8.608458,0.404696
0.989796,0.800497,4811,101303.850008,8.600342,0.395787
0.989796,0.805548,4812,101303.950854,8.592486,0.386768
0.989796,0.810598,4813,101304.048479,8.584885,0.377645
0.989796,0.815649,4814,101304.142937,8.577537,0.368423
0.989796,0.820700,4815,101304.234281,8.570437,0.359108
0.989796,0.825750,4816,101304.322560,8.563582,0.349704
0.989796,0.830801,4817,101304.407823,8.556969,0.340216
0.989796,0.835852,4818,101304.490115,8.550594,0.330649
0.989796,0.840903,4819,101304.569482,8.544456,0.321007
0.989796,0.845953,4820,101304.645966,8.538550,0.311293
0.989796,0.851004,4821,101304.719609,8.532873,0.301512
0.989796,0.856055,4822,101304.790449,8.527424,0.291668
0.989796,0.861105,4823,101304.858525,8.522200,0.281763
0.989796,0.866156,4824,101304.923873,8.517197,0.271801
0.989796,0.871207,4825,101304.986528,8.512414,0.261785
0.989796,0.876258,4826,101305.046523,8.507847,0.251719
0.989796,0.881308,4827,101305.103890,8.503495,0.241604
0.989796,0.886359,4828,101305.158658,8.499355,0.231445
0.989796,0.891410,4829,101305.210857,8.495426,0.221243
0.989796,0.896460,4830,101305.260514,8.491705,0.211000
0.989796,0.901511,4831,101305.307655,8.488190,0.200720
0.989796,0.906562,4832,101305.352304,8.484879,0.190405
0.989796,0.911613,4833,101305.394485,8.481771,0.180057
0.989796,0.916663,4834,101305.434219,8.478863,0.169677
0.989796,0.921714,4835,101305.471527,8.476156,0.159269
0.989796,0.926765,4836,101305.506428,8.473646,0.148833
0.989796,0.931815,4837,101305.538940,8.471332,0.138372
0.989796,0.936866,4838,101305.569081,8.469213,0.127889
0.989796,0.941917,4839,101305.596864,8.467288,0.117382
0.989796,0.946968,4840,101305.622306,8.465555,0.106859
0.989796,0.952018,4841,101305.645414,8.464010,0.096310
0.989796,0.957069,4842,101305.666216,8.462644,0.085762
0.989796,0.962120,4843,101305.684689,8.461437,0.075161
0.989796,0.967170,4844,101305.700903,8.460312,0.064619
0.989796,0.972221,4845,101305.714762,8.459048,0.053933
0.989796,0.977272,4846,101305.726441,8.456871,0.043457
0.989796,0.982323,4847,101305.735682,8.451051,0.032597
0.989796,0.987373,4848,101305.742853,8.431891,0.022281
0.989796,0.992424,4849,101305.747452,8.305431,0.011093
0.989796,0.997475,4850,101305.749773,8.062968,0.003013
1.010204,0.502525,4851,101292.178699,8.668504,0.581389
1.010204,0.507576,4852,101292.751394,9.233046,-0.308843
1.010204,0.512626,4853,101292.470219,9.347888,0.295800
1.010204,0.517677,4854,101292.879710,9.358653,0.064741
1.010204,0.522727,4855,101292.975368,9.365927,0.191671
1.010204,0.527778,4856,101293.213044,9.353148,0.197447
1.010204,0.532828,4857,101293.432012,9.344250,0.227586
1.010204,0.537879,4858,101293.664608,9.331254,0.255685
1.010204,0.542929,4859,101293.907610,9.318097,0.278492
1.010204,0.547980,4860,101294.154734,9.303661,0.301962
1.010204,0.553030,4861,101294.407181,9.288618,0.322655
1.010204,0.558081,4862,101294.662172,9.272936,0.342235
1.010204,0.563131,4863,101294.919068,9.256802,0.360136
1.010204,0.568182,4864,101295.176659,9.240300,0.376664
1.010204,0.573232,4865,101295.434168,9.223530,0.391805
1.010204,0.578283,4866,101295.690850,9.206566,0.405655
1.010204,0.583333,4867,101295.946104,9.189479,0.418268
1.010204,0.588384,4868,101296.199413,9.172325,0.429712
1.010204,0.593434,4869,101296.450344,9.155156,0.440045
1.010204,0.598485,4870,101296.698529,9.138016,0.449324
1.010204,0.603535,4871,101296.943664,9.120942,0.457604
1.010204,0.608586,4872,101297.185492,9.103968,0.464937
1.010204,0.613636,4873,101297.423800,9.087121,0.471373
1.010204,0.618687,4874,101297.658416,9.070425,0.476958
1.010204,0.623737,4875,101297.889197,9.053902,0.481736
1.010204,0.628788,4876,101298.116031,9.037569,0.485750
1.010204,0.633838,4877,101298.338829,9.021442,0.489040
1.010204,0.638889,4878,101298.557522,9.005534,0.491643
1.010204,0.643939,4879,101298.772063,8.989856,0.493596
1.010204,0.648990,4880,101298.982417,8.974415,0.494930
1.010204,0.654040,4881,101299.188565,8.959222,0.495680
1.010204,0.659091,4882,101299.390498,8.944282,0.495875
1.010204,0.664141,4883,101299.588219,8.929602,0.495543
1.010204,0.669192,4884,101299.781739,8.915185,0.494712
1.010204,0.674242,4885,101299.971076,8.901036,0.493408
1.010204,0.679293,4886,101300.156255,8.887157,0.491654
1.010204,0.684343,4887,101300.337306,8.873550,0.489473
1.010204,0.689394,4888,101300.514263,8.860216,0.486888
1.010204,0.694444,4889,101300.687165,8.847156,0.483918
1.010204,0.699495,4890,101300.856053,8.834370,0.480584
1.010204,0.704545,4891,101301.020973,8.821858,0.476903
1.010204,0.709596,4892,101301.181970,8.809619,0.472894
1.010204,0.714646,4893,101301.339092,8.797653,0.468572
1.010204,0.719697,4894,101301.492388,8.785958,0.463953
1.010204,0.724747,4895,101301.641909,8.774532,0.459052
1.010204,0.729798,4896,101301.787706,8.763375,0.453883
1.010204,0.734848,4897,101301.929829,8.752485,0.448459
1.010204,0.739899,4898,101302.068331,8.741860,0.442793
1.010204,0.744949,4899,101302.203262,8.731498,0.436898
1.010204,0.750000,4900,101302.334674,8.721397,0.430783
1.010204,0.755051,4901,101302.462618,8.711555,0.424461
1.010204,0.760101,4902,101302.587145,8.701969,0.417941
1.010204,0.765152,4903,101302.708303,8.692637,0.411234
1.010204,0.770202,4904,101302.826143,8.683558,0.404347
1.010204,0.775253,4905,101302.940712,8.674727,0.397291
1.010204,0.780303,4906,101303.052058,8.666144,0.390073
1.010204,0.785354,4907,101303.160228,8.657805,0.382702
1.010204,0.790404,4908,101303.265268,8.649707,0.375184
1.010204,0.795455,4909,101303.367221,8.641849,0.367528
1.010204,0.800505,4910,101303.466132,8.634228,0.359739
1.010204,0.805556,4911,101303.562044,8.626841,0.351825
1.010204,0.810606,4912,101303.654997,8.619686,0.343792
1.010204,0.815657,4913,101303.745033,8.612760,0.335644
1.010204,0.820707,4914,101303.832190,8.606061,0.327389
1.010204,0.825758,4915,101303.916506,8.599587,0.319032
1.010204,0.830808,4916,101303.998019,8.593334,0.310577
1.010204,0.835859,4917,101304.076765,8.587302,0.302029
1.010204,0.840909,4918,101304.152777,8.581488,0.293393
1.010204,0.845960,4919,101304.226090,8.575890,0.284674
1.010204,0.851010,4920,101304.296737,8.570505,0.275876
1.010204,0.856061,4921,101304.364747,8.565332,0.267002
1.010204,0.861111,4922,101304.430152,8.560369,0.258057
1.010204,0.866162,4923,101304.492981,8.555614,0.249045
1.010204,0.871212,4924,101304.553260,8.551065,0.239968
1.010204,0.876263,4925,101304.611018,8.546719,0.230831
1.010204,0.881313,4926,101304.666279,8.542576,0.221637
1.010204,0.886364,4927,101304.719068,8.538634,0.212388
1.010204,0.891414,4928,101304.769409,8.534890,0.203088
1.010204,0.896465,4929,101304.817323,8.531344,0.193740
1.010204,0.901515,4930,101304.862832,8.527993,0.184347
1.010204,0.906566,4931,101304.905956,8.524837,0.174910
1.010204,0.911616,4932,101304.946715,8.521874,0.165434
1.010204,0.916667,4933,101304.985125,8.519103,0.155920
1.010204,0.921717,4934,101305.021205,8.516522,0.146370
1.010204,0.926768,4935,101305.054969,8.514130,0.136788
1.010204,0.931818,4936,101305.086433,8.511926,0.127175
1.010204,0.936869,4937,101305.115612,8.509909,0.117534
1.010204,0.941919,4938,101305.142515,8.508078,0.107865
1.010204,0.946970,4939,101305.167159,8.506430,0.098177
1.010204,0.952020,4940,101305.189546,8.504964,0.088456
1.010204,0.957071,4941,101305.209704,8.503670,0.078736
1.010204,0.962121,4942,101305.227605,8.502529,0.068957
1.010204,0.967172,4943,101305.243321,8.501465,0.059238
1.010204,0.972222,4944,101305.256751,8.500259,0.049366
1.010204,0.977273,4945,101305.268071,8.498151,0.039712
1.010204,0.982323,4946,101305.277020,8.492409,0.029665
1.010204,0.987374,4947,101305.283958,8.473438,0.020162
1.010204,0.992424,4948,101305.288444,8.342739,0.009831
1.010204,0.997475,4949,101305.290712,8.089725,0.002575
1.030612,0.502525,4950,101294.051773,8.502732,0.509922
1.030612,0.507576,4951,101294.415798,9.092461,-0.306290
1.030612,0.512626,4952,101294.108282,9.219389,0.277784
1.030612,0.517677,4953,101294.424237,9.239206,0.019954
1.030612,0.522727,4954,101294.418426,9.253045,0.158132
1.030612,0.527778,4955,101294.573686,9.246291,0.147935
1.030612,0.532828,4956,101294.700621,9.243266,0.176668
1.030612,0.537879,4957,101294.848597,9.236192,0.199037
1.030612,0.542929,4958,101295.008714,9.228778,0.218285
1.030612,0.547980,4959,101295.176758,9.220034,0.238439
1.030612,0.553030,4960,101295.353577,9.210511,0.256448
1.030612,0.558081,4961,101295.536534,9.200197,0.273802
1.030612,0.563131,4962,101295.724904,9.189247,0.289917
1.030612,0.568182,4963,101295.917408,9.177744,0.305033
1.030612,0.573232,4964,101296.113151,9.165779,0.319099
1.030612,0.578283,4965,101296.311264,9.153427,0.332168
1.030612,0.583333,4966,101296.511011,9.140757,0.344263
1.030612,0.588384,4967,101296.711735,9.127830,0.355417
1.030612,0.593434,4968,101296.912862,9.114701,0.365662
1.030612,0.598485,4969,101297.113887,9.101419,0.375032
1.030612,0.603535,4970,101297.314369,9.088027,0.383558
1.030612,0.608586,4971,101297.513921,9.074564,0.391274
1.030612,0.613636,4972,101297.712204,9.061064,0.398212
1.030612,0.618687,4973,101297.908923,9.047558,0.404404
1.030612,0.623737,4974,101298.103820,9.034072,0.409881
1.030612,0.628788,4975,101298.296673,9.020633,0.414673
1.030612,0.633838,4976,101298.487288,9.007260,0.418810
1.030612,0.638889,4977,101298.675499,8.993974,0.422318
1.030612,0.643939,4978,101298.861162,8.980791,0.425227
1.030612,0.648990,4979,101299.044155,8.967727,0.427562
1.030612,0.654040,4980,101299.224375,8.954794,0.429348
1.030612,0.659091,4981,101299.401735,8.942006,0.430610
1.030612,0.664141,4982,101299.576161,8.929373,0.431372
1.030612,0.669192,4983,101299.747594,8.916905,0.431655
1.030612,0.674242,4984,101299.915988,8.904610,0.431482
1.030612,0.679293,4985,101300.081302,8.892496,0.430872
1.030612,0.684343,4986,101300.243510,8.880568,0.429846
1.030612,0.689394,4987,101300.402589,8.868833,0.428422
1.030612,0.694444,4988,101300.558526,8.857295,0.426619
1.030612,0.699495,4989,101300.711314,8.845958,0.424453
1.030612,0.704545,4990,101300.860950,8.834825,0.421942
1.030612,0.709596,4991,101301.007438,8.823899,0.419100
1.030612,0.714646,4992,101301.150783,8.813183,0.415942
1.030612,0.719697,4993,101301.290996,8.802678,0.412484
1.030612,0.724747,4994,101301.428091,8.792386,0.408738
1.030612,0.729798,4995,101301.562084,8.782308,0.404718
1.030612,0.734848,4996,101301.692995,8.772446,0.400437
1.030612,0.739899,4997,101301.820844,8.762800,0.395905
1.030612,0.744949,4998,101301.945653,8.753370,0.391135
1.030612,0.750000,4999,101302.067446,8.744157,0.386137
1.030612,0.755051,5000,101302.186250,8.735160,0.380922
1.030612,0.760101,5001,101302.302089,8.726380,0.375499
1.030612,0.765152,5002,101302.414991,8.717816,0.369879
1.030612,0.770202,5003,101302.524983,8.709468,0.364069
1.030612,0.775253,5004,101302.632094,8.701334,0.358080
1.030612,0.780303,5005,101302.736352,8.693413,0.351918
1.030612,0.785354,5006,101302.837784,8.685706,0.345591
1.030612,0.790404,5007,101302.936421,8.678211,0.339109
1.030612,0.795455,5008,101303.032289,8.670926,0.332476
1.030612,0.800505,5009,101303.125419,8.663851,0.325701
1.030612,0.805556,5010,101303.215836,8.656984,0.318790
1.030612,0.810606,5011,101303.303570,8.650324,0.311749
1.030612,0.815657,5012,101303.388649,8.643869,0.304584
1.030612,0.820707,5013,101303.471098,8.637619,0.297302
1.030612,0.825758,5014,101303.550945,8.631571,0.289907
1.030612,0.830808,5015,101303.628215,8.625725,0.282404
1.030612,0.835859,5016,101303.702935,8.620079,0.274800
1.030612,0.840909,5017,101303.775129,8.614632,0.267098
1.030612,0.845960,5018,101303.844822,8.609383,0.259304
1.030612,0.851010,5019,101303.912037,8.604330,0.251422
1.030612,0.856061,5020,101303.976798,8.599472,0.243456
1.030612,0.861111,5021,101304.039126,8.594808,0.235410
1.030612,0.866162,5022,101304.099045,8.590337,0.227289
1.030612,0.871212,5023,101304.156573,8.586056,0.219095
1.030612,0.876263,5024,101304.211733,8.581966,0.210834
1.030612,0.881313,5025,101304.264543,8.578064,0.202508
1.030612,0.886364,5026,101304.315022,8.574349,0.194121
1.030612,0.891414,5027,101304.363188,8.570821,0.185676
1.030612,0.896465,5028,101304.409058,8.567478,0.177177
1.030612,0.901515,5029,101304.452649,8.564319,0.168626
1.030612,0.906566,5030,101304.493977,8.561343,0.160026
1.030612,0.911616,5031,101304.533055,8.558549,0.151381
1.030612,0.916667,5032,101304.569899,8.555936,0.142692
1.030612,0.921717,5033,101304.604521,8.553503,0.133964
1.030612,0.926768,5034,101304.636935,8.551249,0.125198
1.030612,0.931818,5035,101304.667151,8.549173,0.116397
1.030612,0.936869,5036,101304.695181,8.547275,0.107564
1.030612,0.941919,5037,101304.721034,8.545554,0.098699
1.030612,0.946970,5038,101304.744722,8.544007,0.089812
1.030612,0.952020,5039,101304.766245,8.542633,0.080889
1.030612,0.957071,5040,101304.785630,8.541423,0.071965
1.030612,0.962121,5041,101304.802845,8.540357,0.062976
1.030612,0.967172,5042,101304.817965,8.539362,0.054050
1.030612,0.972222,5043,101304.830881,8.538223,0.044963
1.030612,0.977273,5044,101304.841773,8.536184,0.036100
1.030612,0.982323,5045,101304.850381,8.530517,0.026840
1.030612,0.987374,5046,101304.857045,8.511710,0.018118
1.030612,0.992424,5047,101304.861376,8.376699,0.008607
1.030612,0.997475,5048,101304.863565,8.113094,0.002149
1.051020,0.502525,5049,101295.276334,8.381281,0.456699
1.051020,0.507576,5050,101295.541662,8.988742,-0.295691
1.051020,0.512626,5051,101295.270331,9.123499,0.264423
1.051020,0.517677,5052,101295.544931,9.149138,-0.011683
1.051020,0.522727,5053,101295.495861,9.166138,0.138740
1.051020,0.527778,5054,101295.618807,9.162267,0.113008
1.051020,0.532828,5055,101295.697500,9.162438,0.142337
1.051020,0.537879,5056,101295.800668,9.158644,0.159290
1.051020,0.542929,5057,101295.912562,9.154652,0.175498
1.051020,0.547980,5058,101296.032101,9.149458,0.192523
1.051020,0.553030,5059,101296.160167,9.143529,0.207829
1.051020,0.558081,5060,101296.294668,9.136843,0.222814
1.051020,0.563131,5061,101296.435221,9.129516,0.236872
1.051020,0.568182,5062,101296.580819,9.121609,0.250225
1.051020,0.573232,5063,101296.730766,9.113193,0.262798
1.051020,0.578283,5064,101296.884341,9.104329,0.274623
1.051020,0.583333,5065,101297.040907,9.095073,0.285702
1.051020,0.588384,5066,101297.199877,9.085477,0.296049
1.051020,0.593434,5067,101297.360716,9.075590,0.305677
1.051020,0.598485,5068,101297.522940,9.065454,0.314601
1.051020,0.603535,5069,101297.686106,9.055110,0.322840
1.051020,0.608586,5070,101297.849817,9.044595,0.330409
1.051020,0.613636,5071,101298.013713,9.033943,0.337329
1.051020,0.618687,5072,101298.177470,9.023183,0.343619
1.051020,0.623737,5073,101298.340795,9.012344,0.349297
1.051020,0.628788,5074,101298.503426,9.001451,0.354383
1.051020,0.633838,5075,101298.665128,8.990529,0.358898
1.051020,0.638889,5076,101298.825690,8.979597,0.362860
1.051020,0.643939,5077,101298.984924,8.968676,0.366289
1.051020,0.648990,5078,101299.142662,8.957783,0.369204
1.051020,0.654040,5079,101299.298755,8.946933,0.371623
1.051020,0.659091,5080,101299.453071,8.936143,0.373565
1.051020,0.664141,5081,101299.605493,8.925425,0.375048
1.051020,0.669192,5082,101299.755918,8.914792,0.376090
1.051020,0.674242,5083,101299.904255,8.904256,0.376707
1.051020,0.679293,5084,101300.050425,8.893827,0.376915
1.051020,0.684343,5085,101300.194360,8.883513,0.376731
1.051020,0.689394,5086,101300.336000,8.873322,0.376171
1.051020,0.694444,5087,101300.475295,8.863263,0.375249
1.051020,0.699495,5088,101300.612200,8.853342,0.373979
1.051020,0.704545,5089,101300.746680,8.843564,0.372377
1.051020,0.709596,5090,101300.878704,8.833935,0.370454
1.051020,0.714646,5091,101301.008248,8.824459,0.368224
1.051020,0.719697,5092,101301.135292,8.815142,0.365700
1.051020,0.724747,5093,101301.259820,8.805986,0.362894
1.051020,0.729798,5094,101301.381823,8.796995,0.359817
1.051020,0.734848,5095,101301.501292,8.788172,0.356481
1.051020,0.739899,5096,101301.618224,8.779520,0.352895
1.051020,0.744949,5097,101301.732616,8.771041,0.349072
1.051020,0.750000,5098,101301.844471,8.762737,0.345019
1.051020,0.755051,5099,101301.953792,8.754610,0.340748
1.051020,0.760101,5100,101302.060584,8.746662,0.336267
1.051020,0.765152,5101,101302.164856,8.738893,0.331585
1.051020,0.770202,5102,101302.266615,8.731305,0.326710
1.051020,0.775253,5103,101302.365871,8.723897,0.321651
1.051020,0.780303,5104,101302.462638,8.716672,0.316415
1.051020,0.785354,5105,101302.556926,8.709629,0.311010
1.051020,0.790404,5106,101302.648749,8.702768,0.305443
1.051020,0.795455,5107,101302.738122,8.696089,0.299722
1.051020,0.800505,5108,101302.825058,8.689593,0.293852
1.051020,0.805556,5109,101302.909573,8.683280,0.287840
1.051020,0.810606,5110,101302.991682,8.677148,0.281692
1.051020,0.815657,5111,101303.071401,8.671198,0.275415
1.051020,0.820707,5112,101303.148745,8.665429,0.269014
1.051020,0.825758,5113,101303.223731,8.659841,0.262494
1.051020,0.830808,5114,101303.296374,8.654433,0.255861
1.051020,0.835859,5115,101303.366691,8.649206,0.249120
1.051020,0.840909,5116,101303.434698,8.644157,0.242276
1.051020,0.845960,5117,101303.500409,8.639288,0.235333
1.051020,0.851010,5118,101303.563842,8.634597,0.228296
1.051020,0.856061,5119,101303.625010,8.630083,0.221169
1.051020,0.861111,5120,101303.683930,8.625747,0.213958
1.051020,0.866162,5121,101303.740616,8.621587,0.206665
1.051020,0.871212,5122,101303.795081,8.617602,0.199294
1.051020,0.876263,5123,101303.847341,8.613792,0.191851
1.051020,0.881313,5124,101303.897410,8.610156,0.184337
1.051020,0.886364,5125,101303.945299,8.606694,0.176758
1.051020,0.891414,5126,101303.991022,8.603404,0.169116
1.051020,0.896465,5127,101304.034591,8.600287,0.161414
1.051020,0.901515,5128,101304.076019,8.597340,0.153657
1.051020,0.906566,5129,101304.115316,8.594564,0.145846
1.051020,0.911616,5130,101304.152493,8.591959,0.137986
1.051020,0.916667,5131,101304.187560,8.589522,0.130079
1.051020,0.921717,5132,101304.220527,8.587254,0.122129
1.051020,0.926768,5133,101304.251404,8.585155,0.114137
1.051020,0.931818,5134,101304.280199,8.583223,0.106107
1.051020,0.936869,5135,101304.306920,8.581458,0.098043
1.051020,0.941919,5136,101304.331572,8.579858,0.089943
1.051020,0.946970,5137,101304.354169,8.578424,0.081819
1.051020,0.952020,5138,101304.374704,8.577153,0.073654
1.051020,0.957071,5139,101304.393206,8.576035,0.065490
1.051020,0.962121,5140,101304.409639,8.575054,0.057256
1.051020,0.967172,5141,101304.424078,8.574135,0.049087
1.051020,0.972222,5142,101304.436410,8.573067,0.040751
1.051020,0.977273,5143,101304.446816,8.571102,0.032643
1.051020,0.982323,5144,101304.455042,8.565503,0.024136
1.051020,0.987374,5145,101304.461404,8.546838,0.016160
1.051020,0.992424,5146,101304.465554,8.407437,0.007432
1.051020,0.997475,5147,101304.467645,8.133193,0.001741
1.071429,0.502525,5148,101296.181780,8.282996,0.414669
1.071429,0.507576,5149,101296.387588,8.905500,-0.283423
1.071429,0.512626,5150,101296.154852,9.047303,0.252390
1.071429,0.517677,5151,101296.398412,9.077814,-0.035392
1.071429,0.522727,5152,101296.327534,9.096675,0.126476
1.071429,0.527778,5153,101296.436289,9.094524,0.085985
1.071429,0.532828,5154,101296.485846,9.096756,0.117702
1.071429,0.537879,5155,101296.564159,9.094954,0.129530
1.071429,0.542929,5156,101296.646693,9.093169,0.143529
1.071429,0.547980,5157,101296.736030,9.090298,0.157880
1.071429,0.553030,5158,101296.832620,9.086785,0.170847
1.071429,0.558081,5159,101296.934840,9.082596,0.183713
1.071429,0.563131,5160,101297.042618,9.077817,0.195853
1.071429,0.568182,5161,101297.155202,9.072493,0.207494
1.071429,0.573232,5162,101297.272125,9.066679,0.218548
1.071429,0.578283,5163,101297.392856,9.060418,0.229040
1.071429,0.583333,5164,101297.516918,9.053755,0.238960
1.071429,0.588384,5165,101297.643855,9.046731,0.248312
1.071429,0.593434,5166,101297.773238,9.039385,0.257100
1.071429,0.598485,5167,101297.904666,9.031752,0.265329
1.071429,0.603535,5168,101298.037765,9.023866,0.273006
1.071429,0.608586,5169,101298.172186,9.015760,0.280141
1.071429,0.613636,5170,101298.307607,9.007461,0.286741
1.071429,0.618687,5171,101298.443729,8.998998,0.292819
1.071429,0.623737,5172,101298.580275,8.990396,0.298384
1.071429,0.628788,5173,101298.716991,8.981679,0.303449
1.071429,0.633838,5174,101298.853644,8.972869,0.308026
1.071429,0.638889,5175,101298.990019,8.963987,0.312128
1.071429,0.643939,5176,101299.125919,8.955051,0.315766
1.071429,0.648990,5177,101299.261165,8.946080,0.318956
1.071429,0.654040,5178,101299.395592,8.937090,0.321708
1.071429,0.659091,5179,101299.529052,8.928096,0.324037
1.071429,0.664141,5180,101299.661407,8.919113,0.325955
1.071429,0.669192,5181,101299.792535,8.910156,0.327475
1.071429,0.674242,5182,101299.922324,8.901235,0.328611
1.071429,0.679293,5183,101300.050672,8.892362,0.329374
1.071429,0.684343,5184,101300.177490,8.883549,0.329778
1.071429,0.689394,5185,101300.302694,8.874804,0.329834
1.071429,0.694444,5186,101300.426212,8.866136,0.329555
1.071429,0.699495,5187,101300.547977,8.857555,0.328951
1.071429,0.704545,5188,101300.667931,8.849066,0.328035
1.071429,0.709596,5189,101300.786022,8.840676,0.326818
1.071429,0.714646,5190,101300.902203,8.832393,0.325310
1.071429,0.719697,5191,101301.016434,8.824222,0.323521
1.071429,0.724747,5192,101301.128679,8.816168,0.321463
1.071429,0.729798,5193,101301.238908,8.808235,0.319145
1.071429,0.734848,5194,101301.347093,8.800430,0.316577
1.071429,0.739899,5195,101301.453211,8.792755,0.313767
1.071429,0.744949,5196,101301.557244,8.785214,0.310726
1.071429,0.750000,5197,101301.659174,8.777811,0.307462
1.071429,0.755051,5198,101301.758989,8.770549,0.303983
1.071429,0.760101,5199,101301.856678,8.763431,0.300298
1.071429,0.765152,5200,101301.952232,8.756459,0.296414
1.071429,0.770202,5201,101302.045646,8.749634,0.292340
1.071429,0.775253,5202,101302.136914,8.742960,0.288083
1.071429,0.780303,5203,101302.226035,8.736438,0.283649
1.071429,0.785354,5204,101302.313007,8.730069,0.279047
1.071429,0.790404,5205,101302.397832,8.723854,0.274282
1.071429,0.795455,5206,101302.480510,8.717795,0.269361
1.071429,0.800505,5207,101302.561045,8.711893,0.264290
1.071429,0.805556,5208,101302.639440,8.706148,0.259076
1.071429,0.810606,5209,101302.715700,8.700561,0.253725
1.071429,0.815657,5210,101302.789830,8.695132,0.248241
1.071429,0.820707,5211,101302.861837,8.689862,0.242631
1.071429,0.825758,5212,101302.931727,8.684752,0.236900
1.071429,0.830808,5213,101302.999506,8.679801,0.231052
1.071429,0.835859,5214,101303.065184,8.675009,0.225093
1.071429,0.840909,5215,101303.128766,8.670378,0.219028
1.071429,0.845960,5216,101303.190262,8.665907,0.212862
1.071429,0.851010,5217,101303.249679,8.661596,0.206598
1.071429,0.856061,5218,101303.307025,8.657445,0.200241
1.071429,0.861111,5219,101303.362310,8.653454,0.193796
1.071429,0.866162,5220,101303.415541,8.649623,0.187267
1.071429,0.871212,5221,101303.466727,8.645951,0.180656
1.071429,0.876263,5222,101303.515876,8.642439,0.173970
1.071429,0.881313,5223,101303.562997,8.639086,0.167210
1.071429,0.886364,5224,101303.608097,8.635892,0.160381
1.071429,0.891414,5225,101303.651184,8.632857,0.153486
1.071429,0.896465,5226,101303.692267,8.629980,0.146529
1.071429,0.901515,5227,101303.731352,8.627261,0.139513
1.071429,0.906566,5228,101303.768447,8.624700,0.132441
1.071429,0.911616,5229,101303.803559,8.622296,0.125317
1.071429,0.916667,5230,101303.836694,8.620049,0.118144
1.071429,0.921717,5231,101303.867859,8.617958,0.110924
1.071429,0.926768,5232,101303.897061,8.616024,0.103662
1.071429,0.931818,5233,101303.924303,8.614246,0.096358
1.071429,0.936869,5234,101303.949594,8.612624,0.089018
1.071429,0.941919,5235,101303.972935,8.611157,0.081640
1.071429,0.946970,5236,101303.994337,8.609843,0.074237
1.071429,0.952020,5237,101304.013791,8.608682,0.066791
1.071429,0.957071,5238,101304.031326,8.607665,0.059346
1.071429,0.962121,5239,101304.046901,8.606773,0.051825
1.071429,0.967172,5240,101304.060593,8.605936,0.044375
1.071429,0.972222,5241,101304.072286,8.604942,0.036749
1.071429,0.977273,5242,101304.082160,8.603051,0.029357
1.071429,0.982323,5243,101304.089966,8.597517,0.021566
1.071429,0.987374,5244,101304.096001,8.578972,0.014297
1.071429,0.992424,5245,101304.099949,8.435102,0.006311
1.071429,0.997475,5246,101304.101932,8.150165,0.001352
1.091837,0.502525,5247,101296.905382,8.199622,0.380510
1.091837,0.507576,5248,101297.070058,8.835801,-0.270800
1.091837,0.512626,5249,101296.868735,8.984501,0.241654
1.091837,0.517677,5250,101297.084259,9.019307,-0.052956
1.091837,0.522727,5251,101297.000618,9.039366,0.118736
1.091837,0.527778,5252,101297.100425,9.038464,0.064502
1.091837,0.532828,5253,101297.128483,9.042218,0.099860
1.091837,0.537879,5254,101297.190740,9.041754,0.106600
1.091837,0.542929,5255,101297.252637,9.041553,0.119137
1.091837,0.547980,5256,101297.321122,9.040324,0.131147
1.091837,0.553030,5257,101297.395618,9.038545,0.142134
1.091837,0.558081,5258,101297.474930,9.036164,0.153156
1.091837,0.563131,5259,101297.559156,9.033252,0.163589
1.091837,0.568182,5260,101297.647693,9.029843,0.173674
1.091837,0.573232,5261,101297.740234,9.025978,0.183310
1.091837,0.578283,5262,101297.836384,9.021692,0.192521
1.091837,0.583333,5263,101297.935792,9.017019,0.201291
1.091837,0.588384,5264,101298.038109,9.011991,0.209620
1.091837,0.593434,5265,101298.143005,9.006639,0.217505
1.091837,0.598485,5266,101298.250163,9.000991,0.224948
1.091837,0.603535,5267,101298.359282,8.995076,0.231948
1.091837,0.608586,5268,101298.470075,8.988919,0.238509
1.091837,0.613636,5269,101298.582271,8.982546,0.244635
1.091837,0.618687,5270,101298.695615,8.975979,0.250331
1.091837,0.623737,5271,101298.809867,8.969241,0.255602
1.091837,0.628788,5272,101298.924800,8.962353,0.260454
1.091837,0.633838,5273,101299.040202,8.955334,0.264894
1.091837,0.638889,5274,101299.155875,8.948204,0.268931
1.091837,0.643939,5275,101299.271635,8.940979,0.272572
1.091837,0.648990,5276,101299.387309,8.933677,0.275825
1.091837,0.654040,5277,101299.502736,8.926313,0.278699
1.091837,0.659091,5278,101299.617770,8.918901,0.281203
1.091837,0.664141,5279,101299.732270,8.911457,0.283347
1.091837,0.669192,5280,101299.846110,8.903994,0.285138
1.091837,0.674242,5281,101299.959173,8.896523,0.286587
1.091837,0.679293,5282,101300.071348,8.889058,0.287703
1.091837,0.684343,5283,101300.182537,8.881608,0.288495
1.091837,0.689394,5284,101300.292647,8.874185,0.288972
1.091837,0.694444,5285,101300.401593,8.866796,0.289144
1.091837,0.699495,5286,101300.509299,8.859452,0.289019
1.091837,0.704545,5287,101300.615693,8.852160,0.288608
1.091837,0.709596,5288,101300.720711,8.844928,0.287917
1.091837,0.714646,5289,101300.824293,8.837762,0.286958
1.091837,0.719697,5290,101300.926386,8.830671,0.285737
1.091837,0.724747,5291,101301.026942,8.823659,0.284263
1.091837,0.729798,5292,101301.125916,8.816733,0.282545
1.091837,0.734848,5293,101301.223269,8.809898,0.280591
1.091837,0.739899,5294,101301.318964,8.803159,0.278409
1.091837,0.744949,5295,101301.412970,8.796520,0.276006
1.091837,0.750000,5296,101301.505258,8.789987,0.273390
1.091837,0.755051,5297,101301.595802,8.783564,0.270569
1.091837,0.760101,5298,101301.684579,8.777253,0.267548
1.091837,0.765152,5299,101301.771570,8.771058,0.264337
1.091837,0.770202,5300,101301.856757,8.764982,0.260941
1.091837,0.775253,5301,101301.940124,8.759028,0.257367
1.091837,0.780303,5302,101302.021659,8.753199,0.253621
1.091837,0.785354,5303,101302.101349,8.747497,0.249710
1.091837,0.790404,5304,101302.179185,8.741923,0.245640
1.091837,0.795455,5305,101302.255158,8.736480,0.241417
1.091837,0.800505,5306,101302.329264,8.731170,0.237046
1.091837,0.805556,5307,101302.401494,8.725993,0.232533
1.091837,0.810606,5308,101302.471847,8.720952,0.227884
1.091837,0.815657,5309,101302.540318,8.716048,0.223103
1.091837,0.820707,5310,101302.606905,8.711281,0.218197
1.091837,0.825758,5311,101302.671608,8.706652,0.213170
1.091837,0.830808,5312,101302.734425,8.702164,0.208026
1.091837,0.835859,5313,101302.795356,8.697815,0.202771
1.091837,0.840909,5314,101302.854403,8.693608,0.197409
1.091837,0.845960,5315,101302.911567,8.689543,0.191945
1.091837,0.851010,5316,101302.966850,8.685620,0.186383
1.091837,0.856061,5317,101303.020253,8.681840,0.180727
1.091837,0.861111,5318,101303.071780,8.678203,0.174981
1.091837,0.866162,5319,101303.121433,8.674710,0.169149
1.091837,0.871212,5320,101303.169215,8.671361,0.163236
1.091837,0.876263,5321,101303.215129,8.668156,0.157244
1.091837,0.881313,5322,101303.259180,8.665095,0.151178
1.091837,0.886364,5323,101303.301370,8.662179,0.145042
1.091837,0.891414,5324,101303.341703,8.659407,0.138838
1.091837,0.896465,5325,101303.380183,8.656779,0.132570
1.091837,0.901515,5326,101303.416813,8.654296,0.126242
1.091837,0.906566,5327,101303.451597,8.651957,0.119857
1.091837,0.911616,5328,101303.484538,8.649763,0.113418
1.091837,0.916667,5329,101303.515641,8.647713,0.106928
1.091837,0.921717,5330,101303.544907,8.645808,0.100391
1.091837,0.926768,5331,101303.572342,8.644047,0.093809
1.091837,0.931818,5332,101303.597946,8.642429,0.087185
1.091837,0.936869,5333,101303.621725,8.640956,0.080523
1.091837,0.941919,5334,101303.643679,8.639627,0.073822
1.091837,0.946970,5335,101303.663815,8.638440,0.067096
1.091837,0.952020,5336,101303.682124,8.637394,0.060325
1.091837,0.957071,5337,101303.698633,8.636481,0.053555
1.091837,0.962121,5338,101303.713298,8.635684,0.046706
1.091837,0.967172,5339,101303.726198,8.634931,0.039932
1.091837,0.972222,5340,101303.737212,8.634014,0.032975
1.091837,0.977273,5341,101303.746520,8.632198,0.026257
1.091837,0.982323,5342,101303.753880,8.626722,0.019140
1.091837,0.987374,5343,101303.759568,8.608276,0.012537
1.091837,0.992424,5344,101303.763299,8.459856,0.005251
1.091837,0.997475,5345,101303.765167,8.164170,0.000984
1.112245,0.502525,5346,101297.492274,8.127922,0.352080
1.112245,0.507576,5347,101297.627445,8.776829,-0.258556
1.112245,0.512626,5348,101297.452225,8.932308,0.231920
1.112245,0.517677,5349,101297.643832,8.970862,-0.066010
1.112245,0.522727,5350,101297.553924,8.991643,0.113770
1.112245,0.527778,5351,101297.647659,8.991694,0.047051
1.112245,0.532828,5352,101297.659479,8.996573,0.086893
1.112245,0.537879,5353,101297.711212,8.997010,0.088516
1.112245,0.542929,5354,101297.757808,8.997980,0.100292
1.112245,0.547980,5355,101297.811331,8.997932,0.110191
1.112245,0.553030,5356,101297.869623,8.997430,0.119532
1.112245,0.558081,5357,101297.932037,8.996391,0.128964
1.112245,0.563131,5358,101297.998738,8.994876,0.137902
1.112245,0.568182,5359,101298.069222,8.992914,0.146606
1.112245,0.573232,5360,101298.143299,8.990536,0.154960
1.112245,0.578283,5361,101298.220665,8.987769,0.162992
1.112245,0.583333,5362,101298.301060,8.984639,0.170683
1.112245,0.588384,5363,101298.384218,8.981174,0.178029
1.112245,0.593434,5364,101298.469885,8.977396,0.185027
1.112245,0.598485,5365,101298.557811,8.973329,0.191673
1.112245,0.603535,5366,101298.647758,8.968996,0.197965
1.112245,0.608586,5367,101298.739493,8.964419,0.203902
1.112245,0.613636,5368,101298.832796,8.959616,0.209486
1.112245,0.618687,5369,101298.927455,8.954609,0.214716
1.112245,0.623737,5370,101299.023266,8.949416,0.219596
1.112245,0.628788,5371,101299.120035,8.944054,0.224128
1.112245,0.633838,5372,101299.217581,8.938542,0.228315
1.112245,0.638889,5373,101299.315728,8.932896,0.232161
1.112245,0.643939,5374,101299.414311,8.927130,0.235671
1.112245,0.648990,5375,101299.513174,8.921260,0.238851
1.112245,0.654040,5376,101299.612171,8.915300,0.241705
1.112245,0.659091,5377,101299.711162,8.909265,0.244239
1.112245,0.664141,5378,101299.810018,8.903166,0.246459
1.112245,0.669192,5379,101299.908617,8.897018,0.248372
1.112245,0.674242,5380,101300.006842,8.890831,0.249984
1.112245,0.679293,5381,101300.104588,8.884618,0.251301
1.112245,0.684343,5382,101300.201755,8.878388,0.252330
1.112245,0.689394,5383,101300.298247,8.872153,0.253079
1.112245,0.694444,5384,101300.393979,8.865920,0.253553
1.112245,0.699495,5385,101300.488868,8.859700,0.253761
1.112245,0.704545,5386,101300.582841,8.853500,0.253708
1.112245,0.709596,5387,101300.675825,8.847329,0.253403
1.112245,0.714646,5388,101300.767756,8.841193,0.252850
1.112245,0.719697,5389,101300.858575,8.835100,0.252059
1.112245,0.724747,5390,101300.948224,8.829057,0.251034
1.112245,0.729798,5391,101301.036654,8.823069,0.249784
1.112245,0.734848,5392,101301.123816,8.817143,0.248314
1.112245,0.739899,5393,101301.209666,8.811284,0.246632
1.112245,0.744949,5394,101301.294165,8.805497,0.244743
1.112245,0.750000,5395,101301.377276,8.799788,0.242655
1.112245,0.755051,5396,101301.458965,8.794160,0.240372
1.112245,0.760101,5397,101301.539201,8.788619,0.237902
1.112245,0.765152,5398,101301.617956,8.783168,0.235251
1.112245,0.770202,5399,101301.695204,8.777811,0.232424
1.112245,0.775253,5400,101301.770922,8.772550,0.229427
1.112245,0.780303,5401,101301.845088,8.767391,0.226266
1.112245,0.785354,5402,101301.917685,8.762334,0.222947
1.112245,0.790404,5403,101301.988693,8.757383,0.219474
1.112245,0.795455,5404,101302.058098,8.752540,0.215854
1.112245,0.800505,5405,101302.125886,8.747808,0.212090
1.112245,0.805556,5406,101302.192045,8.743188,0.208189
1.112245,0.810606,5407,101302.256563,8.738683,0.204156
1.112245,0.815657,5408,101302.319430,8.734294,0.199994
1.112245,0.820707,5409,101302.380637,8.730024,0.195710
1.112245,0.825758,5410,101302.440178,8.725872,0.191307
1.112245,0.830808,5411,101302.498046,8.721842,0.186790
1.112245,0.835859,5412,101302.554234,8.717933,0.182163
1.112245,0.840909,5413,101302.608738,8.714148,0.177431
1.112245,0.845960,5414,101302.661554,8.710487,0.172598
1.112245,0.851010,5415,101302.712678,8.706952,0.167668
1.112245,0.856061,5416,101302.762108,8.703544,0.162645
1.112245,0.861111,5417,101302.809840,8.700262,0.157533
1.112245,0.866162,5418,101302.855873,8.697109,0.152335
1.112245,0.871212,5419,101302.900206,8.694084,0.147056
1.112245,0.876263,5420,101302.942838,8.691188,0.141699
1.112245,0.881313,5421,101302.983767,8.688422,0.136268
1.112245,0.886364,5422,101303.022994,8.685786,0.130766
1.112245,0.891414,5423,101303.060519,8.683280,0.125197
1.112245,0.896465,5424,101303.096341,8.680905,0.119564
1.112245,0.901515,5425,101303.130460,8.678661,0.113870
1.112245,0.906566,5426,101303.162878,8.676549,0.108118
1.112245,0.911616,5427,101303.193594,8.674568,0.102312
1.112245,0.916667,5428,101303.222610,8.672719,0.096456
1.112245,0.921717,5429,101303.249926,8.671002,0.090551
1.112245,0.926768,5430,101303.275543,8.669417,0.084601
1.112245,0.931818,5431,101303.299461,8.667964,0.078608
1.112245,0.936869,5432,101303.321682,8.666643,0.072578
1.112245,0.941919,5433,101303.342204,8.665454,0.066508
1.112245,0.946970,5434,101303.361035,8.664396,0.060413
1.112245,0.952020,5435,101303.378161,8.663468,0.054270
1.112245,0.957071,5436,101303.393610,8.662662,0.048132
1.112245,0.962121,5437,101303.407334,8.661960,0.041910
1.112245,0.967172,5438,101303.419413,8.661293,0.035768
1.112245,0.972222,5439,101303.429725,8.660454,0.029437
1.112245,0.977273,5440,101303.438445,8.658712,0.023349
1.112245,0.982323,5441,101303.445342,8.653288,0.016865
1.112245,0.987374,5442,101303.450671,8.634922,0.010885
1.112245,0.992424,5443,101303.454176,8.481870,0.004254
1.112245,0.997475,5444,101303.455925,8.175378,0.000639
1.132653,0.502525,5445,101297.970543,8.065550,0.327959
1.132653,0.507576,5446,101298.083790,8.726517,-0.247050
1.132653,0.512626,5447,101297.930438,8.888691,0.222936
1.132653,0.517677,5448,101298.101926,8.930536,-0.075843
1.132653,0.522727,5449,101298.010149,8.951731,0.110401
1.132653,0.527778,5450,101298.099581,8.952546,0.032525
1.132653,0.532828,5451,101298.099318,8.958254,0.077353
1.132653,0.537879,5452,101298.144483,8.959289,0.073840
1.132653,0.542929,5453,101298.179630,8.961137,0.085505
1.132653,0.547980,5454,101298.222522,8.961937,0.093448
1.132653,0.553030,5455,101298.268860,8.962383,0.101468
1.132653,0.558081,5456,101298.318748,8.962344,0.109538
1.132653,0.563131,5457,101298.372311,8.961883,0.117190
1.132653,0.568182,5458,101298.429130,8.961022,0.124693
1.132653,0.573232,5459,101298.489101,8.959785,0.131917
1.132653,0.578283,5460,101298.551991,8.958194,0.138894
1.132653,0.583333,5461,101298.617610,8.956270,0.145605
1.132653,0.588384,5462,101298.685757,8.954033,0.152046
1.132653,0.593434,5463,101298.756236,8.951504,0.158211
1.132653,0.598485,5464,101298.828855,8.948700,0.164096
1.132653,0.603535,5465,101298.903425,8.945641,0.169696
1.132653,0.608586,5466,101298.979762,8.942342,0.175010
1.132653,0.613636,5467,101299.057688,8.938822,0.180036
1.132653,0.618687,5468,101299.137030,8.935096,0.184773
1.132653,0.623737,5469,101299.217619,8.931180,0.189220
1.132653,0.628788,5470,101299.299295,8.927090,0.193379
1.132653,0.633838,5471,101299.381902,8.922839,0.197250
1.132653,0.638889,5472,101299.465290,8.918443,0.200835
1.132653,0.643939,5473,101299.549317,8.913914,0.204136
1.132653,0.648990,5474,101299.633847,8.909266,0.207156
1.132653,0.654040,5475,101299.718749,8.904511,0.209899
1.132653,0.659091,5476,101299.803899,8.899661,0.212366
1.132653,0.664141,5477,101299.889178,8.894730,0.214563
1.132653,0.669192,5478,101299.974475,8.889727,0.216493
1.132653,0.674242,5479,101300.059684,8.884666,0.218161
1.132653,0.679293,5480,101300.144702,8.879555,0.219571
1.132653,0.684343,5481,101300.229437,8.874405,0.220727
1.132653,0.689394,5482,101300.313797,8.869225,0.221636
1.132653,0.694444,5483,101300.397697,8.864026,0.222301
1.132653,0.699495,5484,101300.481058,8.858814,0.222728
1.132653,0.704545,5485,101300.563805,8.853599,0.222921
1.132653,0.709596,5486,101300.645867,8.848387,0.222888
1.132653,0.714646,5487,101300.727177,8.843187,0.222631
1.132653,0.719697,5488,101300.807674,8.838005,0.222158
1.132653,0.724747,5489,101300.887299,8.832849,0.221473
1.132653,0.729798,5490,101300.965998,8.827724,0.220581
1.132653,0.734848,5491,101301.043719,8.822636,0.219489
1.132653,0.739899,5492,101301.120415,8.817592,0.218200
1.132653,0.744949,5493,101301.196042,8.812597,0.216722
1.132653,0.750000,5494,101301.270558,8.807656,0.215058
1.132653,0.755051,5495,101301.343925,8.802774,0.213214
1.132653,0.760101,5496,101301.416107,8.797956,0.211196
1.132653,0.765152,5497,101301.487071,8.793205,0.209008
1.132653,0.770202,5498,101301.556786,8.788526,0.206655
1.132653,0.775253,5499,101301.625223,8.783923,0.204143
1.132653,0.780303,5500,101301.692356,8.779399,0.201476
1.132653,0.785354,5501,101301.758160,8.774958,0.198658
1.132653,0.790404,5502,101301.822614,8.770601,0.195696
1.132653,0.795455,5503,101301.885695,8.766334,0.192593
1.132653,0.800505,5504,101301.947386,8.762157,0.189354
1.132653,0.805556,5505,101302.007668,8.758073,0.185984
1.132653,0.810606,5506,101302.066525,8.754086,0.182487
1.132653,0.815657,5507,101302.123942,8.750196,0.178867
1.132653,0.820707,5508,101302.179906,8.746406,0.175128
1.132653,0.825758,5509,101302.234405,8.742718,0.171276
1.132653,0.830808,5510,101302.287426,8.739133,0.167313
1.132653,0.835859,5511,101302.338960,8.735654,0.163244
1.132653,0.840909,5512,101302.388998,8.732281,0.159073
1.132653,0.845960,5513,101302.437530,8.729017,0.154804
1.132653,0.851010,5514,101302.484550,8.725863,0.150440
1.132653,0.856061,5515,101302.530049,8.722819,0.145986
1.132653,0.861111,5516,101302.574023,8.719887,0.141445
1.132653,0.866162,5517,101302.616464,8.717069,0.136820
1.132653,0.871212,5518,101302.657369,8.714364,0.132116
1.132653,0.876263,5519,101302.696732,8.711774,0.127335
1.132653,0.881313,5520,101302.734550,8.709300,0.122481
1.132653,0.886364,5521,101302.770818,8.706942,0.117557
1.132653,0.891414,5522,101302.805534,8.704701,0.112567
1.132653,0.896465,5523,101302.838695,8.702577,0.107514
1.132653,0.901515,5524,101302.870297,8.700572,0.102401
1.132653,0.906566,5525,101302.900340,8.698685,0.097232
1.132653,0.911616,5526,101302.928820,8.696917,0.092008
1.132653,0.916667,5527,101302.955737,8.695268,0.086734
1.132653,0.921717,5528,101302.981088,8.693739,0.081412
1.132653,0.926768,5529,101303.004873,8.692330,0.076046
1.132653,0.931818,5530,101303.027089,8.691042,0.070637
1.132653,0.936869,5531,101303.047737,8.689873,0.065191
1.132653,0.941919,5532,101303.066813,8.688825,0.059705
1.132653,0.946970,5533,101303.084323,8.687897,0.054195
1.132653,0.952020,5534,101303.100252,8.687087,0.048635
1.132653,0.957071,5535,101303.114627,8.686388,0.043084
1.132653,0.962121,5536,101303.127398,8.685783,0.037444
1.132653,0.967172,5537,101303.138645,8.685202,0.031889
1.132653,0.972222,5538,101303.148244,8.684440,0.026141
1.132653,0.977273,5539,101303.156368,8.682771,0.020639
1.132653,0.982323,5540,101303.162794,8.677392,0.014743
1.132653,0.987374,5541,101303.167760,8.659087,0.009343
1.132653,0.992424,5542,101303.171033,8.501323,0.003322
1.132653,0.997475,5543,101303.172662,8.183964,0.000317
1.153061,0.502525,5544,101298.364217,8.010546,0.307197
1.153061,0.507576,5545,101298.460577,8.683106,-0.236369
1.153061,0.512626,5546,101298.325459,8.851916,0.214599
1.153061,0.517677,5547,101298.479748,8.896693,-0.083300
1.153061,0.522727,5548,101298.388631,8.918118,0.107977
1.153061,0.527778,5549,101298.474526,8.919593,0.020227
1.153061,0.532828,5550,101298.465131,8.925920,0.070267
1.153061,0.537879,5551,101298.506230,8.927359,0.061619
1.153061,0.542929,5552,101298.532529,8.929889,0.073744
1.153061,0.547980,5553,101298.567836,8.931304,0.079811
1.153061,0.553030,5554,101298.605194,8.932470,0.086817
1.153061,0.558081,5555,101298.645709,8.933187,0.093714
1.153061,0.563131,5556,101298.689325,8.933530,0.100275
1.153061,0.568182,5557,101298.735710,8.933516,0.106746
1.153061,0.573232,5558,101298.784827,8.933163,0.112986
1.153061,0.578283,5559,101298.836485,8.932490,0.119039
1.153061,0.583333,5560,101298.890553,8.931514,0.124880
1.153061,0.588384,5561,101298.946876,8.930251,0.130508
1.153061,0.593434,5562,101299.005307,8.928716,0.135915
1.153061,0.598485,5563,101299.065697,8.926926,0.141098
1.153061,0.603535,5564,101299.127900,8.924893,0.146051
1.153061,0.608586,5565,101299.191771,8.922634,0.150771
1.153061,0.613636,5566,101299.257167,8.920162,0.155257
1.153061,0.618687,5567,101299.323949,8.917489,0.159505
1.153061,0.623737,5568,101299.391980,8.914629,0.163514
1.153061,0.628788,5569,101299.461127,8.911595,0.167284
1.153061,0.633838,5570,101299.531262,8.908399,0.170813
1.153061,0.638889,5571,101299.602258,8.905054,0.174103
1.153061,0.643939,5572,101299.673995,8.901570,0.177154
1.153061,0.648990,5573,101299.746356,8.897960,0.179966
1.153061,0.654040,5574,101299.819227,8.894233,0.182542
1.153061,0.659091,5575,101299.892500,8.890402,0.184883
1.153061,0.664141,5576,101299.966071,8.886476,0.186992
1.153061,0.669192,5577,101300.039840,8.882467,0.188870
1.153061,0.674242,5578,101300.113711,8.878384,0.190521
1.153061,0.679293,5579,101300.187593,8.874237,0.191947
1.153061,0.684343,5580,101300.261399,8.870035,0.193152
1.153061,0.689394,5581,101300.335044,8.865787,0.194139
1.153061,0.694444,5582,101300.408451,8.861501,0.194911
1.153061,0.699495,5583,101300.481543,8.857186,0.195473
1.153061,0.704545,5584,101300.554248,8.852850,0.195828
1.153061,0.709596,5585,101300.626500,8.848498,0.195979
1.153061,0.714646,5586,101300.698233,8.844140,0.195932
1.153061,0.719697,5587,101300.769386,8.839781,0.195689
1.153061,0.724747,5588,101300.839902,8.835428,0.195256
1.153061,0.729798,5589,101300.909726,8.831088,0.194636
1.153061,0.734848,5590,101300.978807,8.826766,0.193834
1.153061,0.739899,5591,101301.047095,8.822468,0.192853
1.153061,0.744949,5592,101301.114545,8.818200,0.191699
1.153061,0.750000,5593,101301.181115,8.813967,0.190374
1.153061,0.755051,5594,101301.246762,8.809774,0.188885
1.153061,0.760101,5595,101301.311450,8.805626,0.187235
1.153061,0.765152,5596,101301.375142,8.801527,0.185427
1.153061,0.770202,5597,101301.437804,8.797481,0.183468
1.153061,0.775253,5598,101301.499406,8.793492,0.181359
1.153061,0.780303,5599,101301.559917,8.789565,0.179107
1.153061,0.785354,5600,101301.619310,8.785701,0.176714
1.153061,0.790404,5601,101301.677559,8.781906,0.174186
1.153061,0.795455,5602,101301.734640,8.778181,0.171525
1.153061,0.800505,5603,101301.790530,8.774531,0.168737
1.153061,0.805556,5604,101301.845208,8.770956,0.165825
1.153061,0.810606,5605,101301.898654,8.767461,0.162792
1.153061,0.815657,5606,101301.950851,8.764047,0.159643
1.153061,0.820707,5607,101302.001780,8.760717,0.156382
1.153061,0.825758,5608,101302.051427,8.757472,0.153013
1.153061,0.830808,5609,101302.099776,8.754316,0.149538
1.153061,0.835859,5610,101302.146814,8.751249,0.145962
1.153061,0.840909,5611,101302.192528,8.748274,0.142289
1.153061,0.845960,5612,101302.236906,8.745392,0.138521
1.153061,0.851010,5613,101302.279937,8.742605,0.134663
1.153061,0.856061,5614,101302.321612,8.739915,0.130717
1.153061,0.861111,5615,101302.361921,8.737323,0.126688
1.153061,0.866162,5616,101302.400855,8.734829,0.122578
1.153061,0.871212,5617,101302.438407,8.732436,0.118391
1.153061,0.876263,5618,101302.474568,8.730145,0.114130
1.153061,0.881313,5619,101302.509333,8.727955,0.109799
1.153061,0.886364,5620,101302.542696,8.725869,0.105399
1.153061,0.891414,5621,101302.574649,8.723887,0.100936
1.153061,0.896465,5622,101302.605189,8.722009,0.096411
1.153061,0.901515,5623,101302.634310,8.720237,0.091828
1.153061,0.906566,5624,101302.662008,8.718572,0.087189
1.153061,0.911616,5625,101302.688279,8.717013,0.082498
1.153061,0.916667,5626,101302.713119,8.715561,0.077758
1.153061,0.921717,5627,101302.736525,8.714218,0.072970
1.153061,0.926768,5628,101302.758493,8.712982,0.068140
1.153061,0.931818,5629,101302.779021,8.711855,0.063268
1.153061,0.936869,5630,101302.798108,8.710837,0.058359
1.153061,0.941919,5631,101302.815747,8.709929,0.053411
1.153061,0.946970,5632,101302.831944,8.709128,0.048440
1.153061,0.952020,5633,101302.846682,8.708435,0.043419
1.153061,0.957071,5634,101302.859988,8.707842,0.038409
1.153061,0.962121,5635,101302.871809,8.707332,0.033307
1.153061,0.967172,5636,101302.882227,8.706836,0.028295
1.153061,0.972222,5637,101302.891116,8.706150,0.023086
1.153061,0.977273,5638,101302.898645,8.704551,0.018126
1.153061,0.982323,5639,101302.904601,8.699211,0.012776
1.153061,0.987374,5640,101302.909205,8.680948,0.007913
1.153061,0.992424,5641,101302.912245,8.518394,0.002456
1.153061,0.997475,5642,101302.913755,8.190107,0.000018
1.173469,0.502525,5643,101298.691547,7.961445,0.289117
1.173469,0.507576,5644,101298.774548,8.645253,-0.226492
1.173469,0.512626,5645,101298.654678,8.820647,0.206858
1.173469,0.517677,5646,101298.794097,8.868061,-0.088947
1.173469,0.522727,5647,101298.705051,8.889609,0.106141
1.173469,0.527778,5648,101298.787674,8.891676,0.009714
1.173469,0.532828,5649,101298.771246,8.898472,0.064991
1.173469,0.537879,5650,101298.809772,8.900195,0.051246
1.173469,0.542929,5651,101298.828943,8.903272,0.064312
1.173469,0.547980,5652,101298.858741,8.905141,0.068526
1.173469,0.553030,5653,101298.889128,8.906870,0.074798
1.173469,0.558081,5654,101298.922485,8.908168,0.080666
1.173469,0.563131,5655,101298.958412,8.909138,0.086309
1.173469,0.568182,5656,101298.996698,8.909786,0.091895
1.173469,0.573232,5657,101299.037336,8.910128,0.097287
1.173469,0.578283,5658,101299.080172,8.910180,0.102536
1.173469,0.583333,5659,101299.125112,8.909957,0.107614
1.173469,0.588384,5660,101299.172038,8.909471,0.112522
1.173469,0.593434,5661,101299.220837,8.908735,0.117252
1.173469,0.598485,5662,101299.271396,8.907762,0.121801
1.173469,0.603535,5663,101299.323599,8.906565,0.126163
1.173469,0.608586,5664,101299.377333,8.905153,0.130335
1.173469,0.613636,5665,101299.432485,8.903540,0.134315
1.173469,0.618687,5666,101299.488943,8.901735,0.138099
1.173469,0.623737,5667,101299.546597,8.899750,0.141685
1.173469,0.628788,5668,101299.605338,8.897595,0.145071
1.173469,0.633838,5669,101299.665060,8.895282,0.148258
1.173469,0.638889,5670,101299.725658,8.892820,0.151243
1.173469,0.643939,5671,101299.787032,8.890219,0.154026
1.173469,0.648990,5672,101299.849082,8.887488,0.156608
1.173469,0.654040,5673,101299.911712,8.884638,0.158989
1.173469,0.659091,5674,101299.974828,8.881677,0.161169
1.173469,0.664141,5675,101300.038341,8.878616,0.163150
1.173469,0.669192,5676,101300.102163,8.875463,0.164933
1.173469,0.674242,5677,101300.166208,8.872228,0.166519
1.173469,0.679293,5678,101300.230398,8.868920,0.167910
1.173469,0.684343,5679,101300.294651,8.865546,0.169109
1.173469,0.689394,5680,101300.358895,8.862114,0.170117
1.173469,0.694444,5681,101300.423056,8.858634,0.170938
1.173469,0.699495,5682,101300.487065,8.855111,0.171572
1.173469,0.704545,5683,101300.550856,8.851553,0.172024
1.173469,0.709596,5684,101300.614366,8.847967,0.172296
1.173469,0.714646,5685,101300.677533,8.844361,0.172390
1.173469,0.719697,5686,101300.740301,8.840739,0.172311
1.173469,0.724747,5687,101300.802613,8.837108,0.172061
1.173469,0.729798,5688,101300.864417,8.833476,0.171644
1.173469,0.734848,5689,101300.925663,8.829846,0.171062
1.173469,0.739899,5690,101300.986304,8.826225,0.170319
1.173469,0.744949,5691,101301.046294,8.822619,0.169419
1.173469,0.750000,5692,101301.105590,8.819033,0.168365
1.173469,0.755051,5693,101301.164151,8.815470,0.167160
1.173469,0.760101,5694,101301.221940,8.811937,0.165808
1.173469,0.765152,5695,101301.278918,8.808438,0.164312
1.173469,0.770202,5696,101301.335052,8.804976,0.162676
1.173469,0.775253,5697,101301.390309,8.801556,0.160904
1.173469,0.780303,5698,101301.444657,8.798181,0.158999
1.173469,0.785354,5699,101301.498068,8.794856,0.156964
1.173469,0.790404,5700,101301.550514,8.791583,0.154802
1.173469,0.795455,5701,101301.601968,8.788366,0.152519
1.173469,0.800505,5702,101301.652406,8.785208,0.150116
1.173469,0.805556,5703,101301.701806,8.782111,0.147597
1.173469,0.810606,5704,101301.750144,8.779079,0.144967
1.173469,0.815657,5705,101301.797402,8.776113,0.142227
1.173469,0.820707,5706,101301.843558,8.773217,0.139382
1.173469,0.825758,5707,101301.888596,8.770393,0.136434
1.173469,0.830808,5708,101301.932498,8.767642,0.133388
1.173469,0.835859,5709,101301.975248,8.764967,0.130246
1.173469,0.840909,5710,101302.016831,8.762370,0.127011
1.173469,0.845960,5711,101302.057234,8.759853,0.123688
1.173469,0.851010,5712,101302.096442,8.757417,0.120278
1.173469,0.856061,5713,101302.134444,8.755065,0.116786
1.173469,0.861111,5714,101302.171229,8.752797,0.113213
1.173469,0.866162,5715,101302.206784,8.750616,0.109565
1.173469,0.871212,5716,101302.241101,8.748522,0.105842
1.173469,0.876263,5717,101302.274170,8.746517,0.102049
1.173469,0.881313,5718,101302.305982,8.744602,0.098188
1.173469,0.886364,5719,101302.336530,8.742777,0.094262
1.173469,0.891414,5720,101302.365804,8.741045,0.090275
1.173469,0.896465,5721,101302.393799,8.739405,0.086228
1.173469,0.901515,5722,101302.420508,8.737860,0.082126
1.173469,0.906566,5723,101302.445924,8.736408,0.077970
1.173469,0.911616,5724,101302.470043,8.735052,0.073764
1.173469,0.916667,5725,101302.492858,8.733792,0.069510
1.173469,0.921717,5726,101302.514365,8.732628,0.065211
1.173469,0.926768,5727,101302.534560,8.731561,0.060870
1.173469,0.931818,5728,101302.553438,8.730592,0.056488
1.173469,0.936869,5729,101302.570997,8.729721,0.052072
1.173469,0.941919,5730,101302.587229,8.728947,0.047616
1.173469,0.946970,5731,101302.602140,8.728272,0.043141
1.173469,0.952020,5732,101302.615709,8.727693,0.038614
1.173469,0.957071,5733,101302.627967,8.727203,0.034101
1.173469,0.962121,5734,101302.638856,8.726786,0.029494
1.173469,0.967172,5735,101302.648460,8.726373,0.024982
1.173469,0.972222,5736,101302.656652,8.725761,0.020269
1.173469,0.977273,5737,101302.663596,8.724229,0.015808
1.173469,0.982323,5738,101302.669089,8.718919,0.010960
1.173469,0.987374,5739,101302.673336,8.700682,0.006591
1.173469,0.992424,5740,101302.676146,8.533260,0.001655
1.173469,0.997475,5741,101302.677539,8.193986,-0.000259
1.193878,0.502525,5742,101298.965542,7.917177,0.273222
1.193878,0.507576,5743,101299.037773,8.611968,-0.217365
1.193878,0.512626,5744,101298.930757,8.793893,0.199668
1.193878,0.517677,5745,101299.057252,8.843697,-0.093196
1.193878,0.522727,5746,101298.971085,8.865301,0.104679
1.193878,0.527778,5747,101299.050547,8.867911,0.000671
1.193878,0.532828,5748,101299.028686,8.875060,0.061073
1.193878,0.537879,5749,101299.065556,8.876990,0.042311
1.193878,0.542929,5750,101299.078825,8.880516,0.056717
1.193878,0.547980,5751,101299.104582,8.882720,0.059062
1.193878,0.553030,5752,101299.129394,8.884900,0.064857
1.193878,0.558081,5753,101299.157184,8.886651,0.069801
1.193878,0.563131,5754,101299.187043,8.888118,0.074676
1.193878,0.568182,5755,101299.218929,8.889291,0.079501
1.193878,0.573232,5756,101299.252841,8.890187,0.084162
1.193878,0.578283,5757,101299.288645,8.890820,0.088715
1.193878,0.583333,5758,101299.326280,8.891201,0.093127
1.193878,0.588384,5759,101299.365651,8.891343,0.097403
1.193878,0.593434,5760,101299.406674,8.891254,0.101534
1.193878,0.598485,5761,101299.449258,8.890947,0.105517
1.193878,0.603535,5762,101299.493315,8.890431,0.109348
1.193878,0.608586,5763,101299.538754,8.889716,0.113023
1.193878,0.613636,5764,101299.585486,8.888810,0.116539
1.193878,0.618687,5765,101299.633420,8.887724,0.119893
1.193878,0.623737,5766,101299.682468,8.886466,0.123082
1.193878,0.628788,5767,101299.732542,8.885046,0.126106
1.193878,0.633838,5768,101299.783553,8.883472,0.128961
1.193878,0.638889,5769,101299.835417,8.881753,0.131647
1.193878,0.643939,5770,101299.888048,8.879897,0.134163
1.193878,0.648990,5771,101299.941363,8.877913,0.136508
1.193878,0.654040,5772,101299.995281,8.875808,0.138682
1.193878,0.659091,5773,101300.049723,8.873592,0.140685
1.193878,0.664141,5774,101300.104610,8.871272,0.142517
1.193878,0.669192,5775,101300.159869,8.868858,0.144179
1.193878,0.674242,5776,101300.215424,8.866355,0.145671
1.193878,0.679293,5777,101300.271205,8.863774,0.146995
1.193878,0.684343,5778,101300.327144,8.861121,0.148151
1.193878,0.689394,5779,101300.383172,8.858403,0.149141
1.193878,0.694444,5780,101300.439226,8.855627,0.149967
1.193878,0.699495,5781,101300.495242,8.852801,0.150631
1.193878,0.704545,5782,101300.551162,8.849930,0.151133
1.193878,0.709596,5783,101300.606927,8.847022,0.151477
1.193878,0.714646,5784,101300.662480,8.844083,0.151664
1.193878,0.719697,5785,101300.717770,8.841117,0.151697
1.193878,0.724747,5786,101300.772743,8.838132,0.151577
1.193878,0.729798,5787,101300.827351,8.835133,0.151308
1.193878,0.734848,5788,101300.881547,8.832126,0.150892
1.193878,0.739899,5789,101300.935284,8.829116,0.150332
1.193878,0.744949,5790,101300.988520,8.826107,0.149629
1.193878,0.750000,5791,101301.041214,8.823106,0.148788
1.193878,0.755051,5792,101301.093325,8.820117,0.147811
1.193878,0.760101,5793,101301.144816,8.817144,0.146700
1.193878,0.765152,5794,101301.195651,8.814192,0.145458
1.193878,0.770202,5795,101301.245795,8.811265,0.144089
1.193878,0.775253,5796,101301.295216,8.808366,0.142595
1.193878,0.780303,5797,101301.343883,8.805500,0.140979
1.193878,0.785354,5798,101301.391765,8.802671,0.139244
1.193878,0.790404,5799,101301.438835,8.799881,0.137394
1.193878,0.795455,5800,101301.485066,8.797133,0.135430
1.193878,0.800505,5801,101301.530433,8.794432,0.133356
1.193878,0.805556,5802,101301.574911,8.791779,0.131176
1.193878,0.810606,5803,101301.618477,8.789178,0.128891
1.193878,0.815657,5804,101301.661110,8.786631,0.126505
1.193878,0.820707,5805,101301.702790,8.784141,0.124021
1.193878,0.825758,5806,101301.743497,8.781710,0.121441
1.193878,0.830808,5807,101301.783212,8.779340,0.118770
1.193878,0.835859,5808,101301.821918,8.777033,0.116008
1.193878,0.840909,5809,101301.859600,8.774792,0.113161
1.193878,0.845960,5810,101301.896240,8.772619,0.110229
1.193878,0.851010,5811,101301.931825,8.770515,0.107217
1.193878,0.856061,5812,101301.966341,8.768482,0.104127
1.193878,0.861111,5813,101301.999774,8.766522,0.100961
1.193878,0.866162,5814,101302.032113,8.764637,0.097723
1.193878,0.871212,5815,101302.063347,8.762827,0.094416
1.193878,0.876263,5816,101302.093463,8.761095,0.091042
1.193878,0.881313,5817,101302.122453,8.759441,0.087603
1.193878,0.886364,5818,101302.150306,8.757866,0.084104
1.193878,0.891414,5819,101302.177014,8.756372,0.080545
1.193878,0.896465,5820,101302.202568,8.754960,0.076930
1.193878,0.901515,5821,101302.226960,8.753630,0.073262
1.193878,0.906566,5822,101302.250183,8.752384,0.069544
1.193878,0.911616,5823,101302.272231,8.751222,0.065777
1.193878,0.916667,5824,101302.293096,8.750145,0.061965
1.193878,0.921717,5825,101302.312773,8.749154,0.058109
1.193878,0.926768,5826,101302.331257,8.748250,0.054214
1.193878,0.931818,5827,101302.348541,8.747432,0.050279
1.193878,0.936869,5828,101302.364624,8.746701,0.046313
1.193878,0.941919,5829,101302.379496,8.746059,0.042306
1.193878,0.946970,5830,101302.393163,8.745503,0.038283
1.193878,0.952020,5831,101302.405602,8.745034,0.034207
1.193878,0.957071,5832,101302.416844,8.744644,0.030150
1.193878,0.962121,5833,101302.426830,8.744316,0.025995
1.193878,0.967172,5834,101302.435644,8.743984,0.021941
1.193878,0.972222,5835,101302.443160,8.743442,0.017683
1.193878,0.977273,5836,101302.449537,8.741974,0.013679
1.193878,0.982323,5837,101302.454580,8.736689,0.009293
1.193878,0.987374,5838,101302.458481,8.718461,0.005376
1.193878,0.992424,5839,101302.461068,8.546095,0.000921
1.193878,0.997475,5840,101302.462333,8.195778,-0.000509
1.214286,0.502525,5841,101299.195816,7.876927,0.259130
1.214286,0.507576,5842,101299.259229,8.582487,-0.208927
1.214286,0.512626,5843,101299.163145,8.770891,0.192981
1.214286,0.517677,5844,101299.278357,8.822878,-0.096354
1.214286,0.522727,5845,101299.195511,8.844498,0.103456
1.214286,0.527778,5846,101299.271884,8.847610,-0.007146
1.214286,0.532828,5847,101299.245851,8.855021,0.058181
1.214286,0.537879,5848,101299.281643,8.857105,0.034521
1.214286,0.542929,5849,101299.289947,8.861004,0.050590
1.214286,0.547980,5850,101299.312743,8.863458,0.051028
1.214286,0.553030,5851,101299.332991,8.866006,0.056584
1.214286,0.558081,5852,101299.356410,8.868114,0.060674
1.214286,0.563131,5853,101299.381401,8.869980,0.064915
1.214286,0.568182,5854,101299.408165,8.871573,0.069083
1.214286,0.573232,5855,101299.436666,8.872915,0.073115
1.214286,0.578283,5856,101299.466798,8.874017,0.077065
1.214286,0.583333,5857,101299.498520,8.874890,0.080898
1.214286,0.588384,5858,101299.531756,8.875541,0.084620
1.214286,0.593434,5859,101299.566440,8.875982,0.088225
1.214286,0.598485,5860,101299.602501,8.876221,0.091708
1.214286,0.603535,5861,101299.639870,8.876266,0.095065
1.214286,0.608586,5862,101299.678474,8.876125,0.098293
1.214286,0.613636,5863,101299.718243,8.875806,0.101390
1.214286,0.618687,5864,101299.759102,8.875317,0.104352
1.214286,0.623737,5865,101299.800981,8.874666,0.107177
1.214286,0.628788,5866,101299.843808,8.873861,0.109862
1.214286,0.633838,5867,101299.887510,8.872908,0.112406
1.214286,0.638889,5868,101299.932017,8.871816,0.114808
1.214286,0.643939,5869,101299.977258,8.870591,0.117065
1.214286,0.648990,5870,101300.023164,8.869240,0.119178
1.214286,0.654040,5871,101300.069667,8.867772,0.121145
1.214286,0.659091,5872,101300.116699,8.866192,0.122966
1.214286,0.664141,5873,101300.164194,8.864508,0.124641
1.214286,0.669192,5874,101300.212087,8.862728,0.126169
1.214286,0.674242,5875,101300.260316,8.860859,0.127551
1.214286,0.679293,5876,101300.308818,8.858907,0.128788
1.214286,0.684343,5877,101300.357532,8.856880,0.129879
1.214286,0.689394,5878,101300.406401,8.854783,0.130826
1.214286,0.694444,5879,101300.455367,8.852624,0.131630
1.214286,0.699495,5880,101300.504375,8.850409,0.132291
1.214286,0.704545,5881,101300.553371,8.848143,0.132811
1.214286,0.709596,5882,101300.602302,8.845832,0.133192
1.214286,0.714646,5883,101300.651118,8.843482,0.133434
1.214286,0.719697,5884,101300.699771,8.841099,0.133540
1.214286,0.724747,5885,101300.748213,8.838688,0.133511
1.214286,0.729798,5886,101300.796399,8.836254,0.133349
1.214286,0.734848,5887,101300.844285,8.833802,0.133056
1.214286,0.739899,5888,101300.891828,8.831339,0.132634
1.214286,0.744949,5889,101300.938989,8.828868,0.132085
1.214286,0.750000,5890,101300.985727,8.826394,0.131411
1.214286,0.755051,5891,101301.032005,8.823922,0.130614
1.214286,0.760101,5892,101301.077788,8.821456,0.129698
1.214286,0.765152,5893,101301.123041,8.819000,0.128663
1.214286,0.770202,5894,101301.167730,8.816559,0.127512
1.214286,0.775253,5895,101301.211824,8.814136,0.126249
1.214286,0.780303,5896,101301.255292,8.811734,0.124874
1.214286,0.785354,5897,101301.298106,8.809358,0.123391
1.214286,0.790404,5898,101301.340237,8.807011,0.121802
1.214286,0.795455,5899,101301.381658,8.804695,0.120110
1.214286,0.800505,5900,101301.422346,8.802414,0.118317
1.214286,0.805556,5901,101301.462274,8.800171,0.116426
1.214286,0.810606,5902,101301.501421,8.797969,0.114438
1.214286,0.815657,5903,101301.539764,8.795809,0.112358
1.214286,0.820707,5904,101301.577283,8.793695,0.110187
1.214286,0.825758,5905,101301.613956,8.791629,0.107928
1.214286,0.830808,5906,101301.649766,8.789613,0.105583
1.214286,0.835859,5907,101301.684695,8.787650,0.103155
1.214286,0.840909,5908,101301.718724,8.785741,0.100647
1.214286,0.845960,5909,101301.751838,8.783889,0.098061
1.214286,0.851010,5910,101301.784022,8.782095,0.095400
1.214286,0.856061,5911,101301.815261,8.780362,0.092665
1.214286,0.861111,5912,101301.845540,8.778691,0.089861
1.214286,0.866162,5913,101301.874848,8.777084,0.086989
1.214286,0.871212,5914,101301.903171,8.775542,0.084051
1.214286,0.876263,5915,101301.930497,8.774066,0.081051
1.214286,0.881313,5916,101301.956816,8.772658,0.077991
1.214286,0.886364,5917,101301.982118,8.771320,0.074873
1.214286,0.891414,5918,101302.006391,8.770051,0.071700
1.214286,0.896465,5919,101302.029628,8.768854,0.068474
1.214286,0.901515,5920,101302.051819,8.767729,0.065197
1.214286,0.906566,5921,101302.072957,8.766678,0.061873
1.214286,0.911616,5922,101302.093033,8.765700,0.058503
1.214286,0.916667,5923,101302.112040,8.764798,0.055090
1.214286,0.921717,5924,101302.129972,8.763971,0.051636
1.214286,0.926768,5925,101302.146824,8.763220,0.048145
1.214286,0.931818,5926,101302.162586,8.762547,0.044616
1.214286,0.936869,5927,101302.177259,8.761951,0.041057
1.214286,0.941919,5928,101302.190830,8.761433,0.037460
1.214286,0.946970,5929,101302.203306,8.760992,0.033848
1.214286,0.952020,5930,101302.214663,8.760628,0.030183
1.214286,0.957071,5931,101302.224933,8.760333,0.026541
1.214286,0.962121,5932,101302.234054,8.760091,0.022799
1.214286,0.967172,5933,101302.242110,8.759834,0.019163
1.214286,0.972222,5934,101302.248977,8.759360,0.015319
1.214286,0.977273,5935,101302.254810,8.757952,0.011731
1.214286,0.982323,5936,101302.259422,8.752684,0.007767
1.214286,0.987374,5937,101302.262990,8.734449,0.004263
1.214286,0.992424,5938,101302.265367,8.557029,0.000253
1.214286,0.997475,5939,101302.266491,8.195694,-0.000731
1.234694,0.502525,5940,101299.389850,7.840047,0.246546
1.234694,0.507576,5941,101299.445947,8.556205,-0.201115
1.234694,0.512626,5942,101299.359230,8.751034,0.186753
1.234694,0.517677,5943,101299.464545,8.805028,-0.098653
1.234694,0.522727,5944,101299.385227,8.826640,0.102386
1.234694,0.527778,5945,101299.458576,8.830222,-0.013928
1.234694,0.532828,5946,101299.429369,8.837823,0.056069
1.234694,0.537879,5947,101299.464438,8.840026,0.027663
1.234694,0.542929,5948,101299.468520,8.844238,0.045646
1.234694,0.547980,5949,101299.489157,8.846877,0.044131
1.234694,0.553030,5950,101299.505596,8.849730,0.049666
1.234694,0.558081,5951,101299.525561,8.852119,0.052944
1.234694,0.563131,5952,101299.546589,8.854310,0.056675
1.234694,0.568182,5953,101299.569211,8.856243,0.060268
1.234694,0.573232,5954,101299.593315,8.857948,0.063760
1.234694,0.578283,5955,101299.618826,8.859433,0.067188
1.234694,0.583333,5956,101299.645716,8.860706,0.070518
1.234694,0.588384,5957,101299.673924,8.861777,0.073758
1.234694,0.593434,5958,101299.703398,8.862653,0.076900
1.234694,0.598485,5959,101299.734083,8.863342,0.079942
1.234694,0.603535,5960,101299.765922,8.863851,0.082880
1.234694,0.608586,5961,101299.798858,8.864187,0.085711
1.234694,0.613636,5962,101299.832834,8.864357,0.088432
1.234694,0.618687,5963,101299.867791,8.864368,0.091040
1.234694,0.623737,5964,101299.903670,8.864225,0.093534
1.234694,0.628788,5965,101299.940412,8.863937,0.095910
1.234694,0.633838,5966,101299.977959,8.863508,0.098167
1.234694,0.638889,5967,101300.016252,8.862946,0.100304
1.234694,0.643939,5968,101300.055232,8.862256,0.102318
1.234694,0.648990,5969,101300.094841,8.861445,0.104210
1.234694,0.654040,5970,101300.135022,8.860518,0.105977
1.234694,0.659091,5971,101300.175718,8.859483,0.107619
1.234694,0.664141,5972,101300.216873,8.858345,0.109136
1.234694,0.669192,5973,101300.258431,8.857112,0.110527
1.234694,0.674242,5974,101300.300339,8.855788,0.111791
1.234694,0.679293,5975,101300.342542,8.854382,0.112930
1.234694,0.684343,5976,101300.384989,8.852897,0.113943
1.234694,0.689394,5977,101300.427629,8.851342,0.114831
1.234694,0.694444,5978,101300.470410,8.849721,0.115594
1.234694,0.699495,5979,101300.513285,8.848039,0.116232
1.234694,0.704545,5980,101300.556206,8.846303,0.116747
1.234694,0.709596,5981,101300.599126,8.844518,0.117140
1.234694,0.714646,5982,101300.641999,8.842688,0.117410
1.234694,0.719697,5983,101300.684783,8.840819,0.117561
1.234694,0.724747,5984,101300.727435,8.838916,0.117592
1.234694,0.729798,5985,101300.769912,8.836985,0.117505
1.234694,0.734848,5986,101300.812176,8.835028,0.117302
1.234694,0.739899,5987,101300.854187,8.833053,0.116984
1.234694,0.744949,5988,101300.895908,8.831062,0.116553
1.234694,0.750000,5989,101300.937302,8.829061,0.116010
1.234694,0.755051,5990,101300.978334,8.827053,0.115358
1.234694,0.760101,5991,101301.018972,8.825044,0.114597
1.234694,0.765152,5992,101301.059181,8.823036,0.113730
1.234694,0.770202,5993,101301.098932,8.821034,0.112759
1.234694,0.775253,5994,101301.138193,8.819041,0.111686
1.234694,0.780303,5995,101301.176935,8.817062,0.110512
1.234694,0.785354,5996,101301.215132,8.815098,0.109240
1.234694,0.790404,5997,101301.252755,8.813154,0.107872
1.234694,0.795455,5998,101301.289779,8.811232,0.106410
1.234694,0.800505,5999,101301.326180,8.809336,0.104856
1.234694,0.805556,6000,101301.361933,8.807468,0.103212
1.234694,0.810606,6001,101301.397017,8.805631,0.101481
1.234694,0.815657,6002,101301.431408,8.803828,0.099664
1.234694,0.820707,6003,101301.465088,8.802060,0.097764
1.234694,0.825758,6004,101301.498035,8.800331,0.095783
1.234694,0.830808,6005,101301.530231,8.798642,0.093723
1.234694,0.835859,6006,101301.561657,8.796996,0.091587
1.234694,0.840909,6007,101301.592297,8.795395,0.089376
1.234694,0.845960,6008,101301.622134,8.793841,0.087094
1.234694,0.851010,6009,101301.651152,8.792336,0.084742
1.234694,0.856061,6010,101301.679336,8.790881,0.082322
1.234694,0.861111,6011,101301.706671,8.789480,0.079837
1.234694,0.866162,6012,101301.733146,8.788131,0.077289
1.234694,0.871212,6013,101301.758745,8.786839,0.074681
1.234694,0.876263,6014,101301.783459,8.785603,0.072014
1.234694,0.881313,6015,101301.807274,8.784426,0.069291
1.234694,0.886364,6016,101301.830180,8.783308,0.066515
1.234694,0.891414,6017,101301.852166,8.782251,0.063686
1.234694,0.896465,6018,101301.873223,8.781256,0.060808
1.234694,0.901515,6019,101301.893342,8.780324,0.057884
1.234694,0.906566,6020,101301.912514,8.779455,0.054914
1.234694,0.911616,6021,101301.930731,8.778651,0.051901
1.234694,0.916667,6022,101301.947985,8.777913,0.048849
1.234694,0.921717,6023,101301.964268,8.777241,0.045757
1.234694,0.926768,6024,101301.979576,8.776636,0.042631
1.234694,0.931818,6025,101301.993899,8.776099,0.039469
1.234694,0.936869,6026,101302.007237,8.775630,0.036280
1.234694,0.941919,6027,101302.019576,8.775229,0.033052
1.234694,0.946970,6028,101302.030924,8.774897,0.029814
1.234694,0.952020,6029,101302.041255,8.774632,0.026522
1.234694,0.957071,6030,101302.050602,8.774427,0.023257
1.234694,0.962121,6031,101302.058902,8.774267,0.019889
1.234694,0.967172,6032,101302.066240,8.774083,0.016632
1.234694,0.972222,6033,101302.072491,8.773673,0.013166
1.234694,0.977273,6034,101302.077805,8.772321,0.009957
1.234694,0.982323,6035,101302.082007,8.767061,0.006378
1.234694,0.987374,6036,101302.085256,8.748805,0.003246
1.234694,0.992424,6037,101302.087440,8.566191,-0.000354
1.234694,0.997475,6038,101302.088433,8.193930,-0.000927
1.255102,0.502525,6039,101299.553607,7.806015,0.235238
1.255102,0.507576,6040,101299.603565,8.532625,-0.193868
1.255102,0.512626,6041,101299.524931,8.733831,0.180945
1.255102,0.517677,6042,101299.621523,8.789681,-0.100272
1.255102,0.522727,6043,101299.545788,8.811274,0.101414
1.255102,0.527778,6044,101299.616181,8.815294,-0.019827
1.255102,0.532828,6045,101299.584596,8.823029,0.054551
1.255102,0.537879,6046,101299.619150,8.825329,0.021579
1.255102,0.542929,6047,101299.619613,8.829805,0.041667
1.255102,0.547980,6048,101299.638690,8.832579,0.038150
1.255102,0.553030,6049,101299.651890,8.835691,0.043866
1.255102,0.558081,6050,101299.669116,8.838302,0.046350
1.255102,0.563131,6051,101299.686871,8.840760,0.049684
1.255102,0.568182,6052,101299.706115,8.842970,0.052768
1.255102,0.573232,6053,101299.726607,8.844972,0.055798
1.255102,0.578283,6054,101299.748319,8.846771,0.058774
1.255102,0.583333,6055,101299.771228,8.848375,0.061665
1.255102,0.588384,6056,101299.795282,8.849792,0.064485
1.255102,0.593434,6057,101299.820442,8.851028,0.067223
1.255102,0.598485,6058,101299.846663,8.852091,0.069878
1.255102,0.603535,6059,101299.873901,8.852987,0.072446
1.255102,0.608586,6060,101299.902108,8.853722,0.074924
1.255102,0.613636,6061,101299.931239,8.854301,0.077311
1.255102,0.618687,6062,101299.961245,8.854730,0.079603
1.255102,0.623737,6063,101299.992079,8.855016,0.081798
1.255102,0.628788,6064,101300.023692,8.855163,0.083894
1.255102,0.633838,6065,101300.056037,8.855178,0.085889
1.255102,0.638889,6066,101300.089063,8.855065,0.087783
1.255102,0.643939,6067,101300.122723,8.854830,0.089572
1.255102,0.648990,6068,101300.156968,8.854478,0.091256
1.255102,0.654040,6069,101300.191750,8.854015,0.092835
1.255102,0.659091,6070,101300.227020,8.853446,0.094306
1.255102,0.664141,6071,101300.262731,8.852778,0.095670
1.255102,0.669192,6072,101300.298837,8.852015,0.096925
1.255102,0.674242,6073,101300.335289,8.851163,0.098071
1.255102,0.679293,6074,101300.372044,8.850228,0.099109
1.255102,0.684343,6075,101300.409054,8.849215,0.100038
1.255102,0.689394,6076,101300.446277,8.848130,0.100857
1.255102,0.694444,6077,101300.483667,8.846978,0.101568
1.255102,0.699495,6078,101300.521183,8.845763,0.102170
1.255102,0.704545,6079,101300.558783,8.844491,0.102665
1.255102,0.709596,6080,101300.596425,8.843167,0.103052
1.255102,0.714646,6081,101300.634069,8.841795,0.103332
1.255102,0.719697,6082,101300.671676,8.840380,0.103506
1.255102,0.724747,6083,101300.709208,8.838926,0.103575
1.255102,0.729798,6084,101300.746627,8.837439,0.103540
1.255102,0.734848,6085,101300.783898,8.835922,0.103401
1.255102,0.739899,6086,101300.820985,8.834380,0.103161
1.255102,0.744949,6087,101300.857854,8.832818,0.102820
1.255102,0.750000,6088,101300.894472,8.831239,0.102379
1.255102,0.755051,6089,101300.930806,8.829647,0.101841
1.255102,0.760101,6090,101300.966826,8.828047,0.101206
1.255102,0.765152,6091,101301.002501,8.826442,0.100475
1.255102,0.770202,6092,101301.037802,8.824835,0.099651
1.255102,0.775253,6093,101301.072700,8.823231,0.098735
1.255102,0.780303,6094,101301.107169,8.821632,0.097729
1.255102,0.785354,6095,101301.141182,8.820042,0.096634
1.255102,0.790404,6096,101301.174714,8.818463,0.095452
1.255102,0.795455,6097,101301.207740,8.816899,0.094185
1.255102,0.800505,6098,101301.240236,8.815353,0.092834
1.255102,0.805556,6099,101301.272181,8.813827,0.091402
1.255102,0.810606,6100,101301.303552,8.812323,0.089890
1.255102,0.815657,6101,101301.334328,8.810845,0.088300
1.255102,0.820707,6102,101301.364488,8.809395,0.086635
1.255102,0.825758,6103,101301.394015,8.807974,0.084895
1.255102,0.830808,6104,101301.422889,8.806586,0.083084
1.255102,0.835859,6105,101301.451091,8.805232,0.081202
1.255102,0.840909,6106,101301.478607,8.803914,0.079252
1.255102,0.845960,6107,101301.505418,8.802635,0.077236
1.255102,0.851010,6108,101301.531510,8.801395,0.075156
1.255102,0.856061,6109,101301.556867,8.800199,0.073014
1.255102,0.861111,6110,101301.581475,8.799045,0.070812
1.255102,0.866162,6111,101301.605322,8.797938,0.068551
1.255102,0.871212,6112,101301.628393,8.796877,0.066235
1.255102,0.876263,6113,101301.650677,8.795864,0.063864
1.255102,0.881313,6114,101301.672161,8.794901,0.061442
1.255102,0.886364,6115,101301.692836,8.793989,0.058969
1.255102,0.891414,6116,101301.712690,8.793128,0.056449
1.255102,0.896465,6117,101301.731713,8.792321,0.053883
1.255102,0.901515,6118,101301.749897,8.791568,0.051273
1.255102,0.906566,6119,101301.767231,8.790871,0.048621
1.255102,0.911616,6120,101301.783708,8.790229,0.045930
1.255102,0.916667,6121,101301.799320,8.789644,0.043201
1.255102,0.921717,6122,101301.814060,8.789117,0.040436
1.255102,0.926768,6123,101301.827920,8.788648,0.037638
1.255102,0.931818,6124,101301.840893,8.788239,0.034807
1.255102,0.936869,6125,101301.852978,8.787889,0.031951
1.255102,0.941919,6126,101301.864160,8.787599,0.029058
1.255102,0.946970,6127,101301.874448,8.787368,0.026157
1.255102,0.952020,6128,101301.883814,8.787197,0.023202
1.255102,0.957071,6129,101301.892294,8.787077,0.020278
1.255102,0.962121,6130,101301.899821,8.786993,0.017249
1.255102,0.967172,6131,101301.906482,8.786877,0.014336
1.255102,0.972222,6132,101301.912153,8.786527,0.011212
1.255102,0.977273,6133,101301.916979,8.785227,0.008346
1.255102,0.982323,6134,101301.920796,8.779970,0.005116
1.255102,0.987374,6135,101301.923742,8.761679,0.002320
1.255102,0.992424,6136,101301.925742,8.573738,-0.000905
1.255102,0.997475,6137,101301.926625,8.190637,-0.001101
1.275510,0.502525,6138,101299.691889,7.774403,0.225018
1.275510,0.507576,6139,101299.736644,8.511345,-0.187131
1.275510,0.512626,6140,101299.665032,8.718878,0.175519
1.275510,0.517677,6141,101299.753899,8.776457,-0.101345
1.275510,0.522727,6142,101299.681710,8.798027,0.100507
1.275510,0.527778,6143,101299.749224,8.802459,-0.024968
1.275510,0.532828,6144,101299.715897,8.810282,0.053489
1.275510,0.537879,6145,101299.750049,8.812663,0.016147
1.275510,0.542929,6146,101299.747397,8.817363,0.038479
1.275510,0.547980,6147,101299.765360,8.820234,0.032917
1.275510,0.553030,6148,101299.775765,8.823567,0.038994
1.275510,0.558081,6149,101299.790813,8.826354,0.040687
1.275510,0.563131,6150,101299.805828,8.829034,0.043729
1.275510,0.568182,6151,101299.822297,8.831471,0.046355
1.275510,0.573232,6152,101299.839795,8.833719,0.048991
1.275510,0.578283,6153,101299.858358,8.835778,0.051573
1.275510,0.583333,6154,101299.877959,8.837656,0.054085
1.275510,0.588384,6155,101299.898555,8.839360,0.056538
1.275510,0.593434,6156,101299.920118,8.840897,0.058922
1.275510,0.598485,6157,101299.942609,8.842272,0.061237
1.275510,0.603535,6158,101299.965993,8.843491,0.063480
1.275510,0.608586,6159,101299.990232,8.844560,0.065647
1.275510,0.613636,6160,101300.015288,8.845483,0.067737
1.275510,0.618687,6161,101300.041123,8.846266,0.069747
1.275510,0.623737,6162,101300.067696,8.846913,0.071675
1.275510,0.628788,6163,101300.094968,8.847429,0.073519
1.275510,0.633838,6164,101300.122899,8.847820,0.075278
1.275510,0.638889,6165,101300.151448,8.848089,0.076950
1.275510,0.643939,6166,101300.180574,8.848242,0.078534
1.275510,0.648990,6167,101300.210238,8.848283,0.080027
1.275510,0.654040,6168,101300.240398,8.848217,0.081430
1.275510,0.659091,6169,101300.271013,8.848049,0.082741
1.275510,0.664141,6170,101300.302044,8.847783,0.083960
1.275510,0.669192,6171,101300.333450,8.847426,0.085085
1.275510,0.674242,6172,101300.365191,8.846981,0.086116
1.275510,0.679293,6173,101300.397229,8.846455,0.087053
1.275510,0.684343,6174,101300.429523,8.845851,0.087895
1.275510,0.689394,6175,101300.462036,8.845175,0.088643
1.275510,0.694444,6176,101300.494730,8.844431,0.089296
1.275510,0.699495,6177,101300.527567,8.843625,0.089855
1.275510,0.704545,6178,101300.560510,8.842759,0.090319
1.275510,0.709596,6179,101300.593523,8.841839,0.090688
1.275510,0.714646,6180,101300.626572,8.840869,0.090965
1.275510,0.719697,6181,101300.659621,8.839854,0.091148
1.275510,0.724747,6182,101300.692635,8.838796,0.091238
1.275510,0.729798,6183,101300.725583,8.837702,0.091236
1.275510,0.734848,6184,101300.758431,8.836574,0.091143
1.275510,0.739899,6185,101300.791148,8.835418,0.090960
1.275510,0.744949,6186,101300.823703,8.834236,0.090688
1.275510,0.750000,6187,101300.856065,8.833033,0.090327
1.275510,0.755051,6188,101300.888206,8.831812,0.089878
1.275510,0.760101,6189,101300.920096,8.830578,0.089344
1.275510,0.765152,6190,101300.951709,8.829333,0.088724
1.275510,0.770202,6191,101300.983017,8.828081,0.088021
1.275510,0.775253,6192,101301.013994,8.826826,0.087235
1.275510,0.780303,6193,101301.044615,8.825569,0.086368
1.275510,0.785354,6194,101301.074855,8.824316,0.085422
1.275510,0.790404,6195,101301.104690,8.823067,0.084397
1.275510,0.795455,6196,101301.134099,8.821827,0.083295
1.275510,0.800505,6197,101301.163057,8.820597,0.082118
1.275510,0.805556,6198,101301.191545,8.819381,0.080867
1.275510,0.810606,6199,101301.219541,8.818181,0.079543
1.275510,0.815657,6200,101301.247025,8.816999,0.078150
1.275510,0.820707,6201,101301.273978,8.815837,0.076687
1.275510,0.825758,6202,101301.300383,8.814698,0.075157
1.275510,0.830808,6203,101301.326220,8.813584,0.073561
1.275510,0.835859,6204,101301.351472,8.812496,0.071901
1.275510,0.840909,6205,101301.376124,8.811438,0.070180
1.275510,0.845960,6206,101301.400160,8.810410,0.068397
1.275510,0.851010,6207,101301.423564,8.809416,0.066556
1.275510,0.856061,6208,101301.446322,8.808455,0.064659
1.275510,0.861111,6209,101301.468419,8.807531,0.062706
1.275510,0.866162,6210,101301.489844,8.806644,0.060699
1.275510,0.871212,6211,101301.510582,8.805797,0.058641
1.275510,0.876263,6212,101301.530623,8.804989,0.056534
1.275510,0.881313,6213,101301.549954,8.804224,0.054378
1.275510,0.886364,6214,101301.568564,8.803502,0.052177
1.275510,0.891414,6215,101301.586443,8.802824,0.049931
1.275510,0.896465,6216,101301.603582,8.802191,0.047643
1.275510,0.901515,6217,101301.619970,8.801605,0.045315
1.275510,0.906566,6218,101301.635599,8.801065,0.042948
1.275510,0.911616,6219,101301.650460,8.800574,0.040544
1.275510,0.916667,6220,101301.664546,8.800132,0.038105
1.275510,0.921717,6221,101301.677849,8.799740,0.035633
1.275510,0.926768,6222,101301.690363,8.799398,0.033131
1.275510,0.931818,6223,101301.702079,8.799108,0.030597
1.275510,0.936869,6224,101301.712995,8.798868,0.028041
1.275510,0.941919,6225,101301.723099,8.798682,0.025449
1.275510,0.946970,6226,101301.732399,8.798546,0.022852
1.275510,0.952020,6227,101301.740865,8.798462,0.020200
1.275510,0.957071,6228,101301.748534,8.798421,0.017585
1.275510,0.962121,6229,101301.755340,8.798409,0.014861
1.275510,0.967172,6230,101301.761369,8.798357,0.012259
1.275510,0.972222,6231,101301.766499,8.798062,0.009444
1.275510,0.977273,6232,101301.770870,8.796811,0.006887
1.275510,0.982323,6233,101301.774327,8.791549,0.003975
1.275510,0.987374,6234,101301.776992,8.773208,0.001483
1.275510,0.992424,6235,101301.778800,8.579816,-0.001401
1.275510,0.997475,6236,101301.779590,8.185961,-0.001257
1.295918,0.502525,6237,101299.808595,7.744861,0.215734
1.295918,0.507576,6238,101299.848904,8.492030,-0.180855
1.295918,0.512626,6239,101299.783428,8.705846,0.170442
1.295918,0.517677,6240,101299.865426,8.765044,-0.101981
1.295918,0.522727,6241,101299.796687,8.786592,0.099640
1.295918,0.527778,6242,101299.861412,8.791410,-0.029453
1.295918,0.532828,6243,101299.826853,8.799285,0.052777
1.295918,0.537879,6244,101299.860658,8.801738,0.011275
1.295918,0.542929,6245,101299.855317,8.806625,0.035943
1.295918,0.547980,6246,101299.872500,8.809567,0.028300
1.295918,0.553030,6247,101299.880462,8.813090,0.034901
1.295918,0.558081,6248,101299.893782,8.816015,0.035792
1.295918,0.563131,6249,101299.906473,8.818883,0.038641
1.295918,0.568182,6250,101299.920651,8.821505,0.040846
1.295918,0.573232,6251,101299.935642,8.823958,0.043151
1.295918,0.578283,6252,101299.951576,8.826233,0.045388
1.295918,0.583333,6253,101299.968410,8.828339,0.047570
1.295918,0.588384,6254,101299.986109,8.830283,0.049704
1.295918,0.593434,6255,101300.004652,8.832072,0.051779
1.295918,0.598485,6256,101300.024008,8.833709,0.053796
1.295918,0.603535,6257,101300.044147,8.835200,0.055752
1.295918,0.608586,6258,101300.065038,8.836551,0.057645
1.295918,0.613636,6259,101300.086651,8.837764,0.059472
1.295918,0.618687,6260,101300.108954,8.838846,0.061232
1.295918,0.623737,6261,101300.131913,8.839799,0.062922
1.295918,0.628788,6262,101300.155495,8.840629,0.064542
1.295918,0.633838,6263,101300.179669,8.841340,0.066088
1.295918,0.638889,6264,101300.204398,8.841935,0.067560
1.295918,0.643939,6265,101300.229650,8.842420,0.068957
1.295918,0.648990,6266,101300.255391,8.842797,0.070277
1.295918,0.654040,6267,101300.281585,8.843072,0.071519
1.295918,0.659091,6268,101300.308199,8.843248,0.072681
1.295918,0.664141,6269,101300.335198,8.843330,0.073765
1.295918,0.669192,6270,101300.362549,8.843322,0.074767
1.295918,0.674242,6271,101300.390217,8.843230,0.075689
1.295918,0.679293,6272,101300.418168,8.843057,0.076528
1.295918,0.684343,6273,101300.446369,8.842809,0.077286
1.295918,0.689394,6274,101300.474787,8.842489,0.077962
1.295918,0.694444,6275,101300.503388,8.842101,0.078555
1.295918,0.699495,6276,101300.532140,8.841650,0.079065
1.295918,0.704545,6277,101300.561011,8.841140,0.079493
1.295918,0.709596,6278,101300.589969,8.840574,0.079838
1.295918,0.714646,6279,101300.618983,8.839958,0.080102
1.295918,0.719697,6280,101300.648023,8.839293,0.080283
1.295918,0.724747,6281,101300.677058,8.838585,0.080383
1.295918,0.729798,6282,101300.706060,8.837838,0.080402
1.295918,0.734848,6283,101300.734997,8.837054,0.080340
1.295918,0.739899,6284,101300.763844,8.836239,0.080198
1.295918,0.744949,6285,101300.792571,8.835395,0.079977
1.295918,0.750000,6286,101300.821151,8.834526,0.079678
1.295918,0.755051,6287,101300.849559,8.833635,0.079301
1.295918,0.760101,6288,101300.877767,8.832727,0.078848
1.295918,0.765152,6289,101300.905752,8.831804,0.078318
1.295918,0.770202,6290,101300.933488,8.830869,0.077714
1.295918,0.775253,6291,101300.960952,8.829926,0.077036
1.295918,0.780303,6292,101300.988120,8.828977,0.076286
1.295918,0.785354,6293,101301.014969,8.828026,0.075464
1.295918,0.790404,6294,101301.041479,8.827074,0.074571
1.295918,0.795455,6295,101301.067626,8.826126,0.073610
1.295918,0.800505,6296,101301.093392,8.825182,0.072580
1.295918,0.805556,6297,101301.118755,8.824246,0.071484
1.295918,0.810606,6298,101301.143697,8.823319,0.070323
1.295918,0.815657,6299,101301.168199,8.822405,0.069098
1.295918,0.820707,6300,101301.192243,8.821506,0.067811
1.295918,0.825758,6301,101301.215811,8.820622,0.066463
1.295918,0.830808,6302,101301.238886,8.819757,0.065055
1.295918,0.835859,6303,101301.261452,8.818913,0.063589
1.295918,0.840909,6304,101301.283494,8.818091,0.062066
1.295918,0.845960,6305,101301.304996,8.817293,0.060489
1.295918,0.851010,6306,101301.325944,8.816521,0.058858
1.295918,0.856061,6307,101301.346325,8.815777,0.057175
1.295918,0.861111,6308,101301.366124,8.815062,0.055442
1.295918,0.866162,6309,101301.385329,8.814378,0.053660
1.295918,0.871212,6310,101301.403928,8.813726,0.051831
1.295918,0.876263,6311,101301.421908,8.813108,0.049956
1.295918,0.881313,6312,101301.439260,8.812525,0.048038
1.295918,0.886364,6313,101301.455972,8.811977,0.046077
1.295918,0.891414,6314,101301.472033,8.811467,0.044076
1.295918,0.896465,6315,101301.487435,8.810994,0.042036
1.295918,0.901515,6316,101301.502169,8.810561,0.039958
1.295918,0.906566,6317,101301.516224,8.810168,0.037845
1.295918,0.911616,6318,101301.529594,8.809816,0.035698
1.295918,0.916667,6319,101301.542270,8.809506,0.033520
1.295918,0.921717,6320,101301.554245,8.809239,0.031309
1.295918,0.926768,6321,101301.565514,8.809014,0.029072
1.295918,0.931818,6322,101301.576066,8.808834,0.026805
1.295918,0.936869,6323,101301.585902,8.808698,0.024518
1.295918,0.941919,6324,101301.595006,8.808607,0.022196
1.295918,0.946970,6325,101301.603391,8.808559,0.019873
1.295918,0.952020,6326,101301.611022,8.808557,0.017494
1.295918,0.957071,6327,101301.617941,8.808590,0.015156
1.295918,0.962121,6328,101301.624078,8.808643,0.012708
1.295918,0.967172,6329,101301.629520,8.808651,0.010385
1.295918,0.972222,6330,101301.634148,8.808408,0.007848
1.295918,0.977273,6331,101301.638095,8.807201,0.005570
1.295918,0.982323,6332,101301.641218,8.801927,0.002943
1.295918,0.987374,6333,101301.643627,8.783473,0.000729
1.295918,0.992424,6334,101301.645243,8.584615,-0.001845
1.295918,0.997475,6335,101301.645955,8.180034,-0.001396
1.316327,0.502525,6336,101299.906930,7.717099,0.207262
1.316327,0.507576,6337,101299.943409,8.474403,-0.174995
1.316327,0.512626,6338,101299.883325,8.694458,0.165683
1.316327,0.517677,6339,101299.959193,8.755182,-0.102263
1.316327,0.522727,6340,101299.893774,8.776710,0.098800
1.316327,0.527778,6341,101299.955806,8.781891,-0.033369
1.316327,0.532828,6342,101299.920426,8.789790,0.052332
1.316327,0.537879,6343,101299.953902,8.792308,0.006886
1.316327,0.542929,6344,101299.946239,8.797354,0.033945
1.316327,0.547980,6345,101299.962891,8.800344,0.024196
1.316327,0.553030,6346,101299.968696,8.804033,0.031466
1.316327,0.558081,6347,101299.980652,8.807066,0.031535
1.316327,0.563131,6348,101299.991347,8.810093,0.034285
1.316327,0.568182,6349,101300.003626,8.812867,0.036095
1.316327,0.573232,6350,101300.016502,8.815492,0.038123
1.316327,0.578283,6351,101300.030230,8.817947,0.040057
1.316327,0.583333,6352,101300.044732,8.820244,0.041953
1.316327,0.588384,6353,101300.059990,8.822390,0.043808
1.316327,0.593434,6354,101300.075984,8.824390,0.045613
1.316327,0.598485,6355,101300.092689,8.826248,0.047370
1.316327,0.603535,6356,101300.110081,8.827969,0.049074
1.316327,0.608586,6357,101300.128135,8.829558,0.050725
1.316327,0.613636,6358,101300.146825,8.831017,0.052321
1.316327,0.618687,6359,101300.166124,8.832352,0.053859
1.316327,0.623737,6360,101300.186006,8.833566,0.055339
1.316327,0.628788,6361,101300.206442,8.834663,0.056757
1.316327,0.633838,6362,101300.227405,8.835647,0.058114
1.316327,0.638889,6363,101300.248866,8.836522,0.059407
1.316327,0.643939,6364,101300.270797,8.837290,0.060635
1.316327,0.648990,6365,101300.293169,8.837956,0.061797
1.316327,0.654040,6366,101300.315954,8.838524,0.062892
1.316327,0.659091,6367,101300.339121,8.838996,0.063920
1.316327,0.664141,6368,101300.362642,8.839378,0.064878
1.316327,0.669192,6369,101300.386488,8.839673,0.065767
1.316327,0.674242,6370,101300.410629,8.839886,0.066585
1.316327,0.679293,6371,101300.435037,8.840020,0.067333
1.316327,0.684343,6372,101300.459682,8.840080,0.068010
1.316327,0.689394,6373,101300.484536,8.840070,0.068615
1.316327,0.694444,6374,101300.509570,8.839993,0.069148
1.316327,0.699495,6375,101300.534756,8.839853,0.069609
1.316327,0.704545,6376,101300.560066,8.839653,0.069998
1.316327,0.709596,6377,101300.585472,8.839398,0.070315
1.316327,0.714646,6378,101300.610948,8.839091,0.070559
1.316327,0.719697,6379,101300.636465,8.838736,0.070732
1.316327,0.724747,6380,101300.661998,8.838335,0.070833
1.316327,0.729798,6381,101300.687519,8.837893,0.070863
1.316327,0.734848,6382,101300.713005,8.837414,0.070822
1.316327,0.739899,6383,101300.738428,8.836900,0.070710
1.316327,0.744949,6384,101300.763765,8.836355,0.070528
1.316327,0.750000,6385,101300.788991,8.835782,0.070276
1.316327,0.755051,6386,101300.814083,8.835185,0.069956
1.316327,0.760101,6387,101300.839016,8.834567,0.069567
1.316327,0.765152,6388,101300.863769,8.833931,0.069111
1.316327,0.770202,6389,101300.888318,8.833279,0.068589
1.316327,0.775253,6390,101300.912643,8.832615,0.068000
1.316327,0.780303,6391,101300.936722,8.831942,0.067347
1.316327,0.785354,6392,101300.960535,8.831261,0.066630
1.316327,0.790404,6393,101300.984060,8.830576,0.065849
1.316327,0.795455,6394,101301.007279,8.829889,0.065007
1.316327,0.800505,6395,101301.030173,8.829202,0.064104
1.316327,0.805556,6396,101301.052724,8.828518,0.063141
1.316327,0.810606,6397,101301.074913,8.827839,0.062119
1.316327,0.815657,6398,101301.096722,8.827167,0.061040
1.316327,0.820707,6399,101301.118136,8.826504,0.059905
1.316327,0.825758,6400,101301.139138,8.825852,0.058714
1.316327,0.830808,6401,101301.159712,8.825213,0.057470
1.316327,0.835859,6402,101301.179842,8.824589,0.056173
1.316327,0.840909,6403,101301.199515,8.823982,0.054825
1.316327,0.845960,6404,101301.218716,8.823393,0.053427
1.316327,0.851010,6405,101301.237431,8.822824,0.051980
1.316327,0.856061,6406,101301.255647,8.822277,0.050486
1.316327,0.861111,6407,101301.273352,8.821753,0.048947
1.316327,0.866162,6408,101301.290533,8.821254,0.047363
1.316327,0.871212,6409,101301.307178,8.820781,0.045736
1.316327,0.876263,6410,101301.323278,8.820335,0.044067
1.316327,0.881313,6411,101301.338820,8.819918,0.042359
1.316327,0.886364,6412,101301.353794,8.819530,0.040612
1.316327,0.891414,6413,101301.368191,8.819173,0.038827
1.316327,0.896465,6414,101301.382002,8.818848,0.037008
1.316327,0.901515,6415,101301.395218,8.818556,0.035154
1.316327,0.906566,6416,101301.407830,8.818297,0.033267
1.316327,0.911616,6417,101301.419830,8.818073,0.031349
1.316327,0.916667,6418,101301.431212,8.817884,0.029403
1.316327,0.921717,6419,101301.441966,8.817732,0.027427
1.316327,0.926768,6420,101301.452090,8.817615,0.025427
1.316327,0.931818,6421,101301.461572,8.817537,0.023398
1.316327,0.936869,6422,101301.470413,8.817495,0.021352
1.316327,0.941919,6423,101301.478597,8.817493,0.019272
1.316327,0.946970,6424,101301.486137,8.817527,0.017195
1.316327,0.952020,6425,101301.493000,8.817599,0.015060
1.316327,0.957071,6426,101301.499226,8.817701,0.012972
1.316327,0.962121,6427,101301.504746,8.817816,0.010770
1.316327,0.967172,6428,101301.509646,8.817879,0.008698
1.316327,0.972222,6429,101301.513810,8.817685,0.006412
1.316327,0.977273,6430,101301.517365,8.816518,0.004383
1.316327,0.982323,6431,101301.520178,8.811226,0.002014
1.316327,0.987374,6432,101301.522352,8.792595,0.000051
1.316327,0.992424,6433,101301.523800,8.588260,-0.002243
1.316327,0.997475,6434,101301.524445,8.172980,-0.001523
1.336735,0.502525,6435,101299.989551,7.690872,0.199498
1.336735,0.507576,6436,101300.022709,8.458229,-0.169511
1.336735,0.512626,6437,101299.967388,8.684484,0.161214
1.336735,0.517677,6438,101300.037763,8.746651,-0.102259
1.336735,0.522727,6439,101299.975516,8.768167,0.097977
1.336735,0.527778,6440,101300.034958,8.773690,-0.036788
1.336735,0.532828,6441,101299.999089,8.781589,0.052090
1.336735,0.537879,6442,101300.032231,8.784168,0.002921
1.336735,0.542929,6443,101300.022565,8.789346,0.032393
1.336735,0.547980,6444,101300.038871,8.792369,0.020524
1.336735,0.553030,6445,101300.042758,8.796203,0.028591
1.336735,0.558081,6446,101300.053641,8.799318,0.027811
1.336735,0.563131,6447,101300.062604,8.802483,0.030550
1.336735,0.568182,6448,101300.073307,8.805381,0.031981
1.336735,0.573232,6449,101300.084384,8.808151,0.033785
1.336735,0.578283,6450,101300.096251,8.810756,0.035450
1.336735,0.583333,6451,101300.108778,8.813215,0.037098
1.336735,0.588384,6452,101300.121967,8.815531,0.038709
1.336735,0.593434,6453,101300.135799,8.817709,0.040277
1.336735,0.598485,6454,101300.150253,8.819753,0.041806
1.336735,0.603535,6455,101300.165310,8.821669,0.043290
1.336735,0.608586,6456,101300.180948,8.823459,0.044728
1.336735,0.613636,6457,101300.197145,8.825128,0.046120
1.336735,0.618687,6458,101300.213881,8.826679,0.047462
1.336735,0.623737,6459,101300.231132,8.828116,0.048754
1.336735,0.628788,6460,101300.248875,8.829441,0.049995
1.336735,0.633838,6461,101300.267086,8.830659,0.051182
1.336735,0.638889,6462,101300.285743,8.831772,0.052315
1.336735,0.643939,6463,101300.304820,8.832785,0.053392
1.336735,0.648990,6464,101300.324294,8.833699,0.054412
1.336735,0.654040,6465,101300.344139,8.834518,0.055375
1.336735,0.659091,6466,101300.364331,8.835247,0.056279
1.336735,0.664141,6467,101300.384846,8.835888,0.057124
1.336735,0.669192,6468,101300.405658,8.836445,0.057908
1.336735,0.674242,6469,101300.426742,8.836922,0.058631
1.336735,0.679293,6470,101300.448073,8.837323,0.059293
1.336735,0.684343,6471,101300.469626,8.837651,0.059894
1.336735,0.689394,6472,101300.491377,8.837910,0.060431
1.336735,0.694444,6473,101300.513301,8.838104,0.060907
1.336735,0.699495,6474,101300.535373,8.838235,0.061319
1.336735,0.704545,6475,101300.557569,8.838308,0.061668
1.336735,0.709596,6476,101300.579865,8.838325,0.061954
1.336735,0.714646,6477,101300.602236,8.838290,0.062177
1.336735,0.719697,6478,101300.624659,8.838205,0.062337
1.336735,0.724747,6479,101300.647111,8.838076,0.062433
1.336735,0.729798,6480,101300.669569,8.837903,0.062467
1.336735,0.734848,6481,101300.692009,8.837692,0.062438
1.336735,0.739899,6482,101300.714409,8.837444,0.062347
1.336735,0.744949,6483,101300.736748,8.837164,0.062194
1.336735,0.750000,6484,101300.759004,8.836854,0.061979
1.336735,0.755051,6485,101300.781154,8.836518,0.061704
1.336735,0.760101,6486,101300.803179,8.836157,0.061367
1.336735,0.765152,6487,101300.825058,8.835776,0.060971
1.336735,0.770202,6488,101300.846771,8.835376,0.060516
1.336735,0.775253,6489,101300.868298,8.834962,0.060002
1.336735,0.780303,6490,101300.889620,8.834534,0.059430
1.336735,0.785354,6491,101300.910719,8.834095,0.058801
1.336735,0.790404,6492,101300.931575,8.833648,0.058116
1.336735,0.795455,6493,101300.952171,8.833196,0.057375
1.336735,0.800505,6494,101300.972491,8.832740,0.056580
1.336735,0.805556,6495,101300.992516,8.832283,0.055731
1.336735,0.810606,6496,101301.012230,8.831826,0.054829
1.336735,0.815657,6497,101301.031618,8.831372,0.053876
1.336735,0.820707,6498,101301.050664,8.830922,0.052872
1.336735,0.825758,6499,101301.069352,8.830479,0.051818
1.336735,0.830808,6500,101301.087668,8.830044,0.050716
1.336735,0.835859,6501,101301.105599,8.829619,0.049567
1.336735,0.840909,6502,101301.123130,8.829205,0.048371
1.336735,0.845960,6503,101301.140248,8.828806,0.047130
1.336735,0.851010,6504,101301.156940,8.828421,0.045845
1.336735,0.856061,6505,101301.173194,8.828052,0.044517
1.336735,0.861111,6506,101301.188998,8.827702,0.043148
1.336735,0.866162,6507,101301.204341,8.827371,0.041739
1.336735,0.871212,6508,101301.219212,8.827060,0.040290
1.336735,0.876263,6509,101301.233600,8.826772,0.038804
1.336735,0.881313,6510,101301.247495,8.826506,0.037282
1.336735,0.886364,6511,101301.260887,8.826264,0.035724
1.336735,0.891414,6512,101301.273767,8.826048,0.034132
1.336735,0.896465,6513,101301.286127,8.825857,0.032508
1.336735,0.901515,6514,101301.297958,8.825694,0.030853
1.336735,0.906566,6515,101301.309252,8.825558,0.029168
1.336735,0.911616,6516,101301.320001,8.825451,0.027454
1.336735,0.916667,6517,101301.330199,8.825374,0.025714
1.336735,0.921717,6518,101301.339837,8.825326,0.023948
1.336735,0.926768,6519,101301.348912,8.825309,0.022159
1.336735,0.931818,6520,101301.357414,8.825324,0.020343
1.336735,0.936869,6521,101301.365344,8.825370,0.018514
1.336735,0.941919,6522,101301.372685,8.825449,0.016650
1.336735,0.946970,6523,101301.379452,8.825558,0.014792
1.336735,0.952020,6524,101301.385610,8.825700,0.012877
1.336735,0.957071,6525,101301.391200,8.825864,0.011011
1.336735,0.962121,6526,101301.396154,8.826037,0.009030
1.336735,0.967172,6527,101301.400557,8.826150,0.007184
1.336735,0.972222,6528,101301.404296,8.826000,0.005122
1.336735,0.977273,6529,101301.407491,8.824870,0.003318
1.336735,0.982323,6530,101301.410019,8.819554,0.001178
1.336735,0.987374,6531,101301.411977,8.800686,-0.000559
1.336735,0.992424,6532,101301.413273,8.590866,-0.002599
1.336735,0.997475,6533,101301.413857,8.164913,-0.001637
1.357143,0.502525,6534,101300.058680,7.665975,0.192354
1.357143,0.507576,6535,101300.088939,8.443312,-0.164368
1.357143,0.512626,6536,101300.037845,8.675728,0.157010
1.357143,0.517677,6537,101300.103283,8.739270,-0.102022
1.357143,0.522727,6538,101300.044051,8.760780,0.097165
1.357143,0.527778,6539,101300.101010,8.766625,-0.039771
1.357143,0.532828,6540,101300.064917,8.774505,0.052001
1.357143,0.537879,6541,101300.097708,8.777142,-0.000671
1.357143,0.542929,6542,101300.086318,8.782431,0.031211
1.357143,0.547980,6543,101300.102413,8.785474,0.017220
1.357143,0.553030,6544,101300.104584,8.789436,0.026193
1.357143,0.558081,6545,101300.114633,8.792614,0.024535
1.357143,0.563131,6546,101300.122077,8.795896,0.027347
1.357143,0.568182,6547,101300.131471,8.798897,0.028405
1.357143,0.573232,6548,101300.141007,8.801790,0.030035
1.357143,0.578283,6549,101300.151299,8.804520,0.031456
1.357143,0.583333,6550,101300.162143,8.807115,0.032891
1.357143,0.588384,6551,101300.173571,8.809574,0.034288
1.357143,0.593434,6552,101300.185561,8.811903,0.035650
1.357143,0.598485,6553,101300.198095,8.814106,0.036978
1.357143,0.603535,6554,101300.211157,8.816187,0.038268
1.357143,0.608586,6555,101300.224730,8.818149,0.039520
1.357143,0.613636,6556,101300.238795,8.819996,0.040732
1.357143,0.618687,6557,101300.253335,8.821732,0.041902
1.357143,0.623737,6558,101300.268330,8.823358,0.043028
1.357143,0.628788,6559,101300.283761,8.824879,0.044111
1.357143,0.633838,6560,101300.299608,8.826298,0.045148
1.357143,0.638889,6561,101300.315851,8.827616,0.046138
1.357143,0.643939,6562,101300.332469,8.828838,0.047080
1.357143,0.648990,6563,101300.349442,8.829966,0.047973
1.357143,0.654040,6564,101300.366749,8.831004,0.048816
1.357143,0.659091,6565,101300.384368,8.831953,0.049609
1.357143,0.664141,6566,101300.402279,8.832818,0.050350
1.357143,0.669192,6567,101300.420461,8.833603,0.051040
1.357143,0.674242,6568,101300.438891,8.834309,0.051676
1.357143,0.679293,6569,101300.457548,8.834942,0.052259
1.357143,0.684343,6570,101300.476411,8.835503,0.052788
1.357143,0.689394,6571,101300.495458,8.835997,0.053263
1.357143,0.694444,6572,101300.514668,8.836427,0.053683
1.357143,0.699495,6573,101300.534019,8.836796,0.054048
1.357143,0.704545,6574,101300.553491,8.837106,0.054358
1.357143,0.709596,6575,101300.573062,8.837362,0.054613
1.357143,0.714646,6576,101300.592711,8.837565,0.054812
1.357143,0.719697,6577,101300.612418,8.837719,0.054956
1.357143,0.724747,6578,101300.632161,8.837827,0.055044
1.357143,0.729798,6579,101300.651921,8.837892,0.055077
1.357143,0.734848,6580,101300.671678,8.837917,0.055055
1.357143,0.739899,6581,101300.691411,8.837905,0.054978
1.357143,0.744949,6582,101300.711100,8.837859,0.054846
1.357143,0.750000,6583,101300.730728,8.837782,0.054660
1.357143,0.755051,6584,101300.750275,8.837676,0.054420
1.357143,0.760101,6585,101300.769721,8.837544,0.054126
1.357143,0.765152,6586,101300.789049,8.837389,0.053779
1.357143,0.770202,6587,101300.808241,8.837214,0.053379
1.357143,0.775253,6588,101300.827279,8.837021,0.052927
1.357143,0.780303,6589,101300.846146,8.836812,0.052424
1.357143,0.785354,6590,101300.864824,8.836589,0.051870
1.357143,0.790404,6591,101300.883298,8.836356,0.051265
1.357143,0.795455,6592,101300.901551,8.836113,0.050611
1.357143,0.800505,6593,101300.919567,8.835864,0.049908
1.357143,0.805556,6594,101300.937331,8.835610,0.049157
1.357143,0.810606,6595,101300.954828,8.835352,0.048359
1.357143,0.815657,6596,101300.972043,8.835094,0.047514
1.357143,0.820707,6597,101300.988962,8.834836,0.046624
1.357143,0.825758,6598,101301.005571,8.834581,0.045690
1.357143,0.830808,6599,101301.021857,8.834329,0.044711
1.357143,0.835859,6600,101301.037806,8.834084,0.043690
1.357143,0.840909,6601,101301.053407,8.833846,0.042628
1.357143,0.845960,6602,101301.068646,8.833617,0.041524
1.357143,0.851010,6603,101301.083512,8.833398,0.040381
1.357143,0.856061,6604,101301.097994,8.833191,0.039200
1.357143,0.861111,6605,101301.112080,8.832998,0.037980
1.357143,0.866162,6606,101301.125760,8.832819,0.036725
1.357143,0.871212,6607,101301.139024,8.832656,0.035434
1.357143,0.876263,6608,101301.151861,8.832510,0.034109
1.357143,0.881313,6609,101301.164263,8.832383,0.032750
1.357143,0.886364,6610,101301.176220,8.832274,0.031360
1.357143,0.891414,6611,101301.187723,8.832185,0.029939
1.357143,0.896465,6612,101301.198765,8.832117,0.028489
1.357143,0.901515,6613,101301.209337,8.832071,0.027010
1.357143,0.906566,6614,101301.219432,8.832047,0.025504
1.357143,0.911616,6615,101301.229043,8.832047,0.023972
1.357143,0.916667,6616,101301.238163,8.832071,0.022416
1.357143,0.921717,6617,101301.246785,8.832120,0.020836
1.357143,0.926768,6618,101301.254905,8.832194,0.019235
1.357143,0.931818,6619,101301.262514,8.832294,0.017609
1.357143,0.936869,6620,101301.269613,8.832420,0.015973
1.357143,0.941919,6621,101301.276185,8.832573,0.014302
1.357143,0.946970,6622,101301.282246,8.832752,0.012641
1.357143,0.952020,6623,101301.287760,8.832957,0.010921
1.357143,0.957071,6624,101301.292771,8.833179,0.009255
1.357143,0.962121,6625,101301.297208,8.833404,0.007472
1.357143,0.967172,6626,101301.301157,8.833565,0.005826
1.357143,0.972222,6627,101301.304507,8.833455,0.003966
1.357143,0.977273,6628,101301.307374,8.832358,0.002362
1.357143,0.982323,6629,101301.309640,8.827009,0.000427
1.357143,0.987374,6630,101301.311398,8.807853,-0.001105
1.357143,0.992424,6631,101301.312558,8.592539,-0.002919
1.357143,0.997475,6632,101301.313086,8.155940,-0.001740
1.377551,0.502525,6633,101300.116186,7.642232,0.185758
1.377551,0.507576,6634,101300.143902,8.429484,-0.159535
1.377551,0.512626,6635,101300.096575,8.668027,0.153049
1.377551,0.517677,6636,101300.157560,8.732882,-0.101596
1.377551,0.522727,6637,101300.101183,8.754395,0.096359
1.377551,0.527778,6638,101300.155767,8.760542,-0.042373
1.377551,0.532828,6639,101300.119666,8.768389,0.052027
1.377551,0.537879,6640,101300.152081,8.771083,-0.003932
1.377551,0.542929,6641,101300.139212,8.776463,0.030336
1.377551,0.547980,6642,101300.155194,8.779517,0.014229
1.377551,0.553030,6643,101300.155822,8.783591,0.024204
1.377551,0.558081,6644,101300.165233,8.786814,0.021637
1.377551,0.563131,6645,101300.171332,8.790201,0.024600
1.377551,0.568182,6646,101300.179641,8.793284,0.025287
1.377551,0.573232,6647,101300.187845,8.796281,0.026786
1.377551,0.578283,6648,101300.196800,8.799117,0.027986
1.377551,0.583333,6649,101300.206204,8.801827,0.029239
1.377551,0.588384,6650,101300.216128,8.804407,0.030447
1.377551,0.593434,6651,101300.226541,8.806864,0.031629
1.377551,0.598485,6652,101300.237431,8.809201,0.032782
1.377551,0.603535,6653,101300.248784,8.811423,0.033902
1.377551,0.608586,6654,101300.260586,8.813532,0.034990
1.377551,0.613636,6655,101300.272821,8.815532,0.036043
1.377551,0.618687,6656,101300.285474,8.817424,0.037060
1.377551,0.623737,6657,101300.298528,8.819214,0.038041
1.377551,0.628788,6658,101300.311969,8.820902,0.038984
1.377551,0.633838,6659,101300.325777,8.822493,0.039887
1.377551,0.638889,6660,101300.339938,8.823989,0.040750
1.377551,0.643939,6661,101300.354432,8.825392,0.041572
1.377551,0.648990,6662,101300.369243,8.826704,0.042351
1.377551,0.654040,6663,101300.384353,8.827930,0.043088
1.377551,0.659091,6664,101300.399744,8.829071,0.043781
1.377551,0.664141,6665,101300.415397,8.830130,0.044429
1.377551,0.669192,6666,101300.431294,8.831111,0.045032
1.377551,0.674242,6667,101300.447417,8.832017,0.045589
1.377551,0.679293,6668,101300.463747,8.832851,0.046099
1.377551,0.684343,6669,101300.480266,8.833616,0.046563
1.377551,0.689394,6670,101300.496955,8.834315,0.046979
1.377551,0.694444,6671,101300.513796,8.834951,0.047348
1.377551,0.699495,6672,101300.530769,8.835527,0.047669
1.377551,0.704545,6673,101300.547857,8.836046,0.047941
1.377551,0.709596,6674,101300.565041,8.836510,0.048165
1.377551,0.714646,6675,101300.582303,8.836923,0.048340
1.377551,0.719697,6676,101300.599624,8.837286,0.048467
1.377551,0.724747,6677,101300.616987,8.837604,0.048545
1.377551,0.729798,6678,101300.634373,8.837878,0.048574
1.377551,0.734848,6679,101300.651766,8.838111,0.048554
1.377551,0.739899,6680,101300.669146,8.838307,0.048486
1.377551,0.744949,6681,101300.686498,8.838467,0.048370
1.377551,0.750000,6682,101300.703803,8.838596,0.048206
1.377551,0.755051,6683,101300.721045,8.838694,0.047994
1.377551,0.760101,6684,101300.738208,8.838765,0.047734
1.377551,0.765152,6685,101300.755275,8.838812,0.047427
1.377551,0.770202,6686,101300.772230,8.838836,0.047073
1.377551,0.775253,6687,101300.789057,8.838840,0.046673
1.377551,0.780303,6688,101300.805740,8.838826,0.046228
1.377551,0.785354,6689,101300.822265,8.838796,0.045736
1.377551,0.790404,6690,101300.838616,8.838752,0.045201
1.377551,0.795455,6691,101300.854779,8.838697,0.044620
1.377551,0.800505,6692,101300.870740,8.838633,0.043997
1.377551,0.805556,6693,101300.886484,8.838560,0.043330
1.377551,0.810606,6694,101300.901998,8.838481,0.042621
1.377551,0.815657,6695,101300.917268,8.838398,0.041871
1.377551,0.820707,6696,101300.932282,8.838313,0.041080
1.377551,0.825758,6697,101300.947028,8.838226,0.040249
1.377551,0.830808,6698,101300.961492,8.838140,0.039378
1.377551,0.835859,6699,101300.975662,8.838056,0.038469
1.377551,0.840909,6700,101300.989528,8.837975,0.037523
1.377551,0.845960,6701,101301.003078,8.837900,0.036540
1.377551,0.851010,6702,101301.016301,8.837831,0.035522
1.377551,0.856061,6703,101301.029186,8.837771,0.034468
1.377551,0.861111,6704,101301.041724,8.837720,0.033381
1.377551,0.866162,6705,101301.053904,8.837679,0.032261
1.377551,0.871212,6706,101301.065718,8.837649,0.031109
1.377551,0.876263,6707,101301.077155,8.837632,0.029926
1.377551,0.881313,6708,101301.088207,8.837629,0.028713
1.377551,0.886364,6709,101301.098867,8.837641,0.027471
1.377551,0.891414,6710,101301.109124,8.837668,0.026201
1.377551,0.896465,6711,101301.118973,8.837711,0.024904
1.377551,0.901515,6712,101301.128406,8.837772,0.023582
1.377551,0.906566,6713,101301.137415,8.837850,0.022235
1.377551,0.911616,6714,101301.145994,8.837948,0.020865
1.377551,0.916667,6715,101301.154137,8.838064,0.019472
1.377551,0.921717,6716,101301.161837,8.838201,0.018057
1.377551,0.926768,6717,101301.169090,8.838358,0.016625
1.377551,0.931818,6718,101301.175888,8.838536,0.015168
1.377551,0.936869,6719,101301.182232,8.838735,0.013703
1.377551,0.941919,6720,101301.188106,8.838956,0.012204
1.377551,0.946970,6721,101301.193526,8.839198,0.010719
1.377551,0.952020,6722,101301.198455,8.839461,0.009172
1.377551,0.957071,6723,101301.202938,8.839737,0.007685
1.377551,0.962121,6724,101301.206905,8.840010,0.006078
1.377551,0.967172,6725,101301.210440,8.840214,0.004612
1.377551,0.972222,6726,101301.213436,8.840141,0.002932
1.377551,0.977273,6727,101301.216005,8.839074,0.001507
1.377551,0.982323,6728,101301.218032,8.833680,-0.000244
1.377551,0.987374,6729,101301.219609,8.814193,-0.001594
1.377551,0.992424,6730,101301.220646,8.593374,-0.003204
1.377551,0.997475,6731,101301.221121,8.146156,-0.001832
1.397959,0.502525,6732,101300.163650,7.619495,0.179648
1.397959,0.507576,6733,101300.189124,8.416601,-0.154985
1.397959,0.512626,6734,101300.145169,8.661237,0.149309
1.397959,0.517677,6735,101300.202125,8.727355,-0.101017
1.397959,0.522727,6736,101300.148446,8.748879,0.095556
1.397959,0.527778,6737,101300.200762,8.755312,-0.044638
1.397959,0.532828,6738,101300.164825,8.763114,0.052137
1.397959,0.537879,6739,101300.196839,8.765863,-0.006896
1.397959,0.542929,6740,101300.182706,8.771316,0.029716
1.397959,0.547980,6741,101300.198643,8.774375,0.011511
1.397959,0.553030,6742,101300.197881,8.778547,0.022565
1.397959,0.558081,6743,101300.206812,8.781804,0.019059
1.397959,0.563131,6744,101300.211710,8.785280,0.022247
1.397959,0.568182,6745,101300.219123,8.788430,0.022558
1.397959,0.573232,6746,101300.226169,8.791516,0.023970
1.397959,0.578283,6747,101300.233986,8.794440,0.024964
1.397959,0.583333,6748,101300.242152,8.797248,0.026063
1.397959,0.588384,6749,101300.250787,8.799931,0.027105
1.397959,0.593434,6750,101300.259846,8.802496,0.028130
1.397959,0.598485,6751,101300.269323,8.804948,0.029128
1.397959,0.603535,6752,101300.279207,8.807290,0.030099
1.397959,0.608586,6753,101300.289485,8.809524,0.031042
1.397959,0.613636,6754,101300.300144,8.811654,0.031956
1.397959,0.618687,6755,101300.311171,8.813682,0.032840
1.397959,0.623737,6756,101300.322552,8.815611,0.033691
1.397959,0.628788,6757,101300.334273,8.817444,0.034510
1.397959,0.633838,6758,101300.346321,8.819183,0.035295
1.397959,0.638889,6759,101300.358681,8.820831,0.036046
1.397959,0.643939,6760,101300.371338,8.822390,0.036760
1.397959,0.648990,6761,101300.384276,8.823862,0.037439
1.397959,0.654040,6762,101300.397481,8.825250,0.038080
1.397959,0.659091,6763,101300.410937,8.826557,0.038683
1.397959,0.664141,6764,101300.424629,8.827785,0.039247
1.397959,0.669192,6765,101300.438540,8.828937,0.039773
1.397959,0.674242,6766,101300.452655,8.830016,0.040258
1.397959,0.679293,6767,101300.466958,8.831026,0.040703
1.397959,0.684343,6768,101300.481433,8.831968,0.041107
1.397959,0.689394,6769,101300.496063,8.832846,0.041469
1.397959,0.694444,6770,101300.510834,8.833662,0.041790
1.397959,0.699495,6771,101300.525727,8.834420,0.042069
1.397959,0.704545,6772,101300.540728,8.835121,0.042306
1.397959,0.709596,6773,101300.555820,8.835768,0.042500
1.397959,0.714646,6774,101300.570988,8.836364,0.042652
1.397959,0.719697,6775,101300.586215,8.836912,0.042761
1.397959,0.724747,6776,101300.601485,8.837414,0.042827
1.397959,0.729798,6777,101300.616783,8.837872,0.042850
1.397959,0.734848,6778,101300.632094,8.838289,0.042830
1.397959,0.739899,6779,101300.647401,8.838668,0.042768
1.397959,0.744949,6780,101300.662689,8.839011,0.042663
1.397959,0.750000,6781,101300.677944,8.839321,0.042515
1.397959,0.755051,6782,101300.693150,8.839600,0.042326
1.397959,0.760101,6783,101300.708292,8.839851,0.042094
1.397959,0.765152,6784,101300.723356,8.840076,0.041820
1.397959,0.770202,6785,101300.738328,8.840277,0.041505
1.397959,0.775253,6786,101300.753193,8.840456,0.041148
1.397959,0.780303,6787,101300.767938,8.840616,0.040751
1.397959,0.785354,6788,101300.782549,8.840757,0.040313
1.397959,0.790404,6789,101300.797012,8.840883,0.039836
1.397959,0.795455,6790,101300.811315,8.840995,0.039319
1.397959,0.800505,6791,101300.825444,8.841096,0.038764
1.397959,0.805556,6792,101300.839386,8.841185,0.038170
1.397959,0.810606,6793,101300.853131,8.841266,0.037538
1.397959,0.815657,6794,101300.866665,8.841340,0.036869
1.397959,0.820707,6795,101300.879977,8.841409,0.036164
1.397959,0.825758,6796,101300.893055,8.841473,0.035423
1.397959,0.830808,6797,101300.905888,8.841535,0.034646
1.397959,0.835859,6798,101300.918465,8.841596,0.033836
1.397959,0.840909,6799,101300.930776,8.841658,0.032991
1.397959,0.845960,6800,101300.942810,8.841721,0.032114
1.397959,0.851010,6801,101300.954558,8.841788,0.031205
1.397959,0.856061,6802,101300.966010,8.841859,0.030264
1.397959,0.861111,6803,101300.977156,8.841935,0.029293
1.397959,0.866162,6804,101300.987988,8.842019,0.028292
1.397959,0.871212,6805,101300.998496,8.842110,0.027262
1.397959,0.876263,6806,101301.008673,8.842210,0.026204
1.397959,0.881313,6807,101301.018510,8.842319,0.025119
1.397959,0.886364,6808,101301.027999,8.842440,0.024009
1.397959,0.891414,6809,101301.037134,8.842572,0.022872
1.397959,0.896465,6810,101301.045907,8.842716,0.021712
1.397959,0.901515,6811,101301.054310,8.842873,0.020529
1.397959,0.906566,6812,101301.062339,8.843045,0.019323
1.397959,0.911616,6813,101301.069986,8.843230,0.018095
1.397959,0.916667,6814,101301.077246,8.843431,0.016848
1.397959,0.921717,6815,101301.084112,8.843647,0.015580
1.397959,0.926768,6816,101301.090581,8.843880,0.014297
1.397959,0.931818,6817,101301.096645,8.844129,0.012990
1.397959,0.936869,6818,101301.102306,8.844395,0.011678
1.397959,0.941919,6819,101301.107547,8.844679,0.010332
1.397959,0.946970,6820,101301.112386,8.844978,0.009003
1.397959,0.952020,6821,101301.116785,8.845295,0.007612
1.397959,0.957071,6822,101301.120790,8.845619,0.006283
1.397959,0.962121,6823,101301.124331,8.845936,0.004833
1.397959,0.967172,6824,101301.127492,8.846180,0.003528
1.397959,0.972222,6825,101301.130167,8.846141,0.002008
1.397959,0.977273,6826,101301.132465,8.845101,0.000743
1.397959,0.982323,6827,101301.134275,8.839652,-0.000845
1.397959,0.987374,6828,101301.135687,8.819792,-0.002031
1.397959,0.992424,6829,101301.136613,8.593459,-0.003458
1.397959,0.997475,6830,101301.137041,8.135649,-0.001914
1.418367,0.502525,6831,101300.202419,7.597637,0.173971
1.418367,0.507576,6832,101300.225905,8.404540,-0.150692
1.418367,0.512626,6833,101300.184980,8.655240,0.145773
1.418367,0.517677,6834,101300.238280,8.722574,-0.100313
1.418367,0.522727,6835,101300.187147,8.744120,0.094757
1.418367,0.527778,6836,101300.237300,8.750822,-0.046607
1.418367,0.532828,6837,101300.201665,8.758569,0.052306
1.418367,0.537879,6838,101300.233251,8.761373,-0.009595
1.418367,0.542929,6839,101300.218045,8.766885,0.029305
1.418367,0.547980,6840,101300.233983,8.769942,0.009029
1.418367,0.553030,6841,101300.231967,8.774203,0.021228
1.418367,0.558081,6842,101300.240548,8.777480,0.016754
1.418367,0.563131,6843,101300.244366,8.781036,0.020235
1.418367,0.568182,6844,101300.251041,8.784238,0.020161
1.418367,0.573232,6845,101300.257072,8.787402,0.021527
1.418367,0.578283,6846,101300.263922,8.790399,0.022327
1.418367,0.583333,6847,101300.271018,8.793290,0.023297
1.418367,0.588384,6848,101300.278546,8.796059,0.024191
1.418367,0.593434,6849,101300.286437,8.798717,0.025079
1.418367,0.598485,6850,101300.294698,8.801267,0.025942
1.418367,0.603535,6851,101300.303315,8.803711,0.026782
1.418367,0.608586,6852,101300.312277,8.806052,0.027599
1.418367,0.613636,6853,101300.321575,8.808293,0.028390
1.418367,0.618687,6854,101300.331197,8.810437,0.029155
1.418367,0.623737,6855,101300.341132,8.812487,0.029893
1.418367,0.628788,6856,101300.351366,8.814444,0.030602
1.418367,0.633838,6857,101300.361890,8.816311,0.031283
1.418367,0.638889,6858,101300.372689,8.818090,0.031933
1.418367,0.643939,6859,101300.383752,8.819784,0.032553
1.418367,0.648990,6860,101300.395065,8.821394,0.033142
1.418367,0.654040,6861,101300.406615,8.822923,0.033698
1.418367,0.659091,6862,101300.418390,8.824374,0.034221
1.418367,0.664141,6863,101300.430375,8.825748,0.034710
1.418367,0.669192,6864,101300.442557,8.827049,0.035166
1.418367,0.674242,6865,101300.454923,8.828279,0.035586
1.418367,0.679293,6866,101300.467458,8.829441,0.035972
1.418367,0.684343,6867,101300.480148,8.830538,0.036322
1.418367,0.689394,6868,101300.492980,8.831572,0.036635
1.418367,0.694444,6869,101300.505940,8.832546,0.036913
1.418367,0.699495,6870,101300.519014,8.833463,0.037153
1.418367,0.704545,6871,101300.532187,8.834324,0.037357
1.418367,0.709596,6872,101300.545445,8.835132,0.037523
1.418367,0.714646,6873,101300.558775,8.835889,0.037652
1.418367,0.719697,6874,101300.572163,8.836598,0.037743
1.418367,0.724747,6875,101300.585594,8.837262,0.037797
1.418367,0.729798,6876,101300.599056,8.837882,0.037813
1.418367,0.734848,6877,101300.612533,8.838461,0.037791
1.418367,0.739899,6878,101300.626013,8.839002,0.037732
1.418367,0.744949,6879,101300.639482,8.839507,0.037634
1.418367,0.750000,6880,101300.652926,8.839977,0.037500
1.418367,0.755051,6881,101300.666333,8.840417,0.037327
1.418367,0.760101,6882,101300.679689,8.840827,0.037118
1.418367,0.765152,6883,101300.692982,8.841210,0.036872
1.418367,0.770202,6884,101300.706198,8.841567,0.036588
1.418367,0.775253,6885,101300.719324,8.841902,0.036269
1.418367,0.780303,6886,101300.732350,8.842216,0.035913
1.418367,0.785354,6887,101300.745262,8.842510,0.035521
1.418367,0.790404,6888,101300.758048,8.842787,0.035094
1.418367,0.795455,6889,101300.770696,8.843048,0.034631
1.418367,0.800505,6890,101300.783196,8.843295,0.034134
1.418367,0.805556,6891,101300.795535,8.843530,0.033603
1.418367,0.810606,6892,101300.807703,8.843754,0.033038
1.418367,0.815657,6893,101300.819689,8.843968,0.032440
1.418367,0.820707,6894,101300.831482,8.844174,0.031809
1.418367,0.825758,6895,101300.843071,8.844374,0.031146
1.418367,0.830808,6896,101300.854448,8.844569,0.030452
1.418367,0.835859,6897,101300.865601,8.844760,0.029727
1.418367,0.840909,6898,101300.876521,8.844949,0.028972
1.418367,0.845960,6899,101300.887199,8.845137,0.028187
1.418367,0.851010,6900,101300.897626,8.845325,0.027373
1.418367,0.856061,6901,101300.907793,8.845514,0.026532
1.418367,0.861111,6902,101300.917691,8.845706,0.025662
1.418367,0.866162,6903,101300.927313,8.845901,0.024766
1.418367,0.871212,6904,101300.936650,8.846101,0.023844
1.418367,0.876263,6905,101300.945695,8.846306,0.022897
1.418367,0.881313,6906,101300.954440,8.846518,0.021926
1.418367,0.886364,6907,101300.962878,8.846737,0.020931
1.418367,0.891414,6908,101300.971002,8.846964,0.019913
1.418367,0.896465,6909,101300.978807,8.847199,0.018873
1.418367,0.901515,6910,101300.986284,8.847444,0.017812
1.418367,0.906566,6911,101300.993430,8.847699,0.016731
1.418367,0.911616,6912,101301.000237,8.847965,0.015631
1.418367,0.916667,6913,101301.006701,8.848242,0.014512
1.418367,0.921717,6914,101301.012815,8.848531,0.013375
1.418367,0.926768,6915,101301.018578,8.848832,0.012224
1.418367,0.931818,6916,101301.023980,8.849146,0.011051
1.418367,0.936869,6917,101301.029025,8.849472,0.009875
1.418367,0.941919,6918,101301.033695,8.849813,0.008665
1.418367,0.946970,6919,101301.038009,8.850165,0.007474
1.418367,0.952020,6920,101301.041929,8.850531,0.006221
1.418367,0.957071,6921,101301.045503,8.850900,0.005034
1.418367,0.962121,6922,101301.048659,8.851257,0.003724
1.418367,0.967172,6923,101301.051480,8.851537,0.002561
1.418367,0.972222,6924,101301.053865,8.851530,0.001183
1.418367,0.977273,6925,101301.055919,8.850511,0.000061
1.418367,0.982323,6926,101301.057532,8.845000,-0.001381
1.418367,0.987374,6927,101301.058796,8.824728,-0.002422
1.418367,0.992424,6928,101301.059623,8.592872,-0.003684
1.418367,0.997475,6929,101301.060005,8.124497,-0.001988
1.438776,0.502525,6930,101300.233641,7.576548,0.168680
1.438776,0.507576,6931,101300.255357,8.393197,-0.146635
1.438776,0.512626,6932,101300.217164,8.649931,0.142423
1.438776,0.517677,6933,101300.267139,8.718444,-0.099509
1.438776,0.522727,6934,101300.218405,8.740019,0.093958
1.438776,0.527778,6935,101300.266499,8.746976,-0.048312
1.438776,0.532828,6936,101300.231275,8.754661,0.052516
1.438776,0.537879,6937,101300.262409,8.757519,-0.012054
1.438776,0.542929,6938,101300.246297,8.763075,0.029067
1.438776,0.547980,6939,101300.262266,8.766129,0.006754
1.438776,0.553030,6940,101300.259116,8.770466,0.020149
1.438776,0.558081,6941,101300.267452,8.773755,0.014682
1.438776,0.563131,6942,101300.270293,8.777382,0.018520
1.438776,0.568182,6943,101300.276366,8.780625,0.018047
1.438776,0.573232,6944,101300.281502,8.783855,0.019408
1.438776,0.578283,6945,101300.287528,8.786913,0.020021
1.438776,0.583333,6946,101300.293695,8.789874,0.020886
1.438776,0.588384,6947,101300.300269,8.792717,0.021647
1.438776,0.593434,6948,101300.307152,8.795454,0.022416
1.438776,0.598485,6949,101300.314362,8.798086,0.023160
1.438776,0.603535,6950,101300.321883,8.800618,0.023885
1.438776,0.608586,6951,101300.329708,8.803051,0.024590
1.438776,0.613636,6952,101300.337829,8.805388,0.025274
1.438776,0.618687,6953,101300.346234,8.807632,0.025934
1.438776,0.623737,6954,101300.354915,8.809784,0.026572
1.438776,0.628788,6955,101300.363861,8.811848,0.027185
1.438776,0.633838,6956,101300.373061,8.813826,0.027773
1.438776,0.638889,6957,101300.382506,8.815719,0.028336
1.438776,0.643939,6958,101300.392184,8.817529,0.028871
1.438776,0.648990,6959,101300.402084,8.819259,0.029380
1.438776,0.654040,6960,101300.412196,8.820910,0.029860
1.438776,0.659091,6961,101300.422506,8.822486,0.030312
1.438776,0.664141,6962,101300.433005,8.823987,0.030735
1.438776,0.669192,6963,101300.443680,8.825417,0.031128
1.438776,0.674242,6964,101300.454519,8.826779,0.031491
1.438776,0.679293,6965,101300.465510,8.828075,0.031823
1.438776,0.684343,6966,101300.476642,8.829306,0.032123
1.438776,0.689394,6967,101300.487901,8.830477,0.032393
1.438776,0.694444,6968,101300.499277,8.831589,0.032630
1.438776,0.699495,6969,101300.510757,8.832644,0.032836
1.438776,0.704545,6970,101300.522328,8.833645,0.033009
1.438776,0.709596,6971,101300.533978,8.834594,0.033149
1.438776,0.714646,6972,101300.545696,8.835493,0.033256
1.438776,0.719697,6973,101300.557468,8.836345,0.033331
1.438776,0.724747,6974,101300.569283,8.837151,0.033372
1.438776,0.729798,6975,101300.581129,8.837914,0.033380
1.438776,0.734848,6976,101300.592993,8.838636,0.033355
1.438776,0.739899,6977,101300.604863,8.839319,0.033296
1.438776,0.744949,6978,101300.616728,8.839966,0.033204
1.438776,0.750000,6979,101300.628575,8.840579,0.033079
1.438776,0.755051,6980,101300.640394,8.841160,0.032921
1.438776,0.760101,6981,101300.652171,8.841711,0.032730
1.438776,0.765152,6982,101300.663897,8.842234,0.032506
1.438776,0.770202,6983,101300.675559,8.842731,0.032250
1.438776,0.775253,6984,101300.687147,8.843204,0.031961
1.438776,0.780303,6985,101300.698649,8.843655,0.031640
1.438776,0.785354,6986,101300.710054,8.844084,0.031287
1.438776,0.790404,6987,101300.721352,8.844496,0.030903
1.438776,0.795455,6988,101300.732532,8.844889,0.030487
1.438776,0.800505,6989,101300.743584,8.845267,0.030041
1.438776,0.805556,6990,101300.754498,8.845631,0.029564
1.438776,0.810606,6991,101300.765263,8.845983,0.029057
1.438776,0.815657,6992,101300.775871,8.846322,0.028520
1.438776,0.820707,6993,101300.786311,8.846652,0.027955
1.438776,0.825758,6994,101300.796574,8.846973,0.027360
1.438776,0.830808,6995,101300.806651,8.847287,0.026738
1.438776,0.835859,6996,101300.816533,8.847595,0.026087
1.438776,0.840909,6997,101300.826211,8.847898,0.025410
1.438776,0.845960,6998,101300.835677,8.848197,0.024706
1.438776,0.851010,6999,101300.844924,8.848494,0.023977
1.438776,0.856061,7000,101300.853942,8.848790,0.023222
1.438776,0.861111,7001,101300.862724,8.849085,0.022442
1.438776,0.866162,7002,101300.871262,8.849381,0.021638
1.438776,0.871212,7003,101300.879550,8.849679,0.020811
1.438776,0.876263,7004,101300.887581,8.849979,0.019962
1.438776,0.881313,7005,101300.895347,8.850283,0.019090
1.438776,0.886364,7006,101300.902842,8.850590,0.018197
1.438776,0.891414,7007,101300.910060,8.850903,0.017284
1.438776,0.896465,7008,101300.916995,8.851221,0.016351
1.438776,0.901515,7009,101300.923642,8.851545,0.015398
1.438776,0.906566,7010,101300.929994,8.851876,0.014428
1.438776,0.911616,7011,101300.936046,8.852214,0.013440
1.438776,0.916667,7012,101300.941795,8.852560,0.012436
1.438776,0.921717,7013,101300.947234,8.852915,0.011414
1.438776,0.926768,7014,101300.952361,8.853278,0.010381
1.438776,0.931818,7015,101300.957167,8.853651,0.009326
1.438776,0.936869,7016,101300.961657,8.854033,0.008270
1.438776,0.941919,7017,101300.965813,8.854425,0.007181
1.438776,0.946970,7018,101300.969655,8.854826,0.006114
1.438776,0.952020,7019,101300.973145,8.855235,0.004983
1.438776,0.957071,7020,101300.976329,8.855645,0.003921
1.438776,0.962121,7021,101300.979138,8.856040,0.002736
1.438776,0.967172,7022,101300.981654,8.856353,0.001700
1.438776,0.972222,7023,101300.983778,8.856374,0.000449
1.438776,0.977273,7024,101300.985610,8.855373,-0.000547
1.438776,0.982323,7025,101300.987046,8.849794,-0.001859
1.438776,0.987374,7026,101300.988177,8.829071,-0.002770
1.438776,0.992424,7027,101300.988913,8.591686,-0.003884
1.438776,0.997475,7028,101300.989256,8.112772,-0.002054
1.459184,0.502525,7029,101300.258301,7.556134,0.163736
1.459184,0.507576,7030,101300.278437,8.382479,-0.142794
1.459184,0.512626,7031,101300.242714,8.645221,0.139246
1.459184,0.517677,7032,101300.289657,8.714879,-0.098623
1.459184,0.522727,7033,101300.243182,8.736493,0.093161
1.459184,0.527778,7034,101300.289317,8.743690,-0.049785
1.459184,0.532828,7035,101300.254590,8.751309,0.052751
1.459184,0.537879,7036,101300.285251,8.754220,-0.014297
1.459184,0.542929,7037,101300.268380,8.759809,0.028971
1.459184,0.547980,7038,101300.284397,8.762857,0.004662
1.459184,0.553030,7039,101300.280223,8.767261,0.019294
1.459184,0.558081,7040,101300.288398,8.770555,0.012810
1.459184,0.563131,7041,101300.290350,8.774244,0.017062
1.459184,0.568182,7042,101300.295936,8.777518,0.016177
1.459184,0.573232,7043,101300.300276,8.780805,0.017570
1.459184,0.578283,7044,101300.305604,8.783913,0.018000
1.459184,0.583333,7045,101300.310960,8.786935,0.018783
1.459184,0.588384,7046,101300.316713,8.789839,0.019422
1.459184,0.593434,7047,101300.322721,8.792643,0.020089
1.459184,0.598485,7048,101300.329021,8.795346,0.020728
1.459184,0.603535,7049,101300.335593,8.797952,0.021353
1.459184,0.608586,7050,101300.342432,8.800464,0.021960
1.459184,0.613636,7051,101300.349531,8.802883,0.022548
1.459184,0.618687,7052,101300.356881,8.805212,0.023117
1.459184,0.623737,7053,101300.364473,8.807454,0.023666
1.459184,0.628788,7054,101300.372299,8.809610,0.024195
1.459184,0.633838,7055,101300.380350,8.811683,0.024701
1.459184,0.638889,7056,101300.388617,8.813674,0.025186
1.459184,0.643939,7057,101300.397091,8.815585,0.025647
1.459184,0.648990,7058,101300.405761,8.817418,0.026084
1.459184,0.654040,7059,101300.414618,8.819176,0.026498
1.459184,0.659091,7060,101300.423653,8.820860,0.026886
1.459184,0.664141,7061,101300.432855,8.822472,0.027249
1.459184,0.669192,7062,101300.442214,8.824015,0.027587
1.459184,0.674242,7063,101300.451720,8.825491,0.027897
1.459184,0.679293,7064,101300.461362,8.826903,0.028181
1.459184,0.684343,7065,101300.471131,8.828253,0.028438
1.459184,0.689394,7066,101300.481015,8.829543,0.028668
1.459184,0.694444,7067,101300.491004,8.830776,0.028869
1.459184,0.699495,7068,101300.501087,8.831953,0.029043
1.459184,0.704545,7069,101300.511253,8.833077,0.029187
1.459184,0.709596,7070,101300.521493,8.834149,0.029304
1.459184,0.714646,7071,101300.531795,8.835173,0.029391
1.459184,0.719697,7072,101300.542148,8.836149,0.029449
1.459184,0.724747,7073,101300.552542,8.837081,0.029478
1.459184,0.729798,7074,101300.562966,8.837970,0.029478
1.459184,0.734848,7075,101300.573409,8.838818,0.029449
1.459184,0.739899,7076,101300.583862,8.839627,0.029390
1.459184,0.744949,7077,101300.594313,8.840400,0.029302
1.459184,0.750000,7078,101300.604752,8.841138,0.029184
1.459184,0.755051,7079,101300.615168,8.841845,0.029038
1.459184,0.760101,7080,101300.625552,8.842520,0.028862
1.459184,0.765152,7081,101300.635893,8.843167,0.028657
1.459184,0.770202,7082,101300.646182,8.843788,0.028423
1.459184,0.775253,7083,101300.656407,8.844383,0.028160
1.459184,0.780303,7084,101300.666560,8.844955,0.027869
1.459184,0.785354,7085,101300.676631,8.845506,0.027549
1.459184,0.790404,7086,101300.686610,8.846036,0.027202
1.459184,0.795455,7087,101300.696487,8.846548,0.026827
1.459184,0.800505,7088,101300.706254,8.847043,0.026424
1.459184,0.805556,7089,101300.715902,8.847522,0.025994
1.459184,0.810606,7090,101300.725421,8.847987,0.025537
1.459184,0.815657,7091,101300.734804,8.848439,0.025054
1.459184,0.820707,7092,101300.744040,8.848879,0.024545
1.459184,0.825758,7093,101300.753122,8.849309,0.024010
1.459184,0.830808,7094,101300.762042,8.849729,0.023450
1.459184,0.835859,7095,101300.770792,8.850141,0.022865
1.459184,0.840909,7096,101300.779363,8.850546,0.022256
1.459184,0.845960,7097,101300.787749,8.850945,0.021623
1.459184,0.851010,7098,101300.795942,8.851340,0.020967
1.459184,0.856061,7099,101300.803934,8.851731,0.020289
1.459184,0.861111,7100,101300.811719,8.852120,0.019588
1.459184,0.866162,7101,101300.819290,8.852506,0.018866
1.459184,0.871212,7102,101300.826640,8.852892,0.018122
1.459184,0.876263,7103,101300.833764,8.853278,0.017359
1.459184,0.881313,7104,101300.840654,8.853664,0.016575
1.459184,0.886364,7105,101300.847305,8.854052,0.015772
1.459184,0.891414,7106,101300.853712,8.854441,0.014951
1.459184,0.896465,7107,101300.859869,8.854834,0.014112
1.459184,0.901515,7108,101300.865770,8.855230,0.013256
1.459184,0.906566,7109,101300.871411,8.855629,0.012383
1.459184,0.911616,7110,101300.876787,8.856033,0.011494
1.459184,0.916667,7111,101300.881894,8.856442,0.010592
1.459184,0.921717,7112,101300.886727,8.856856,0.009672
1.459184,0.926768,7113,101300.891283,8.857276,0.008743
1.459184,0.931818,7114,101300.895555,8.857702,0.007793
1.459184,0.936869,7115,101300.899547,8.858135,0.006845
1.459184,0.941919,7116,101300.903242,8.858574,0.005862
1.459184,0.946970,7117,101300.906660,8.859018,0.004905
1.459184,0.952020,7118,101300.909761,8.859468,0.003882
1.459184,0.957071,7119,101300.912596,8.859916,0.002932
1.459184,0.962121,7120,101300.915094,8.860344,0.001857
1.459184,0.967172,7121,101300.917335,8.860688,0.000934
1.459184,0.972222,7122,101300.919223,8.860735,-0.000205
1.459184,0.977273,7123,101300.920857,8.859748,-0.001088
1.459184,0.982323,7124,101300.922133,8.854094,-0.002284
1.459184,0.987374,7125,101300.923144,8.832884,-0.003080
1.459184,0.992424,7126,101300.923800,8.589965,-0.004062
1.459184,0.997475,7127,101300.924106,8.100539,-0.002112
1.479592,0.502525,7128,101300.277247,7.536313,0.159105
1.479592,0.507576,7129,101300.295966,8.372308,-0.139152
1.479592,0.512626,7130,101300.262484,8.641033,0.136226
1.479592,0.517677,7131,101300.306655,8.711807,-0.097673
1.479592,0.522727,7132,101300.262307,8.733470,0.092365
1.479592,0.527778,7133,101300.306580,8.740895,-0.051052
1.479592,0.532828,7134,101300.272417,8.748442,0.053000
1.479592,0.537879,7135,101300.302585,8.751405,-0.016343
1.479592,0.542929,7136,101300.285088,8.757017,0.028990
1.479592,0.547980,7137,101300.301159,8.760058,0.002733
1.479592,0.553030,7138,101300.296060,8.764520,0.018631
1.479592,0.558081,7139,101300.304143,8.767812,0.011111
1.479592,0.563131,7140,101300.305283,8.771558,0.015831
1.479592,0.568182,7141,101300.310478,8.774853,0.014516
1.479592,0.573232,7142,101300.314108,8.778191,0.015978
1.479592,0.578283,7143,101300.318842,8.781339,0.016224
1.479592,0.583333,7144,101300.323490,8.784412,0.016947
1.479592,0.588384,7145,101300.328533,8.787368,0.017475
1.479592,0.593434,7146,101300.333780,8.790229,0.018054
1.479592,0.598485,7147,101300.339291,8.792993,0.018600
1.479592,0.603535,7148,101300.345039,8.795662,0.019137
1.479592,0.608586,7149,101300.351022,8.798241,0.019657
1.479592,0.613636,7150,101300.357234,8.800730,0.020162
1.479592,0.618687,7151,101300.363666,8.803133,0.020651
1.479592,0.623737,7152,101300.370311,8.805451,0.021122
1.479592,0.628788,7153,101300.377163,8.807687,0.021575
1.479592,0.633838,7154,101300.384214,8.809842,0.022010
1.479592,0.638889,7155,101300.391455,8.811918,0.022425
1.479592,0.643939,7156,101300.398878,8.813917,0.022821
1.479592,0.648990,7157,101300.406476,8.815840,0.023195
1.479592,0.654040,7158,101300.414239,8.817689,0.023549
1.479592,0.659091,7159,101300.422161,8.819468,0.023882
1.479592,0.664141,7160,101300.430230,8.821176,0.024192
1.479592,0.669192,7161,101300.438440,8.822818,0.024479
1.479592,0.674242,7162,101300.446781,8.824394,0.024744
1.479592,0.679293,7163,101300.455243,8.825907,0.024985
1.479592,0.684343,7164,101300.463819,8.827360,0.025203
1.479592,0.689394,7165,101300.472498,8.828755,0.025396
1.479592,0.694444,7166,101300.481271,8.830093,0.025565
1.479592,0.699495,7167,101300.490130,8.831377,0.025709
1.479592,0.704545,7168,101300.499065,8.832609,0.025829
1.479592,0.709596,7169,101300.508066,8.833790,0.025923
1.479592,0.714646,7170,101300.517124,8.834923,0.025992
1.479592,0.719697,7171,101300.526230,8.836009,0.026035
1.479592,0.724747,7172,101300.535375,8.837051,0.026052
1.479592,0.729798,7173,101300.544549,8.838051,0.026044
1.479592,0.734848,7174,101300.553742,8.839010,0.026010
1.479592,0.739899,7175,101300.562946,8.839930,0.025950
1.479592,0.744949,7176,101300.572150,8.840814,0.025864
1.479592,0.750000,7177,101300.581347,8.841664,0.025753
1.479592,0.755051,7178,101300.590527,8.842481,0.025615
1.479592,0.760101,7179,101300.599680,8.843267,0.025451
1.479592,0.765152,7180,101300.608798,8.844024,0.025262
1.479592,0.770202,7181,101300.617872,8.844754,0.025047
1.479592,0.775253,7182,101300.626893,8.845458,0.024807
1.479592,0.780303,7183,101300.635853,8.846139,0.024541
1.479592,0.785354,7184,101300.644742,8.846796,0.024250
1.479592,0.790404,7185,101300.653552,8.847433,0.023935
1.479592,0.795455,7186,101300.662276,8.848050,0.023594
1.479592,0.800505,7187,101300.670903,8.848649,0.023229
1.479592,0.805556,7188,101300.679428,8.849231,0.022840
1.479592,0.810606,7189,101300.687841,8.849797,0.022427
1.479592,0.815657,7190,101300.696135,8.850349,0.021990
1.479592,0.820707,7191,101300.704302,8.850887,0.021530
1.479592,0.825758,7192,101300.712335,8.851413,0.021047
1.479592,0.830808,7193,101300.720225,8.851929,0.020542
1.479592,0.835859,7194,101300.727968,8.852434,0.020014
1.479592,0.840909,7195,101300.735554,8.852931,0.019465
1.479592,0.845960,7196,101300.742977,8.853420,0.018895
1.479592,0.851010,7197,101300.750231,8.853903,0.018304
1.479592,0.856061,7198,101300.757309,8.854379,0.017692
1.479592,0.861111,7199,101300.764205,8.854851,0.017061
1.479592,0.866162,7200,101300.770913,8.855319,0.016410
1.479592,0.871212,7201,101300.777426,8.855784,0.015740
1.479592,0.876263,7202,101300.783740,8.856247,0.015052
1.479592,0.881313,7203,101300.789848,8.856708,0.014346
1.479592,0.886364,7204,101300.795745,8.857167,0.013623
1.479592,0.891414,7205,101300.801427,8.857627,0.012883
1.479592,0.896465,7206,101300.806888,8.858086,0.012128
1.479592,0.901515,7207,101300.812123,8.858547,0.011356
1.479592,0.906566,7208,101300.817128,8.859008,0.010570
1.479592,0.911616,7209,101300.821899,8.859472,0.009769
1.479592,0.916667,7210,101300.826432,8.859938,0.008956
1.479592,0.921717,7211,101300.830721,8.860406,0.008126
1.479592,0.926768,7212,101300.834767,8.860877,0.007290
1.479592,0.931818,7213,101300.838559,8.861352,0.006433
1.479592,0.936869,7214,101300.842106,8.861829,0.005579
1.479592,0.941919,7215,101300.845386,8.862312,0.004691
1.479592,0.946970,7216,101300.848424,8.862796,0.003831
1.479592,0.952020,7217,101300.851179,8.863283,0.002904
1.479592,0.957071,7218,101300.853700,8.863765,0.002054
1.479592,0.962121,7219,101300.855918,8.864225,0.001076
1.479592,0.967172,7220,101300.857913,8.864596,0.000253
1.479592,0.972222,7221,101300.859590,8.864665,-0.000786
1.479592,0.977273,7222,101300.861045,8.863689,-0.001569
1.479592,0.982323,7223,101300.862179,8.857955,-0.002662
1.479592,0.987374,7224,101300.863081,8.836224,-0.003357
1.479592,0.992424,7225,101300.863665,8.587766,-0.004220
1.479592,0.997475,7226,101300.863938,8.087856,-0.002163
1.500000,0.502525,7227,101300.291211,7.517014,0.154756
1.500000,0.507576,7228,101300.308654,8.362615,-0.135693
1.500000,0.512626,7229,101300.277212,8.637299,0.133352
1.500000,0.517677,7230,101300.318842,8.709166,-0.096672
1.500000,0.522727,7231,101300.276497,8.730886,0.091570
1.500000,0.527778,7232,101300.319001,8.738527,-0.052134
1.500000,0.532828,7233,101300.285453,8.746000,0.053253
1.500000,0.537879,7234,101300.315111,8.749015,-0.018211
1.500000,0.542929,7235,101300.297104,8.754639,0.029103
1.500000,0.547980,7236,101300.313230,8.757672,0.000949
1.500000,0.553030,7237,101300.307296,8.762185,0.018132
1.500000,0.558081,7238,101300.315340,8.765470,0.009561
1.500000,0.563131,7239,101300.315735,8.769266,0.014797
1.500000,0.568182,7240,101300.320625,8.772576,0.013035
1.500000,0.573232,7241,101300.323615,8.775957,0.014600
1.500000,0.578283,7242,101300.327848,8.779138,0.014662
1.500000,0.583333,7243,101300.331871,8.782255,0.015343
1.500000,0.588384,7244,101300.336302,8.785254,0.015768
1.500000,0.593434,7245,101300.340887,8.788164,0.016273
1.500000,0.598485,7246,101300.345713,8.790978,0.016736
1.500000,0.603535,7247,101300.350743,8.793702,0.017196
1.500000,0.608586,7248,101300.355981,8.796338,0.017640
1.500000,0.613636,7249,101300.361420,8.798888,0.018072
1.500000,0.618687,7250,101300.367053,8.801353,0.018490
1.500000,0.623737,7251,101300.372874,8.803737,0.018892
1.500000,0.628788,7252,101300.378877,8.806042,0.019279
1.500000,0.633838,7253,101300.385055,8.808268,0.019651
1.500000,0.638889,7254,101300.391401,8.810417,0.020005
1.500000,0.643939,7255,101300.397909,8.812491,0.020342
1.500000,0.648990,7256,101300.404570,8.814493,0.020662
1.500000,0.654040,7257,101300.411379,8.816422,0.020963
1.500000,0.659091,7258,101300.418327,8.818283,0.021245
1.500000,0.664141,7259,101300.425407,8.820075,0.021508
1.500000,0.669192,7260,101300.432611,8.821802,0.021752
1.500000,0.674242,7261,101300.439932,8.823465,0.021975
1.500000,0.679293,7262,101300.447362,8.825068,0.022178
1.500000,0.684343,7263,101300.454893,8.826611,0.022361
1.500000,0.689394,7264,101300.462516,8.828097,0.022522
1.500000,0.694444,7265,101300.470224,8.829528,0.022662
1.500000,0.699495,7266,101300.478009,8.830905,0.022780
1.500000,0.704545,7267,101300.485863,8.832232,0.022876
1.500000,0.709596,7268,101300.493777,8.833508,0.022950
1.500000,0.714646,7269,101300.501743,8.834737,0.023002
1.500000,0.719697,7270,101300.509753,8.835921,0.023031
1.500000,0.724747,7271,101300.517798,8.837060,0.023038
1.500000,0.729798,7272,101300.525872,8.838157,0.023022
1.500000,0.734848,7273,101300.533964,8.839214,0.022983
1.500000,0.739899,7274,101300.542068,8.840233,0.022922
1.500000,0.744949,7275,101300.550175,8.841215,0.022837
1.500000,0.750000,7276,101300.558276,8.842163,0.022730
1.500000,0.755051,7277,101300.566365,8.843078,0.022599
1.500000,0.760101,7278,101300.574432,8.843962,0.022446
1.500000,0.765152,7279,101300.582470,8.844817,0.022270
1.500000,0.770202,7280,101300.590471,8.845644,0.022071
1.500000,0.775253,7281,101300.598428,8.846445,0.021850
1.500000,0.780303,7282,101300.606332,8.847221,0.021606
1.500000,0.785354,7283,101300.614175,8.847974,0.021340
1.500000,0.790404,7284,101300.621951,8.848705,0.021051
1.500000,0.795455,7285,101300.629652,8.849415,0.020741
1.500000,0.800505,7286,101300.637271,8.850107,0.020408
1.500000,0.805556,7287,101300.644799,8.850780,0.020055
1.500000,0.810606,7288,101300.652231,8.851437,0.019679
1.500000,0.815657,7289,101300.659560,8.852078,0.019283
1.500000,0.820707,7290,101300.666778,8.852704,0.018866
1.500000,0.825758,7291,101300.673878,8.853317,0.018429
1.500000,0.830808,7292,101300.680855,8.853917,0.017972
1.500000,0.835859,7293,101300.687701,8.854507,0.017494
1.500000,0.840909,7294,101300.694411,8.855085,0.016998
1.500000,0.845960,7295,101300.700979,8.855655,0.016482
1.500000,0.851010,7296,101300.707397,8.856216,0.015948
1.500000,0.856061,7297,101300.713662,8.856769,0.015395
1.500000,0.861111,7298,101300.719766,8.857316,0.014824
1.500000,0.866162,7299,101300.725704,8.857858,0.014236
1.500000,0.871212,7300,101300.731472,8.858394,0.013632
1.500000,0.876263,7301,101300.737064,8.858925,0.013010
1.500000,0.881313,7302,101300.742474,8.859453,0.012373
1.500000,0.886364,7303,101300.747699,8.859978,0.011720
1.500000,0.891414,7304,101300.752734,8.860500,0.011052
1.500000,0.896465,7305,101300.757573,8.861021,0.010370
1.500000,0.901515,7306,101300.762214,8.861539,0.009673
1.500000,0.906566,7307,101300.766651,8.862057,0.008963
1.500000,0.911616,7308,101300.770881,8.862574,0.008240
1.500000,0.916667,7309,101300.774901,8.863091,0.007505
1.500000,0.921717,7310,101300.778705,8.863609,0.006756
1.500000,0.926768,7311,101300.782294,8.864126,0.006001
1.500000,0.931818,7312,101300.785658,8.864645,0.005226
1.500000,0.936869,7313,101300.788806,8.865164,0.004457
1.500000,0.941919,7314,101300.791717,8.865685,0.003652
1.500000,0.946970,7315,101300.794414,8.866206,0.002879
1.500000,0.952020,7316,101300.796858,8.866727,0.002037
1.500000,0.957071,7317,101300.799098,8.867240,0.001275
1.500000,0.962121,7318,101300.801067,8.867728,0.000383
1.500000,0.967172,7319,101300.802841,8.868125,-0.000351
1.500000,0.972222,7320,101300.804328,8.868214,-0.001301
1.500000,0.977273,7321,101300.805623,8.867247,-0.001996
1.500000,0.982323,7322,101300.806630,8.861426,-0.002998
1.500000,0.987374,7323,101300.807435,8.839142,-0.003602
1.500000,0.992424,7324,101300.807953,8.585142,-0.004359
1.500000,0.997475,7325,101300.808196,8.074775,-0.002209
1.520408,0.502525,7326,101300.300826,7.498175,0.150664
1.520408,0.507576,7327,101300.317116,8.353340,-0.132403
1.520408,0.512626,7328,101300.287536,8.633962,0.130613
1.520408,0.517677,7329,101300.326833,8.706901,-0.095631
1.520408,0.522727,7330,101300.286374,8.728687,0.090776
1.520408,0.527778,7331,101300.327195,8.736532,-0.053054
1.520408,0.532828,7332,101300.294301,8.743929,0.053503
1.520408,0.537879,7333,101300.323438,8.746995,-0.019916
1.520408,0.542929,7334,101300.305023,8.752624,0.029291
1.520408,0.547980,7335,101300.321198,8.755649,-0.000705
1.520408,0.553030,7336,101300.314512,8.760205,0.017775
1.520408,0.558081,7337,101300.322560,8.763480,0.008140
1.520408,0.563131,7338,101300.322269,8.767320,0.013935
1.520408,0.568182,7339,101300.326924,8.770638,0.011708
1.520408,0.573232,7340,101300.329335,8.774058,0.013410
1.520408,0.578283,7341,101300.333147,8.777263,0.013283
1.520408,0.583333,7342,101300.336618,8.780418,0.013943
1.520408,0.588384,7343,101300.340520,8.783453,0.014270
1.520408,0.593434,7344,101300.344526,8.786404,0.014713
1.520408,0.598485,7345,101300.348756,8.789261,0.015102
1.520408,0.603535,7346,101300.353161,8.792032,0.015495
1.520408,0.608586,7347,101300.357751,8.794716,0.015872
1.520408,0.613636,7348,101300.362516,8.797318,0.016240
1.520408,0.618687,7349,101300.367452,8.799837,0.016595
1.520408,0.623737,7350,101300.372554,8.802278,0.016937
1.520408,0.628788,7351,101300.377816,8.804641,0.017266
1.520408,0.633838,7352,101300.383232,8.806928,0.017581
1.520408,0.638889,7353,101300.388797,8.809141,0.017882
1.520408,0.643939,7354,101300.394505,8.811281,0.018168
1.520408,0.648990,7355,101300.400348,8.813350,0.018438
1.520408,0.654040,7356,101300.406322,8.815349,0.018693
1.520408,0.659091,7357,101300.412419,8.817281,0.018931
1.520408,0.664141,7358,101300.418633,8.819147,0.019152
1.520408,0.669192,7359,101300.424957,8.820948,0.019357
1.520408,0.674242,7360,101300.431385,8.822688,0.019544
1.520408,0.679293,7361,101300.437910,8.824368,0.019713
1.520408,0.684343,7362,101300.444525,8.825990,0.019863
1.520408,0.689394,7363,101300.451222,8.827556,0.019996
1.520408,0.694444,7364,101300.457996,8.829068,0.020110
1.520408,0.699495,7365,101300.464839,8.830528,0.020204
1.520408,0.704545,7366,101300.471743,8.831937,0.020280
1.520408,0.709596,7367,101300.478701,8.833298,0.020336
1.520408,0.714646,7368,101300.485707,8.834611,0.020372
1.520408,0.719697,7369,101300.492754,8.835880,0.020389
1.520408,0.724747,7370,101300.499833,8.837105,0.020385
1.520408,0.729798,7371,101300.506938,8.838288,0.020362
1.520408,0.734848,7372,101300.514061,8.839432,0.020319
1.520408,0.739899,7373,101300.521196,8.840537,0.020255
1.520408,0.744949,7374,101300.528335,8.841606,0.020171
1.520408,0.750000,7375,101300.535471,8.842641,0.020067
1.520408,0.755051,7376,101300.542597,8.843643,0.019943
1.520408,0.760101,7377,101300.549706,8.844614,0.019798
1.520408,0.765152,7378,101300.556791,8.845555,0.019633
1.520408,0.770202,7379,101300.563845,8.846468,0.019448
1.520408,0.775253,7380,101300.570860,8.847354,0.019243
1.520408,0.780303,7381,101300.577831,8.848216,0.019017
1.520408,0.785354,7382,101300.584750,8.849054,0.018772
1.520408,0.790404,7383,101300.591611,8.849869,0.018507
1.520408,0.795455,7384,101300.598407,8.850663,0.018223
1.520408,0.800505,7385,101300.605131,8.851437,0.017919
1.520408,0.805556,7386,101300.611778,8.852192,0.017596
1.520408,0.810606,7387,101300.618341,8.852929,0.017254
1.520408,0.815657,7388,101300.624813,8.853649,0.016893
1.520408,0.820707,7389,101300.631189,8.854354,0.016514
1.520408,0.825758,7390,101300.637462,8.855044,0.016116
1.520408,0.830808,7391,101300.643628,8.855721,0.015701
1.520408,0.835859,7392,101300.649679,8.856385,0.015268
1.520408,0.840909,7393,101300.655611,8.857037,0.014817
1.520408,0.845960,7394,101300.661417,8.857679,0.014349
1.520408,0.851010,7395,101300.667094,8.858310,0.013865
1.520408,0.856061,7396,101300.672634,8.858933,0.013364
1.520408,0.861111,7397,101300.678034,8.859547,0.012847
1.520408,0.866162,7398,101300.683288,8.860154,0.012314
1.520408,0.871212,7399,101300.688392,8.860754,0.011766
1.520408,0.876263,7400,101300.693341,8.861348,0.011204
1.520408,0.881313,7401,101300.698131,8.861936,0.010627
1.520408,0.886364,7402,101300.702756,8.862520,0.010036
1.520408,0.891414,7403,101300.707214,8.863099,0.009431
1.520408,0.896465,7404,101300.711500,8.863673,0.008813
1.520408,0.901515,7405,101300.715610,8.864245,0.008183
1.520408,0.906566,7406,101300.719541,8.864813,0.007541
1.520408,0.911616,7407,101300.723289,8.865379,0.006886
1.520408,0.916667,7408,101300.726851,8.865943,0.006221
1.520408,0.921717,7409,101300.730222,8.866505,0.005543
1.520408,0.926768,7410,101300.733404,8.867064,0.004860
1.520408,0.931818,7411,101300.736386,8.867623,0.004157
1.520408,0.936869,7412,101300.739177,8.868180,0.003463
1.520408,0.941919,7413,101300.741757,8.868737,0.002732
1.520408,0.946970,7414,101300.744151,8.869291,0.002035
1.520408,0.952020,7415,101300.746317,8.869843,0.001268
1.520408,0.957071,7416,101300.748306,8.870385,0.000584
1.520408,0.962121,7417,101300.750051,8.870899,-0.000232
1.520408,0.967172,7418,101300.751627,8.871319,-0.000887
1.520408,0.972222,7419,101300.752945,8.871426,-0.001759
1.520408,0.977273,7420,101300.754098,8.870464,-0.002375
1.520408,0.982323,7421,101300.754990,8.864551,-0.003297
1.520408,0.987374,7422,101300.755708,8.841683,-0.003821
1.520408,0.992424,7423,101300.756168,8.582140,-0.004481
1.520408,0.997475,7424,101300.756385,8.061343,-0.002249
1.540816,0.502525,7425,101300.306639,7.479744,0.146805
1.540816,0.507576,7426,101300.321885,8.344433,-0.129269
1.540816,0.512626,7427,101300.294008,8.630970,0.127999
1.540816,0.517677,7428,101300.331158,8.704965,-0.094560
1.540816,0.522727,7429,101300.292475,8.726825,0.089984
1.540816,0.527778,7430,101300.331700,8.734865,-0.053827
1.540816,0.532828,7431,101300.299486,8.742184,0.053745
1.540816,0.537879,7432,101300.328092,8.745300,-0.021473
1.540816,0.542929,7433,101300.309359,8.750927,0.029538
1.540816,0.547980,7434,101300.325574,8.753943,-0.002240
1.540816,0.553030,7435,101300.318211,8.758536,0.017539
1.540816,0.558081,7436,101300.326296,8.761798,0.006833
1.540816,0.563131,7437,101300.325374,8.765677,0.013225
1.540816,0.568182,7438,101300.329854,8.768998,0.010515
1.540816,0.573232,7439,101300.331737,8.772451,0.012386
1.540816,0.578283,7440,101300.335197,8.775676,0.012064
1.540816,0.583333,7441,101300.338178,8.778863,0.012722
1.540816,0.588384,7442,101300.341625,8.781927,0.012954
1.540816,0.593434,7443,101300.345123,8.784913,0.013346
1.540816,0.598485,7444,101300.348835,8.787806,0.013668
1.540816,0.603535,7445,101300.352694,8.790616,0.014003
1.540816,0.608586,7446,101300.356717,8.793342,0.014322
1.540816,0.613636,7447,101300.360894,8.795987,0.014632
1.540816,0.618687,7448,101300.365222,8.798553,0.014932
1.540816,0.623737,7449,101300.369696,8.801043,0.015221
1.540816,0.628788,7450,101300.374311,8.803456,0.015499
1.540816,0.633838,7451,101300.379062,8.805797,0.015765
1.540816,0.638889,7452,101300.383944,8.808064,0.016018
1.540816,0.643939,7453,101300.388951,8.810261,0.016259
1.540816,0.648990,7454,101300.394079,8.812389,0.016486
1.540816,0.654040,7455,101300.399322,8.814448,0.016699
1.540816,0.659091,7456,101300.404674,8.816442,0.016899
1.540816,0.664141,7457,101300.410130,8.818371,0.017083
1.540816,0.669192,7458,101300.415683,8.820238,0.017253
1.540816,0.674242,7459,101300.421329,8.822044,0.017407
1.540816,0.679293,7460,101300.427060,8.823792,0.017546
1.540816,0.684343,7461,101300.432872,8.825483,0.017669
1.540816,0.689394,7462,101300.438757,8.827119,0.017776
1.540816,0.694444,7463,101300.444710,8.828702,0.017866
1.540816,0.699495,7464,101300.450725,8.830234,0.017940
1.540816,0.704545,7465,101300.456795,8.831717,0.017997
1.540816,0.709596,7466,101300.462915,8.833151,0.018037
1.540816,0.714646,7467,101300.469077,8.834539,0.018059
1.540816,0.719697,7468,101300.475275,8.835883,0.018064
1.540816,0.724747,7469,101300.481504,8.837183,0.018051
1.540816,0.729798,7470,101300.487757,8.838443,0.018021
1.540816,0.734848,7471,101300.494027,8.839663,0.017973
1.540816,0.739899,7472,101300.500308,8.840845,0.017907
1.540816,0.744949,7473,101300.506595,8.841991,0.017824
1.540816,0.750000,7474,101300.512879,8.843102,0.017722
1.540816,0.755051,7475,101300.519157,8.844181,0.017602
1.540816,0.760101,7476,101300.525420,8.845229,0.017465
1.540816,0.765152,7477,101300.531663,8.846247,0.017309
1.540816,0.770202,7478,101300.537880,8.847236,0.017136
1.540816,0.775253,7479,101300.544064,8.848199,0.016944
1.540816,0.780303,7480,101300.550210,8.849136,0.016735
1.540816,0.785354,7481,101300.556312,8.850049,0.016509
1.540816,0.790404,7482,101300.562364,8.850939,0.016264
1.540816,0.795455,7483,101300.568359,8.851807,0.016003
1.540816,0.800505,7484,101300.574292,8.852655,0.015724
1.540816,0.805556,7485,101300.580158,8.853483,0.015427
1.540816,0.810606,7486,101300.585951,8.854292,0.015114
1.540816,0.815657,7487,101300.591664,8.855083,0.014784
1.540816,0.820707,7488,101300.597294,8.855858,0.014438
1.540816,0.825758,7489,101300.602834,8.856618,0.014075
1.540816,0.830808,7490,101300.608280,8.857362,0.013696
1.540816,0.835859,7491,101300.613626,8.858093,0.013301
1.540816,0.840909,7492,101300.618867,8.858811,0.012891
1.540816,0.845960,7493,101300.623998,8.859517,0.012465
1.540816,0.851010,7494,101300.629015,8.860212,0.012024
1.540816,0.856061,7495,101300.633912,8.860897,0.011569
1.540816,0.861111,7496,101300.638686,8.861571,0.011099
1.540816,0.866162,7497,101300.643332,8.862237,0.010615
1.540816,0.871212,7498,101300.647846,8.862895,0.010118
1.540816,0.876263,7499,101300.652224,8.863545,0.009607
1.540816,0.881313,7500,101300.656460,8.864188,0.009083
1.540816,0.886364,7501,101300.660553,8.864824,0.008546
1.540816,0.891414,7502,101300.664498,8.865454,0.007998
1.540816,0.896465,7503,101300.668291,8.866078,0.007437
1.540816,0.901515,7504,101300.671928,8.866698,0.006865
1.540816,0.906566,7505,101300.675408,8.867312,0.006282
1.540816,0.911616,7506,101300.678726,8.867922,0.005687
1.540816,0.916667,7507,101300.681880,8.868528,0.005085
1.540816,0.921717,7508,101300.684865,8.869129,0.004469
1.540816,0.926768,7509,101300.687684,8.869728,0.003850
1.540816,0.931818,7510,101300.690325,8.870323,0.003211
1.540816,0.936869,7511,101300.692799,8.870915,0.002582
1.540816,0.941919,7512,101300.695083,8.871504,0.001916
1.540816,0.946970,7513,101300.697206,8.872088,0.001288
1.540816,0.952020,7514,101300.699125,8.872669,0.000586
1.540816,0.957071,7515,101300.700890,8.873236,-0.000029
1.540816,0.962121,7516,101300.702435,8.873774,-0.000776
1.540816,0.967172,7517,101300.703835,8.874215,-0.001362
1.540816,0.972222,7518,101300.705002,8.874338,-0.002164
1.540816,0.977273,7519,101300.706027,8.873380,-0.002712
1.540816,0.982323,7520,101300.706817,8.867371,-0.003561
1.540816,0.987374,7521,101300.707457,8.843889,-0.004015
1.540816,0.992424,7522,101300.707865,8.578801,-0.004589
1.540816,0.997475,7523,101300.708059,8.047601,-0.002285
1.561224,0.502525,7524,101300.309127,7.461673,0.143158
1.561224,0.507576,7525,101300.323425,8.335846,-0.126280
1.561224,0.512626,7526,101300.297110,8.628280,0.125501
1.561224,0.517677,7527,101300.332280,8.703316,-0.093466
1.561224,0.522727,7528,101300.295271,8.725259,0.089194
1.561224,0.527778,7529,101300.332978,8.733484,-0.054471
1.561224,0.532828,7530,101300.301465,8.740724,0.053973
1.561224,0.537879,7531,101300.329533,8.743889,-0.022893
1.561224,0.542929,7532,101300.310561,8.749507,0.029830
1.561224,0.547980,7533,101300.326805,8.752516,-0.003668
1.561224,0.553030,7534,101300.318835,8.757140,0.017407
1.561224,0.558081,7535,101300.326981,8.760385,0.005625
1.561224,0.563131,7536,101300.325475,8.764299,0.012647
1.561224,0.568182,7537,101300.329832,8.767619,0.009436
1.561224,0.573232,7538,101300.331233,8.771102,0.011507
1.561224,0.578283,7539,101300.334401,8.774340,0.010982
1.561224,0.583333,7540,101300.336944,8.777554,0.011656
1.561224,0.588384,7541,101300.339999,8.780643,0.011796
1.561224,0.593434,7542,101300.343051,8.783657,0.012149
1.561224,0.598485,7543,101300.346311,8.786581,0.012410
1.561224,0.603535,7544,101300.349692,8.789424,0.012694
1.561224,0.608586,7545,101300.353222,8.792185,0.012960
1.561224,0.613636,7546,101300.356885,8.794868,0.013222
1.561224,0.618687,7547,101300.360681,8.797473,0.013473
1.561224,0.623737,7548,101300.364605,8.800004,0.013716
1.561224,0.628788,7549,101300.368654,8.802462,0.013948
1.561224,0.633838,7550,101300.372823,8.804847,0.014171
1.561224,0.638889,7551,101300.377107,8.807162,0.014382
1.561224,0.643939,7552,101300.381502,8.809408,0.014583
1.561224,0.648990,7553,101300.386003,8.811587,0.014772
1.561224,0.654040,7554,101300.390606,8.813699,0.014949
1.561224,0.659091,7555,101300.395305,8.815746,0.015113
1.561224,0.664141,7556,101300.400096,8.817731,0.015265
1.561224,0.669192,7557,101300.404974,8.819654,0.015404
1.561224,0.674242,7558,101300.409933,8.821519,0.015530
1.561224,0.679293,7559,101300.414968,8.823326,0.015642
1.561224,0.684343,7560,101300.420075,8.825077,0.015740
1.561224,0.689394,7561,101300.425247,8.826775,0.015825
1.561224,0.694444,7562,101300.430480,8.828421,0.015894
1.561224,0.699495,7563,101300.435768,8.830016,0.015949
1.561224,0.704545,7564,101300.441105,8.831563,0.015989
1.561224,0.709596,7565,101300.446486,8.833062,0.016014
1.561224,0.714646,7566,101300.451906,8.834516,0.016024
1.561224,0.719697,7567,101300.457359,8.835926,0.016019
1.561224,0.724747,7568,101300.462840,8.837293,0.015998
1.561224,0.729798,7569,101300.468342,8.838619,0.015961
1.561224,0.734848,7570,101300.473860,8.839907,0.015909
1.561224,0.739899,7571,101300.479390,8.841157,0.015841
1.561224,0.744949,7572,101300.484924,8.842371,0.015757
1.561224,0.750000,7573,101300.490459,8.843550,0.015657
1.561224,0.755051,7574,101300.495987,8.844697,0.015542
1.561224,0.760101,7575,101300.501504,8.845813,0.015410
1.561224,0.765152,7576,101300.507005,8.846899,0.015262
1.561224,0.770202,7577,101300.512483,8.847957,0.015099
1.561224,0.775253,7578,101300.517933,8.848987,0.014920
1.561224,0.780303,7579,101300.523351,8.849992,0.014724
1.561224,0.785354,7580,101300.528730,8.850972,0.014514
1.561224,0.790404,7581,101300.534066,8.851928,0.014287
1.561224,0.795455,7582,101300.539353,8.852863,0.014045
1.561224,0.800505,7583,101300.544586,8.853776,0.013787
1.561224,0.805556,7584,101300.549761,8.854668,0.013515
1.561224,0.810606,7585,101300.554872,8.855542,0.013227
1.561224,0.815657,7586,101300.559914,8.856397,0.012924
1.561224,0.820707,7587,101300.564883,8.857235,0.012606
1.561224,0.825758,7588,101300.569773,8.858056,0.012273
1.561224,0.830808,7589,101300.574580,8.858862,0.011927
1.561224,0.835859,7590,101300.579301,8.859653,0.011566
1.561224,0.840909,7591,101300.583929,8.860430,0.011191
1.561224,0.845960,7592,101300.588461,8.861193,0.010802
1.561224,0.851010,7593,101300.592893,8.861945,0.010400
1.561224,0.856061,7594,101300.597220,8.862685,0.009984
1.561224,0.861111,7595,101300.601438,8.863415,0.009556
1.561224,0.866162,7596,101300.605544,8.864134,0.009115
1.561224,0.871212,7597,101300.609533,8.864843,0.008661
1.561224,0.876263,7598,101300.613402,8.865544,0.008196
1.561224,0.881313,7599,101300.617148,8.866235,0.007719
1.561224,0.886364,7600,101300.620767,8.866919,0.007230
1.561224,0.891414,7601,101300.624255,8.867596,0.006731
1.561224,0.896465,7602,101300.627609,8.868265,0.006220
1.561224,0.901515,7603,101300.630827,8.868927,0.005700
1.561224,0.906566,7604,101300.633905,8.869583,0.005169
1.561224,0.911616,7605,101300.636841,8.870233,0.004628
1.561224,0.916667,7606,101300.639632,8.870877,0.004080
1.561224,0.921717,7607,101300.642274,8.871515,0.003519
1.561224,0.926768,7608,101300.644769,8.872148,0.002957
1.561224,0.931818,7609,101300.647106,8.872777,0.002374
1.561224,0.936869,7610,101300.649297,8.873400,0.001804
1.561224,0.941919,7611,101300.651319,8.874019,0.001195
1.561224,0.946970,7612,101300.653200,8.874631,0.000626
1.561224,0.952020,7613,101300.654898,8.875238,-0.000017
1.561224,0.957071,7614,101300.656463,8.875829,-0.000570
1.561224,0.962121,7615,101300.657830,8.876389,-0.001258
1.561224,0.967172,7616,101300.659072,8.876848,-0.001783
1.561224,0.972222,7617,101300.660105,8.876987,-0.002523
1.561224,0.977273,7618,101300.661016,8.876030,-0.003010
1.561224,0.982323,7619,101300.661715,8.869918,-0.003796
1.561224,0.987374,7620,101300.662286,8.845796,-0.004186
1.561224,0.992424,7621,101300.662647,8.575163,-0.004683
1.561224,0.997475,7622,101300.662820,8.033587,-0.002316
1.581633,0.502525,7623,101300.308705,7.443921,0.139706
1.581633,0.507576,7624,101300.322140,8.327542,-0.123425
1.581633,0.512626,7625,101300.297260,8.625854,0.123110
1.581633,0.517677,7626,101300.330600,8.701918,-0.092357
1.581633,0.522727,7627,101300.295169,8.723953,0.088406
1.581633,0.527778,7628,101300.331435,8.732354,-0.054999
1.581633,0.532828,7629,101300.300633,8.739516,0.054186
1.581633,0.537879,7630,101300.328159,8.742729,-0.024190
1.581633,0.542929,7631,101300.309019,8.748332,0.030157
1.581633,0.547980,7632,101300.325278,8.751333,-0.004999
1.581633,0.553030,7633,101300.316765,8.755982,0.017362
1.581633,0.558081,7634,101300.324991,8.759210,0.004505
1.581633,0.563131,7635,101300.322945,8.763155,0.012186
1.581633,0.568182,7636,101300.327221,8.766470,0.008458
1.581633,0.573232,7637,101300.328179,8.769978,0.010756
1.581633,0.578283,7638,101300.331108,8.773226,0.010021
1.581633,0.583333,7639,101300.333259,8.776463,0.010728
1.581633,0.588384,7640,101300.335977,8.779570,0.010776
1.581633,0.593434,7641,101300.338635,8.782609,0.011099
1.581633,0.598485,7642,101300.341503,8.785557,0.011304
1.581633,0.603535,7643,101300.344465,8.788428,0.011545
1.581633,0.608586,7644,101300.347562,8.791219,0.011765
1.581633,0.613636,7645,101300.350775,8.793933,0.011983
1.581633,0.618687,7646,101300.354106,8.796573,0.012192
1.581633,0.623737,7647,101300.357550,8.799139,0.012393
1.581633,0.628788,7648,101300.361103,8.801634,0.012586
1.581633,0.633838,7649,101300.364762,8.804059,0.012770
1.581633,0.638889,7650,101300.368522,8.806415,0.012945
1.581633,0.643939,7651,101300.372380,8.808703,0.013110
1.581633,0.648990,7652,101300.376332,8.810925,0.013266
1.581633,0.654040,7653,101300.380374,8.813083,0.013411
1.581633,0.659091,7654,101300.384501,8.815177,0.013545
1.581633,0.664141,7655,101300.388709,8.817210,0.013668
1.581633,0.669192,7656,101300.392993,8.819183,0.013780
1.581633,0.674242,7657,101300.397350,8.821098,0.013881
1.581633,0.679293,7658,101300.401775,8.822957,0.013969
1.581633,0.684343,7659,101300.406262,8.824761,0.014045
1.581633,0.689394,7660,101300.410808,8.826513,0.014109
1.581633,0.694444,7661,101300.415408,8.828214,0.014160
1.581633,0.699495,7662,101300.420057,8.829865,0.014199
1.581633,0.704545,7663,101300.424749,8.831468,0.014224
1.581633,0.709596,7664,101300.429482,8.833024,0.014236
1.581633,0.714646,7665,101300.434249,8.834536,0.014234
1.581633,0.719697,7666,101300.439045,8.836004,0.014220
1.581633,0.724747,7667,101300.443867,8.837430,0.014191
1.581633,0.729798,7668,101300.448708,8.838816,0.014149
1.581633,0.734848,7669,101300.453565,8.840163,0.014092
1.581633,0.739899,7670,101300.458432,8.841473,0.014022
1.581633,0.744949,7671,101300.463304,8.842747,0.013938
1.581633,0.750000,7672,101300.468176,8.843987,0.013840
1.581633,0.755051,7673,101300.473044,8.845195,0.013727
1.581633,0.760101,7674,101300.477903,8.846371,0.013601
1.581633,0.765152,7675,101300.482748,8.847518,0.013460
1.581633,0.770202,7676,101300.487573,8.848636,0.013305
1.581633,0.775253,7677,101300.492376,8.849726,0.013136
1.581633,0.780303,7678,101300.497150,8.850791,0.012953
1.581633,0.785354,7679,101300.501890,8.851831,0.012756
1.581633,0.790404,7680,101300.506594,8.852847,0.012545
1.581633,0.795455,7681,101300.511255,8.853840,0.012320
1.581633,0.800505,7682,101300.515869,8.854812,0.012081
1.581633,0.805556,7683,101300.520432,8.855762,0.011828
1.581633,0.810606,7684,101300.524939,8.856693,0.011562
1.581633,0.815657,7685,101300.529387,8.857605,0.011283
1.581633,0.820707,7686,101300.533770,8.858499,0.010990
1.581633,0.825758,7687,101300.538085,8.859376,0.010685
1.581633,0.830808,7688,101300.542327,8.860236,0.010366
1.581633,0.835859,7689,101300.546493,8.861081,0.010035
1.581633,0.840909,7690,101300.550578,8.861911,0.009691
1.581633,0.845960,7691,101300.554579,8.862727,0.009334
1.581633,0.851010,7692,101300.558491,8.863530,0.008966
1.581633,0.856061,7693,101300.562312,8.864320,0.008586
1.581633,0.861111,7694,101300.566037,8.865098,0.008194
1.581633,0.866162,7695,101300.569663,8.865865,0.007790
1.581633,0.871212,7696,101300.573187,8.866621,0.007376
1.581633,0.876263,7697,101300.576605,8.867367,0.006951
1.581633,0.881313,7698,101300.579915,8.868103,0.006515
1.581633,0.886364,7699,101300.583112,8.868830,0.006068
1.581633,0.891414,7700,101300.586195,8.869548,0.005612
1.581633,0.896465,7701,101300.589160,8.870258,0.005146
1.581633,0.901515,7702,101300.592004,8.870959,0.004671
1.581633,0.906566,7703,101300.594726,8.871653,0.004187
1.581633,0.911616,7704,101300.597321,8.872339,0.003692
1.581633,0.916667,7705,101300.599789,8.873018,0.003193
1.581633,0.921717,7706,101300.602125,8.873690,0.002680
1.581633,0.926768,7707,101300.604332,8.874355,0.002168
1.581633,0.931818,7708,101300.606399,8.875014,0.001635
1.581633,0.936869,7709,101300.608338,8.875665,0.001116
1.581633,0.941919,7710,101300.610126,8.876312,0.000558
1.581633,0.946970,7711,101300.611792,8.876950,0.000042
1.581633,0.952020,7712,101300.613294,8.877580,-0.000550
1.581633,0.957071,7713,101300.614681,8.878193,-0.001049
1.581633,0.962121,7714,101300.615889,8.878772,-0.001684
1.581633,0.967172,7715,101300.616991,8.879250,-0.002155
1.581633,0.972222,7716,101300.617904,8.879401,-0.002841
1.581633,0.977273,7717,101300.618714,8.878444,-0.003273
1.581633,0.982323,7718,101300.619332,8.872225,-0.004003
1.581633,0.987374,7719,101300.619840,8.847436,-0.004339
1.581633,0.992424,7720,101300.620160,8.571259,-0.004766
1.581633,0.997475,7721,101300.620314,8.019335,-0.002343
1.602041,0.502525,7722,101300.305734,7.426454,0.136432
1.602041,0.507576,7723,101300.318380,8.319486,-0.120696
1.602041,0.512626,7724,101300.294823,8.623656,0.120819
1.602041,0.517677,7725,101300.326471,8.700741,-0.091237
1.602041,0.522727,7726,101300.292528,8.722875,0.087621
1.602041,0.527778,7727,101300.327424,8.731444,-0.055424
1.602041,0.532828,7728,101300.297340,8.738527,0.054381
1.602041,0.537879,7729,101300.324321,8.741787,-0.025372
1.602041,0.542929,7730,101300.305074,8.747371,0.030509
1.602041,0.547980,7731,101300.321334,8.750365,-0.006240
1.602041,0.553030,7732,101300.312336,8.755034,0.017392
1.602041,0.558081,7733,101300.320655,8.758243,0.003462
1.602041,0.563131,7734,101300.318109,8.762215,0.011826
1.602041,0.568182,7735,101300.322341,8.765521,0.007566
1.602041,0.573232,7736,101300.322889,8.769052,0.010118
1.602041,0.578283,7737,101300.325626,8.772305,0.009162
1.602041,0.583333,7738,101300.327422,8.775561,0.009920
1.602041,0.588384,7739,101300.329852,8.778683,0.009875
1.602041,0.593434,7740,101300.332161,8.781742,0.010180
1.602041,0.598485,7741,101300.334687,8.784711,0.010332
1.602041,0.603535,7742,101300.337282,8.787605,0.010537
1.602041,0.608586,7743,101300.340001,8.790421,0.010715
1.602041,0.613636,7744,101300.342821,8.793162,0.010895
1.602041,0.618687,7745,101300.345744,8.795830,0.011067
1.602041,0.623737,7746,101300.348766,8.798427,0.011232
1.602041,0.628788,7747,101300.351885,8.800953,0.011390
1.602041,0.633838,7748,101300.355097,8.803412,0.011540
1.602041,0.638889,7749,101300.358398,8.805803,0.011683
1.602041,0.643939,7750,101300.361786,8.808128,0.011817
1.602041,0.648990,7751,101300.365256,8.810388,0.011943
1.602041,0.654040,7752,101300.368805,8.812585,0.012059
1.602041,0.659091,7753,101300.372430,8.814720,0.012167
1.602041,0.664141,7754,101300.376126,8.816795,0.012265
1.602041,0.669192,7755,101300.379890,8.818811,0.012353
1.602041,0.674242,7756,101300.383718,8.820771,0.012431
1.602041,0.679293,7757,101300.387605,8.822675,0.012498
1.602041,0.684343,7758,101300.391549,8.824526,0.012555
1.602041,0.689394,7759,101300.395544,8.826325,0.012601
1.602041,0.694444,7760,101300.399587,8.828073,0.012636
1.602041,0.699495,7761,101300.403674,8.829773,0.012659
1.602041,0.704545,7762,101300.407800,8.831426,0.012671
1.602041,0.709596,7763,101300.411961,8.833033,0.012672
1.602041,0.714646,7764,101300.416154,8.834596,0.012660
1.602041,0.719697,7765,101300.420372,8.836115,0.012637
1.602041,0.724747,7766,101300.424614,8.837593,0.012602
1.602041,0.729798,7767,101300.428873,8.839032,0.012554
1.602041,0.734848,7768,101300.433146,8.840432,0.012494
1.602041,0.739899,7769,101300.437429,8.841795,0.012422
1.602041,0.744949,7770,101300.441717,8.843122,0.012337
1.602041,0.750000,7771,101300.446005,8.844416,0.012240
1.602041,0.755051,7772,101300.450291,8.845677,0.012130
1.602041,0.760101,7773,101300.454569,8.846907,0.012008
1.602041,0.765152,7774,101300.458835,8.848107,0.011873
1.602041,0.770202,7775,101300.463085,8.849279,0.011725
1.602041,0.775253,7776,101300.467315,8.850423,0.011565
1.602041,0.780303,7777,101300.471520,8.851542,0.011393
1.602041,0.785354,7778,101300.475697,8.852635,0.011207
1.602041,0.790404,7779,101300.479841,8.853704,0.011010
1.602041,0.795455,7780,101300.483948,8.854750,0.010800
1.602041,0.800505,7781,101300.488015,8.855774,0.010577
1.602041,0.805556,7782,101300.492037,8.856776,0.010343
1.602041,0.810606,7783,101300.496010,8.857759,0.010096
1.602041,0.815657,7784,101300.499931,8.858722,0.009837
1.602041,0.820707,7785,101300.503796,8.859666,0.009567
1.602041,0.825758,7786,101300.507601,8.860592,0.009285
1.602041,0.830808,7787,101300.511343,8.861502,0.008991
1.602041,0.835859,7788,101300.515017,8.862395,0.008685
1.602041,0.840909,7789,101300.518621,8.863272,0.008368
1.602041,0.845960,7790,101300.522151,8.864135,0.008041
1.602041,0.851010,7791,101300.525603,8.864984,0.007702
1.602041,0.856061,7792,101300.528975,8.865819,0.007352
1.602041,0.861111,7793,101300.532263,8.866641,0.006993
1.602041,0.866162,7794,101300.535464,8.867451,0.006622
1.602041,0.871212,7795,101300.538574,8.868250,0.006242
1.602041,0.876263,7796,101300.541592,8.869037,0.005852
1.602041,0.881313,7797,101300.544514,8.869813,0.005452
1.602041,0.886364,7798,101300.547338,8.870579,0.005043
1.602041,0.891414,7799,101300.550060,8.871335,0.004625
1.602041,0.896465,7800,101300.552679,8.872081,0.004198
1.602041,0.901515,7801,101300.555191,8.872818,0.003762
1.602041,0.906566,7802,101300.557596,8.873546,0.003319
1.602041,0.911616,7803,101300.559888,8.874265,0.002866
1.602041,0.916667,7804,101300.562070,8.874976,0.002409
1.602041,0.921717,7805,101300.564134,8.875678,0.001939
1.602041,0.926768,7806,101300.566085,8.876372,0.001471
1.602041,0.931818,7807,101300.567912,8.877059,0.000981
1.602041,0.936869,7808,101300.569627,8.877737,0.000508
1.602041,0.941919,7809,101300.571207,8.878408,-0.000006
1.602041,0.946970,7810,101300.572682,8.879069,-0.000474
1.602041,0.952020,7811,101300.574008,8.879721,-0.001021
1.602041,0.957071,7812,101300.575236,8.880354,-0.001472
1.602041,0.962121,7813,101300.576303,8.880952,-0.002061
1.602041,0.967172,7814,101300.577281,8.881446,-0.002484
1.602041,0.972222,7815,101300.578087,8.881610,-0.003122
1.602041,0.977273,7816,101300.578806,8.880651,-0.003507
1.602041,0.982323,7817,101300.579352,8.874320,-0.004187
1.602041,0.987374,7818,101300.579805,8.848838,-0.004474
1.602041,0.992424,7819,101300.580088,8.567118,-0.004839
1.602041,0.997475,7820,101300.580225,8.004873,-0.002367
1.622449,0.502525,7821,101300.300530,7.409239,0.133322
1.622449,0.507576,7822,101300.312454,8.311646,-0.118083
1.622449,0.512626,7823,101300.290118,8.621659,0.118621
1.622449,0.517677,7824,101300.320196,8.699757,-0.090112
1.622449,0.522727,7825,101300.287658,8.721998,0.086839
1.622449,0.527778,7826,101300.321252,8.730727,-0.055756
1.622449,0.532828,7827,101300.291886,8.737732,0.054556
1.622449,0.537879,7828,101300.318322,8.741037,-0.026449
1.622449,0.542929,7829,101300.299023,8.746598,0.030878
1.622449,0.547980,7830,101300.315270,8.749586,-0.007399
1.622449,0.553030,7831,101300.305841,8.754270,0.017485
1.622449,0.558081,7832,101300.314260,8.757459,0.002488
1.622449,0.563131,7833,101300.311252,8.761455,0.011556
1.622449,0.568182,7834,101300.315471,8.764749,0.006749
1.622449,0.573232,7835,101300.315638,8.768300,0.009580
1.622449,0.578283,7836,101300.318222,8.771554,0.008394
1.622449,0.583333,7837,101300.319696,8.774827,0.009219
1.622449,0.588384,7838,101300.321881,8.777959,0.009079
1.622449,0.593434,7839,101300.323881,8.781036,0.009374
1.622449,0.598485,7840,101300.326110,8.784021,0.009476
1.622449,0.603535,7841,101300.328382,8.786934,0.009652
1.622449,0.608586,7842,101300.330770,8.789770,0.009793
1.622449,0.613636,7843,101300.333244,8.792534,0.009940
1.622449,0.618687,7844,101300.335810,8.795226,0.010078
1.622449,0.623737,7845,101300.338463,8.797848,0.010211
1.622449,0.628788,7846,101300.341200,8.800402,0.010339
1.622449,0.633838,7847,101300.344020,8.802889,0.010459
1.622449,0.638889,7848,101300.346918,8.805310,0.010574
1.622449,0.643939,7849,101300.349893,8.807667,0.010681
1.622449,0.648990,7850,101300.352940,8.809960,0.010780
1.622449,0.654040,7851,101300.356057,8.812191,0.010872
1.622449,0.659091,7852,101300.359241,8.814362,0.010956
1.622449,0.664141,7853,101300.362487,8.816473,0.011031
1.622449,0.669192,7854,101300.365794,8.818527,0.011098
1.622449,0.674242,7855,101300.369157,8.820525,0.011156
1.622449,0.679293,7856,101300.372573,8.822469,0.011205
1.622449,0.684343,7857,101300.376038,8.824360,0.011245
1.622449,0.689394,7858,101300.379549,8.826200,0.011275
1.622449,0.694444,7859,101300.383103,8.827991,0.011296
1.622449,0.699495,7860,101300.386695,8.829734,0.011306
1.622449,0.704545,7861,101300.390322,8.831431,0.011306
1.622449,0.709596,7862,101300.393981,8.833082,0.011296
1.622449,0.714646,7863,101300.397667,8.834690,0.011276
1.622449,0.719697,7864,101300.401377,8.836255,0.011245
1.622449,0.724747,7865,101300.405107,8.837779,0.011204
1.622449,0.729798,7866,101300.408853,8.839264,0.011151
1.622449,0.734848,7867,101300.412612,8.840711,0.011088
1.622449,0.739899,7868,101300.416380,8.842121,0.011014
1.622449,0.744949,7869,101300.420152,8.843496,0.010929
1.622449,0.750000,7870,101300.423926,8.844837,0.010832
1.622449,0.755051,7871,101300.427698,8.846146,0.010725
1.622449,0.760101,7872,101300.431463,8.847424,0.010606
1.622449,0.765152,7873,101300.435218,8.848672,0.010476
1.622449,0.770202,7874,101300.438960,8.849892,0.010335
1.622449,0.775253,7875,101300.442684,8.851084,0.010183
1.622449,0.780303,7876,101300.446387,8.852250,0.010019
1.622449,0.785354,7877,101300.450065,8.853390,0.009845
1.622449,0.790404,7878,101300.453714,8.854507,0.009659
1.622449,0.795455,7879,101300.457332,8.855600,0.009462
1.622449,0.800505,7880,101300.460915,8.856671,0.009254
1.622449,0.805556,7881,101300.464458,8.857720,0.009035
1.622449,0.810606,7882,101300.467959,8.858748,0.008805
1.622449,0.815657,7883,101300.471415,8.859757,0.008564
1.622449,0.820707,7884,101300.474821,8.860747,0.008313
1.622449,0.825758,7885,101300.478175,8.861718,0.008051
1.622449,0.830808,7886,101300.481473,8.862671,0.007779
1.622449,0.835859,7887,101300.484712,8.863608,0.007496
1.622449,0.840909,7888,101300.487889,8.864528,0.007203
1.622449,0.845960,7889,101300.491002,8.865433,0.006901
1.622449,0.851010,7890,101300.494046,8.866323,0.006588
1.622449,0.856061,7891,101300.497020,8.867199,0.006266
1.622449,0.861111,7892,101300.499919,8.868061,0.005934
1.622449,0.866162,7893,101300.502743,8.868910,0.005593
1.622449,0.871212,7894,101300.505487,8.869747,0.005242
1.622449,0.876263,7895,101300.508150,8.870571,0.004883
1.622449,0.881313,7896,101300.510728,8.871384,0.004515
1.622449,0.886364,7897,101300.513220,8.872185,0.004139
1.622449,0.891414,7898,101300.515622,8.872975,0.003755
1.622449,0.896465,7899,101300.517934,8.873755,0.003362
1.622449,0.901515,7900,101300.520152,8.874524,0.002961
1.622449,0.906566,7901,101300.522274,8.875283,0.002554
1.622449,0.911616,7902,101300.524298,8.876033,0.002138
1.622449,0.916667,7903,101300.526225,8.876772,0.001718
1.622449,0.921717,7904,101300.528047,8.877502,0.001285
1.622449,0.926768,7905,101300.529771,8.878223,0.000856
1.622449,0.931818,7906,101300.531384,8.878935,0.000405
1.622449,0.936869,7907,101300.532900,8.879638,-0.000028
1.622449,0.941919,7908,101300.534295,8.880332,-0.000502
1.622449,0.946970,7909,101300.535599,8.881014,-0.000930
1.622449,0.952020,7910,101300.536769,8.881686,-0.001436
1.622449,0.957071,7911,101300.537857,8.882337,-0.001846
1.622449,0.962121,7912,101300.538798,8.882952,-0.002394
1.622449,0.967172,7913,101300.539665,8.883462,-0.002774
1.622449,0.972222,7914,101300.540376,8.883636,-0.003370
1.622449,0.977273,7915,101300.541014,8.882674,-0.003713
1.622449,0.982323,7916,101300.541496,8.876226,-0.004349
1.622449,0.987374,7917,101300.541899,8.850028,-0.004593
1.622449,0.992424,7918,101300.542150,8.562767,-0.004902
1.622449,0.997475,7919,101300.542271,7.990228,-0.002388
1.642857,0.502525,7920,101300.293369,7.392250,0.130363
1.642857,0.507576,7921,101300.304630,8.303997,-0.115579
1.642857,0.512626,7922,101300.283423,8.619836,0.116510
1.642857,0.517677,7923,101300.312043,8.698941,-0.088986
1.642857,0.522727,7924,101300.280832,8.721297,0.086061
1.642857,0.527778,7925,101300.313188,8.730179,-0.056005
1.642857,0.532828,7926,101300.284538,8.737106,0.054709
1.642857,0.537879,7927,101300.310431,8.740456,-0.027430
1.642857,0.542929,7928,101300.291126,8.745990,0.031257
1.642857,0.547980,7929,101300.307345,8.748972,-0.008483
1.642857,0.553030,7930,101300.297535,8.753667,0.017630
1.642857,0.558081,7931,101300.306059,8.756836,0.001575
1.642857,0.563131,7932,101300.302623,8.760852,0.011364
1.642857,0.568182,7933,101300.306853,8.764133,0.005997
1.642857,0.573232,7934,101300.306667,8.767701,0.009131
1.642857,0.578283,7935,101300.309132,8.770952,0.007703
1.642857,0.583333,7936,101300.310313,8.774240,0.008612
1.642857,0.588384,7937,101300.312291,8.777378,0.008375
1.642857,0.593434,7938,101300.314015,8.780469,0.008669
1.642857,0.598485,7939,101300.315986,8.783467,0.008723
1.642857,0.603535,7940,101300.317973,8.786396,0.008875
1.642857,0.608586,7941,101300.320072,8.789249,0.008982
1.642857,0.613636,7942,101300.322241,8.792031,0.009100
1.642857,0.618687,7943,101300.324494,8.794743,0.009209
1.642857,0.623737,7944,101300.326823,8.797387,0.009315
1.642857,0.628788,7945,101300.329226,8.799965,0.009415
1.642857,0.633838,7946,101300.331701,8.802476,0.009510
1.642857,0.638889,7947,101300.334246,8.804923,0.009599
1.642857,0.643939,7948,101300.336858,8.807307,0.009682
1.642857,0.648990,7949,101300.339534,8.809628,0.009758
1.642857,0.654040,7950,101300.342271,8.811889,0.009828
1.642857,0.659091,7951,101300.345067,8.814090,0.009891
1.642857,0.664141,7952,101300.347918,8.816233,0.009947
1.642857,0.669192,7953,101300.350823,8.818320,0.009996
1.642857,0.674242,7954,101300.353777,8.820351,0.010036
1.642857,0.679293,7955,101300.356778,8.822330,0.010069
1.642857,0.684343,7956,101300.359822,8.824257,0.010094
1.642857,0.689394,7957,101300.362907,8.826133,0.010110
1.642857,0.694444,7958,101300.366030,8.827961,0.010117
1.642857,0.699495,7959,101300.369187,8.829742,0.010116
1.642857,0.704545,7960,101300.372375,8.831477,0.010106
1.642857,0.709596,7961,101300.375590,8.833168,0.010087
1.642857,0.714646,7962,101300.378831,8.834815,0.010059
1.642857,0.719697,7963,101300.382092,8.836421,0.010022
1.642857,0.724747,7964,101300.385372,8.837986,0.009975
1.642857,0.729798,7965,101300.388666,8.839511,0.009918
1.642857,0.734848,7966,101300.391971,8.841000,0.009852
1.642857,0.739899,7967,101300.395285,8.842452,0.009776
1.642857,0.744949,7968,101300.398603,8.843869,0.009690
1.642857,0.750000,7969,101300.401923,8.845252,0.009595
1.642857,0.755051,7970,101300.405240,8.846604,0.009489
1.642857,0.760101,7971,101300.408553,8.847924,0.009374
1.642857,0.765152,7972,101300.411857,8.849215,0.009248
1.642857,0.770202,7973,101300.415149,8.850478,0.009112
1.642857,0.775253,7974,101300.418426,8.851712,0.008967
1.642857,0.780303,7975,101300.421685,8.852921,0.008811
1.642857,0.785354,7976,101300.424923,8.854104,0.008646
1.642857,0.790404,7977,101300.428136,8.855263,0.008470
1.642857,0.795455,7978,101300.431321,8.856398,0.008284
1.642857,0.800505,7979,101300.434475,8.857511,0.008089
1.642857,0.805556,7980,101300.437595,8.858602,0.007884
1.642857,0.810606,7981,101300.440678,8.859672,0.007669
1.642857,0.815657,7982,101300.443721,8.860722,0.007444
1.642857,0.820707,7983,101300.446721,8.861752,0.007209
1.642857,0.825758,7984,101300.449675,8.862763,0.006965
1.642857,0.830808,7985,101300.452580,8.863756,0.006712
1.642857,0.835859,7986,101300.455434,8.864732,0.006450
1.642857,0.840909,7987,101300.458234,8.865691,0.006178
1.642857,0.845960,7988,101300.460976,8.866634,0.005897
1.642857,0.851010,7989,101300.463659,8.867561,0.005607
1.642857,0.856061,7990,101300.466280,8.868474,0.005309
1.642857,0.861111,7991,101300.468835,8.869372,0.005002
1.642857,0.866162,7992,101300.471324,8.870257,0.004686
1.642857,0.871212,7993,101300.473743,8.871128,0.004362
1.642857,0.876263,7994,101300.476091,8.871986,0.004030
1.642857,0.881313,7995,101300.478364,8.872832,0.003691
1.642857,0.886364,7996,101300.480561,8.873665,0.003343
1.642857,0.891414,7997,101300.482680,8.874487,0.002988
1.642857,0.896465,7998,101300.484718,8.875297,0.002626
1.642857,0.901515,7999,101300.486674,8.876096,0.002256
1.642857,0.906566,8000,101300.488547,8.876883,0.001880
1.642857,0.911616,8001,101300.490333,8.877660,0.001496
1.642857,0.916667,8002,101300.492033,8.878426,0.001109
1.642857,0.921717,8003,101300.493640,8.879182,0.000709
1.642857,0.926768,8004,101300.495162,8.879928,0.000314
1.642857,0.931818,8005,101300.496585,8.880663,-0.000103
1.642857,0.936869,8006,101300.497924,8.881387,-0.000501
1.642857,0.941919,8007,101300.499154,8.882102,-0.000940
1.642857,0.946970,8008,101300.500306,8.882804,-0.001331
1.642857,0.952020,8009,101300.501338,8.883495,-0.001802
1.642857,0.957071,8010,101300.502300,8.884164,-0.002175
1.642857,0.962121,8011,101300.503130,8.884795,-0.002687
1.642857,0.967172,8012,101300.503897,8.885318,-0.003030
1.642857,0.972222,8013,101300.504524,8.885503,-0.003589
1.642857,0.977273,8014,101300.505091,8.884535,-0.003896
1.642857,0.982323,8015,101300.505515,8.877966,-0.004493
1.642857,0.987374,8016,101300.505874,8.851029,-0.004699
1.642857,0.992424,8017,101300.506095,8.558230,-0.004956
1.642857,0.997475,8018,101300.506204,7.975425,-0.002407
1.663265,0.502525,8019,101300.284491,7.375462,0.127543
1.663265,0.507576,8020,101300.295143,8.296516,-0.113177
1.663265,0.512626,8021,101300.274983,8.618165,0.114480
1.663265,0.517677,8022,101300.302247,8.698273,-0.087861
1.663265,0.522727,8023,101300.272288,8.720751,0.085287
1.663265,0.527778,8024,101300.303468,8.729779,-0.056181
1.663265,0.532828,8025,101300.275527,8.736631,0.054841
1.663265,0.537879,8026,101300.300881,8.740024,-0.028323
1.663265,0.542929,8027,101300.281611,8.745527,0.031642
1.663265,0.547980,8028,101300.297788,8.748504,-0.009497
1.663265,0.553030,8029,101300.287643,8.753205,0.017819
1.663265,0.558081,8030,101300.296273,8.756354,0.000717
1.663265,0.563131,8031,101300.292440,8.760387,0.011239
1.663265,0.568182,8032,101300.296702,8.763652,0.005301
1.663265,0.573232,8033,101300.296186,8.767235,0.008760
1.663265,0.578283,8034,101300.298563,8.770482,0.007081
1.663265,0.583333,8035,101300.299476,8.773781,0.008089
1.663265,0.588384,8036,101300.301279,8.776924,0.007750
1.663265,0.593434,8037,101300.302757,8.780026,0.008053
1.663265,0.598485,8038,101300.304504,8.783033,0.008060
1.663265,0.603535,8039,101300.306239,8.785975,0.008192
1.663265,0.608586,8040,101300.308085,8.788842,0.008269
1.663265,0.613636,8041,101300.309987,8.791639,0.008363
1.663265,0.618687,8042,101300.311965,8.794368,0.008445
1.663265,0.623737,8043,101300.314009,8.797030,0.008527
1.663265,0.628788,8044,101300.316118,8.799627,0.008603
1.663265,0.633838,8045,101300.318291,8.802159,0.008675
1.663265,0.638889,8046,101300.320525,8.804628,0.008742
1.663265,0.643939,8047,101300.322818,8.807035,0.008804
1.663265,0.648990,8048,101300.325167,8.809380,0.008861
1.663265,0.654040,8049,101300.327570,8.811666,0.008912
1.663265,0.659091,8050,101300.330025,8.813894,0.008956
1.663265,0.664141,8051,101300.332529,8.816065,0.008995
1.663265,0.669192,8052,101300.335080,8.818180,0.009027
1.663265,0.674242,8053,101300.337674,8.820241,0.009052
1.663265,0.679293,8054,101300.340310,8.822250,0.009071
1.663265,0.684343,8055,101300.342984,8.824208,0.009082
1.663265,0.689394,8056,101300.345694,8.826116,0.009086
1.663265,0.694444,8057,101300.348437,8.827977,0.009082
1.663265,0.699495,8058,101300.351210,8.829791,0.009071
1.663265,0.704545,8059,101300.354011,8.831560,0.009052
1.663265,0.709596,8060,101300.356837,8.833285,0.009025
1.663265,0.714646,8061,101300.359684,8.834968,0.008990
1.663265,0.719697,8062,101300.362550,8.836609,0.008946
1.663265,0.724747,8063,101300.365432,8.838210,0.008895
1.663265,0.729798,8064,101300.368328,8.839772,0.008834
1.663265,0.734848,8065,101300.371233,8.841297,0.008766
1.663265,0.739899,8066,101300.374146,8.842786,0.008688
1.663265,0.744949,8067,101300.377063,8.844241,0.008602
1.663265,0.750000,8068,101300.379981,8.845662,0.008507
1.663265,0.755051,8069,101300.382899,8.847052,0.008403
1.663265,0.760101,8070,101300.385811,8.848410,0.008290
1.663265,0.765152,8071,101300.388717,8.849739,0.008168
1.663265,0.770202,8072,101300.391612,8.851040,0.008037
1.663265,0.775253,8073,101300.394494,8.852313,0.007898
1.663265,0.780303,8074,101300.397361,8.853560,0.007749
1.663265,0.785354,8075,101300.400209,8.854781,0.007591
1.663265,0.790404,8076,101300.403035,8.855978,0.007425
1.663265,0.795455,8077,101300.405837,8.857151,0.007249
1.663265,0.800505,8078,101300.408612,8.858302,0.007065
1.663265,0.805556,8079,101300.411358,8.859430,0.006871
1.663265,0.810606,8080,101300.414071,8.860537,0.006669
1.663265,0.815657,8081,101300.416749,8.861624,0.006458
1.663265,0.820707,8082,101300.419389,8.862691,0.006239
1.663265,0.825758,8083,101300.421989,8.863738,0.006011
1.663265,0.830808,8084,101300.424547,8.864767,0.005774
1.663265,0.835859,8085,101300.427059,8.865778,0.005529
1.663265,0.840909,8086,101300.429524,8.866772,0.005276
1.663265,0.845960,8087,101300.431938,8.867750,0.005014
1.663265,0.851010,8088,101300.434300,8.868711,0.004745
1.663265,0.856061,8089,101300.436608,8.869657,0.004467
1.663265,0.861111,8090,101300.438859,8.870588,0.004182
1.663265,0.866162,8091,101300.441051,8.871505,0.003889
1.663265,0.871212,8092,101300.443181,8.872408,0.003588
1.663265,0.876263,8093,101300.445249,8.873297,0.003280
1.663265,0.881313,8094,101300.447252,8.874172,0.002965
1.663265,0.886364,8095,101300.449187,8.875035,0.002643
1.663265,0.891414,8096,101300.451054,8.875885,0.002313
1.663265,0.896465,8097,101300.452850,8.876723,0.001978
1.663265,0.901515,8098,101300.454574,8.877549,0.001635
1.663265,0.906566,8099,101300.456224,8.878363,0.001287
1.663265,0.911616,8100,101300.457798,8.879165,0.000931
1.663265,0.916667,8101,101300.459296,8.879956,0.000573
1.663265,0.921717,8102,101300.460714,8.880735,0.000203
1.663265,0.926768,8103,101300.462055,8.881503,-0.000163
1.663265,0.931818,8104,101300.463309,8.882260,-0.000550
1.663265,0.936869,8105,101300.464490,8.883004,-0.000916
1.663265,0.941919,8106,101300.465574,8.883738,-0.001326
1.663265,0.946970,8107,101300.466592,8.884459,-0.001685
1.663265,0.952020,8108,101300.467500,8.885166,-0.002125
1.663265,0.957071,8109,101300.468351,8.885852,-0.002465
1.663265,0.962121,8110,101300.469081,8.886498,-0.002945
1.663265,0.967172,8111,101300.469761,8.887035,-0.003256
1.663265,0.972222,8112,101300.470312,8.887229,-0.003782
1.663265,0.977273,8113,101300.470815,8.886254,-0.004057
1.663265,0.982323,8114,101300.471189,8.879560,-0.004619
1.663265,0.987374,8115,101300.471508,8.851861,-0.004792
1.663265,0.992424,8116,101300.471703,8.553528,-0.005004
1.663265,0.997475,8117,101300.471800,7.960484,-0.002422
1.683673,0.502525,8118,101300.274109,7.358854,0.124853
1.683673,0.507576,8119,101300.284199,8.289181,-0.110870
1.683673,0.512626,8120,101300.265010,8.616625,0.112526
1.683673,0.517677,8121,101300.291011,8.697734,-0.086740
1.683673,0.522727,8122,101300.262237,8.720341,0.084516
1.683673,0.527778,8123,101300.292298,8.729510,-0.056290
1.683673,0.532828,8124,101300.265057,8.736286,0.054952
1.683673,0.537879,8125,101300.289876,8.739721,-0.029134
1.683673,0.542929,8126,101300.270678,8.745190,0.032026
1.683673,0.547980,8127,101300.286799,8.748164,-0.010446
1.683673,0.553030,8128,101300.276360,8.752868,0.018044
1.683673,0.558081,8129,101300.285095,8.755995,-0.000090
1.683673,0.563131,8130,101300.280895,8.760043,0.011174
1.683673,0.568182,8131,101300.285206,8.763291,0.004656
1.683673,0.573232,8132,101300.284382,8.766887,0.008458
1.683673,0.578283,8133,101300.286697,8.770127,0.006516
1.683673,0.583333,8134,101300.287363,8.773435,0.007639
1.683673,0.588384,8135,101300.289020,8.776580,0.007194
1.683673,0.593434,8136,101300.290277,8.779690,0.007515
1.683673,0.598485,8137,101300.291829,8.782705,0.007474
1.683673,0.603535,8138,101300.293342,8.785657,0.007593
1.683673,0.608586,8139,101300.294966,8.788534,0.007641
1.683673,0.613636,8140,101300.296634,8.791344,0.007715
1.683673,0.618687,8141,101300.298370,8.794087,0.007774
1.683673,0.623737,8142,101300.300163,8.796764,0.007834
1.683673,0.628788,8143,101300.302015,8.799376,0.007890
1.683673,0.633838,8144,101300.303921,8.801926,0.007942
1.683673,0.638889,8145,101300.305882,8.804414,0.007990
1.683673,0.643939,8146,101300.307894,8.806840,0.008033
1.683673,0.648990,8147,101300.309956,8.809207,0.008072
1.683673,0.654040,8148,101300.312066,8.811515,0.008106
1.683673,0.659091,8149,101300.314221,8.813765,0.008135
1.683673,0.664141,8150,101300.316419,8.815960,0.008158
1.683673,0.669192,8151,101300.318658,8.818100,0.008176
1.683673,0.674242,8152,101300.320935,8.820186,0.008188
1.683673,0.679293,8153,101300.323249,8.822221,0.008194
1.683673,0.684343,8154,101300.325597,8.824207,0.008193
1.683673,0.689394,8155,101300.327977,8.826143,0.008186
1.683673,0.694444,8156,101300.330385,8.828033,0.008173
1.683673,0.699495,8157,101300.332821,8.829876,0.008153
1.683673,0.704545,8158,101300.335280,8.831675,0.008126
1.683673,0.709596,8159,101300.337762,8.833431,0.008092
1.683673,0.714646,8160,101300.340262,8.835144,0.008051
1.683673,0.719697,8161,101300.342780,8.836817,0.008002
1.683673,0.724747,8162,101300.345311,8.838450,0.007946
1.683673,0.729798,8163,101300.347855,8.840045,0.007882
1.683673,0.734848,8164,101300.350407,8.841603,0.007811
1.683673,0.739899,8165,101300.352966,8.843125,0.007732
1.683673,0.744949,8166,101300.355529,8.844613,0.007646
1.683673,0.750000,8167,101300.358093,8.846068,0.007551
1.683673,0.755051,8168,101300.360656,8.847491,0.007449
1.683673,0.760101,8169,101300.363215,8.848884,0.007338
1.683673,0.765152,8170,101300.365769,8.850247,0.007220
1.683673,0.770202,8171,101300.368313,8.851582,0.007093
1.683673,0.775253,8172,101300.370846,8.852889,0.006959
1.683673,0.780303,8173,101300.373366,8.854170,0.006816
1.683673,0.785354,8174,101300.375869,8.855426,0.006665
1.683673,0.790404,8175,101300.378353,8.856657,0.006507
1.683673,0.795455,8176,101300.380817,8.857864,0.006340
1.683673,0.800505,8177,101300.383256,8.859049,0.006165
1.683673,0.805556,8178,101300.385670,8.860211,0.005982
1.683673,0.810606,8179,101300.388055,8.861352,0.005791
1.683673,0.815657,8180,101300.390410,8.862472,0.005593
1.683673,0.820707,8181,101300.392732,8.863572,0.005386
1.683673,0.825758,8182,101300.395018,8.864652,0.005172
1.683673,0.830808,8183,101300.397267,8.865713,0.004950
1.683673,0.835859,8184,101300.399477,8.866757,0.004720
1.683673,0.840909,8185,101300.401644,8.867782,0.004483
1.683673,0.845960,8186,101300.403768,8.868791,0.004239
1.683673,0.851010,8187,101300.405846,8.869783,0.003987
1.683673,0.856061,8188,101300.407876,8.870760,0.003727
1.683673,0.861111,8189,101300.409856,8.871721,0.003461
1.683673,0.866162,8190,101300.411784,8.872666,0.003188
1.683673,0.871212,8191,101300.413659,8.873598,0.002908
1.683673,0.876263,8192,101300.415478,8.874515,0.002621
1.683673,0.881313,8193,101300.417240,8.875418,0.002327
1.683673,0.886364,8194,101300.418944,8.876308,0.002027
1.683673,0.891414,8195,101300.420587,8.877184,0.001721
1.683673,0.896465,8196,101300.422168,8.878048,0.001409
1.683673,0.901515,8197,101300.423685,8.878898,0.001090
1.683673,0.906566,8198,101300.425138,8.879736,0.000766
1.683673,0.911616,8199,101300.426523,8.880562,0.000435
1.683673,0.916667,8200,101300.427842,8.881375,0.000102
1.683673,0.921717,8201,101300.429090,8.882176,-0.000243
1.683673,0.926768,8202,101300.430272,8.882964,-0.000582
1.683673,0.931818,8203,101300.431375,8.883741,-0.000943
1.683673,0.936869,8204,101300.432416,8.884504,-0.001282
1.683673,0.941919,8205,101300.433369,8.885256,-0.001665
1.683673,0.946970,8206,101300.434267,8.885994,-0.001995
1.683673,0.952020,8207,101300.435066,8.886718,-0.002409
1.683673,0.957071,8208,101300.435817,8.887419,-0.002720
1.683673,0.962121,8209,101300.436459,8.888079,-0.003172
1.683673,0.967172,8210,101300.437060,8.888628,-0.003455
1.683673,0.972222,8211,101300.437544,8.888831,-0.003951
1.683673,0.977273,8212,101300.437990,8.887849,-0.004198
1.683673,0.982323,8213,101300.438318,8.881023,-0.004730
1.683673,0.987374,8214,101300.438602,8.852543,-0.004874
1.683673,0.992424,8215,101300.438775,8.548679,-0.005045
1.683673,0.997475,8216,101300.438861,7.945425,-0.002436
1.704082,0.502525,8217,101300.262407,7.342408,0.122281
1.704082,0.507576,8218,101300.271978,8.281976,-0.108652
1.704082,0.512626,8219,101300.253693,8.615200,0.110643
1.704082,0.517677,8220,101300.278516,8.697308,-0.085626
1.704082,0.522727,8221,101300.250863,8.720052,0.083751
1.704082,0.527778,8222,101300.279858,8.729355,-0.056340
1.704082,0.532828,8223,101300.253307,8.736058,0.055040
1.704082,0.537879,8224,101300.277596,8.739533,-0.029869
1.704082,0.542929,8225,101300.258501,8.744966,0.032408
1.704082,0.547980,8226,101300.274553,8.747936,-0.011336
1.704082,0.553030,8227,101300.263859,8.752640,0.018298
1.704082,0.558081,8228,101300.272696,8.755746,-0.000853
1.704082,0.563131,8229,101300.268157,8.759806,0.011161
1.704082,0.568182,8230,101300.272531,8.763035,0.004054
1.704082,0.573232,8231,101300.271417,8.766643,0.008218
1.704082,0.578283,8232,101300.273693,8.769872,0.006003
1.704082,0.583333,8233,101300.274130,8.773189,0.007254
1.704082,0.588384,8234,101300.275668,8.776332,0.006698
1.704082,0.593434,8235,101300.276724,8.779450,0.007045
1.704082,0.598485,8236,101300.278110,8.782468,0.006958
1.704082,0.603535,8237,101300.279425,8.785429,0.007068
1.704082,0.608586,8238,101300.280856,8.788314,0.007089
1.704082,0.613636,8239,101300.282316,8.791134,0.007145
1.704082,0.618687,8240,101300.283840,8.793887,0.007184
1.704082,0.623737,8241,101300.285413,8.796577,0.007226
1.704082,0.628788,8242,101300.287037,8.799203,0.007263
1.704082,0.633838,8243,101300.288710,8.801767,0.007298
1.704082,0.638889,8244,101300.290430,8.804270,0.007329
1.704082,0.643939,8245,101300.292195,8.806713,0.007356
1.704082,0.648990,8246,101300.294004,8.809098,0.007379
1.704082,0.654040,8247,101300.295855,8.811424,0.007398
1.704082,0.659091,8248,101300.297746,8.813695,0.007413
1.704082,0.664141,8249,101300.299674,8.815910,0.007423
1.704082,0.669192,8250,101300.301639,8.818071,0.007429
1.704082,0.674242,8251,101300.303638,8.820180,0.007429
1.704082,0.679293,8252,101300.305668,8.822239,0.007424
1.704082,0.684343,8253,101300.307728,8.824248,0.007413
1.704082,0.689394,8254,101300.309816,8.826209,0.007397
1.704082,0.694444,8255,101300.311930,8.828123,0.007375
1.704082,0.699495,8256,101300.314067,8.829993,0.007347
1.704082,0.704545,8257,101300.316226,8.831818,0.007313
1.704082,0.709596,8258,101300.318403,8.833601,0.007273
1.704082,0.714646,8259,101300.320598,8.835342,0.007226
1.704082,0.719697,8260,101300.322808,8.837042,0.007173
1.704082,0.724747,8261,101300.325030,8.838704,0.007113
1.704082,0.729798,8262,101300.327262,8.840327,0.007047
1.704082,0.734848,8263,101300.329502,8.841915,0.006974
1.704082,0.739899,8264,101300.331749,8.843466,0.006893
1.704082,0.744949,8265,101300.333998,8.844984,0.006806
1.704082,0.750000,8266,101300.336249,8.846469,0.006712
1.704082,0.755051,8267,101300.338500,8.847923,0.006611
1.704082,0.760101,8268,101300.340747,8.849346,0.006503
1.704082,0.765152,8269,101300.342988,8.850740,0.006387
1.704082,0.770202,8270,101300.345222,8.852105,0.006264
1.704082,0.775253,8271,101300.347447,8.853443,0.006134
1.704082,0.780303,8272,101300.349659,8.854755,0.005997
1.704082,0.785354,8273,101300.351857,8.856042,0.005853
1.704082,0.790404,8274,101300.354038,8.857304,0.005701
1.704082,0.795455,8275,101300.356202,8.858542,0.005542
1.704082,0.800505,8276,101300.358344,8.859757,0.005375
1.704082,0.805556,8277,101300.360464,8.860950,0.005202
1.704082,0.810606,8278,101300.362559,8.862121,0.005021
1.704082,0.815657,8279,101300.364627,8.863271,0.004833
1.704082,0.820707,8280,101300.366666,8.864401,0.004638
1.704082,0.825758,8281,101300.368674,8.865511,0.004436
1.704082,0.830808,8282,101300.370650,8.866602,0.004227
1.704082,0.835859,8283,101300.372591,8.867675,0.004011
1.704082,0.840909,8284,101300.374495,8.868729,0.003788
1.704082,0.845960,8285,101300.376360,8.869766,0.003558
1.704082,0.851010,8286,101300.378186,8.870787,0.003322
1.704082,0.856061,8287,101300.379969,8.871791,0.003079
1.704082,0.861111,8288,101300.381709,8.872779,0.002829
1.704082,0.866162,8289,101300.383403,8.873752,0.002573
1.704082,0.871212,8290,101300.385050,8.874710,0.002311
1.704082,0.876263,8291,101300.386649,8.875653,0.002042
1.704082,0.881313,8292,101300.388197,8.876581,0.001768
1.704082,0.886364,8293,101300.389694,8.877495,0.001487
1.704082,0.891414,8294,101300.391138,8.878396,0.001201
1.704082,0.896465,8295,101300.392528,8.879283,0.000909
1.704082,0.901515,8296,101300.393861,8.880156,0.000611
1.704082,0.906566,8297,101300.395138,8.881016,0.000309
1.704082,0.911616,8298,101300.396356,8.881863,-0.000001
1.704082,0.916667,8299,101300.397516,8.882697,-0.000311
1.704082,0.921717,8300,101300.398612,8.883518,-0.000634
1.704082,0.926768,8301,101300.399651,8.884326,-0.000949
1.704082,0.931818,8302,101300.400620,8.885121,-0.001288
1.704082,0.936869,8303,101300.401536,8.885902,-0.001602
1.704082,0.941919,8304,101300.402374,8.886671,-0.001962
1.704082,0.946970,8305,101300.403164,8.887425,-0.002268
1.704082,0.952020,8306,101300.403865,8.888164,-0.002657
1.704082,0.957071,8307,101300.404528,8.888879,-0.002944
1.704082,0.962121,8308,101300.405091,8.889552,-0.003371
1.704082,0.967172,8309,101300.405622,8.890114,-0.003629
1.704082,0.972222,8310,101300.406047,8.890324,-0.004100
1.704082,0.977273,8311,101300.406442,8.889333,-0.004323
1.704082,0.982323,8312,101300.406730,8.882373,-0.004828
1.704082,0.987374,8313,101300.406982,8.853092,-0.004946
1.704082,0.992424,8314,101300.407134,8.543701,-0.005079
1.704082,0.997475,8315,101300.407211,7.930263,-0.002448
1.724490,0.502525,8316,101300.249548,7.326108,0.119821
1.724490,0.507576,8317,101300.258638,8.274884,-0.106518
1.724490,0.512626,8318,101300.241196,8.613873,0.108827
1.724490,0.517677,8319,101300.264917,8.696982,-0.084521
1.724490,0.522727,8320,101300.238325,8.719869,0.082990
1.724490,0.527778,8321,101300.266306,8.729300,-0.056337
1.724490,0.532828,8322,101300.240433,8.735931,0.055106
1.724490,0.537879,8323,101300.264199,8.739445,-0.030536
1.724490,0.542929,8324,101300.245235,8.744840,0.032782
1.724490,0.547980,8325,101300.261205,8.747807,-0.012169
1.724490,0.553030,8326,101300.250291,8.752507,0.018575
1.724490,0.558081,8327,101300.259226,8.755593,-0.001575
1.724490,0.563131,8328,101300.254374,8.759661,0.011192
1.724490,0.568182,8329,101300.258820,8.762872,0.003489
1.724490,0.573232,8330,101300.257435,8.766488,0.008031
1.724490,0.578283,8331,101300.259692,8.769707,0.005533
1.724490,0.583333,8332,101300.259916,8.773030,0.006928
1.724490,0.588384,8333,101300.261357,8.776169,0.006255
1.724490,0.593434,8334,101300.262232,8.779292,0.006637
1.724490,0.598485,8335,101300.263475,8.782313,0.006501
1.724490,0.603535,8336,101300.264614,8.785279,0.006608
1.724490,0.608586,8337,101300.265875,8.788170,0.006604
1.724490,0.613636,8338,101300.267152,8.790998,0.006645
1.724490,0.618687,8339,101300.268490,8.793760,0.006666
1.724490,0.623737,8340,101300.269869,8.796459,0.006692
1.724490,0.628788,8341,101300.271293,8.799096,0.006713
1.724490,0.633838,8342,101300.272760,8.801672,0.006732
1.724490,0.638889,8343,101300.274268,8.804189,0.006748
1.724490,0.643939,8344,101300.275816,8.806646,0.006761
1.724490,0.648990,8345,101300.277403,8.809046,0.006771
1.724490,0.654040,8346,101300.279025,8.811388,0.006777
1.724490,0.659091,8347,101300.280683,8.813675,0.006780
1.724490,0.664141,8348,101300.282374,8.815908,0.006778
1.724490,0.669192,8349,101300.284097,8.818088,0.006773
1.724490,0.674242,8350,101300.285849,8.820217,0.006763
1.724490,0.679293,8351,101300.287630,8.822295,0.006748
1.724490,0.684343,8352,101300.289436,8.824325,0.006728
1.724490,0.689394,8353,101300.291267,8.826308,0.006704
1.724490,0.694444,8354,101300.293120,8.828245,0.006675
1.724490,0.699495,8355,101300.294994,8.830137,0.006640
1.724490,0.704545,8356,101300.296887,8.831985,0.006600
1.724490,0.709596,8357,101300.298797,8.833792,0.006554
1.724490,0.714646,8358,101300.300721,8.835557,0.006503
1.724490,0.719697,8359,101300.302658,8.837283,0.006446
1.724490,0.724747,8360,101300.304607,8.838970,0.006383
1.724490,0.729798,8361,101300.306564,8.840619,0.006314
1.724490,0.734848,8362,101300.308529,8.842232,0.006239
1.724490,0.739899,8363,101300.310498,8.843810,0.006158
1.724490,0.744949,8364,101300.312471,8.845355,0.006071
1.724490,0.750000,8365,101300.314445,8.846867,0.005977
1.724490,0.755051,8366,101300.316418,8.848348,0.005877
1.724490,0.760101,8367,101300.318389,8.849798,0.005771
1.724490,0.765152,8368,101300.320355,8.851219,0.005658
1.724490,0.770202,8369,101300.322314,8.852613,0.005538
1.724490,0.775253,8370,101300.324264,8.853979,0.005412
1.724490,0.780303,8371,101300.326204,8.855319,0.005280
1.724490,0.785354,8372,101300.328132,8.856633,0.005141
1.724490,0.790404,8373,101300.330045,8.857923,0.004995
1.724490,0.795455,8374,101300.331942,8.859189,0.004843
1.724490,0.800505,8375,101300.333821,8.860432,0.004684
1.724490,0.805556,8376,101300.335680,8.861652,0.004518
1.724490,0.810606,8377,101300.337518,8.862851,0.004346
1.724490,0.815657,8378,101300.339331,8.864029,0.004168
1.724490,0.820707,8379,101300.341120,8.865186,0.003983
1.724490,0.825758,8380,101300.342881,8.866323,0.003791
1.724490,0.830808,8381,101300.344614,8.867441,0.003594
1.724490,0.835859,8382,101300.346316,8.868540,0.003389
1.724490,0.840909,8383,101300.347986,8.869621,0.003179
1.724490,0.845960,8384,101300.349622,8.870684,0.002962
1.724490,0.851010,8385,101300.351223,8.871730,0.002739
1.724490,0.856061,8386,101300.352788,8.872760,0.002511
1.724490,0.861111,8387,101300.354314,8.873773,0.002276
1.724490,0.866162,8388,101300.355800,8.874771,0.002035
1.724490,0.871212,8389,101300.357244,8.875752,0.001788
1.724490,0.876263,8390,101300.358647,8.876719,0.001536
1.724490,0.881313,8391,101300.360005,8.877671,0.001278
1.724490,0.886364,8392,101300.361318,8.878608,0.001015
1.724490,0.891414,8393,101300.362584,8.879531,0.000746
1.724490,0.896465,8394,101300.363803,8.880439,0.000472
1.724490,0.901515,8395,101300.364973,8.881334,0.000192
1.724490,0.906566,8396,101300.366093,8.882215,-0.000091
1.724490,0.911616,8397,101300.367161,8.883082,-0.000382
1.724490,0.916667,8398,101300.368179,8.883935,-0.000673
1.724490,0.921717,8399,101300.369140,8.884774,-0.000976
1.724490,0.926768,8400,101300.370053,8.885600,-0.001271
1.724490,0.931818,8401,101300.370902,8.886412,-0.001589
1.724490,0.936869,8402,101300.371707,8.887210,-0.001883
1.724490,0.941919,8403,101300.372440,8.887995,-0.002223
1.724490,0.946970,8404,101300.373135,8.888763,-0.002506
1.724490,0.952020,8405,101300.373749,8.889517,-0.002875
1.724490,0.957071,8406,101300.374333,8.890246,-0.003140
1.724490,0.962121,8407,101300.374826,8.890932,-0.003546
1.724490,0.967172,8408,101300.375294,8.891505,-0.003782
1.724490,0.972222,8409,101300.375666,8.891723,-0.004231
1.724490,0.977273,8410,101300.376015,8.890721,-0.004432
1.724490,0.982323,8411,101300.376267,8.883623,-0.004914
1.724490,0.987374,8412,101300.376491,8.853520,-0.005010
1.724490,0.992424,8413,101300.376624,8.538608,-0.005109
1.724490,0.997475,8414,101300.376692,7.915013,-0.002458
1.744898,0.502525,8415,101300.235674,7.309939,0.117464
1.744898,0.507576,8416,101300.244318,8.267892,-0.104463
1.744898,0.512626,8417,101300.227662,8.612632,0.107074
1.744898,0.517677,8418,101300.250352,8.696741,-0.083426
1.744898,0.522727,8419,101300.224766,8.719778,0.082234
1.744898,0.527778,8420,101300.251781,8.729334,-0.056287
1.744898,0.532828,8421,101300.226572,8.735894,0.055152
1.744898,0.537879,8422,101300.249823,8.739445,-0.031139
1.744898,0.542929,8423,101300.231013,8.744800,0.033148
1.744898,0.547980,8424,101300.246889,8.747765,-0.012951
1.744898,0.553030,8425,101300.235789,8.752458,0.018869
1.744898,0.558081,8426,101300.244815,8.755523,-0.002259
1.744898,0.563131,8427,101300.239675,8.759599,0.011262
1.744898,0.568182,8428,101300.244202,8.762789,0.002959
1.744898,0.573232,8429,101300.242562,8.766413,0.007893
1.744898,0.578283,8430,101300.244817,8.769619,0.005102
1.744898,0.583333,8431,101300.244842,8.772946,0.006653
1.744898,0.588384,8432,101300.246207,8.776081,0.005857
1.744898,0.593434,8433,101300.246916,8.779207,0.006282
1.744898,0.598485,8434,101300.248037,8.782228,0.006097
1.744898,0.603535,8435,101300.249020,8.785198,0.006205
1.744898,0.608586,8436,101300.250133,8.788093,0.006176
1.744898,0.613636,8437,101300.251249,8.790927,0.006206
1.744898,0.618687,8438,101300.252423,8.793695,0.006210
1.744898,0.623737,8439,101300.253630,8.796402,0.006223
1.744898,0.628788,8440,101300.254879,8.799048,0.006229
1.744898,0.633838,8441,101300.256164,8.801634,0.006235
1.744898,0.638889,8442,101300.257486,8.804161,0.006239
1.744898,0.643939,8443,101300.258842,8.806631,0.006239
1.744898,0.648990,8444,101300.260232,8.809043,0.006237
1.744898,0.654040,8445,101300.261654,8.811399,0.006233
1.744898,0.659091,8446,101300.263106,8.813700,0.006224
1.744898,0.664141,8447,101300.264588,8.815949,0.006213
1.744898,0.669192,8448,101300.266097,8.818145,0.006198
1.744898,0.674242,8449,101300.267632,8.820290,0.006179
1.744898,0.679293,8450,101300.269191,8.822386,0.006156
1.744898,0.684343,8451,101300.270774,8.824434,0.006128
1.744898,0.689394,8452,101300.272378,8.826436,0.006097
1.744898,0.694444,8453,101300.274001,8.828392,0.006061
1.744898,0.699495,8454,101300.275642,8.830305,0.006020
1.744898,0.704545,8455,101300.277300,8.832174,0.005975
1.744898,0.709596,8456,101300.278972,8.834002,0.005925
1.744898,0.714646,8457,101300.280658,8.835789,0.005870
1.744898,0.719697,8458,101300.282354,8.837536,0.005809
1.744898,0.724747,8459,101300.284061,8.839246,0.005744
1.744898,0.729798,8460,101300.285775,8.840918,0.005673
1.744898,0.734848,8461,101300.287495,8.842555,0.005596
1.744898,0.739899,8462,101300.289220,8.844156,0.005514
1.744898,0.744949,8463,101300.290948,8.845725,0.005427
1.744898,0.750000,8464,101300.292676,8.847261,0.005334
1.744898,0.755051,8465,101300.294404,8.848766,0.005235
1.744898,0.760101,8466,101300.296129,8.850242,0.005130
1.744898,0.765152,8467,101300.297850,8.851688,0.005019
1.744898,0.770202,8468,101300.299566,8.853106,0.004903
1.744898,0.775253,8469,101300.301274,8.854497,0.004781
1.744898,0.780303,8470,101300.302972,8.855862,0.004652
1.744898,0.785354,8471,101300.304660,8.857202,0.004518
1.744898,0.790404,8472,101300.306335,8.858517,0.004378
1.744898,0.795455,8473,101300.307996,8.859809,0.004231
1.744898,0.800505,8474,101300.309641,8.861077,0.004079
1.744898,0.805556,8475,101300.311268,8.862323,0.003921
1.744898,0.810606,8476,101300.312877,8.863547,0.003757
1.744898,0.815657,8477,101300.314464,8.864749,0.003586
1.744898,0.820707,8478,101300.316030,8.865931,0.003410
1.744898,0.825758,8479,101300.317572,8.867094,0.003228
1.744898,0.830808,8480,101300.319088,8.868236,0.003040
1.744898,0.835859,8481,101300.320578,8.869359,0.002846
1.744898,0.840909,8482,101300.322040,8.870464,0.002647
1.744898,0.845960,8483,101300.323472,8.871552,0.002442
1.744898,0.851010,8484,101300.324874,8.872621,0.002231
1.744898,0.856061,8485,101300.326243,8.873674,0.002014
1.744898,0.861111,8486,101300.327578,8.874710,0.001792
1.744898,0.866162,8487,101300.328879,8.875731,0.001565
1.744898,0.871212,8488,101300.330143,8.876735,0.001332
1.744898,0.876263,8489,101300.331370,8.877723,0.001094
1.744898,0.881313,8490,101300.332559,8.878697,0.000850
1.744898,0.886364,8491,101300.333708,8.879655,0.000602
1.744898,0.891414,8492,101300.334816,8.880599,0.000348
1.744898,0.896465,8493,101300.335883,8.881528,0.000090
1.744898,0.901515,8494,101300.336906,8.882442,-0.000174
1.744898,0.906566,8495,101300.337886,8.883342,-0.000440
1.744898,0.911616,8496,101300.338820,8.884227,-0.000715
1.744898,0.916667,8497,101300.339711,8.885098,-0.000988
1.744898,0.921717,8498,101300.340551,8.885955,-0.001274
1.744898,0.926768,8499,101300.341350,8.886797,-0.001551
1.744898,0.931818,8500,101300.342092,8.887626,-0.001852
1.744898,0.936869,8501,101300.342797,8.888439,-0.002127
1.744898,0.941919,8502,101300.343438,8.889239,-0.002450
1.744898,0.946970,8503,101300.344048,8.890022,-0.002714
1.744898,0.952020,8504,101300.344584,8.890790,-0.003065
1.744898,0.957071,8505,101300.345096,8.891532,-0.003310
1.744898,0.962121,8506,101300.345526,8.892230,-0.003698
1.744898,0.967172,8507,101300.345938,8.892814,-0.003916
1.744898,0.972222,8508,101300.346262,8.893038,-0.004345
1.744898,0.977273,8509,101300.346570,8.892025,-0.004528
1.744898,0.982323,8510,101300.346790,8.884784,-0.004989
1.744898,0.987374,8511,101300.346989,8.853842,-0.005065
1.744898,0.992424,8512,101300.347105,8.533414,-0.005134
1.744898,0.997475,8513,101300.347166,7.899691,-0.002466
1.765306,0.502525,8514,101300.220909,7.293889,0.115204
1.765306,0.507576,8515,101300.229140,8.260988,-0.102483
1.765306,0.512626,8516,101300.213218,8.611465,0.105380
1.765306,0.517677,8517,101300.234943,8.696577,-0.082343
1.765306,0.522727,8518,101300.210310,8.719770,0.081484
1.765306,0.527778,8519,101300.236404,8.729445,-0.056194
1.765306,0.532828,8520,101300.211846,8.735936,0.055176
1.765306,0.537879,8521,101300.234590,8.739523,-0.031682
1.765306,0.542929,8522,101300.215953,8.744836,0.033503
1.765306,0.547980,8523,101300.231727,8.747799,-0.013684
1.765306,0.553030,8524,101300.220469,8.752482,0.019178
1.765306,0.558081,8525,101300.229581,8.755528,-0.002908
1.765306,0.563131,8526,101300.224176,8.759608,0.011365
1.765306,0.568182,8527,101300.228790,8.762777,0.002458
1.765306,0.573232,8528,101300.226909,8.766407,0.007797
1.765306,0.578283,8529,101300.229176,8.769598,0.004704
1.765306,0.583333,8530,101300.229016,8.772930,0.006423
1.765306,0.588384,8531,101300.230322,8.776057,0.005500
1.765306,0.593434,8532,101300.230881,8.779186,0.005976
1.765306,0.598485,8533,101300.231897,8.782205,0.005739
1.765306,0.603535,8534,101300.232740,8.785178,0.005852
1.765306,0.608586,8535,101300.233725,8.788075,0.005800
1.765306,0.613636,8536,101300.234698,8.790912,0.005821
1.765306,0.618687,8537,101300.235728,8.793685,0.005810
1.765306,0.623737,8538,101300.236785,8.796398,0.005811
1.765306,0.628788,8539,101300.237879,8.799051,0.005805
1.765306,0.633838,8540,101300.239004,8.801645,0.005800
1.765306,0.638889,8541,101300.240161,8.804181,0.005792
1.765306,0.643939,8542,101300.241349,8.806660,0.005782
1.765306,0.648990,8543,101300.242565,8.809083,0.005770
1.765306,0.654040,8544,101300.243810,8.811450,0.005755
1.765306,0.659091,8545,101300.245081,8.813764,0.005737
1.765306,0.664141,8546,101300.246377,8.816026,0.005717
1.765306,0.669192,8547,101300.247698,8.818236,0.005694
1.765306,0.674242,8548,101300.249041,8.820396,0.005667
1.765306,0.679293,8549,101300.250405,8.822507,0.005637
1.765306,0.684343,8550,101300.251789,8.824571,0.005603
1.765306,0.689394,8551,101300.253192,8.826589,0.005565
1.765306,0.694444,8552,101300.254612,8.828563,0.005524
1.765306,0.699495,8553,101300.256047,8.830493,0.005478
1.765306,0.704545,8554,101300.257497,8.832380,0.005429
1.765306,0.709596,8555,101300.258959,8.834227,0.005374
1.765306,0.714646,8556,101300.260433,8.836033,0.005316
1.765306,0.719697,8557,101300.261917,8.837801,0.005253
1.765306,0.724747,8558,101300.263408,8.839530,0.005185
1.765306,0.729798,8559,101300.264907,8.841223,0.005112
1.765306,0.734848,8560,101300.266411,8.842881,0.005034
1.765306,0.739899,8561,101300.267918,8.844504,0.004952
1.765306,0.744949,8562,101300.269428,8.846094,0.004864
1.765306,0.750000,8563,101300.270939,8.847652,0.004772
1.765306,0.755051,8564,101300.272449,8.849179,0.004674
1.765306,0.760101,8565,101300.273957,8.850677,0.004570
1.765306,0.765152,8566,101300.275461,8.852146,0.004462
1.765306,0.770202,8567,101300.276960,8.853587,0.004348
1.765306,0.775253,8568,101300.278452,8.855001,0.004229
1.765306,0.780303,8569,101300.279936,8.856389,0.004104
1.765306,0.785354,8570,101300.281411,8.857751,0.003974
1.765306,0.790404,8571,101300.282874,8.859090,0.003839
1.765306,0.795455,8572,101300.284325,8.860404,0.003698
1.765306,0.800505,8573,101300.285762,8.861695,0.003552
1.765306,0.805556,8574,101300.287183,8.862964,0.003400
1.765306,0.810606,8575,101300.288588,8.864211,0.003242
1.765306,0.815657,8576,101300.289974,8.865437,0.003079
1.765306,0.820707,8577,101300.291341,8.866642,0.002911
1.765306,0.825758,8578,101300.292688,8.867827,0.002737
1.765306,0.830808,8579,101300.294012,8.868992,0.002558
1.765306,0.835859,8580,101300.295312,8.870138,0.002373
1.765306,0.840909,8581,101300.296588,8.871265,0.002184
1.765306,0.845960,8582,101300.297838,8.872374,0.001988
1.765306,0.851010,8583,101300.299061,8.873466,0.001788
1.765306,0.856061,8584,101300.300256,8.874540,0.001582
1.765306,0.861111,8585,101300.301421,8.875598,0.001372
1.765306,0.866162,8586,101300.302556,8.876639,0.001156
1.765306,0.871212,8587,101300.303659,8.877664,0.000935
1.765306,0.876263,8588,101300.304730,8.878673,0.000709
1.765306,0.881313,8589,101300.305767,8.879667,0.000478
1.765306,0.886364,8590,101300.306769,8.880645,0.000243
1.765306,0.891414,8591,101300.307735,8.881608,0.000003
1.765306,0.896465,8592,101300.308666,8.882555,-0.000242
1.765306,0.901515,8593,101300.309558,8.883488,-0.000491
1.765306,0.906566,8594,101300.310412,8.884406,-0.000744
1.765306,0.911616,8595,101300.311226,8.885308,-0.001004
1.765306,0.916667,8596,101300.312003,8.886196,-0.001262
1.765306,0.921717,8597,101300.312735,8.887070,-0.001533
1.765306,0.926768,8598,101300.313431,8.887928,-0.001794
1.765306,0.931818,8599,101300.314078,8.888772,-0.002081
1.765306,0.936869,8600,101300.314693,8.889600,-0.002339
1.765306,0.941919,8601,101300.315250,8.890414,-0.002647
1.765306,0.946970,8602,101300.315783,8.891211,-0.002895
1.765306,0.952020,8603,101300.316249,8.891992,-0.003230
1.765306,0.957071,8604,101300.316697,8.892747,-0.003459
1.765306,0.962121,8605,101300.317070,8.893457,-0.003831
1.765306,0.967172,8606,101300.317432,8.894051,-0.004031
1.765306,0.972222,8607,101300.317713,8.894282,-0.004444
1.765306,0.977273,8608,101300.317984,8.893257,-0.004611
1.765306,0.982323,8609,101300.318174,8.885869,-0.005054
1.765306,0.987374,8610,101300.318350,8.854070,-0.005113
1.765306,0.992424,8611,101300.318452,8.528131,-0.005154
1.765306,0.997475,8612,101300.318505,7.884306,-0.002473
1.785714,0.502525,8613,101300.205363,7.277946,0.113033
1.785714,0.507576,8614,101300.213209,8.254161,-0.100572
1.785714,0.512626,8615,101300.197975,8.610361,0.103741
1.785714,0.517677,8616,101300.218793,8.696478,-0.081272
1.785714,0.522727,8617,101300.195066,8.719834,0.080739
1.785714,0.527778,8618,101300.220283,8.729624,-0.056065
1.785714,0.532828,8619,101300.196359,8.736048,0.055181
1.785714,0.537879,8620,101300.218606,8.739669,-0.032172
1.785714,0.542929,8621,101300.200161,8.744939,0.033844
1.785714,0.547980,8622,101300.215821,8.747900,-0.014372
1.785714,0.553030,8623,101300.204433,8.752571,0.019495
1.785714,0.558081,8624,101300.213625,8.755597,-0.003527
1.785714,0.563131,8625,101300.207976,8.759680,0.011495
1.785714,0.568182,8626,101300.212681,8.762827,0.001982
1.785714,0.573232,8627,101300.210575,8.766461,0.007739
1.785714,0.578283,8628,101300.212867,8.769638,0.004334
1.785714,0.583333,8629,101300.212533,8.772971,0.006234
1.785714,0.588384,8630,101300.213796,8.776091,0.005176
1.785714,0.593434,8631,101300.214216,8.779220,0.005711
1.785714,0.598485,8632,101300.215146,8.782236,0.005421
1.785714,0.603535,8633,101300.215863,8.785210,0.005544
1.785714,0.608586,8634,101300.216736,8.788107,0.005468
1.785714,0.613636,8635,101300.217583,8.790947,0.005484
1.785714,0.618687,8636,101300.218488,8.793723,0.005458
1.785714,0.623737,8637,101300.219411,8.796440,0.005449
1.785714,0.628788,8638,101300.220369,8.799098,0.005433
1.785714,0.633838,8639,101300.221353,8.801698,0.005417
1.785714,0.638889,8640,101300.222365,8.804241,0.005400
1.785714,0.643939,8641,101300.223403,8.806728,0.005381
1.785714,0.648990,8642,101300.224467,8.809160,0.005360
1.785714,0.654040,8643,101300.225555,8.811537,0.005337
1.785714,0.659091,8644,101300.226666,8.813861,0.005311
1.785714,0.664141,8645,101300.227798,8.816134,0.005283
1.785714,0.669192,8646,101300.228952,8.818356,0.005253
1.785714,0.674242,8647,101300.230125,8.820528,0.005220
1.785714,0.679293,8648,101300.231317,8.822653,0.005183
1.785714,0.684343,8649,101300.232526,8.824731,0.005144
1.785714,0.689394,8650,101300.233750,8.826764,0.005101
1.785714,0.694444,8651,101300.234990,8.828753,0.005055
1.785714,0.699495,8652,101300.236243,8.830698,0.005005
1.785714,0.704545,8653,101300.237508,8.832602,0.004951
1.785714,0.709596,8654,101300.238784,8.834466,0.004894
1.785714,0.714646,8655,101300.240070,8.836289,0.004832
1.785714,0.719697,8656,101300.241364,8.838074,0.004767
1.785714,0.724747,8657,101300.242666,8.839822,0.004697
1.785714,0.729798,8658,101300.243973,8.841533,0.004623
1.785714,0.734848,8659,101300.245284,8.843210,0.004544
1.785714,0.739899,8660,101300.246599,8.844852,0.004461
1.785714,0.744949,8661,101300.247916,8.846462,0.004374
1.785714,0.750000,8662,101300.249233,8.848039,0.004282
1.785714,0.755051,8663,101300.250549,8.849587,0.004185
1.785714,0.760101,8664,101300.251864,8.851105,0.004083
1.785714,0.765152,8665,101300.253175,8.852594,0.003977
1.785714,0.770202,8666,101300.254481,8.854055,0.003865
1.785714,0.775253,8667,101300.255781,8.855490,0.003749
1.785714,0.780303,8668,101300.257074,8.856899,0.003628
1.785714,0.785354,8669,101300.258359,8.858283,0.003502
1.785714,0.790404,8670,101300.259633,8.859642,0.003370
1.785714,0.795455,8671,101300.260897,8.860978,0.003234
1.785714,0.800505,8672,101300.262148,8.862290,0.003093
1.785714,0.805556,8673,101300.263386,8.863581,0.002947
1.785714,0.810606,8674,101300.264609,8.864849,0.002795
1.785714,0.815657,8675,101300.265816,8.866096,0.002639
1.785714,0.820707,8676,101300.267005,8.867322,0.002477
1.785714,0.825758,8677,101300.268177,8.868528,0.002311
1.785714,0.830808,8678,101300.269329,8.869714,0.002139
1.785714,0.835859,8679,101300.270461,8.870880,0.001963
1.785714,0.840909,8680,101300.271570,8.872028,0.001781
1.785714,0.845960,8681,101300.272658,8.873158,0.001595
1.785714,0.851010,8682,101300.273721,8.874270,0.001404
1.785714,0.856061,8683,101300.274760,8.875365,0.001208
1.785714,0.861111,8684,101300.275772,8.876442,0.001007
1.785714,0.866162,8685,101300.276759,8.877503,0.000801
1.785714,0.871212,8686,101300.277717,8.878547,0.000591
1.785714,0.876263,8687,101300.278647,8.879576,0.000376
1.785714,0.881313,8688,101300.279547,8.880588,0.000156
1.785714,0.886364,8689,101300.280418,8.881584,-0.000067
1.785714,0.891414,8690,101300.281257,8.882565,-0.000296
1.785714,0.896465,8691,101300.282064,8.883531,-0.000528
1.785714,0.901515,8692,101300.282838,8.884480,-0.000766
1.785714,0.906566,8693,101300.283579,8.885415,-0.001006
1.785714,0.911616,8694,101300.284285,8.886334,-0.001253
1.785714,0.916667,8695,101300.284958,8.887238,-0.001498
1.785714,0.921717,8696,101300.285592,8.888127,-0.001757
1.785714,0.926768,8697,101300.286197,8.889000,-0.002004
1.785714,0.931818,8698,101300.286756,8.889859,-0.002278
1.785714,0.936869,8699,101300.287290,8.890702,-0.002522
1.785714,0.941919,8700,101300.287772,8.891530,-0.002817
1.785714,0.946970,8701,101300.288235,8.892340,-0.003050
1.785714,0.952020,8702,101300.288637,8.893134,-0.003373
1.785714,0.957071,8703,101300.289027,8.893900,-0.003587
1.785714,0.962121,8704,101300.289349,8.894622,-0.003945
1.785714,0.967172,8705,101300.289665,8.895227,-0.004132
1.785714,0.972222,8706,101300.289906,8.895463,-0.004529
1.785714,0.977273,8707,101300.290144,8.894425,-0.004683
1.785714,0.982323,8708,101300.290308,8.886886,-0.005110
1.785714,0.987374,8709,101300.290462,8.854213,-0.005155
1.785714,0.992424,8710,101300.290550,8.522769,-0.005171
1.785714,0.997475,8711,101300.290597,7.868872,-0.002478
1.806122,0.502525,8712,101300.189130,7.262103,0.110947
1.806122,0.507576,8713,101300.196617,8.247402,-0.098729
1.806122,0.512626,8714,101300.182028,8.609312,0.102155
1.806122,0.517677,8715,101300.201996,8.696438,-0.080215
1.806122,0.522727,8716,101300.179128,8.719963,0.079999
1.806122,0.527778,8717,101300.203508,8.729863,-0.055902
1.806122,0.532828,8718,101300.180205,8.736221,0.055165
1.806122,0.537879,8719,101300.201964,8.739875,-0.032612
1.806122,0.542929,8720,101300.183725,8.745100,0.034171
1.806122,0.547980,8721,101300.199264,8.748060,-0.015018
1.806122,0.553030,8722,101300.187773,8.752717,0.019818
1.806122,0.558081,8723,101300.197037,8.755723,-0.004116
1.806122,0.563131,8724,101300.191165,8.759807,0.011649
1.806122,0.568182,8725,101300.195965,8.762931,0.001530
1.806122,0.573232,8726,101300.193646,8.766569,0.007712
1.806122,0.578283,8727,101300.195975,8.769729,0.003989
1.806122,0.583333,8728,101300.195476,8.773063,0.006081
1.806122,0.588384,8729,101300.196711,8.776173,0.004882
1.806122,0.593434,8730,101300.197004,8.779302,0.005484
1.806122,0.598485,8731,101300.197862,8.782314,0.005137
1.806122,0.603535,8732,101300.198466,8.785287,0.005274
1.806122,0.608586,8733,101300.199243,8.788183,0.005175
1.806122,0.613636,8734,101300.199978,8.791025,0.005188
1.806122,0.618687,8735,101300.200772,8.793802,0.005149
1.806122,0.623737,8736,101300.201578,8.796522,0.005133
1.806122,0.628788,8737,101300.202416,8.799183,0.005106
1.806122,0.633838,8738,101300.203276,8.801788,0.005083
1.806122,0.638889,8739,101300.204160,8.804337,0.005056
1.806122,0.643939,8740,101300.205067,8.806830,0.005030
1.806122,0.648990,8741,101300.205995,8.809268,0.005001
1.806122,0.654040,8742,101300.206945,8.811654,0.004971
1.806122,0.659091,8743,101300.207914,8.813987,0.004939
1.806122,0.664141,8744,101300.208902,8.816269,0.004904
1.806122,0.669192,8745,101300.209908,8.818501,0.004868
1.806122,0.674242,8746,101300.210930,8.820685,0.004829
1.806122,0.679293,8747,101300.211969,8.822821,0.004788
1.806122,0.684343,8748,101300.213022,8.824911,0.004743
1.806122,0.689394,8749,101300.214089,8.826957,0.004696
1.806122,0.694444,8750,101300.215168,8.828959,0.004646
1.806122,0.699495,8751,101300.216259,8.830919,0.004592
1.806122,0.704545,8752,101300.217360,8.832837,0.004536
1.806122,0.709596,8753,101300.218471,8.834715,0.004475
1.806122,0.714646,8754,101300.219590,8.836554,0.004412
1.806122,0.719697,8755,101300.220716,8.838355,0.004344
1.806122,0.724747,8756,101300.221848,8.840119,0.004273
1.806122,0.729798,8757,101300.222984,8.841847,0.004198
1.806122,0.734848,8758,101300.224125,8.843541,0.004119
1.806122,0.739899,8759,101300.225268,8.845200,0.004035
1.806122,0.744949,8760,101300.226412,8.846828,0.003948
1.806122,0.750000,8761,101300.227557,8.848424,0.003856
1.806122,0.755051,8762,101300.228701,8.849989,0.003760
1.806122,0.760101,8763,101300.229842,8.851525,0.003660
1.806122,0.765152,8764,101300.230981,8.853033,0.003556
1.806122,0.770202,8765,101300.232115,8.854514,0.003446
1.806122,0.775253,8766,101300.233244,8.855968,0.003333
1.806122,0.780303,8767,101300.234367,8.857396,0.003215
1.806122,0.785354,8768,101300.235482,8.858799,0.003092
1.806122,0.790404,8769,101300.236588,8.860178,0.002965
1.806122,0.795455,8770,101300.237684,8.861533,0.002833
1.806122,0.800505,8771,101300.238769,8.862865,0.002696
1.806122,0.805556,8772,101300.239843,8.864175,0.002555
1.806122,0.810606,8773,101300.240903,8.865462,0.002409
1.806122,0.815657,8774,101300.241949,8.866729,0.002258
1.806122,0.820707,8775,101300.242980,8.867974,0.002102
1.806122,0.825758,8776,101300.243995,8.869200,0.001942
1.806122,0.830808,8777,101300.244993,8.870405,0.001778
1.806122,0.835859,8778,101300.245973,8.871591,0.001608
1.806122,0.840909,8779,101300.246934,8.872759,0.001434
1.806122,0.845960,8780,101300.247875,8.873907,0.001256
1.806122,0.851010,8781,101300.248795,8.875038,0.001073
1.806122,0.856061,8782,101300.249693,8.876152,0.000885
1.806122,0.861111,8783,101300.250569,8.877248,0.000693
1.806122,0.866162,8784,101300.251421,8.878327,0.000496
1.806122,0.871212,8785,101300.252249,8.879390,0.000295
1.806122,0.876263,8786,101300.253052,8.880436,0.000089
1.806122,0.881313,8787,101300.253829,8.881466,-0.000120
1.806122,0.886364,8788,101300.254580,8.882480,-0.000334
1.806122,0.891414,8789,101300.255303,8.883478,-0.000553
1.806122,0.896465,8790,101300.255999,8.884460,-0.000774
1.806122,0.901515,8791,101300.256666,8.885426,-0.001002
1.806122,0.906566,8792,101300.257305,8.886377,-0.001230
1.806122,0.911616,8793,101300.257912,8.887312,-0.001467
1.806122,0.916667,8794,101300.258492,8.888231,-0.001700
1.806122,0.921717,8795,101300.259037,8.889135,-0.001948
1.806122,0.926768,8796,101300.259557,8.890023,-0.002184
1.806122,0.931818,8797,101300.260037,8.890896,-0.002447
1.806122,0.936869,8798,101300.260497,8.891752,-0.002679
1.806122,0.941919,8799,101300.260909,8.892594,-0.002962
1.806122,0.946970,8800,101300.261308,8.893417,-0.003183
1.806122,0.952020,8801,101300.261652,8.894223,-0.003494
1.806122,0.957071,8802,101300.261989,8.895002,-0.003696
1.806122,0.962121,8803,101300.262263,8.895735,-0.004042
1.806122,0.967172,8804,101300.262537,8.896349,-0.004217
1.806122,0.972222,8805,101300.262742,8.896591,-0.004602
1.806122,0.977273,8806,101300.262948,8.895539,-0.004745
1.806122,0.982323,8807,101300.263088,8.887845,-0.005157
1.806122,0.987374,8808,101300.263223,8.854282,-0.005190
1.806122,0.992424,8809,101300.263298,8.517340,-0.005184
1.806122,0.997475,8810,101300.263340,7.853396,-0.002483
1.826531,0.502525,8811,101300.172291,7.246350,0.108940
1.826531,0.507576,8812,101300.179444,8.240703,-0.096948
1.826531,0.512626,8813,101300.165461,8.608310,0.100619
1.826531,0.517677,8814,101300.184629,8.696449,-0.079173
1.826531,0.522727,8815,101300.162578,8.720148,0.079266
1.826531,0.527778,8816,101300.186162,8.730155,-0.055710
1.826531,0.532828,8817,101300.163464,8.736449,0.055130
1.826531,0.537879,8818,101300.184745,8.740134,-0.033006
1.826531,0.542929,8819,101300.166727,8.745313,0.034482
1.826531,0.547980,8820,101300.182137,8.748271,-0.015626
1.826531,0.553030,8821,101300.170566,8.752912,0.020144
1.826531,0.558081,8822,101300.179895,8.755899,-0.004679
1.826531,0.563131,8823,101300.173821,8.759981,0.011822
1.826531,0.568182,8824,101300.178717,8.763083,0.001097
1.826531,0.573232,8825,101300.176200,8.766723,0.007715
1.826531,0.578283,8826,101300.178574,8.769864,0.003664
1.826531,0.583333,8827,101300.177922,8.773199,0.005960
1.826531,0.588384,8828,101300.179142,8.776298,0.004613
1.826531,0.593434,8829,101300.179317,8.779425,0.005290
1.826531,0.598485,8830,101300.180117,8.782431,0.004884
1.826531,0.603535,8831,101300.180620,8.785404,0.005040
1.826531,0.608586,8832,101300.181315,8.788297,0.004916
1.826531,0.613636,8833,101300.181950,8.791138,0.004928
1.826531,0.618687,8834,101300.182648,8.793916,0.004878
1.826531,0.623737,8835,101300.183351,8.796637,0.004855
1.826531,0.628788,8836,101300.184083,8.799301,0.004820
1.826531,0.633838,8837,101300.184833,8.801909,0.004789
1.826531,0.638889,8838,101300.185605,8.804462,0.004756
1.826531,0.643939,8839,101300.186395,8.806960,0.004723
1.826531,0.648990,8840,101300.187204,8.809404,0.004688
1.826531,0.654040,8841,101300.188030,8.811796,0.004651
1.826531,0.659091,8842,101300.188874,8.814136,0.004614
1.826531,0.664141,8843,101300.189733,8.816426,0.004574
1.826531,0.669192,8844,101300.190608,8.818667,0.004533
1.826531,0.674242,8845,101300.191497,8.820860,0.004489
1.826531,0.679293,8846,101300.192399,8.823007,0.004443
1.826531,0.684343,8847,101300.193314,8.825108,0.004395
1.826531,0.689394,8848,101300.194240,8.827165,0.004344
1.826531,0.694444,8849,101300.195177,8.829179,0.004291
1.826531,0.699495,8850,101300.196123,8.831151,0.004234
1.826531,0.704545,8851,101300.197079,8.833082,0.004175
1.826531,0.709596,8852,101300.198042,8.834974,0.004112
1.826531,0.714646,8853,101300.199012,8.836827,0.004047
1.826531,0.719697,8854,101300.199987,8.838642,0.003978
1.826531,0.724747,8855,101300.200968,8.840421,0.003905
1.826531,0.729798,8856,101300.201953,8.842164,0.003829
1.826531,0.734848,8857,101300.202940,8.843873,0.003750
1.826531,0.739899,8858,101300.203930,8.845548,0.003667
1.826531,0.744949,8859,101300.204920,8.847192,0.003580
1.826531,0.750000,8860,101300.205911,8.848804,0.003489
1.826531,0.755051,8861,101300.206900,8.850386,0.003394
1.826531,0.760101,8862,101300.207888,8.851939,0.003295
1.826531,0.765152,8863,101300.208872,8.853464,0.003192
1.826531,0.770202,8864,101300.209853,8.854962,0.003085
1.826531,0.775253,8865,101300.210829,8.856434,0.002974
1.826531,0.780303,8866,101300.211798,8.857880,0.002858
1.826531,0.785354,8867,101300.212761,8.859300,0.002739
1.826531,0.790404,8868,101300.213716,8.860697,0.002615
1.826531,0.795455,8869,101300.214662,8.862070,0.002487
1.826531,0.800505,8870,101300.215599,8.863421,0.002354
1.826531,0.805556,8871,101300.216525,8.864748,0.002217
1.826531,0.810606,8872,101300.217439,8.866054,0.002076
1.826531,0.815657,8873,101300.218341,8.867339,0.001930
1.826531,0.820707,8874,101300.219230,8.868603,0.001780
1.826531,0.825758,8875,101300.220104,8.869846,0.001626
1.826531,0.830808,8876,101300.220963,8.871070,0.001467
1.826531,0.835859,8877,101300.221806,8.872274,0.001304
1.826531,0.840909,8878,101300.222633,8.873460,0.001137
1.826531,0.845960,8879,101300.223441,8.874626,0.000965
1.826531,0.851010,8880,101300.224232,8.875775,0.000789
1.826531,0.856061,8881,101300.225003,8.876906,0.000609
1.826531,0.861111,8882,101300.225755,8.878020,0.000424
1.826531,0.866162,8883,101300.226486,8.879117,0.000235
1.826531,0.871212,8884,101300.227196,8.880197,0.000042
1.826531,0.876263,8885,101300.227884,8.881260,-0.000155
1.826531,0.881313,8886,101300.228549,8.882307,-0.000356
1.826531,0.886364,8887,101300.229191,8.883337,-0.000561
1.826531,0.891414,8888,101300.229809,8.884351,-0.000771
1.826531,0.896465,8889,101300.230403,8.885349,-0.000983
1.826531,0.901515,8890,101300.230972,8.886331,-0.001201
1.826531,0.906566,8891,101300.231516,8.887297,-0.001420
1.826531,0.911616,8892,101300.232033,8.888247,-0.001648
1.826531,0.916667,8893,101300.232527,8.889181,-0.001871
1.826531,0.921717,8894,101300.232989,8.890100,-0.002110
1.826531,0.926768,8895,101300.233432,8.891002,-0.002335
1.826531,0.931818,8896,101300.233838,8.891889,-0.002589
1.826531,0.936869,8897,101300.234229,8.892759,-0.002810
1.826531,0.941919,8898,101300.234578,8.893613,-0.003084
1.826531,0.946970,8899,101300.234917,8.894449,-0.003295
1.826531,0.952020,8900,101300.235206,8.895268,-0.003596
1.826531,0.957071,8901,101300.235493,8.896058,-0.003787
1.826531,0.962121,8902,101300.235723,8.896802,-0.004123
1.826531,0.967172,8903,101300.235956,8.897426,-0.004288
1.826531,0.972222,8904,101300.236128,8.897674,-0.004663
1.826531,0.977273,8905,101300.236305,8.896607,-0.004796
1.826531,0.982323,8906,101300.236421,8.888755,-0.005197
1.826531,0.987374,8907,101300.236537,8.854286,-0.005220
1.826531,0.992424,8908,101300.236601,8.511853,-0.005194
1.826531,0.997475,8909,101300.236637,7.837891,-0.002486
1.846939,0.502525,8910,101300.154916,7.230681,0.107006
1.846939,0.507576,8911,101300.161756,8.234059,-0.095227
1.846939,0.512626,8912,101300.148342,8.607349,0.099129
1.846939,0.517677,8913,101300.166759,8.696504,-0.078146
1.846939,0.522727,8914,101300.145487,8.720384,0.078537
1.846939,0.527778,8915,101300.168311,8.730494,-0.055493
1.846939,0.532828,8916,101300.146204,8.736725,0.055076
1.846939,0.537879,8917,101300.167020,8.740439,-0.033359
1.846939,0.542929,8918,101300.149233,8.745572,0.034776
1.846939,0.547980,8919,101300.164510,8.748529,-0.016198
1.846939,0.553030,8920,101300.152881,8.753151,0.020469
1.846939,0.558081,8921,101300.162270,8.756118,-0.005218
1.846939,0.563131,8922,101300.156014,8.760197,0.012011
1.846939,0.568182,8923,101300.161009,8.763276,0.000681
1.846939,0.573232,8924,101300.158305,8.766916,0.007741
1.846939,0.578283,8925,101300.160735,8.770039,0.003356
1.846939,0.583333,8926,101300.159938,8.773373,0.005865
1.846939,0.588384,8927,101300.161155,8.776459,0.004365
1.846939,0.593434,8928,101300.161221,8.779584,0.005124
1.846939,0.598485,8929,101300.161976,8.782583,0.004656
1.846939,0.603535,8930,101300.162388,8.785553,0.004835
1.846939,0.608586,8931,101300.163013,8.788443,0.004687
1.846939,0.613636,8932,101300.163560,8.791283,0.004701
1.846939,0.618687,8933,101300.164175,8.794059,0.004639
1.846939,0.623737,8934,101300.164787,8.796781,0.004612
1.846939,0.628788,8935,101300.165426,8.799446,0.004569
1.846939,0.633838,8936,101300.166079,8.802056,0.004533
1.846939,0.638889,8937,101300.166751,8.804611,0.004494
1.846939,0.643939,8938,101300.167438,8.807113,0.004455
1.846939,0.648990,8939,101300.168141,8.809562,0.004415
1.846939,0.654040,8940,101300.168858,8.811959,0.004374
1.846939,0.659091,8941,101300.169590,8.814306,0.004331
1.846939,0.664141,8942,101300.170335,8.816602,0.004287
1.846939,0.669192,8943,101300.171093,8.818851,0.004242
1.846939,0.674242,8944,101300.171863,8.821052,0.004194
1.846939,0.679293,8945,101300.172643,8.823207,0.004145
1.846939,0.684343,8946,101300.173434,8.825318,0.004093
1.846939,0.689394,8947,101300.174235,8.827385,0.004040
1.846939,0.694444,8948,101300.175045,8.829409,0.003983
1.846939,0.699495,8949,101300.175862,8.831392,0.003925
1.846939,0.704545,8950,101300.176687,8.833335,0.003863
1.846939,0.709596,8951,101300.177518,8.835239,0.003799
1.846939,0.714646,8952,101300.178354,8.837105,0.003732
1.846939,0.719697,8953,101300.179195,8.838933,0.003662
1.846939,0.724747,8954,101300.180041,8.840725,0.003589
1.846939,0.729798,8955,101300.180889,8.842482,0.003512
1.846939,0.734848,8956,101300.181739,8.844205,0.003433
1.846939,0.739899,8957,101300.182591,8.845895,0.003349
1.846939,0.744949,8958,101300.183444,8.847553,0.003263
1.846939,0.750000,8959,101300.184296,8.849180,0.003173
1.846939,0.755051,8960,101300.185147,8.850778,0.003079
1.846939,0.760101,8961,101300.185996,8.852347,0.002981
1.846939,0.765152,8962,101300.186842,8.853888,0.002880
1.846939,0.770202,8963,101300.187684,8.855402,0.002775
1.846939,0.775253,8964,101300.188522,8.856889,0.002666
1.846939,0.780303,8965,101300.189355,8.858352,0.002553
1.846939,0.785354,8966,101300.190181,8.859789,0.002436
1.846939,0.790404,8967,101300.191000,8.861202,0.002316
1.846939,0.795455,8968,101300.191812,8.862592,0.002191
1.846939,0.800505,8969,101300.192614,8.863959,0.002062
1.846939,0.805556,8970,101300.193408,8.865304,0.001929
1.846939,0.810606,8971,101300.194190,8.866627,0.001792
1.846939,0.815657,8972,101300.194962,8.867929,0.001651
1.846939,0.820707,8973,101300.195722,8.869210,0.001506
1.846939,0.825758,8974,101300.196469,8.870471,0.001357
1.846939,0.830808,8975,101300.197203,8.871711,0.001204
1.846939,0.835859,8976,101300.197922,8.872933,0.001046
1.846939,0.840909,8977,101300.198627,8.874135,0.000885
1.846939,0.845960,8978,101300.199316,8.875319,0.000719
1.846939,0.851010,8979,101300.199989,8.876484,0.000549
1.846939,0.856061,8980,101300.200646,8.877632,0.000375
1.846939,0.861111,8981,101300.201284,8.878763,0.000198
1.846939,0.866162,8982,101300.201905,8.879876,0.000016
1.846939,0.871212,8983,101300.202506,8.880972,-0.000170
1.846939,0.876263,8984,101300.203089,8.882052,-0.000360
1.846939,0.881313,8985,101300.203651,8.883115,-0.000554
1.846939,0.886364,8986,101300.204193,8.884161,-0.000751
1.846939,0.891414,8987,101300.204714,8.885191,-0.000953
1.846939,0.896465,8988,101300.205215,8.886204,-0.001158
1.846939,0.901515,8989,101300.205692,8.887201,-0.001368
1.846939,0.906566,8990,101300.206149,8.888182,-0.001579
1.846939,0.911616,8991,101300.206582,8.889147,-0.001798
1.846939,0.916667,8992,101300.206995,8.890096,-0.002013
1.846939,0.921717,8993,101300.207381,8.891028,-0.002244
1.846939,0.926768,8994,101300.207750,8.891944,-0.002460
1.846939,0.931818,8995,101300.208088,8.892845,-0.002706
1.846939,0.936869,8996,101300.208413,8.893728,-0.002918
1.846939,0.941919,8997,101300.208700,8.894596,-0.003184
1.846939,0.946970,8998,101300.208983,8.895444,-0.003386
1.846939,0.952020,8999,101300.209219,8.896275,-0.003679
1.846939,0.957071,9000,101300.209458,8.897077,-0.003862
1.846939,0.962121,9001,101300.209645,8.897832,-0.004190
1.846939,0.967172,9002,101300.209840,8.898466,-0.004347
1.846939,0.972222,9003,101300.209978,8.898719,-0.004712
1.846939,0.977273,9004,101300.210126,8.897637,-0.004839
1.846939,0.982323,9005,101300.210220,8.889623,-0.005229
1.846939,0.987374,9006,101300.210318,8.854234,-0.005244
1.846939,0.992424,9007,101300.210369,8.506316,-0.005200
1.846939,0.997475,9008,101300.210400,7.822363,-0.002488
1.867347,0.502525,9009,101300.137058,7.215092,0.105142
1.867347,0.507576,9010,101300.143606,8.227465,-0.093563
1.867347,0.512626,9011,101300.130731,8.606425,0.097682
1.867347,0.517677,9012,101300.148441,8.696601,-0.077137
1.867347,0.522727,9013,101300.127911,8.720666,0.077812
1.867347,0.527778,9014,101300.150012,8.730876,-0.055255
1.867347,0.532828,9015,101300.128483,8.737045,0.055003
1.867347,0.537879,9016,101300.148848,8.740786,-0.033675
1.867347,0.542929,9017,101300.131304,8.745871,0.035051
1.867347,0.547980,9018,101300.146444,8.748826,-0.016738
1.867347,0.553030,9019,101300.134781,8.753427,0.020790
1.867347,0.558081,9020,101300.144225,8.756376,-0.005737
1.867347,0.563131,9021,101300.137806,8.760449,0.012210
1.867347,0.568182,9022,101300.142901,8.763505,0.000280
1.867347,0.573232,9023,101300.140026,8.767143,0.007787
1.867347,0.578283,9024,101300.142519,8.770247,0.003062
1.867347,0.583333,9025,101300.141587,8.773579,0.005795
1.867347,0.588384,9026,101300.142813,8.776651,0.004134
1.867347,0.593434,9027,101300.142779,8.779773,0.004983
1.867347,0.598485,9028,101300.143500,8.782764,0.004449
1.867347,0.603535,9029,101300.143830,8.785730,0.004657
1.867347,0.608586,9030,101300.144397,8.788616,0.004483
1.867347,0.613636,9031,101300.144867,8.791453,0.004502
1.867347,0.618687,9032,101300.145409,8.794227,0.004429
1.867347,0.623737,9033,101300.145940,8.796949,0.004399
1.867347,0.628788,9034,101300.146498,8.799613,0.004350
1.867347,0.633838,9035,101300.147065,8.802224,0.004310
1.867347,0.638889,9036,101300.147648,8.804781,0.004265
1.867347,0.643939,9037,101300.148244,8.807286,0.004222
1.867347,0.648990,9038,101300.148852,8.809738,0.004178
1.867347,0.654040,9039,101300.149473,8.812140,0.004132
1.867347,0.659091,9040,101300.150105,8.814491,0.004086
1.867347,0.664141,9041,101300.150748,8.816794,0.004039
1.867347,0.669192,9042,101300.151401,8.819049,0.003990
1.867347,0.674242,9043,101300.152063,8.821257,0.003940
1.867347,0.679293,9044,101300.152735,8.823420,0.003888
1.867347,0.684343,9045,101300.153415,8.825538,0.003834
1.867347,0.689394,9046,101300.154103,8.827614,0.003778
1.867347,0.694444,9047,101300.154798,8.829648,0.003719
1.867347,0.699495,9048,101300.155499,8.831641,0.003659
1.867347,0.704545,9049,101300.156206,8.833595,0.003596
1.867347,0.709596,9050,101300.156918,8.835510,0.003531
1.867347,0.714646,9051,101300.157634,8.837387,0.003462
1.867347,0.719697,9052,101300.158355,8.839227,0.003392
1.867347,0.724747,9053,101300.159078,8.841031,0.003318
1.867347,0.729798,9054,101300.159803,8.842801,0.003241
1.867347,0.734848,9055,101300.160530,8.844537,0.003162
1.867347,0.739899,9056,101300.161258,8.846240,0.003079
1.867347,0.744949,9057,101300.161986,8.847912,0.002993
1.867347,0.750000,9058,101300.162713,8.849553,0.002903
1.867347,0.755051,9059,101300.163440,8.851165,0.002810
1.867347,0.760101,9060,101300.164164,8.852748,0.002714
1.867347,0.765152,9061,101300.164885,8.854304,0.002615
1.867347,0.770202,9062,101300.165603,8.855833,0.002511
1.867347,0.775253,9063,101300.166317,8.857335,0.002405
1.867347,0.780303,9064,101300.167025,8.858813,0.002294
1.867347,0.785354,9065,101300.167728,8.860266,0.002180
1.867347,0.790404,9066,101300.168425,8.861695,0.002062
1.867347,0.795455,9067,101300.169115,8.863100,0.001940
1.867347,0.800505,9068,101300.169796,8.864483,0.001815
1.867347,0.805556,9069,101300.170469,8.865844,0.001686
1.867347,0.810606,9070,101300.171133,8.867183,0.001553
1.867347,0.815657,9071,101300.171787,8.868501,0.001416
1.867347,0.820707,9072,101300.172430,8.869798,0.001275
1.867347,0.825758,9073,101300.173062,8.871074,0.001130
1.867347,0.830808,9074,101300.173683,8.872331,0.000982
1.867347,0.835859,9075,101300.174290,8.873569,0.000829
1.867347,0.840909,9076,101300.174884,8.874787,0.000673
1.867347,0.845960,9077,101300.175464,8.875987,0.000513
1.867347,0.851010,9078,101300.176030,8.877169,0.000349
1.867347,0.856061,9079,101300.176581,8.878333,0.000181
1.867347,0.861111,9080,101300.177116,8.879479,0.000009
1.867347,0.866162,9081,101300.177635,8.880608,-0.000167
1.867347,0.871212,9082,101300.178138,8.881720,-0.000346
1.867347,0.876263,9083,101300.178623,8.882815,-0.000530
1.867347,0.881313,9084,101300.179090,8.883893,-0.000717
1.867347,0.886364,9085,101300.179540,8.884955,-0.000907
1.867347,0.891414,9086,101300.179970,8.886000,-0.001102
1.867347,0.896465,9087,101300.180383,8.887028,-0.001300
1.867347,0.901515,9088,101300.180775,8.888040,-0.001503
1.867347,0.906566,9089,101300.181150,8.889036,-0.001706
1.867347,0.911616,9090,101300.181502,8.890015,-0.001919
1.867347,0.916667,9091,101300.181839,8.890978,-0.002127
1.867347,0.921717,9092,101300.182151,8.891925,-0.002350
1.867347,0.926768,9093,101300.182449,8.892855,-0.002559
1.867347,0.931818,9094,101300.182719,8.893769,-0.002798
1.867347,0.936869,9095,101300.182981,8.894666,-0.003003
1.867347,0.941919,9096,101300.183208,8.895547,-0.003262
1.867347,0.946970,9097,101300.183433,8.896408,-0.003456
1.867347,0.952020,9098,101300.183618,8.897251,-0.003743
1.867347,0.957071,9099,101300.183808,8.898066,-0.003919
1.867347,0.962121,9100,101300.183951,8.898832,-0.004240
1.867347,0.967172,9101,101300.184106,8.899476,-0.004391
1.867347,0.972222,9102,101300.184211,8.899735,-0.004750
1.867347,0.977273,9103,101300.184329,8.898637,-0.004871
1.867347,0.982323,9104,101300.184399,8.890457,-0.005254
1.867347,0.987374,9105,101300.184478,8.854133,-0.005262
1.867347,0.992424,9106,101300.184517,8.500740,-0.005203
1.867347,0.997475,9107,101300.184542,7.806823,-0.002489
1.887755,0.502525,9108,101300.118757,7.199579,0.103343
1.887755,0.507576,9109,101300.125031,8.220918,-0.091954
1.887755,0.512626,9110,101300.112666,8.605534,0.096275
1.887755,0.517677,9111,101300.129713,8.696736,-0.076147
1.887755,0.522727,9112,101300.109896,8.720991,0.077091
1.887755,0.527778,9113,101300.131312,8.731296,-0.055001
1.887755,0.532828,9114,101300.110350,8.737404,0.054909
1.887755,0.537879,9115,101300.130278,8.741171,-0.033960
1.887755,0.542929,9116,101300.112990,8.746206,0.035305
1.887755,0.547980,9117,101300.127994,8.749159,-0.017250
1.887755,0.553030,9118,101300.116319,8.753737,0.021102
1.887755,0.558081,9119,101300.125816,8.756666,-0.006238
1.887755,0.563131,9120,101300.119254,8.760732,0.012416
1.887755,0.568182,9121,101300.124453,8.763764,-0.000111
1.887755,0.573232,9122,101300.121420,8.767399,0.007848
1.887755,0.578283,9123,101300.123985,8.770482,0.002779
1.887755,0.583333,9124,101300.122929,8.773811,0.005743
1.887755,0.588384,9125,101300.124174,8.776869,0.003917
1.887755,0.593434,9126,101300.124049,8.779986,0.004864
1.887755,0.598485,9127,101300.124748,8.782967,0.004261
1.887755,0.603535,9128,101300.125004,8.785930,0.004501
1.887755,0.608586,9129,101300.125523,8.788809,0.004302
1.887755,0.613636,9130,101300.125924,8.791643,0.004327
1.887755,0.618687,9131,101300.126404,8.794415,0.004244
1.887755,0.623737,9132,101300.126864,8.797134,0.004213
1.887755,0.628788,9133,101300.127350,8.799798,0.004159
1.887755,0.633838,9134,101300.127841,8.802409,0.004115
1.887755,0.638889,9135,101300.128345,8.804967,0.004067
1.887755,0.643939,9136,101300.128858,8.807474,0.004020
1.887755,0.648990,9137,101300.129382,8.809929,0.003973
1.887755,0.654040,9138,101300.129915,8.812333,0.003925
1.887755,0.659091,9139,101300.130457,8.814689,0.003876
1.887755,0.664141,9140,101300.131007,8.816996,0.003826
1.887755,0.669192,9141,101300.131566,8.819257,0.003774
1.887755,0.674242,9142,101300.132132,8.821471,0.003722
1.887755,0.679293,9143,101300.132705,8.823641,0.003668
1.887755,0.684343,9144,101300.133284,8.825767,0.003612
1.887755,0.689394,9145,101300.133869,8.827851,0.003554
1.887755,0.694444,9146,101300.134460,8.829894,0.003494
1.887755,0.699495,9147,101300.135056,8.831896,0.003433
1.887755,0.704545,9148,101300.135657,8.833859,0.003369
1.887755,0.709596,9149,101300.136261,8.835784,0.003302
1.887755,0.714646,9150,101300.136868,8.837671,0.003234
1.887755,0.719697,9151,101300.137478,8.839522,0.003162
1.887755,0.724747,9152,101300.138091,8.841338,0.003089
1.887755,0.729798,9153,101300.138705,8.843119,0.003012
1.887755,0.734848,9154,101300.139320,8.844867,0.002932
1.887755,0.739899,9155,101300.139935,8.846582,0.002850
1.887755,0.744949,9156,101300.140551,8.848267,0.002764
1.887755,0.750000,9157,101300.141165,8.849921,0.002676
1.887755,0.755051,9158,101300.141778,8.851546,0.002584
1.887755,0.760101,9159,101300.142389,8.853143,0.002489
1.887755,0.765152,9160,101300.142997,8.854712,0.002391
1.887755,0.770202,9161,101300.143602,8.856255,0.002290
1.887755,0.775253,9162,101300.144203,8.857772,0.002185
1.887755,0.780303,9163,101300.144800,8.859264,0.002077
1.887755,0.785354,9164,101300.145391,8.860731,0.001965
1.887755,0.790404,9165,101300.145977,8.862175,0.001850
1.887755,0.795455,9166,101300.146556,8.863595,0.001731
1.887755,0.800505,9167,101300.147128,8.864993,0.001609
1.887755,0.805556,9168,101300.147692,8.866369,0.001483
1.887755,0.810606,9169,101300.148248,8.867723,0.001353
1.887755,0.815657,9170,101300.148795,8.869056,0.001220
1.887755,0.820707,9171,101300.149333,8.870368,0.001083
1.887755,0.825758,9172,101300.149860,8.871660,0.000943
1.887755,0.830808,9173,101300.150377,8.872932,0.000798
1.887755,0.835859,9174,101300.150882,8.874185,0.000651
1.887755,0.840909,9175,101300.151375,8.875419,0.000499
1.887755,0.845960,9176,101300.151856,8.876634,0.000344
1.887755,0.851010,9177,101300.152324,8.877831,0.000185
1.887755,0.856061,9178,101300.152778,8.879010,0.000022
1.887755,0.861111,9179,101300.153218,8.880172,-0.000145
1.887755,0.866162,9180,101300.153644,8.881316,-0.000315
1.887755,0.871212,9181,101300.154054,8.882443,-0.000488
1.887755,0.876263,9182,101300.154449,8.883553,-0.000666
1.887755,0.881313,9183,101300.154827,8.884646,-0.000847
1.887755,0.886364,9184,101300.155190,8.885722,-0.001031
1.887755,0.891414,9185,101300.155535,8.886782,-0.001220
1.887755,0.896465,9186,101300.155865,8.887825,-0.001411
1.887755,0.901515,9187,101300.156176,8.888852,-0.001608
1.887755,0.906566,9188,101300.156471,8.889862,-0.001805
1.887755,0.911616,9189,101300.156746,8.890856,-0.002011
1.887755,0.916667,9190,101300.157007,8.891834,-0.002213
1.887755,0.921717,9191,101300.157246,8.892795,-0.002430
1.887755,0.926768,9192,101300.157474,8.893739,-0.002633
1.887755,0.931818,9193,101300.157676,8.894667,-0.002866
1.887755,0.936869,9194,101300.157873,8.895577,-0.003064
1.887755,0.941919,9195,101300.158037,8.896472,-0.003318
1.887755,0.946970,9196,101300.158204,8.897347,-0.003506
1.887755,0.952020,9197,101300.158333,8.898203,-0.003788
1.887755,0.957071,9198,101300.158471,8.899030,-0.003958
1.887755,0.962121,9199,101300.158567,8.899808,-0.004274
1.887755,0.967172,9200,101300.158678,8.900464,-0.004420
1.887755,0.972222,9201,101300.158744,8.900728,-0.004774
1.887755,0.977273,9202,101300.158829,8.899614,-0.004891
1.887755,0.982323,9203,101300.158872,8.891267,-0.005268
1.887755,0.987374,9204,101300.158929,8.853995,-0.005274
1.887755,0.992424,9205,101300.158953,8.495133,-0.005202
1.887755,0.997475,9206,101300.158972,7.791280,-0.002488
1.908163,0.502525,9207,101300.100028,7.184143,0.101605
1.908163,0.507576,9208,101300.106047,8.214420,-0.090399
1.908163,0.512626,9209,101300.094169,8.604676,0.094905
1.908163,0.517677,9210,101300.110597,8.696908,-0.075181
1.908163,0.522727,9211,101300.091468,8.721356,0.076370
1.908163,0.527778,9212,101300.112239,8.731753,-0.054738
1.908163,0.532828,9213,101300.091839,8.737800,0.054791
1.908163,0.537879,9214,101300.111353,8.741589,-0.034221
1.908163,0.542929,9215,101300.094336,8.746574,0.035534
1.908163,0.547980,9216,101300.109210,8.749523,-0.017741
1.908163,0.553030,9217,101300.097547,8.754074,0.021402
1.908163,0.558081,9218,101300.107098,8.756984,-0.006727
1.908163,0.563131,9219,101300.100418,8.761039,0.012623
1.908163,0.568182,9220,101300.105725,8.764046,-0.000496
1.908163,0.573232,9221,101300.102551,8.767677,0.007920
1.908163,0.578283,9222,101300.105196,8.770739,0.002502
1.908163,0.583333,9223,101300.104026,8.774063,0.005707
1.908163,0.588384,9224,101300.105301,8.777105,0.003710
1.908163,0.593434,9225,101300.105092,8.780218,0.004762
1.908163,0.598485,9226,101300.105780,8.783188,0.004088
1.908163,0.603535,9227,101300.105970,8.786145,0.004365
1.908163,0.608586,9228,101300.106450,8.789018,0.004139
1.908163,0.613636,9229,101300.106789,8.791849,0.004174
1.908163,0.618687,9230,101300.107215,8.794616,0.004081
1.908163,0.623737,9231,101300.107610,8.797333,0.004051
1.908163,0.628788,9232,101300.108033,8.799996,0.003992
1.908163,0.633838,9233,101300.108454,8.802606,0.003947
1.908163,0.638889,9234,101300.108887,8.805165,0.003896
1.908163,0.643939,9235,101300.109326,8.807672,0.003847
1.908163,0.648990,9236,101300.109772,8.810129,0.003797
1.908163,0.654040,9237,101300.110225,8.812537,0.003747
1.908163,0.659091,9238,101300.110685,8.814896,0.003696
1.908163,0.664141,9239,101300.111151,8.817207,0.003644
1.908163,0.669192,9240,101300.111622,8.819473,0.003591
1.908163,0.674242,9241,101300.112099,8.821693,0.003537
1.908163,0.679293,9242,101300.112581,8.823869,0.003482
1.908163,0.684343,9243,101300.113068,8.826002,0.003425
1.908163,0.689394,9244,101300.113560,8.828093,0.003366
1.908163,0.694444,9245,101300.114056,8.830143,0.003305
1.908163,0.699495,9246,101300.114555,8.832154,0.003243
1.908163,0.704545,9247,101300.115057,8.834125,0.003178
1.908163,0.709596,9248,101300.115563,8.836059,0.003111
1.908163,0.714646,9249,101300.116070,8.837957,0.003042
1.908163,0.719697,9250,101300.116580,8.839818,0.002971
1.908163,0.724747,9251,101300.117091,8.841644,0.002897
1.908163,0.729798,9252,101300.117603,8.843436,0.002821
1.908163,0.734848,9253,101300.118116,8.845195,0.002741
1.908163,0.739899,9254,101300.118628,8.846922,0.002660
1.908163,0.744949,9255,101300.119140,8.848619,0.002575
1.908163,0.750000,9256,101300.119652,8.850285,0.002487
1.908163,0.755051,9257,101300.120162,8.851923,0.002397
1.908163,0.760101,9258,101300.120669,8.853532,0.002303
1.908163,0.765152,9259,101300.121175,8.855114,0.002206
1.908163,0.770202,9260,101300.121677,8.856670,0.002107
1.908163,0.775253,9261,101300.122175,8.858201,0.002004
1.908163,0.780303,9262,101300.122670,8.859706,0.001897
1.908163,0.785354,9263,101300.123160,8.861187,0.001788
1.908163,0.790404,9264,101300.123644,8.862644,0.001675
1.908163,0.795455,9265,101300.124123,8.864079,0.001559
1.908163,0.800505,9266,101300.124595,8.865491,0.001439
1.908163,0.805556,9267,101300.125061,8.866880,0.001317
1.908163,0.810606,9268,101300.125518,8.868249,0.001190
1.908163,0.815657,9269,101300.125968,8.869596,0.001060
1.908163,0.820707,9270,101300.126410,8.870923,0.000927
1.908163,0.825758,9271,101300.126842,8.872229,0.000790
1.908163,0.830808,9272,101300.127264,8.873516,0.000650
1.908163,0.835859,9273,101300.127676,8.874783,0.000506
1.908163,0.840909,9274,101300.128078,8.876031,0.000359
1.908163,0.845960,9275,101300.128468,8.877261,0.000208
1.908163,0.851010,9276,101300.128846,8.878473,0.000054
1.908163,0.856061,9277,101300.129211,8.879667,-0.000104
1.908163,0.861111,9278,101300.129564,8.880843,-0.000266
1.908163,0.866162,9279,101300.129903,8.882002,-0.000430
1.908163,0.871212,9280,101300.130228,8.883143,-0.000599
1.908163,0.876263,9281,101300.130539,8.884268,-0.000771
1.908163,0.881313,9282,101300.130834,8.885375,-0.000946
1.908163,0.886364,9283,101300.131115,8.886466,-0.001125
1.908163,0.891414,9284,101300.131380,8.887540,-0.001308
1.908163,0.896465,9285,101300.131629,8.888598,-0.001493
1.908163,0.901515,9286,101300.131861,8.889639,-0.001684
1.908163,0.906566,9287,101300.132079,8.890664,-0.001875
1.908163,0.911616,9288,101300.132278,8.891672,-0.002076
1.908163,0.916667,9289,101300.132464,8.892664,-0.002271
1.908163,0.921717,9290,101300.132628,8.893640,-0.002483
1.908163,0.926768,9291,101300.132783,8.894599,-0.002679
1.908163,0.931818,9292,101300.132913,8.895541,-0.002907
1.908163,0.936869,9293,101300.133040,8.896466,-0.003099
1.908163,0.941919,9294,101300.133136,8.897375,-0.003349
1.908163,0.946970,9295,101300.133237,8.898264,-0.003531
1.908163,0.952020,9296,101300.133302,8.899134,-0.003809
1.908163,0.957071,9297,101300.133380,8.899976,-0.003975
1.908163,0.962121,9298,101300.133418,8.900768,-0.004287
1.908163,0.967172,9299,101300.133477,8.901435,-0.004431
1.908163,0.972222,9300,101300.133496,8.901708,-0.004781
1.908163,0.977273,9301,101300.133538,8.900579,-0.004898
1.908163,0.982323,9302,101300.133545,8.892060,-0.005271
1.908163,0.987374,9303,101300.133573,8.853830,-0.005276
1.908163,0.992424,9304,101300.133578,8.489509,-0.005195
1.908163,0.997475,9305,101300.133588,7.775748,-0.002486
1.928571,0.502525,9306,101300.080848,7.168792,0.099923
1.928571,0.507576,9307,101300.086632,8.207978,-0.088900
1.928571,0.512626,9308,101300.075228,8.603858,0.093564
1.928571,0.517677,9309,101300.091087,8.697120,-0.074244
1.928571,0.522727,9310,101300.072635,8.721764,0.075642
1.928571,0.527778,9311,101300.092810,8.732246,-0.054476
1.928571,0.532828,9312,101300.072978,8.738231,0.054645
1.928571,0.537879,9313,101300.092107,8.742037,-0.034469
1.928571,0.542929,9314,101300.075386,8.746968,0.035731
1.928571,0.547980,9315,101300.090142,8.749911,-0.018219
1.928571,0.553030,9316,101300.078523,8.754433,0.021683
1.928571,0.558081,9317,101300.088135,8.757321,-0.007210
1.928571,0.563131,9318,101300.081361,8.761364,0.012826
1.928571,0.568182,9319,101300.086784,8.764345,-0.000878
1.928571,0.573232,9320,101300.083486,8.767970,0.007998
1.928571,0.578283,9321,101300.086222,8.771009,0.002228
1.928571,0.583333,9322,101300.084947,8.774328,0.005683
1.928571,0.588384,9323,101300.086263,8.777353,0.003510
1.928571,0.593434,9324,101300.085978,8.780460,0.004675
1.928571,0.598485,9325,101300.086662,8.783419,0.003926
1.928571,0.603535,9326,101300.086791,8.786371,0.004247
1.928571,0.608586,9327,101300.087239,8.789237,0.003992
1.928571,0.613636,9328,101300.087522,8.792063,0.004041
1.928571,0.618687,9329,101300.087899,8.794826,0.003938
1.928571,0.623737,9330,101300.088235,8.797541,0.003911
1.928571,0.628788,9331,101300.088598,8.800201,0.003849
1.928571,0.633838,9332,101300.088955,8.802811,0.003803
1.928571,0.638889,9333,101300.089321,8.805369,0.003750
1.928571,0.643939,9334,101300.089690,8.807877,0.003701
1.928571,0.648990,9335,101300.090064,8.810336,0.003649
1.928571,0.654040,9336,101300.090442,8.812746,0.003598
1.928571,0.659091,9337,101300.090824,8.815108,0.003546
1.928571,0.664141,9338,101300.091211,8.817423,0.003493
1.928571,0.669192,9339,101300.091601,8.819693,0.003439
1.928571,0.674242,9340,101300.091995,8.821918,0.003384
1.928571,0.679293,9341,101300.092392,8.824100,0.003328
1.928571,0.684343,9342,101300.092793,8.826239,0.003270
1.928571,0.689394,9343,101300.093197,8.828337,0.003211
1.928571,0.694444,9344,101300.093604,8.830395,0.003150
1.928571,0.699495,9345,101300.094013,8.832413,0.003087
1.928571,0.704545,9346,101300.094424,8.834393,0.003022
1.928571,0.709596,9347,101300.094838,8.836336,0.002955
1.928571,0.714646,9348,101300.095253,8.838242,0.002886
1.928571,0.719697,9349,101300.095669,8.840113,0.002815
1.928571,0.724747,9350,101300.096086,8.841949,0.002741
1.928571,0.729798,9351,101300.096504,8.843751,0.002665
1.928571,0.734848,9352,101300.096922,8.845521,0.002586
1.928571,0.739899,9353,101300.097340,8.847259,0.002505
1.928571,0.744949,9354,101300.097757,8.848967,0.002421
1.928571,0.750000,9355,101300.098174,8.850645,0.002334
1.928571,0.755051,9356,101300.098589,8.852294,0.002245
1.928571,0.760101,9357,101300.099002,8.853916,0.002152
1.928571,0.765152,9358,101300.099412,8.855510,0.002057
1.928571,0.770202,9359,101300.099820,8.857078,0.001959
1.928571,0.775253,9360,101300.100225,8.858621,0.001857
1.928571,0.780303,9361,101300.100626,8.860139,0.001753
1.928571,0.785354,9362,101300.101023,8.861633,0.001645
1.928571,0.790404,9363,101300.101416,8.863104,0.001535
1.928571,0.795455,9364,101300.101803,8.864551,0.001421
1.928571,0.800505,9365,101300.102184,8.865977,0.001304
1.928571,0.805556,9366,101300.102560,8.867380,0.001184
1.928571,0.810606,9367,101300.102929,8.868762,0.001060
1.928571,0.815657,9368,101300.103290,8.870123,0.000933
1.928571,0.820707,9369,101300.103644,8.871463,0.000803
1.928571,0.825758,9370,101300.103990,8.872783,0.000670
1.928571,0.830808,9371,101300.104327,8.874083,0.000533
1.928571,0.835859,9372,101300.104655,8.875365,0.000393
1.928571,0.840909,9373,101300.104973,8.876627,0.000250
1.928571,0.845960,9374,101300.105280,8.877870,0.000103
1.928571,0.851010,9375,101300.105576,8.879096,-0.000047
1.928571,0.856061,9376,101300.105861,8.880304,-0.000200
1.928571,0.861111,9377,101300.106134,8.881494,-0.000357
1.928571,0.866162,9378,101300.106394,8.882666,-0.000517
1.928571,0.871212,9379,101300.106641,8.883822,-0.000680
1.928571,0.876263,9380,101300.106874,8.884960,-0.000847
1.928571,0.881313,9381,101300.107092,8.886082,-0.001017
1.928571,0.886364,9382,101300.107296,8.887186,-0.001190
1.928571,0.891414,9383,101300.107485,8.888275,-0.001368
1.928571,0.896465,9384,101300.107658,8.889346,-0.001547
1.928571,0.901515,9385,101300.107814,8.890402,-0.001732
1.928571,0.906566,9386,101300.107955,8.891441,-0.001917
1.928571,0.911616,9387,101300.108078,8.892464,-0.002111
1.928571,0.916667,9388,101300.108187,8.893471,-0.002300
1.928571,0.921717,9389,101300.108274,8.894461,-0.002506
1.928571,0.926768,9390,101300.108351,8.895435,-0.002696
1.928571,0.931818,9391,101300.108402,8.896393,-0.002919
1.928571,0.936869,9392,101300.108450,8.897334,-0.003105
1.928571,0.941919,9393,101300.108467,8.898258,-0.003350
1.928571,0.946970,9394,101300.108488,8.899164,-0.003527
1.928571,0.952020,9395,101300.108474,8.900050,-0.003801
1.928571,0.957071,9396,101300.108474,8.900908,-0.003963
1.928571,0.962121,9397,101300.108437,8.901716,-0.004273
1.928571,0.967172,9398,101300.108422,8.902398,-0.004415
1.928571,0.972222,9399,101300.108373,8.902682,-0.004764
1.928571,0.977273,9400,101300.108352,8.901540,-0.004882
1.928571,0.982323,9401,101300.108305,8.892851,-0.005256
1.928571,0.987374,9402,101300.108287,8.853654,-0.005264
1.928571,0.992424,9403,101300.108262,8.483886,-0.005179
1.928571,0.997475,9404,101300.108258,7.760243,-0.002480
1.948980,0.502525,9405,101300.061123,7.153548,0.098292
1.948980,0.507576,9406,101300.066697,8.201614,-0.087464
1.948980,0.512626,9407,101300.055774,8.603096,0.092237
1.948980,0.517677,9408,101300.071135,8.697382,-0.073358
1.948980,0.522727,9409,101300.053376,8.722217,0.074893
1.948980,0.527778,9410,101300.073029,8.732774,-0.054238
1.948980,0.532828,9411,101300.053791,8.738692,0.054455
1.948980,0.537879,9412,101300.072588,8.742509,-0.034722
1.948980,0.542929,9413,101300.056198,8.747381,0.035885
1.948980,0.547980,9414,101300.070865,8.750314,-0.018697
1.948980,0.553030,9415,101300.059326,8.754803,0.021935
1.948980,0.558081,9416,101300.069013,8.757668,-0.007695
1.948980,0.563131,9417,101300.062175,8.761695,0.013017
1.948980,0.568182,9418,101300.067724,8.764650,-0.001263
1.948980,0.573232,9419,101300.064318,8.768266,0.008078
1.948980,0.578283,9420,101300.067153,8.771282,0.001953
1.948980,0.583333,9421,101300.065783,8.774595,0.005668
1.948980,0.588384,9422,101300.067145,8.777603,0.003316
1.948980,0.593434,9423,101300.066786,8.780705,0.004601
1.948980,0.598485,9424,101300.067472,8.783652,0.003776
1.948980,0.603535,9425,101300.067541,8.786599,0.004144
1.948980,0.608586,9426,101300.067961,8.789457,0.003862
1.948980,0.613636,9427,101300.068187,8.792279,0.003927
1.948980,0.618687,9428,101300.068517,8.795038,0.003815
1.948980,0.623737,9429,101300.068795,8.797751,0.003793
1.948980,0.628788,9430,101300.069100,8.800409,0.003728
1.948980,0.633838,9431,101300.069393,8.803018,0.003684
1.948980,0.638889,9432,101300.069694,8.805576,0.003630
1.948980,0.643939,9433,101300.069994,8.808085,0.003580
1.948980,0.648990,9434,101300.070298,8.810545,0.003528
1.948980,0.654040,9435,101300.070603,8.812957,0.003477
1.948980,0.659091,9436,101300.070910,8.815323,0.003424
1.948980,0.664141,9437,101300.071219,8.817642,0.003371
1.948980,0.669192,9438,101300.071531,8.819916,0.003317
1.948980,0.674242,9439,101300.071845,8.822146,0.003262
1.948980,0.679293,9440,101300.072161,8.824333,0.003205
1.948980,0.684343,9441,101300.072479,8.826478,0.003147
1.948980,0.689394,9442,101300.072800,8.828583,0.003087
1.948980,0.694444,9443,101300.073122,8.830647,0.003026
1.948980,0.699495,9444,101300.073445,8.832673,0.002963
1.948980,0.704545,9445,101300.073771,8.834661,0.002898
1.948980,0.709596,9446,101300.074097,8.836612,0.002831
1.948980,0.714646,9447,101300.074425,8.838527,0.002762
1.948980,0.719697,9448,101300.074754,8.840407,0.002691
1.948980,0.724747,9449,101300.075083,8.842252,0.002617
1.948980,0.729798,9450,101300.075413,8.844065,0.002542
1.948980,0.734848,9451,101300.075743,8.845844,0.002463
1.948980,0.739899,9452,101300.076072,8.847593,0.002383
1.948980,0.744949,9453,101300.076401,8.849311,0.002300
1.948980,0.750000,9454,101300.076729,8.851000,0.002214
1.948980,0.755051,9455,101300.077056,8.852661,0.002125
1.948980,0.760101,9456,101300.077381,8.854294,0.002034
1.948980,0.765152,9457,101300.077705,8.855900,0.001940
1.948980,0.770202,9458,101300.078026,8.857480,0.001843
1.948980,0.775253,9459,101300.078345,8.859035,0.001743
1.948980,0.780303,9460,101300.078660,8.860565,0.001640
1.948980,0.785354,9461,101300.078972,8.862071,0.001534
1.948980,0.790404,9462,101300.079280,8.863554,0.001426
1.948980,0.795455,9463,101300.079584,8.865014,0.001314
1.948980,0.800505,9464,101300.079883,8.866452,0.001199
1.948980,0.805556,9465,101300.080176,8.867868,0.001081
1.948980,0.810606,9466,101300.080464,8.869263,0.000960
1.948980,0.815657,9467,101300.080746,8.870637,0.000836
1.948980,0.820707,9468,101300.081021,8.871990,0.000709
1.948980,0.825758,9469,101300.081289,8.873323,0.000578
1.948980,0.830808,9470,101300.081549,8.874637,0.000445
1.948980,0.835859,9471,101300.081801,8.875931,0.000308
1.948980,0.840909,9472,101300.082044,8.877206,0.000168
1.948980,0.845960,9473,101300.082278,8.878463,0.000025
1.948980,0.851010,9474,101300.082502,8.879702,-0.000121
1.948980,0.856061,9475,101300.082715,8.880922,-0.000270
1.948980,0.861111,9476,101300.082916,8.882125,-0.000422
1.948980,0.866162,9477,101300.083106,8.883311,-0.000577
1.948980,0.871212,9478,101300.083282,8.884479,-0.000736
1.948980,0.876263,9479,101300.083446,8.885631,-0.000897
1.948980,0.881313,9480,101300.083595,8.886765,-0.001062
1.948980,0.886364,9481,101300.083729,8.887883,-0.001230
1.948980,0.891414,9482,101300.083848,8.888985,-0.001401
1.948980,0.896465,9483,101300.083950,8.890070,-0.001574
1.948980,0.901515,9484,101300.084035,8.891140,-0.001753
1.948980,0.906566,9485,101300.084103,8.892193,-0.001931
1.948980,0.911616,9486,101300.084150,8.893230,-0.002119
1.948980,0.916667,9487,101300.084182,8.894251,-0.002300
1.948980,0.921717,9488,101300.084188,8.895257,-0.002500
1.948980,0.926768,9489,101300.084182,8.896246,-0.002682
1.948980,0.931818,9490,101300.084146,8.897220,-0.002897
1.948980,0.936869,9491,101300.084102,8.898177,-0.003076
1.948980,0.941919,9492,101300.084023,8.899119,-0.003314
1.948980,0.946970,9493,101300.083944,8.900043,-0.003485
1.948980,0.952020,9494,101300.083825,8.900948,-0.003753
1.948980,0.957071,9495,101300.083716,8.901826,-0.003910
1.948980,0.962121,9496,101300.083567,8.902655,-0.004217
1.948980,0.967172,9497,101300.083438,8.903359,-0.004357
1.948980,0.972222,9498,101300.083277,8.903659,-0.004706
1.948980,0.977273,9499,101300.083147,8.902511,-0.004828
1.948980,0.982323,9500,101300.083000,8.893656,-0.005205
1.948980,0.987374,9501,101300.082895,8.853494,-0.005224
1.948980,0.992424,9502,101300.082810,8.478294,-0.005147
1.948980,0.997475,9503,101300.082777,7.744798,-0.002469
1.969388,0.502525,9504,101300.040562,7.138456,0.096700
1.969388,0.507576,9505,101300.045978,8.195382,-0.086118
1.969388,0.512626,9506,101300.035615,8.602419,0.090888
1.969388,0.517677,9507,101300.050621,8.697705,-0.072569
1.969388,0.522727,9508,101300.033646,8.722711,0.074084
1.969388,0.527778,9509,101300.052907,8.733328,-0.054065
1.969388,0.532828,9510,101300.034341,8.739165,0.054195
1.969388,0.537879,9511,101300.052891,8.742985,-0.035009
1.969388,0.542929,9512,101300.036895,8.747790,0.035978
1.969388,0.547980,9513,101300.051517,8.750711,-0.019194
1.969388,0.553030,9514,101300.040104,8.755162,0.022147
1.969388,0.558081,9515,101300.049883,8.758005,-0.008190
1.969388,0.563131,9516,101300.043008,8.762013,0.013190
1.969388,0.568182,9517,101300.048685,8.764944,-0.001655
1.969388,0.573232,9518,101300.045184,8.768551,0.008156
1.969388,0.578283,9519,101300.048116,8.771546,0.001679
1.969388,0.583333,9520,101300.046651,8.774853,0.005661
1.969388,0.588384,9521,101300.048057,8.777846,0.003128
1.969388,0.593434,9522,101300.047621,8.780942,0.004542
1.969388,0.598485,9523,101300.048303,8.783879,0.003638
1.969388,0.603535,9524,101300.048307,8.786822,0.004061
1.969388,0.608586,9525,101300.048693,8.789674,0.003750
1.969388,0.613636,9526,101300.048857,8.792493,0.003835
1.969388,0.618687,9527,101300.049135,8.795248,0.003714
1.969388,0.623737,9528,101300.049349,8.797959,0.003699
1.969388,0.628788,9529,101300.049592,8.800616,0.003632
1.969388,0.633838,9530,101300.049818,8.803225,0.003589
1.969388,0.638889,9531,101300.050051,8.805783,0.003536
1.969388,0.643939,9532,101300.050280,8.808293,0.003487
1.969388,0.648990,9533,101300.050510,8.810755,0.003435
1.969388,0.654040,9534,101300.050741,8.813170,0.003384
1.969388,0.659091,9535,101300.050972,8.815538,0.003331
1.969388,0.664141,9536,101300.051205,8.817861,0.003278
1.969388,0.669192,9537,101300.051438,8.820139,0.003224
1.969388,0.674242,9538,101300.051673,8.822374,0.003169
1.969388,0.679293,9539,101300.051909,8.824567,0.003112
1.969388,0.684343,9540,101300.052146,8.826718,0.003054
1.969388,0.689394,9541,101300.052385,8.828829,0.002994
1.969388,0.694444,9542,101300.052624,8.830900,0.002933
1.969388,0.699495,9543,101300.052866,8.832933,0.002870
1.969388,0.704545,9544,101300.053108,8.834929,0.002805
1.969388,0.709596,9545,101300.053351,8.836888,0.002738
1.969388,0.714646,9546,101300.053596,8.838812,0.002669
1.969388,0.719697,9547,101300.053841,8.840700,0.002598
1.969388,0.724747,9548,101300.054086,8.842555,0.002525
1.969388,0.729798,9549,101300.054332,8.844377,0.002450
1.969388,0.734848,9550,101300.054578,8.846166,0.002372
1.969388,0.739899,9551,101300.054825,8.847925,0.002292
1.969388,0.744949,9552,101300.055070,8.849654,0.002209
1.969388,0.750000,9553,101300.055316,8.851353,0.002124
1.969388,0.755051,9554,101300.055560,8.853024,0.002036
1.969388,0.760101,9555,101300.055804,8.854668,0.001946
1.969388,0.765152,9556,101300.056046,8.856286,0.001853
1.969388,0.770202,9557,101300.056287,8.857877,0.001757
1.969388,0.775253,9558,101300.056525,8.859444,0.001658
1.969388,0.780303,9559,101300.056762,8.860986,0.001557
1.969388,0.785354,9560,101300.056995,8.862504,0.001452
1.969388,0.790404,9561,101300.057226,8.863999,0.001345
1.969388,0.795455,9562,101300.057454,8.865471,0.001235
1.969388,0.800505,9563,101300.057677,8.866921,0.001122
1.969388,0.805556,9564,101300.057897,8.868349,0.001006
1.969388,0.810606,9565,101300.058112,8.869756,0.000887
1.969388,0.815657,9566,101300.058322,8.871142,0.000765
1.969388,0.820707,9567,101300.058527,8.872508,0.000640
1.969388,0.825758,9568,101300.058725,8.873853,0.000512
1.969388,0.830808,9569,101300.058917,8.875179,0.000381
1.969388,0.835859,9570,101300.059103,8.876485,0.000248
1.969388,0.840909,9571,101300.059280,8.877773,0.000111
1.969388,0.845960,9572,101300.059450,8.879042,-0.000029
1.969388,0.851010,9573,101300.059611,8.880293,-0.000171
1.969388,0.856061,9574,101300.059762,8.881526,-0.000317
1.969388,0.861111,9575,101300.059903,8.882741,-0.000465
1.969388,0.866162,9576,101300.060033,8.883938,-0.000616
1.969388,0.871212,9577,101300.060151,8.885119,-0.000770
1.969388,0.876263,9578,101300.060256,8.886282,-0.000926
1.969388,0.881313,9579,101300.060347,8.887428,-0.001086
1.969388,0.886364,9580,101300.060423,8.888558,-0.001247
1.969388,0.891414,9581,101300.060483,8.889672,-0.001413
1.969388,0.896465,9582,101300.060526,8.890770,-0.001579
1.969388,0.901515,9583,101300.060549,8.891851,-0.001751
1.969388,0.906566,9584,101300.060554,8.892916,-0.001921
1.969388,0.911616,9585,101300.060535,8.893966,-0.002101
1.969388,0.916667,9586,101300.060495,8.895001,-0.002273
1.969388,0.921717,9587,101300.060426,8.896020,-0.002463
1.969388,0.926768,9588,101300.060336,8.897024,-0.002635
1.969388,0.931818,9589,101300.060209,8.898013,-0.002840
1.969388,0.936869,9590,101300.060063,8.898987,-0.003007
1.969388,0.941919,9591,101300.059871,8.899947,-0.003235
1.969388,0.946970,9592,101300.059665,8.900891,-0.003393
1.969388,0.952020,9593,101300.059405,8.901818,-0.003650
1.969388,0.957071,9594,101300.059137,8.902720,-0.003796
1.969388,0.962121,9595,101300.058813,8.903576,-0.004092
1.969388,0.967172,9596,101300.058492,8.904309,-0.004225
1.969388,0.972222,9597,101300.058122,8.904638,-0.004569
1.969388,0.977273,9598,101300.057774,8.903500,-0.004692
1.969388,0.982323,9599,101300.057408,8.894496,-0.005076
1.969388,0.987374,9600,101300.057094,8.853392,-0.005116
1.969388,0.992424,9601,101300.056850,8.472792,-0.005068
1.969388,0.997475,9602,101300.056740,7.729471,-0.002441
1.989796,0.502525,9603,101300.018651,7.123943,0.095128
1.989796,0.507576,9604,101300.023989,8.189577,-0.084954
1.989796,0.512626,9605,101300.014523,8.601984,0.089405
1.989796,0.517677,9606,101300.029490,8.698144,-0.072009
1.989796,0.522727,9607,101300.013602,8.723242,0.073137
1.989796,0.527778,9608,101300.032657,8.733884,-0.054036
1.989796,0.532828,9609,101300.014955,8.739606,0.053823
1.989796,0.537879,9610,101300.033322,8.743425,-0.035368
1.989796,0.542929,9611,101300.017835,8.748147,0.035994
1.989796,0.547980,9612,101300.032401,8.751062,-0.019718
1.989796,0.553030,9613,101300.021175,8.755467,0.022316
1.989796,0.558081,9614,101300.031007,8.758297,-0.008694
1.989796,0.563131,9615,101300.024116,8.762284,0.013350
1.989796,0.568182,9616,101300.029882,8.765197,-0.002044
1.989796,0.573232,9617,101300.026282,8.768797,0.008241
1.989796,0.578283,9618,101300.029278,8.771775,0.001414
1.989796,0.583333,9619,101300.027701,8.775080,0.005673
1.989796,0.588384,9620,101300.029124,8.778060,0.002955
1.989796,0.593434,9621,101300.028589,8.781154,0.004507
1.989796,0.598485,9622,101300.029247,8.784083,0.003522
1.989796,0.603535,9623,101300.029166,8.787024,0.004003
1.989796,0.608586,9624,101300.029500,8.789872,0.003662
1.989796,0.613636,9625,101300.029587,8.792689,0.003769
1.989796,0.618687,9626,101300.029799,8.795443,0.003640
1.989796,0.623737,9627,101300.029936,8.798153,0.003632
1.989796,0.628788,9628,101300.030106,8.800809,0.003563
1.989796,0.633838,9629,101300.030255,8.803419,0.003524
1.989796,0.638889,9630,101300.030411,8.805978,0.003470
1.989796,0.643939,9631,101300.030562,8.808490,0.003423
1.989796,0.648990,9632,101300.030714,8.810954,0.003371
1.989796,0.654040,9633,101300.030865,8.813372,0.003321
1.989796,0.659091,9634,101300.031017,8.815743,0.003268
1.989796,0.664141,9635,101300.031169,8.818070,0.003215
1.989796,0.669192,9636,101300.031321,8.820353,0.003161
1.989796,0.674242,9637,101300.031475,8.822593,0.003106
1.989796,0.679293,9638,101300.031630,8.824791,0.003049
1.989796,0.684343,9639,101300.031785,8.826947,0.002991
1.989796,0.689394,9640,101300.031942,8.829064,0.002932
1.989796,0.694444,9641,101300.032100,8.831142,0.002870
1.989796,0.699495,9642,101300.032260,8.833182,0.002807
1.989796,0.704545,9643,101300.032420,8.835185,0.002743
1.989796,0.709596,9644,101300.032582,8.837152,0.002676
1.989796,0.714646,9645,101300.032744,8.839084,0.002607
1.989796,0.719697,9646,101300.032908,8.840980,0.002536
1.989796,0.724747,9647,101300.033072,8.842844,0.002463
1.989796,0.729798,9648,101300.033237,8.844674,0.002388
1.989796,0.734848,9649,101300.033402,8.846473,0.002311
1.989796,0.739899,9650,101300.033568,8.848241,0.002231
1.989796,0.744949,9651,101300.033734,8.849979,0.002149
1.989796,0.750000,9652,101300.033900,8.851689,0.002064
1.989796,0.755051,9653,101300.034066,8.853370,0.001977
1.989796,0.760101,9654,101300.034232,8.855024,0.001887
1.989796,0.765152,9655,101300.034397,8.856652,0.001794
1.989796,0.770202,9656,101300.034561,8.858254,0.001699
1.989796,0.775253,9657,101300.034725,8.859831,0.001601
1.989796,0.780303,9658,101300.034886,8.861384,0.001501
1.989796,0.785354,9659,101300.035047,8.862913,0.001397
1.989796,0.790404,9660,101300.035205,8.864419,0.001291
1.989796,0.795455,9661,101300.035362,8.865902,0.001182
1.989796,0.800505,9662,101300.035516,8.867364,0.001070
1.989796,0.805556,9663,101300.035668,8.868803,0.000956
1.989796,0.810606,9664,101300.035816,8.870221,0.000838
1.989796,0.815657,9665,101300.035961,8.871619,0.000718
1.989796,0.820707,9666,101300.036102,8.872995,0.000595
1.989796,0.825758,9667,101300.036239,8.874352,0.000469
1.989796,0.830808,9668,101300.036371,8.875689,0.000340
1.989796,0.835859,9669,101300.036499,8.877007,0.000208
1.989796,0.840909,9670,101300.036620,8.878305,0.000074
1.989796,0.845960,9671,101300.036736,8.879585,-0.000063
1.989796,0.851010,9672,101300.036844,8.880847,-0.000203
1.989796,0.856061,9673,101300.036945,8.882090,-0.000345
1.989796,0.861111,9674,101300.037038,8.883316,-0.000490
1.989796,0.866162,9675,101300.037121,8.884524,-0.000637
1.989796,0.871212,9676,101300.037195,8.885714,-0.000787
1.989796,0.876263,9677,101300.037257,8.886888,-0.000939
1.989796,0.881313,9678,101300.037307,8.888044,-0.001094
1.989796,0.886364,9679,101300.037344,8.889184,-0.001250
1.989796,0.891414,9680,101300.037365,8.890307,-0.001410
1.989796,0.896465,9681,101300.037369,8.891414,-0.001569
1.989796,0.901515,9682,101300.037354,8.892505,-0.001734
1.989796,0.906566,9683,101300.037318,8.893580,-0.001895
1.989796,0.911616,9684,101300.037256,8.894640,-0.002066
1.989796,0.916667,9685,101300.037171,8.895684,-0.002227
1.989796,0.921717,9686,101300.037049,8.896713,-0.002406
1.989796,0.926768,9687,101300.036900,8.897728,-0.002564
1.989796,0.931818,9688,101300.036702,8.898729,-0.002754
1.989796,0.936869,9689,101300.036471,8.899716,-0.002903
1.989796,0.941919,9690,101300.036175,8.900692,-0.003111
1.989796,0.946970,9691,101300.035839,8.901653,-0.003247
1.989796,0.952020,9692,101300.035418,8.902602,-0.003480
1.989796,0.957071,9693,101300.034950,8.903532,-0.003598
1.989796,0.962121,9694,101300.034379,8.904423,-0.003865
1.989796,0.967172,9695,101300.033753,8.905201,-0.003968
1.989796,0.972222,9696,101300.033016,8.905585,-0.004282
1.989796,0.977273,9697,101300.032229,8.904500,-0.004382
1.989796,0.982323,9698,101300.031360,8.895416,-0.004749
1.989796,0.987374,9699,101300.030488,8.853501,-0.004816
1.989796,0.992424,9700,101300.029773,8.467674,-0.004858
1.989796,0.997475,9701,101300.029458,7.714694,-0.002369
2.010204,0.502525,9702,101299.988483,7.106884,0.093054
2.010204,0.507576,9703,101299.996002,8.182882,-0.085073
2.010204,0.512626,9704,101299.990210,8.599896,0.087033
2.010204,0.517677,9705,101300.006794,8.698276,-0.072283
2.010204,0.522727,9706,101299.993207,8.722214,0.071764
2.010204,0.527778,9707,101300.012572,8.734669,-0.054371
2.010204,0.532828,9708,101299.996264,8.738798,0.053250
2.010204,0.537879,9709,101300.014467,8.744299,-0.035853
2.010204,0.542929,9710,101299.999728,8.747592,0.035918
2.010204,0.547980,9711,101300.014094,8.751834,-0.020265
2.010204,0.553030,9712,101300.003158,8.755187,0.022456
2.010204,0.558081,9713,101300.012879,8.758908,-0.009180
2.010204,0.563131,9714,101300.006003,8.762236,0.013516
2.010204,0.568182,9715,101300.011723,8.765666,-0.002405
2.010204,0.573232,9716,101300.008014,8.768910,0.008352
2.010204,0.578283,9717,101300.010979,8.772150,0.001181
2.010204,0.583333,9718,101300.009263,8.775287,0.005719
2.010204,0.588384,9719,101300.010639,8.778383,0.002816
2.010204,0.593434,9720,101300.009973,8.781409,0.004508
2.010204,0.598485,9721,101300.010564,8.784384,0.003439
2.010204,0.603535,9722,101300.010369,8.787301,0.003981
2.010204,0.608586,9723,101300.010623,8.790165,0.003608
2.010204,0.613636,9724,101300.010608,8.792976,0.003739
2.010204,0.618687,9725,101300.010734,8.795736,0.003599
2.010204,0.623737,9726,101300.010778,8.798446,0.003599
2.010204,0.628788,9727,101300.010861,8.801107,0.003528
2.010204,0.633838,9728,101300.010922,8.803719,0.003491
2.010204,0.638889,9729,101300.010993,8.806283,0.003437
2.010204,0.643939,9730,101300.011059,8.808799,0.003390
2.010204,0.648990,9731,101300.011128,8.811268,0.003339
2.010204,0.654040,9732,101300.011196,8.813691,0.003288
2.010204,0.659091,9733,101300.011266,8.816068,0.003236
2.010204,0.664141,9734,101300.011338,8.818402,0.003182
2.010204,0.669192,9735,101300.011411,8.820692,0.003128
2.010204,0.674242,9736,101300.011486,8.822940,0.003073
2.010204,0.679293,9737,101300.011563,8.825146,0.003016
2.010204,0.684343,9738,101300.011642,8.827312,0.002957
2.010204,0.689394,9739,101300.011723,8.829439,0.002897
2.010204,0.694444,9740,101300.011806,8.831527,0.002836
2.010204,0.699495,9741,101300.011891,8.833578,0.002773
2.010204,0.704545,9742,101300.011977,8.835593,0.002708
2.010204,0.709596,9743,101300.012065,8.837571,0.002641
2.010204,0.714646,9744,101300.012156,8.839515,0.002572
2.010204,0.719697,9745,101300.012247,8.841425,0.002501
2.010204,0.724747,9746,101300.012341,8.843302,0.002428
2.010204,0.729798,9747,101300.012436,8.845146,0.002353
2.010204,0.734848,9748,101300.012532,8.846959,0.002275
2.010204,0.739899,9749,101300.012629,8.848742,0.002195
2.010204,0.744949,9750,101300.012728,8.850495,0.002113
2.010204,0.750000,9751,101300.012828,8.852220,0.002028
2.010204,0.755051,9752,101300.012928,8.853917,0.001941
2.010204,0.760101,9753,101300.013029,8.855587,0.001852
2.010204,0.765152,9754,101300.013131,8.857231,0.001759
2.010204,0.770202,9755,101300.013233,8.858850,0.001664
2.010204,0.775253,9756,101300.013335,8.860444,0.001567
2.010204,0.780303,9757,101300.013438,8.862013,0.001467
2.010204,0.785354,9758,101300.013540,8.863559,0.001364
2.010204,0.790404,9759,101300.013642,8.865082,0.001258
2.010204,0.795455,9760,101300.013744,8.866583,0.001150
2.010204,0.800505,9761,101300.013844,8.868061,0.001038
2.010204,0.805556,9762,101300.013944,8.869518,0.000924
2.010204,0.810606,9763,101300.014043,8.870953,0.000808
2.010204,0.815657,9764,101300.014140,8.872368,0.000688
2.010204,0.820707,9765,101300.014235,8.873762,0.000566
2.010204,0.825758,9766,101300.014329,8.875135,0.000441
2.010204,0.830808,9767,101300.014419,8.876489,0.000314
2.010204,0.835859,9768,101300.014508,8.877823,0.000183
2.010204,0.840909,9769,101300.014593,8.879138,0.000050
2.010204,0.845960,9770,101300.014674,8.880434,-0.000085
2.010204,0.851010,9771,101300.014752,8.881711,-0.000223
2.010204,0.856061,9772,101300.014825,8.882969,-0.000364
2.010204,0.861111,9773,101300.014892,8.884209,-0.000506
2.010204,0.866162,9774,101300.014954,8.885431,-0.000651
2.010204,0.871212,9775,101300.015009,8.886635,-0.000798
2.010204,0.876263,9776,101300.015056,8.887821,-0.000947
2.010204,0.881313,9777,101300.015094,8.888989,-0.001098
2.010204,0.886364,9778,101300.015122,8.890139,-0.001250
2.010204,0.891414,9779,101300.015138,8.891271,-0.001405
2.010204,0.896465,9780,101300.015140,8.892386,-0.001559
2.010204,0.901515,9781,101300.015125,8.893484,-0.001717
2.010204,0.906566,9782,101300.015093,8.894563,-0.001871
2.010204,0.911616,9783,101300.015035,8.895625,-0.002033
2.010204,0.916667,9784,101300.014955,8.896670,-0.002183
2.010204,0.921717,9785,101300.014835,8.897696,-0.002349
2.010204,0.926768,9786,101300.014684,8.898705,-0.002490
2.010204,0.931818,9787,101300.014474,8.899695,-0.002661
2.010204,0.936869,9788,101300.014216,8.900668,-0.002785
2.010204,0.941919,9789,101300.013868,8.901622,-0.002962
2.010204,0.946970,9790,101300.013444,8.902556,-0.003058
2.010204,0.952020,9791,101300.012881,8.903469,-0.003241
2.010204,0.957071,9792,101300.012188,8.904353,-0.003295
2.010204,0.962121,9793,101300.011272,8.905184,-0.003478
2.010204,0.967172,9794,101300.010127,8.905887,-0.003471
2.010204,0.972222,9795,101300.008615,8.906171,-0.003639
2.010204,0.977273,9796,101300.006680,8.904944,-0.003547
2.010204,0.982323,9797,101300.004129,8.895540,-0.003657
2.010204,0.987374,9798,101300.000814,8.852711,-0.003436
2.010204,0.992424,9799,101299.996741,8.461390,-0.003414
2.010204,0.997475,9800,101299.993437,7.697805,-0.001658
