x,y
0.000000,0.000000
0.000000,0.010101
0.000000,0.020202
0.000000,0.030303
0.000000,0.040404
0.000000,0.050505
0.000000,0.060606
0.000000,0.070707
0.000000,0.080808
0.000000,0.090909
0.000000,0.101010
0.000000,0.111111
0.000000,0.121212
0.000000,0.131313
0.000000,0.141414
0.000000,0.151515
0.000000,0.161616
0.000000,0.171717
0.000000,0.181818
0.000000,0.191919
0.000000,0.202020
0.000000,0.212121
0.000000,0.222222
0.000000,0.232323
0.000000,0.242424
0.000000,0.252525
0.000000,0.262626
0.000000,0.272727
0.000000,0.282828
0.000000,0.292929
0.000000,0.303030
0.000000,0.313131
0.000000,0.323232
0.000000,0.333333
0.000000,0.343434
0.000000,0.353535
0.000000,0.363636
0.000000,0.373737
0.000000,0.383838
0.000000,0.393939
0.000000,0.404040
0.000000,0.414141
0.000000,0.424242
0.000000,0.434343
0.000000,0.444444
0.000000,0.454545
0.000000,0.464646
0.000000,0.474747
0.000000,0.484848
0.000000,0.494949
0.000000,0.505051
0.000000,0.515152
0.000000,0.525253
0.000000,0.535354
0.000000,0.545455
0.000000,0.555556
0.000000,0.565657
0.000000,0.575758
0.000000,0.585859
0.000000,0.595960
0.000000,0.606061
0.000000,0.616162
0.000000,0.626263
0.000000,0.636364
0.000000,0.646465
0.000000,0.656566
0.000000,0.666667
0.000000,0.676768
0.000000,0.686869
0.000000,0.696970
0.000000,0.707071
0.000000,0.717172
0.000000,0.727273
0.000000,0.737374
0.000000,0.747475
0.000000,0.757576
0.000000,0.767677
0.000000,0.777778
0.000000,0.787879
0.000000,0.797980
0.000000,0.808081
0.000000,0.818182
0.000000,0.828283
0.000000,0.838384
0.000000,0.848485
0.000000,0.858586
0.000000,0.868687
0.000000,0.878788
0.000000,0.888889
0.000000,0.898990
0.000000,0.909091
0.000000,0.919192
0.000000,0.929293
0.000000,0.939394
0.000000,0.949495
0.000000,0.959596
0.000000,0.969697
0.000000,0.979798
0.000000,0.989899
0.000000,1.000000
0.020408,0.000208
0.020408,0.010307
0.020408,0.020406
0.020408,0.030505
0.020408,0.040604
0.020408,0.050703
0.020408,0.060802
0.020408,0.070901
0.020408,0.080999
0.020408,0.091098
0.020408,0.101197
0.020408,0.111296
0.020408,0.121395
0.020408,0.131494
0.020408,0.141593
0.020408,0.151692
0.020408,0.161791
0.020408,0.171890
0.020408,0.181989
0.020408,0.192087
0.020408,0.202186
0.020408,0.212285
0.020408,0.222384
0.020408,0.232483
0.020408,0.242582
0.020408,0.252681
0.020408,0.262780
0.020408,0.272879
0.020408,0.282978
0.020408,0.293077
0.020408,0.303175
0.020408,0.313274
0.020408,0.323373
0.020408,0.333472
0.020408,0.343571
0.020408,0.353670
0.020408,0.363769
0.020408,0.373868
0.020408,0.383967
0.020408,0.394066
0.020408,0.404165
0.020408,0.414263
0.020408,0.424362
0.020408,0.434461
0.020408,0.444560
0.020408,0.454659
0.020408,0.464758
0.020408,0.474857
0.020408,0.484956
0.020408,0.495055
0.020408,0.505154
0.020408,0.515252
0.020408,0.525351
0.020408,0.535450
0.020408,0.545549
0.020408,0.555648
0.020408,0.565747
0.020408,0.575846
0.020408,0.585945
0.020408,0.596044
0.020408,0.606143
0.020408,0.616242
0.020408,0.626340
0.020408,0.636439
0.020408,0.646538
0.020408,0.656637
0.020408,0.666736
0.020408,0.676835
0.020408,0.686934
0.020408,0.697033
0.020408,0.707132
0.020408,0.717231
0.020408,0.727330
0.020408,0.737428
0.020408,0.747527
0.020408,0.757626
0.020408,0.767725
0.020408,0.777824
0.020408,0.787923
0.020408,0.798022
0.020408,0.808121
0.020408,0.818220
0.020408,0.828319
0.020408,0.838417
0.020408,0.848516
0.020408,0.858615
0.020408,0.868714
0.020408,0.878813
0.020408,0.888912
0.020408,0.899011
0.020408,0.909110
0.020408,0.919209
0.020408,0.929308
0.020408,0.939407
0.020408,0.949505
0.020408,0.959604
0.020408,0.969703
0.020408,0.979802
0.020408,0.989901
0.020408,1.000000
0.040816,0.000833
0.040816,0.010926
0.040816,0.021018
0.040816,0.031111
0.040816,0.041203
0.040816,0.051296
0.040816,0.061389
0.040816,0.071481
0.040816,0.081574
0.040816,0.091666
0.040816,0.101759
0.040816,0.111852
0.040816,0.121944
0.040816,0.132037
0.040816,0.142129
0.040816,0.152222
0.040816,0.162315
0.040816,0.172407
0.040816,0.182500
0.040816,0.192592
0.040816,0.202685
0.040816,0.212778
0.040816,0.222870
0.040816,0.232963
0.040816,0.243055
0.040816,0.253148
0.040816,0.263240
0.040816,0.273333
0.040816,0.283426
0.040816,0.293518
0.040816,0.303611
0.040816,0.313703
0.040816,0.323796
0.040816,0.333889
0.040816,0.343981
0.040816,0.354074
0.040816,0.364166
0.040816,0.374259
0.040816,0.384352
0.040816,0.394444
0.040816,0.404537
0.040816,0.414629
0.040816,0.424722
0.040816,0.434815
0.040816,0.444907
0.040816,0.455000
0.040816,0.465092
0.040816,0.475185
0.040816,0.485278
0.040816,0.495370
0.040816,0.505463
0.040816,0.515555
0.040816,0.525648
0.040816,0.535741
0.040816,0.545833
0.040816,0.555926
0.040816,0.566018
0.040816,0.576111
0.040816,0.586204
0.040816,0.596296
0.040816,0.606389
0.040816,0.616481
0.040816,0.626574
0.040816,0.636667
0.040816,0.646759
0.040816,0.656852
0.040816,0.666944
0.040816,0.677037
0.040816,0.687130
0.040816,0.697222
0.040816,0.707315
0.040816,0.717407
0.040816,0.727500
0.040816,0.737593
0.040816,0.747685
0.040816,0.757778
0.040816,0.767870
0.040816,0.777963
0.040816,0.788055
0.040816,0.798148
0.040816,0.808241
0.040816,0.818333
0.040816,0.828426
0.040816,0.838518
0.040816,0.848611
0.040816,0.858704
0.040816,0.868796
0.040816,0.878889
0.040816,0.888981
0.040816,0.899074
0.040816,0.909167
0.040816,0.919259
0.040816,0.929352
0.040816,0.939444
0.040816,0.949537
0.040816,0.959630
0.040816,0.969722
0.040816,0.979815
0.040816,0.989907
0.040816,1.000000
0.061224,0.001874
0.061224,0.011956
0.061224,0.022038
0.061224,0.032120
0.061224,0.042203
0.061224,0.052285
0.061224,0.062367
0.061224,0.072449
0.061224,0.082531
0.061224,0.092613
0.061224,0.102695
0.061224,0.112777
0.061224,0.122859
0.061224,0.132941
0.061224,0.143023
0.061224,0.153105
0.061224,0.163187
0.061224,0.173270
0.061224,0.183352
0.061224,0.193434
0.061224,0.203516
0.061224,0.213598
0.061224,0.223680
0.061224,0.233762
0.061224,0.243844
0.061224,0.253926
0.061224,0.264008
0.061224,0.274090
0.061224,0.284172
0.061224,0.294254
0.061224,0.304337
0.061224,0.314419
0.061224,0.324501
0.061224,0.334583
0.061224,0.344665
0.061224,0.354747
0.061224,0.364829
0.061224,0.374911
0.061224,0.384993
0.061224,0.395075
0.061224,0.405157
0.061224,0.415239
0.061224,0.425322
0.061224,0.435404
0.061224,0.445486
0.061224,0.455568
0.061224,0.465650
0.061224,0.475732
0.061224,0.485814
0.061224,0.495896
0.061224,0.505978
0.061224,0.516060
0.061224,0.526142
0.061224,0.536224
0.061224,0.546306
0.061224,0.556389
0.061224,0.566471
0.061224,0.576553
0.061224,0.586635
0.061224,0.596717
0.061224,0.606799
0.061224,0.616881
0.061224,0.626963
0.061224,0.637045
0.061224,0.647127
0.061224,0.657209
0.061224,0.667291
0.061224,0.677373
0.061224,0.687456
0.061224,0.697538
0.061224,0.707620
0.061224,0.717702
0.061224,0.727784
0.061224,0.737866
0.061224,0.747948
0.061224,0.758030
0.061224,0.768112
0.061224,0.778194
0.061224,0.788276
0.061224,0.798358
0.061224,0.808441
0.061224,0.818523
0.061224,0.828605
0.061224,0.838687
0.061224,0.848769
0.061224,0.858851
0.061224,0.868933
0.061224,0.879015
0.061224,0.889097
0.061224,0.899179
0.061224,0.909261
0.061224,0.919343
0.061224,0.929425
0.061224,0.939508
0.061224,0.949590
0.061224,0.959672
0.061224,0.969754
0.061224,0.979836
0.061224,0.989918
0.061224,1.000000
0.081633,0.003332
0.081633,0.013399
0.081633,0.023467
0.081633,0.033534
0.081633,0.043601
0.081633,0.053669
0.081633,0.063736
0.081633,0.073803
0.081633,0.083871
0.081633,0.093938
0.081633,0.104005
0.081633,0.114073
0.081633,0.124140
0.081633,0.134208
0.081633,0.144275
0.081633,0.154342
0.081633,0.164410
0.081633,0.174477
0.081633,0.184544
0.081633,0.194612
0.081633,0.204679
0.081633,0.214746
0.081633,0.224814
0.081633,0.234881
0.081633,0.244948
0.081633,0.255016
0.081633,0.265083
0.081633,0.275151
0.081633,0.285218
0.081633,0.295285
0.081633,0.305353
0.081633,0.315420
0.081633,0.325487
0.081633,0.335555
0.081633,0.345622
0.081633,0.355689
0.081633,0.365757
0.081633,0.375824
0.081633,0.385891
0.081633,0.395959
0.081633,0.406026
0.081633,0.416093
0.081633,0.426161
0.081633,0.436228
0.081633,0.446296
0.081633,0.456363
0.081633,0.466430
0.081633,0.476498
0.081633,0.486565
0.081633,0.496632
0.081633,0.506700
0.081633,0.516767
0.081633,0.526834
0.081633,0.536902
0.081633,0.546969
0.081633,0.557036
0.081633,0.567104
0.081633,0.577171
0.081633,0.587238
0.081633,0.597306
0.081633,0.607373
0.081633,0.617441
0.081633,0.627508
0.081633,0.637575
0.081633,0.647643
0.081633,0.657710
0.081633,0.667777
0.081633,0.677845
0.081633,0.687912
0.081633,0.697979
0.081633,0.708047
0.081633,0.718114
0.081633,0.728181
0.081633,0.738249
0.081633,0.748316
0.081633,0.758384
0.081633,0.768451
0.081633,0.778518
0.081633,0.788586
0.081633,0.798653
0.081633,0.808720
0.081633,0.818788
0.081633,0.828855
0.081633,0.838922
0.081633,0.848990
0.081633,0.859057
0.081633,0.869124
0.081633,0.879192
0.081633,0.889259
0.081633,0.899326
0.081633,0.909394
0.081633,0.919461
0.081633,0.929529
0.081633,0.939596
0.081633,0.949663
0.081633,0.959731
0.081633,0.969798
0.081633,0.979865
0.081633,0.989933
0.081633,1.000000
0.102041,0.005206
0.102041,0.015255
0.102041,0.025303
0.102041,0.035351
0.102041,0.045400
0.102041,0.055448
0.102041,0.065497
0.102041,0.075545
0.102041,0.085594
0.102041,0.095642
0.102041,0.105690
0.102041,0.115739
0.102041,0.125787
0.102041,0.135836
0.102041,0.145884
0.102041,0.155933
0.102041,0.165981
0.102041,0.176029
0.102041,0.186078
0.102041,0.196126
0.102041,0.206175
0.102041,0.216223
0.102041,0.226271
0.102041,0.236320
0.102041,0.246368
0.102041,0.256417
0.102041,0.266465
0.102041,0.276514
0.102041,0.286562
0.102041,0.296610
0.102041,0.306659
0.102041,0.316707
0.102041,0.326756
0.102041,0.336804
0.102041,0.346853
0.102041,0.356901
0.102041,0.366949
0.102041,0.376998
0.102041,0.387046
0.102041,0.397095
0.102041,0.407143
0.102041,0.417191
0.102041,0.427240
0.102041,0.437288
0.102041,0.447337
0.102041,0.457385
0.102041,0.467434
0.102041,0.477482
0.102041,0.487530
0.102041,0.497579
0.102041,0.507627
0.102041,0.517676
0.102041,0.527724
0.102041,0.537773
0.102041,0.547821
0.102041,0.557869
0.102041,0.567918
0.102041,0.577966
0.102041,0.588015
0.102041,0.598063
0.102041,0.608112
0.102041,0.618160
0.102041,0.628208
0.102041,0.638257
0.102041,0.648305
0.102041,0.658354
0.102041,0.668402
0.102041,0.678450
0.102041,0.688499
0.102041,0.698547
0.102041,0.708596
0.102041,0.718644
0.102041,0.728693
0.102041,0.738741
0.102041,0.748789
0.102041,0.758838
0.102041,0.768886
0.102041,0.778935
0.102041,0.788983
0.102041,0.799032
0.102041,0.809080
0.102041,0.819128
0.102041,0.829177
0.102041,0.839225
0.102041,0.849274
0.102041,0.859322
0.102041,0.869371
0.102041,0.879419
0.102041,0.889467
0.102041,0.899516
0.102041,0.909564
0.102041,0.919613
0.102041,0.929661
0.102041,0.939709
0.102041,0.949758
0.102041,0.959806
0.102041,0.969855
0.102041,0.979903
0.102041,0.989952
0.102041,1.000000
0.122449,0.007497
0.122449,0.017522
0.122449,0.027547
0.122449,0.037573
0.122449,0.047598
0.122449,0.057623
0.122449,0.067649
0.122449,0.077674
0.122449,0.087699
0.122449,0.097724
0.122449,0.107750
0.122449,0.117775
0.122449,0.127800
0.122449,0.137826
0.122449,0.147851
0.122449,0.157876
0.122449,0.167901
0.122449,0.177927
0.122449,0.187952
0.122449,0.197977
0.122449,0.208003
0.122449,0.218028
0.122449,0.228053
0.122449,0.238078
0.122449,0.248104
0.122449,0.258129
0.122449,0.268154
0.122449,0.278180
0.122449,0.288205
0.122449,0.298230
0.122449,0.308255
0.122449,0.318281
0.122449,0.328306
0.122449,0.338331
0.122449,0.348357
0.122449,0.358382
0.122449,0.368407
0.122449,0.378432
0.122449,0.388458
0.122449,0.398483
0.122449,0.408508
0.122449,0.418534
0.122449,0.428559
0.122449,0.438584
0.122449,0.448609
0.122449,0.458635
0.122449,0.468660
0.122449,0.478685
0.122449,0.488711
0.122449,0.498736
0.122449,0.508761
0.122449,0.518786
0.122449,0.528812
0.122449,0.538837
0.122449,0.548862
0.122449,0.558888
0.122449,0.568913
0.122449,0.578938
0.122449,0.588963
0.122449,0.598989
0.122449,0.609014
0.122449,0.619039
0.122449,0.629064
0.122449,0.639090
0.122449,0.649115
0.122449,0.659140
0.122449,0.669166
0.122449,0.679191
0.122449,0.689216
0.122449,0.699241
0.122449,0.709267
0.122449,0.719292
0.122449,0.729317
0.122449,0.739343
0.122449,0.749368
0.122449,0.759393
0.122449,0.769418
0.122449,0.779444
0.122449,0.789469
0.122449,0.799494
0.122449,0.809520
0.122449,0.819545
0.122449,0.829570
0.122449,0.839595
0.122449,0.849621
0.122449,0.859646
0.122449,0.869671
0.122449,0.879697
0.122449,0.889722
0.122449,0.899747
0.122449,0.909772
0.122449,0.919798
0.122449,0.929823
0.122449,0.939848
0.122449,0.949874
0.122449,0.959899
0.122449,0.969924
0.122449,0.979949
0.122449,0.989975
0.122449,1.000000
0.142857,0.010204
0.142857,0.020202
0.142857,0.030200
0.142857,0.040198
0.142857,0.050196
0.142857,0.060194
0.142857,0.070192
0.142857,0.080190
0.142857,0.090188
0.142857,0.100186
0.142857,0.110183
0.142857,0.120181
0.142857,0.130179
0.142857,0.140177
0.142857,0.150175
0.142857,0.160173
0.142857,0.170171
0.142857,0.180169
0.142857,0.190167
0.142857,0.200165
0.142857,0.210163
0.142857,0.220161
0.142857,0.230159
0.142857,0.240157
0.142857,0.250155
0.142857,0.260153
0.142857,0.270150
0.142857,0.280148
0.142857,0.290146
0.142857,0.300144
0.142857,0.310142
0.142857,0.320140
0.142857,0.330138
0.142857,0.340136
0.142857,0.350134
0.142857,0.360132
0.142857,0.370130
0.142857,0.380128
0.142857,0.390126
0.142857,0.400124
0.142857,0.410122
0.142857,0.420120
0.142857,0.430118
0.142857,0.440115
0.142857,0.450113
0.142857,0.460111
0.142857,0.470109
0.142857,0.480107
0.142857,0.490105
0.142857,0.500103
0.142857,0.510101
0.142857,0.520099
0.142857,0.530097
0.142857,0.540095
0.142857,0.550093
0.142857,0.560091
0.142857,0.570089
0.142857,0.580087
0.142857,0.590085
0.142857,0.600082
0.142857,0.610080
0.142857,0.620078
0.142857,0.630076
0.142857,0.640074
0.142857,0.650072
0.142857,0.660070
0.142857,0.670068
0.142857,0.680066
0.142857,0.690064
0.142857,0.700062
0.142857,0.710060
0.142857,0.720058
0.142857,0.730056
0.142857,0.740054
0.142857,0.750052
0.142857,0.760049
0.142857,0.770047
0.142857,0.780045
0.142857,0.790043
0.142857,0.800041
0.142857,0.810039
0.142857,0.820037
0.142857,0.830035
0.142857,0.840033
0.142857,0.850031
0.142857,0.860029
0.142857,0.870027
0.142857,0.880025
0.142857,0.890023
0.142857,0.900021
0.142857,0.910019
0.142857,0.920016
0.142857,0.930014
0.142857,0.940012
0.142857,0.950010
0.142857,0.960008
0.142857,0.970006
0.142857,0.980004
0.142857,0.990002
0.142857,1.000000
0.163265,0.013328
0.163265,0.023294
0.163265,0.033261
0.163265,0.043227
0.163265,0.053193
0.163265,0.063160
0.163265,0.073126
0.163265,0.083092
0.163265,0.093059
0.163265,0.103025
0.163265,0.112992
0.163265,0.122958
0.163265,0.132924
0.163265,0.142891
0.163265,0.152857
0.163265,0.162824
0.163265,0.172790
0.163265,0.182756
0.163265,0.192723
0.163265,0.202689
0.163265,0.212656
0.163265,0.222622
0.163265,0.232588
0.163265,0.242555
0.163265,0.252521
0.163265,0.262487
0.163265,0.272454
0.163265,0.282420
0.163265,0.292387
0.163265,0.302353
0.163265,0.312319
0.163265,0.322286
0.163265,0.332252
0.163265,0.342219
0.163265,0.352185
0.163265,0.362151
0.163265,0.372118
0.163265,0.382084
0.163265,0.392050
0.163265,0.402017
0.163265,0.411983
0.163265,0.421950
0.163265,0.431916
0.163265,0.441882
0.163265,0.451849
0.163265,0.461815
0.163265,0.471782
0.163265,0.481748
0.163265,0.491714
0.163265,0.501681
0.163265,0.511647
0.163265,0.521613
0.163265,0.531580
0.163265,0.541546
0.163265,0.551513
0.163265,0.561479
0.163265,0.571445
0.163265,0.581412
0.163265,0.591378
0.163265,0.601345
0.163265,0.611311
0.163265,0.621277
0.163265,0.631244
0.163265,0.641210
0.163265,0.651176
0.163265,0.661143
0.163265,0.671109
0.163265,0.681076
0.163265,0.691042
0.163265,0.701008
0.163265,0.710975
0.163265,0.720941
0.163265,0.730908
0.163265,0.740874
0.163265,0.750840
0.163265,0.760807
0.163265,0.770773
0.163265,0.780740
0.163265,0.790706
0.163265,0.800672
0.163265,0.810639
0.163265,0.820605
0.163265,0.830571
0.163265,0.840538
0.163265,0.850504
0.163265,0.860471
0.163265,0.870437
0.163265,0.880403
0.163265,0.890370
0.163265,0.900336
0.163265,0.910303
0.163265,0.920269
0.163265,0.930235
0.163265,0.940202
0.163265,0.950168
0.163265,0.960134
0.163265,0.970101
0.163265,0.980067
0.163265,0.990034
0.163265,1.000000
0.183673,0.016868
0.183673,0.026799
0.183673,0.036729
0.183673,0.046660
0.183673,0.056590
0.183673,0.066521
0.183673,0.076452
0.183673,0.086382
0.183673,0.096313
0.183673,0.106244
0.183673,0.116174
0.183673,0.126105
0.183673,0.136035
0.183673,0.145966
0.183673,0.155897
0.183673,0.165827
0.183673,0.175758
0.183673,0.185689
0.183673,0.195619
0.183673,0.205550
0.183673,0.215481
0.183673,0.225411
0.183673,0.235342
0.183673,0.245272
0.183673,0.255203
0.183673,0.265134
0.183673,0.275064
0.183673,0.284995
0.183673,0.294926
0.183673,0.304856
0.183673,0.314787
0.183673,0.324717
0.183673,0.334648
0.183673,0.344579
0.183673,0.354509
0.183673,0.364440
0.183673,0.374371
0.183673,0.384301
0.183673,0.394232
0.183673,0.404162
0.183673,0.414093
0.183673,0.424024
0.183673,0.433954
0.183673,0.443885
0.183673,0.453816
0.183673,0.463746
0.183673,0.473677
0.183673,0.483607
0.183673,0.493538
0.183673,0.503469
0.183673,0.513399
0.183673,0.523330
0.183673,0.533261
0.183673,0.543191
0.183673,0.553122
0.183673,0.563052
0.183673,0.572983
0.183673,0.582914
0.183673,0.592844
0.183673,0.602775
0.183673,0.612706
0.183673,0.622636
0.183673,0.632567
0.183673,0.642497
0.183673,0.652428
0.183673,0.662359
0.183673,0.672289
0.183673,0.682220
0.183673,0.692151
0.183673,0.702081
0.183673,0.712012
0.183673,0.721942
0.183673,0.731873
0.183673,0.741804
0.183673,0.751734
0.183673,0.761665
0.183673,0.771596
0.183673,0.781526
0.183673,0.791457
0.183673,0.801387
0.183673,0.811318
0.183673,0.821249
0.183673,0.831179
0.183673,0.841110
0.183673,0.851041
0.183673,0.860971
0.183673,0.870902
0.183673,0.880832
0.183673,0.890763
0.183673,0.900694
0.183673,0.910624
0.183673,0.920555
0.183673,0.930486
0.183673,0.940416
0.183673,0.950347
0.183673,0.960277
0.183673,0.970208
0.183673,0.980139
0.183673,0.990069
0.183673,1.000000
0.204082,0.020825
0.204082,0.030715
0.204082,0.040606
0.204082,0.050497
0.204082,0.060387
0.204082,0.070278
0.204082,0.080169
0.204082,0.090059
0.204082,0.099950
0.204082,0.109841
0.204082,0.119731
0.204082,0.129622
0.204082,0.139513
0.204082,0.149403
0.204082,0.159294
0.204082,0.169185
0.204082,0.179075
0.204082,0.188966
0.204082,0.198857
0.204082,0.208747
0.204082,0.218638
0.204082,0.228529
0.204082,0.238419
0.204082,0.248310
0.204082,0.258200
0.204082,0.268091
0.204082,0.277982
0.204082,0.287872
0.204082,0.297763
0.204082,0.307654
0.204082,0.317544
0.204082,0.327435
0.204082,0.337326
0.204082,0.347216
0.204082,0.357107
0.204082,0.366998
0.204082,0.376888
0.204082,0.386779
0.204082,0.396670
0.204082,0.406560
0.204082,0.416451
0.204082,0.426342
0.204082,0.436232
0.204082,0.446123
0.204082,0.456014
0.204082,0.465904
0.204082,0.475795
0.204082,0.485686
0.204082,0.495576
0.204082,0.505467
0.204082,0.515358
0.204082,0.525248
0.204082,0.535139
0.204082,0.545030
0.204082,0.554920
0.204082,0.564811
0.204082,0.574702
0.204082,0.584592
0.204082,0.594483
0.204082,0.604374
0.204082,0.614264
0.204082,0.624155
0.204082,0.634046
0.204082,0.643936
0.204082,0.653827
0.204082,0.663718
0.204082,0.673608
0.204082,0.683499
0.204082,0.693390
0.204082,0.703280
0.204082,0.713171
0.204082,0.723062
0.204082,0.732952
0.204082,0.742843
0.204082,0.752733
0.204082,0.762624
0.204082,0.772515
0.204082,0.782405
0.204082,0.792296
0.204082,0.802187
0.204082,0.812077
0.204082,0.821968
0.204082,0.831859
0.204082,0.841749
0.204082,0.851640
0.204082,0.861531
0.204082,0.871421
0.204082,0.881312
0.204082,0.891203
0.204082,0.901093
0.204082,0.910984
0.204082,0.920875
0.204082,0.930765
0.204082,0.940656
0.204082,0.950547
0.204082,0.960437
0.204082,0.970328
0.204082,0.980219
0.204082,0.990109
0.204082,1.000000
0.224490,0.025198
0.224490,0.035044
0.224490,0.044891
0.224490,0.054737
0.224490,0.064584
0.224490,0.074430
0.224490,0.084277
0.224490,0.094123
0.224490,0.103970
0.224490,0.113816
0.224490,0.123663
0.224490,0.133509
0.224490,0.143356
0.224490,0.153202
0.224490,0.163049
0.224490,0.172895
0.224490,0.182742
0.224490,0.192588
0.224490,0.202435
0.224490,0.212281
0.224490,0.222128
0.224490,0.231974
0.224490,0.241821
0.224490,0.251667
0.224490,0.261514
0.224490,0.271360
0.224490,0.281206
0.224490,0.291053
0.224490,0.300899
0.224490,0.310746
0.224490,0.320592
0.224490,0.330439
0.224490,0.340285
0.224490,0.350132
0.224490,0.359978
0.224490,0.369825
0.224490,0.379671
0.224490,0.389518
0.224490,0.399364
0.224490,0.409211
0.224490,0.419057
0.224490,0.428904
0.224490,0.438750
0.224490,0.448597
0.224490,0.458443
0.224490,0.468290
0.224490,0.478136
0.224490,0.487983
0.224490,0.497829
0.224490,0.507676
0.224490,0.517522
0.224490,0.527369
0.224490,0.537215
0.224490,0.547062
0.224490,0.556908
0.224490,0.566755
0.224490,0.576601
0.224490,0.586448
0.224490,0.596294
0.224490,0.606141
0.224490,0.615987
0.224490,0.625834
0.224490,0.635680
0.224490,0.645526
0.224490,0.655373
0.224490,0.665219
0.224490,0.675066
0.224490,0.684912
0.224490,0.694759
0.224490,0.704605
0.224490,0.714452
0.224490,0.724298
0.224490,0.734145
0.224490,0.743991
0.224490,0.753838
0.224490,0.763684
0.224490,0.773531
0.224490,0.783377
0.224490,0.793224
0.224490,0.803070
0.224490,0.812917
0.224490,0.822763
0.224490,0.832610
0.224490,0.842456
0.224490,0.852303
0.224490,0.862149
0.224490,0.871996
0.224490,0.881842
0.224490,0.891689
0.224490,0.901535
0.224490,0.911382
0.224490,0.921228
0.224490,0.931075
0.224490,0.940921
0.224490,0.950768
0.224490,0.960614
0.224490,0.970461
0.224490,0.980307
0.224490,0.990154
0.224490,1.000000
0.244898,0.029988
0.244898,0.039786
0.244898,0.049584
0.244898,0.059382
0.244898,0.069180
0.244898,0.078978
0.244898,0.088776
0.244898,0.098574
0.244898,0.108372
0.244898,0.118170
0.244898,0.127969
0.244898,0.137767
0.244898,0.147565
0.244898,0.157363
0.244898,0.167161
0.244898,0.176959
0.244898,0.186757
0.244898,0.196555
0.244898,0.206353
0.244898,0.216152
0.244898,0.225950
0.244898,0.235748
0.244898,0.245546
0.244898,0.255344
0.244898,0.265142
0.244898,0.274940
0.244898,0.284738
0.244898,0.294536
0.244898,0.304334
0.244898,0.314133
0.244898,0.323931
0.244898,0.333729
0.244898,0.343527
0.244898,0.353325
0.244898,0.363123
0.244898,0.372921
0.244898,0.382719
0.244898,0.392517
0.244898,0.402316
0.244898,0.412114
0.244898,0.421912
0.244898,0.431710
0.244898,0.441508
0.244898,0.451306
0.244898,0.461104
0.244898,0.470902
0.244898,0.480700
0.244898,0.490498
0.244898,0.500297
0.244898,0.510095
0.244898,0.519893
0.244898,0.529691
0.244898,0.539489
0.244898,0.549287
0.244898,0.559085
0.244898,0.568883
0.244898,0.578681
0.244898,0.588480
0.244898,0.598278
0.244898,0.608076
0.244898,0.617874
0.244898,0.627672
0.244898,0.637470
0.244898,0.647268
0.244898,0.657066
0.244898,0.666864
0.244898,0.676663
0.244898,0.686461
0.244898,0.696259
0.244898,0.706057
0.244898,0.715855
0.244898,0.725653
0.244898,0.735451
0.244898,0.745249
0.244898,0.755047
0.244898,0.764845
0.244898,0.774644
0.244898,0.784442
0.244898,0.794240
0.244898,0.804038
0.244898,0.813836
0.244898,0.823634
0.244898,0.833432
0.244898,0.843230
0.244898,0.853028
0.244898,0.862827
0.244898,0.872625
0.244898,0.882423
0.244898,0.892221
0.244898,0.902019
0.244898,0.911817
0.244898,0.921615
0.244898,0.931413
0.244898,0.941211
0.244898,0.951009
0.244898,0.960808
0.244898,0.970606
0.244898,0.980404
0.244898,0.990202
0.244898,1.000000
0.265306,0.035194
0.265306,0.044939
0.265306,0.054685
0.265306,0.064430
0.265306,0.074176
0.265306,0.083921
0.265306,0.093667
0.265306,0.103412
0.265306,0.113158
0.265306,0.122903
0.265306,0.132649
0.265306,0.142394
0.265306,0.152140
0.265306,0.161885
0.265306,0.171631
0.265306,0.181376
0.265306,0.191122
0.265306,0.200867
0.265306,0.210613
0.265306,0.220359
0.265306,0.230104
0.265306,0.239850
0.265306,0.249595
0.265306,0.259341
0.265306,0.269086
0.265306,0.278832
0.265306,0.288577
0.265306,0.298323
0.265306,0.308068
0.265306,0.317814
0.265306,0.327559
0.265306,0.337305
0.265306,0.347050
0.265306,0.356796
0.265306,0.366541
0.265306,0.376287
0.265306,0.386032
0.265306,0.395778
0.265306,0.405523
0.265306,0.415269
0.265306,0.425014
0.265306,0.434760
0.265306,0.444505
0.265306,0.454251
0.265306,0.463996
0.265306,0.473742
0.265306,0.483488
0.265306,0.493233
0.265306,0.502979
0.265306,0.512724
0.265306,0.522470
0.265306,0.532215
0.265306,0.541961
0.265306,0.551706
0.265306,0.561452
0.265306,0.571197
0.265306,0.580943
0.265306,0.590688
0.265306,0.600434
0.265306,0.610179
0.265306,0.619925
0.265306,0.629670
0.265306,0.639416
0.265306,0.649161
0.265306,0.658907
0.265306,0.668652
0.265306,0.678398
0.265306,0.688143
0.265306,0.697889
0.265306,0.707634
0.265306,0.717380
0.265306,0.727125
0.265306,0.736871
0.265306,0.746617
0.265306,0.756362
0.265306,0.766108
0.265306,0.775853
0.265306,0.785599
0.265306,0.795344
0.265306,0.805090
0.265306,0.814835
0.265306,0.824581
0.265306,0.834326
0.265306,0.844072
0.265306,0.853817
0.265306,0.863563
0.265306,0.873308
0.265306,0.883054
0.265306,0.892799
0.265306,0.902545
0.265306,0.912290
0.265306,0.922036
0.265306,0.931781
0.265306,0.941527
0.265306,0.951272
0.265306,0.961018
0.265306,0.970763
0.265306,0.980509
0.265306,0.990254
0.265306,1.000000
0.285714,0.040816
0.285714,0.050505
0.285714,0.060194
0.285714,0.069882
0.285714,0.079571
0.285714,0.089260
0.285714,0.098949
0.285714,0.108637
0.285714,0.118326
0.285714,0.128015
0.285714,0.137704
0.285714,0.147392
0.285714,0.157081
0.285714,0.166770
0.285714,0.176458
0.285714,0.186147
0.285714,0.195836
0.285714,0.205525
0.285714,0.215213
0.285714,0.224902
0.285714,0.234591
0.285714,0.244280
0.285714,0.253968
0.285714,0.263657
0.285714,0.273346
0.285714,0.283034
0.285714,0.292723
0.285714,0.302412
0.285714,0.312101
0.285714,0.321789
0.285714,0.331478
0.285714,0.341167
0.285714,0.350855
0.285714,0.360544
0.285714,0.370233
0.285714,0.379922
0.285714,0.389610
0.285714,0.399299
0.285714,0.408988
0.285714,0.418677
0.285714,0.428365
0.285714,0.438054
0.285714,0.447743
0.285714,0.457431
0.285714,0.467120
0.285714,0.476809
0.285714,0.486498
0.285714,0.496186
0.285714,0.505875
0.285714,0.515564
0.285714,0.525253
0.285714,0.534941
0.285714,0.544630
0.285714,0.554319
0.285714,0.564007
0.285714,0.573696
0.285714,0.583385
0.285714,0.593074
0.285714,0.602762
0.285714,0.612451
0.285714,0.622140
0.285714,0.631828
0.285714,0.641517
0.285714,0.651206
0.285714,0.660895
0.285714,0.670583
0.285714,0.680272
0.285714,0.689961
0.285714,0.699650
0.285714,0.709338
0.285714,0.719027
0.285714,0.728716
0.285714,0.738404
0.285714,0.748093
0.285714,0.757782
0.285714,0.767471
0.285714,0.777159
0.285714,0.786848
0.285714,0.796537
0.285714,0.806226
0.285714,0.815914
0.285714,0.825603
0.285714,0.835292
0.285714,0.844980
0.285714,0.854669
0.285714,0.864358
0.285714,0.874047
0.285714,0.883735
0.285714,0.893424
0.285714,0.903113
0.285714,0.912801
0.285714,0.922490
0.285714,0.932179
0.285714,0.941868
0.285714,0.951556
0.285714,0.961245
0.285714,0.970934
0.285714,0.980623
0.285714,0.990311
0.285714,1.000000
0.306122,0.046855
0.306122,0.056483
0.306122,0.066111
0.306122,0.075739
0.306122,0.085366
0.306122,0.094994
0.306122,0.104622
0.306122,0.114250
0.306122,0.123877
0.306122,0.133505
0.306122,0.143133
0.306122,0.152760
0.306122,0.162388
0.306122,0.172016
0.306122,0.181644
0.306122,0.191271
0.306122,0.200899
0.306122,0.210527
0.306122,0.220154
0.306122,0.229782
0.306122,0.239410
0.306122,0.249038
0.306122,0.258665
0.306122,0.268293
0.306122,0.277921
0.306122,0.287549
0.306122,0.297176
0.306122,0.306804
0.306122,0.316432
0.306122,0.326059
0.306122,0.335687
0.306122,0.345315
0.306122,0.354943
0.306122,0.364570
0.306122,0.374198
0.306122,0.383826
0.306122,0.393453
0.306122,0.403081
0.306122,0.412709
0.306122,0.422337
0.306122,0.431964
0.306122,0.441592
0.306122,0.451220
0.306122,0.460848
0.306122,0.470475
0.306122,0.480103
0.306122,0.489731
0.306122,0.499358
0.306122,0.508986
0.306122,0.518614
0.306122,0.528242
0.306122,0.537869
0.306122,0.547497
0.306122,0.557125
0.306122,0.566752
0.306122,0.576380
0.306122,0.586008
0.306122,0.595636
0.306122,0.605263
0.306122,0.614891
0.306122,0.624519
0.306122,0.634147
0.306122,0.643774
0.306122,0.653402
0.306122,0.663030
0.306122,0.672657
0.306122,0.682285
0.306122,0.691913
0.306122,0.701541
0.306122,0.711168
0.306122,0.720796
0.306122,0.730424
0.306122,0.740051
0.306122,0.749679
0.306122,0.759307
0.306122,0.768935
0.306122,0.778562
0.306122,0.788190
0.306122,0.797818
0.306122,0.807446
0.306122,0.817073
0.306122,0.826701
0.306122,0.836329
0.306122,0.845956
0.306122,0.855584
0.306122,0.865212
0.306122,0.874840
0.306122,0.884467
0.306122,0.894095
0.306122,0.903723
0.306122,0.913350
0.306122,0.922978
0.306122,0.932606
0.306122,0.942234
0.306122,0.951861
0.306122,0.961489
0.306122,0.971117
0.306122,0.980745
0.306122,0.990372
0.306122,1.000000
0.326531,0.053311
0.326531,0.062874
0.326531,0.072436
0.326531,0.081999
0.326531,0.091561
0.326531,0.101124
0.326531,0.110686
0.326531,0.120249
0.326531,0.129811
0.326531,0.139374
0.326531,0.148936
0.326531,0.158499
0.326531,0.168061
0.326531,0.177624
0.326531,0.187186
0.326531,0.196749
0.326531,0.206311
0.326531,0.215874
0.326531,0.225436
0.326531,0.234999
0.326531,0.244561
0.326531,0.254124
0.326531,0.263686
0.326531,0.273249
0.326531,0.282811
0.326531,0.292374
0.326531,0.301936
0.326531,0.311499
0.326531,0.321062
0.326531,0.330624
0.326531,0.340187
0.326531,0.349749
0.326531,0.359312
0.326531,0.368874
0.326531,0.378437
0.326531,0.387999
0.326531,0.397562
0.326531,0.407124
0.326531,0.416687
0.326531,0.426249
0.326531,0.435812
0.326531,0.445374
0.326531,0.454937
0.326531,0.464499
0.326531,0.474062
0.326531,0.483624
0.326531,0.493187
0.326531,0.502749
0.326531,0.512312
0.326531,0.521874
0.326531,0.531437
0.326531,0.540999
0.326531,0.550562
0.326531,0.560124
0.326531,0.569687
0.326531,0.579249
0.326531,0.588812
0.326531,0.598374
0.326531,0.607937
0.326531,0.617499
0.326531,0.627062
0.326531,0.636624
0.326531,0.646187
0.326531,0.655749
0.326531,0.665312
0.326531,0.674875
0.326531,0.684437
0.326531,0.694000
0.326531,0.703562
0.326531,0.713125
0.326531,0.722687
0.326531,0.732250
0.326531,0.741812
0.326531,0.751375
0.326531,0.760937
0.326531,0.770500
0.326531,0.780062
0.326531,0.789625
0.326531,0.799187
0.326531,0.808750
0.326531,0.818312
0.326531,0.827875
0.326531,0.837437
0.326531,0.847000
0.326531,0.856562
0.326531,0.866125
0.326531,0.875687
0.326531,0.885250
0.326531,0.894812
0.326531,0.904375
0.326531,0.913937
0.326531,0.923500
0.326531,0.933062
0.326531,0.942625
0.326531,0.952187
0.326531,0.961750
0.326531,0.971312
0.326531,0.980875
0.326531,0.990437
0.326531,1.000000
0.346939,0.060183
0.346939,0.069676
0.346939,0.079169
0.346939,0.088663
0.346939,0.098156
0.346939,0.107649
0.346939,0.117142
0.346939,0.126635
0.346939,0.136128
0.346939,0.145621
0.346939,0.155114
0.346939,0.164607
0.346939,0.174100
0.346939,0.183594
0.346939,0.193087
0.346939,0.202580
0.346939,0.212073
0.346939,0.221566
0.346939,0.231059
0.346939,0.240552
0.346939,0.250045
0.346939,0.259538
0.346939,0.269031
0.346939,0.278525
0.346939,0.288018
0.346939,0.297511
0.346939,0.307004
0.346939,0.316497
0.346939,0.325990
0.346939,0.335483
0.346939,0.344976
0.346939,0.354469
0.346939,0.363962
0.346939,0.373456
0.346939,0.382949
0.346939,0.392442
0.346939,0.401935
0.346939,0.411428
0.346939,0.420921
0.346939,0.430414
0.346939,0.439907
0.346939,0.449400
0.346939,0.458893
0.346939,0.468386
0.346939,0.477880
0.346939,0.487373
0.346939,0.496866
0.346939,0.506359
0.346939,0.515852
0.346939,0.525345
0.346939,0.534838
0.346939,0.544331
0.346939,0.553824
0.346939,0.563317
0.346939,0.572811
0.346939,0.582304
0.346939,0.591797
0.346939,0.601290
0.346939,0.610783
0.346939,0.620276
0.346939,0.629769
0.346939,0.639262
0.346939,0.648755
0.346939,0.658248
0.346939,0.667742
0.346939,0.677235
0.346939,0.686728
0.346939,0.696221
0.346939,0.705714
0.346939,0.715207
0.346939,0.724700
0.346939,0.734193
0.346939,0.743686
0.346939,0.753179
0.346939,0.762673
0.346939,0.772166
0.346939,0.781659
0.346939,0.791152
0.346939,0.800645
0.346939,0.810138
0.346939,0.819631
0.346939,0.829124
0.346939,0.838617
0.346939,0.848110
0.346939,0.857604
0.346939,0.867097
0.346939,0.876590
0.346939,0.886083
0.346939,0.895576
0.346939,0.905069
0.346939,0.914562
0.346939,0.924055
0.346939,0.933548
0.346939,0.943041
0.346939,0.952535
0.346939,0.962028
0.346939,0.971521
0.346939,0.981014
0.346939,0.990507
0.346939,1.000000
0.367347,0.067472
0.367347,0.076891
0.367347,0.086311
0.367347,0.095730
0.367347,0.105150
0.367347,0.114569
0.367347,0.123989
0.367347,0.133408
0.367347,0.142828
0.367347,0.152247
0.367347,0.161667
0.367347,0.171086
0.367347,0.180506
0.367347,0.189925
0.367347,0.199345
0.367347,0.208764
0.367347,0.218184
0.367347,0.227603
0.367347,0.237022
0.367347,0.246442
0.367347,0.255861
0.367347,0.265281
0.367347,0.274700
0.367347,0.284120
0.367347,0.293539
0.367347,0.302959
0.367347,0.312378
0.367347,0.321798
0.367347,0.331217
0.367347,0.340637
0.367347,0.350056
0.367347,0.359476
0.367347,0.368895
0.367347,0.378315
0.367347,0.387734
0.367347,0.397154
0.367347,0.406573
0.367347,0.415992
0.367347,0.425412
0.367347,0.434831
0.367347,0.444251
0.367347,0.453670
0.367347,0.463090
0.367347,0.472509
0.367347,0.481929
0.367347,0.491348
0.367347,0.500768
0.367347,0.510187
0.367347,0.519607
0.367347,0.529026
0.367347,0.538446
0.367347,0.547865
0.367347,0.557285
0.367347,0.566704
0.367347,0.576124
0.367347,0.585543
0.367347,0.594963
0.367347,0.604382
0.367347,0.613801
0.367347,0.623221
0.367347,0.632640
0.367347,0.642060
0.367347,0.651479
0.367347,0.660899
0.367347,0.670318
0.367347,0.679738
0.367347,0.689157
0.367347,0.698577
0.367347,0.707996
0.367347,0.717416
0.367347,0.726835
0.367347,0.736255
0.367347,0.745674
0.367347,0.755094
0.367347,0.764513
0.367347,0.773933
0.367347,0.783352
0.367347,0.792772
0.367347,0.802191
0.367347,0.811610
0.367347,0.821030
0.367347,0.830449
0.367347,0.839869
0.367347,0.849288
0.367347,0.858708
0.367347,0.868127
0.367347,0.877547
0.367347,0.886966
0.367347,0.896386
0.367347,0.905805
0.367347,0.915225
0.367347,0.924644
0.367347,0.934064
0.367347,0.943483
0.367347,0.952903
0.367347,0.962322
0.367347,0.971742
0.367347,0.981161
0.367347,0.990581
0.367347,1.000000
0.387755,0.075177
0.387755,0.084519
0.387755,0.093860
0.387755,0.103202
0.387755,0.112544
0.387755,0.121885
0.387755,0.131227
0.387755,0.140569
0.387755,0.149910
0.387755,0.159252
0.387755,0.168593
0.387755,0.177935
0.387755,0.187277
0.387755,0.196618
0.387755,0.205960
0.387755,0.215302
0.387755,0.224643
0.387755,0.233985
0.387755,0.243327
0.387755,0.252668
0.387755,0.262010
0.387755,0.271352
0.387755,0.280693
0.387755,0.290035
0.387755,0.299377
0.387755,0.308718
0.387755,0.318060
0.387755,0.327401
0.387755,0.336743
0.387755,0.346085
0.387755,0.355426
0.387755,0.364768
0.387755,0.374110
0.387755,0.383451
0.387755,0.392793
0.387755,0.402135
0.387755,0.411476
0.387755,0.420818
0.387755,0.430160
0.387755,0.439501
0.387755,0.448843
0.387755,0.458185
0.387755,0.467526
0.387755,0.476868
0.387755,0.486209
0.387755,0.495551
0.387755,0.504893
0.387755,0.514234
0.387755,0.523576
0.387755,0.532918
0.387755,0.542259
0.387755,0.551601
0.387755,0.560943
0.387755,0.570284
0.387755,0.579626
0.387755,0.588968
0.387755,0.598309
0.387755,0.607651
0.387755,0.616992
0.387755,0.626334
0.387755,0.635676
0.387755,0.645017
0.387755,0.654359
0.387755,0.663701
0.387755,0.673042
0.387755,0.682384
0.387755,0.691726
0.387755,0.701067
0.387755,0.710409
0.387755,0.719751
0.387755,0.729092
0.387755,0.738434
0.387755,0.747776
0.387755,0.757117
0.387755,0.766459
0.387755,0.775800
0.387755,0.785142
0.387755,0.794484
0.387755,0.803825
0.387755,0.813167
0.387755,0.822509
0.387755,0.831850
0.387755,0.841192
0.387755,0.850534
0.387755,0.859875
0.387755,0.869217
0.387755,0.878559
0.387755,0.887900
0.387755,0.897242
0.387755,0.906584
0.387755,0.915925
0.387755,0.925267
0.387755,0.934608
0.387755,0.943950
0.387755,0.953292
0.387755,0.962633
0.387755,0.971975
0.387755,0.981317
0.387755,0.990658
0.387755,1.000000
0.408163,0.083299
0.408163,0.092558
0.408163,0.101818
0.408163,0.111077
0.408163,0.120337
0.408163,0.129597
0.408163,0.138856
0.408163,0.148116
0.408163,0.157376
0.408163,0.166635
0.408163,0.175895
0.408163,0.185154
0.408163,0.194414
0.408163,0.203674
0.408163,0.212933
0.408163,0.222193
0.408163,0.231452
0.408163,0.240712
0.408163,0.249972
0.408163,0.259231
0.408163,0.268491
0.408163,0.277750
0.408163,0.287010
0.408163,0.296270
0.408163,0.305529
0.408163,0.314789
0.408163,0.324048
0.408163,0.333308
0.408163,0.342568
0.408163,0.351827
0.408163,0.361087
0.408163,0.370347
0.408163,0.379606
0.408163,0.388866
0.408163,0.398125
0.408163,0.407385
0.408163,0.416645
0.408163,0.425904
0.408163,0.435164
0.408163,0.444423
0.408163,0.453683
0.408163,0.462943
0.408163,0.472202
0.408163,0.481462
0.408163,0.490721
0.408163,0.499981
0.408163,0.509241
0.408163,0.518500
0.408163,0.527760
0.408163,0.537020
0.408163,0.546279
0.408163,0.555539
0.408163,0.564798
0.408163,0.574058
0.408163,0.583318
0.408163,0.592577
0.408163,0.601837
0.408163,0.611096
0.408163,0.620356
0.408163,0.629616
0.408163,0.638875
0.408163,0.648135
0.408163,0.657394
0.408163,0.666654
0.408163,0.675914
0.408163,0.685173
0.408163,0.694433
0.408163,0.703692
0.408163,0.712952
0.408163,0.722212
0.408163,0.731471
0.408163,0.740731
0.408163,0.749991
0.408163,0.759250
0.408163,0.768510
0.408163,0.777769
0.408163,0.787029
0.408163,0.796289
0.408163,0.805548
0.408163,0.814808
0.408163,0.824067
0.408163,0.833327
0.408163,0.842587
0.408163,0.851846
0.408163,0.861106
0.408163,0.870365
0.408163,0.879625
0.408163,0.888885
0.408163,0.898144
0.408163,0.907404
0.408163,0.916664
0.408163,0.925923
0.408163,0.935183
0.408163,0.944442
0.408163,0.953702
0.408163,0.962962
0.408163,0.972221
0.408163,0.981481
0.408163,0.990740
0.408163,1.000000
0.428571,0.091837
0.428571,0.101010
0.428571,0.110183
0.428571,0.119357
0.428571,0.128530
0.428571,0.137704
0.428571,0.146877
0.428571,0.156050
0.428571,0.165224
0.428571,0.174397
0.428571,0.183570
0.428571,0.192744
0.428571,0.201917
0.428571,0.211090
0.428571,0.220264
0.428571,0.229437
0.428571,0.238611
0.428571,0.247784
0.428571,0.256957
0.428571,0.266131
0.428571,0.275304
0.428571,0.284477
0.428571,0.293651
0.428571,0.302824
0.428571,0.311998
0.428571,0.321171
0.428571,0.330344
0.428571,0.339518
0.428571,0.348691
0.428571,0.357864
0.428571,0.367038
0.428571,0.376211
0.428571,0.385384
0.428571,0.394558
0.428571,0.403731
0.428571,0.412905
0.428571,0.422078
0.428571,0.431251
0.428571,0.440425
0.428571,0.449598
0.428571,0.458771
0.428571,0.467945
0.428571,0.477118
0.428571,0.486291
0.428571,0.495465
0.428571,0.504638
0.428571,0.513812
0.428571,0.522985
0.428571,0.532158
0.428571,0.541332
0.428571,0.550505
0.428571,0.559678
0.428571,0.568852
0.428571,0.578025
0.428571,0.587199
0.428571,0.596372
0.428571,0.605545
0.428571,0.614719
0.428571,0.623892
0.428571,0.633065
0.428571,0.642239
0.428571,0.651412
0.428571,0.660585
0.428571,0.669759
0.428571,0.678932
0.428571,0.688106
0.428571,0.697279
0.428571,0.706452
0.428571,0.715626
0.428571,0.724799
0.428571,0.733972
0.428571,0.743146
0.428571,0.752319
0.428571,0.761492
0.428571,0.770666
0.428571,0.779839
0.428571,0.789013
0.428571,0.798186
0.428571,0.807359
0.428571,0.816533
0.428571,0.825706
0.428571,0.834879
0.428571,0.844053
0.428571,0.853226
0.428571,0.862400
0.428571,0.871573
0.428571,0.880746
0.428571,0.889920
0.428571,0.899093
0.428571,0.908266
0.428571,0.917440
0.428571,0.926613
0.428571,0.935786
0.428571,0.944960
0.428571,0.954133
0.428571,0.963307
0.428571,0.972480
0.428571,0.981653
0.428571,0.990827
0.428571,1.000000
0.448980,0.100791
0.448980,0.109874
0.448980,0.118957
0.448980,0.128040
0.448980,0.137123
0.448980,0.146206
0.448980,0.155289
0.448980,0.164372
0.448980,0.173455
0.448980,0.182538
0.448980,0.191620
0.448980,0.200703
0.448980,0.209786
0.448980,0.218869
0.448980,0.227952
0.448980,0.237035
0.448980,0.246118
0.448980,0.255201
0.448980,0.264284
0.448980,0.273367
0.448980,0.282450
0.448980,0.291533
0.448980,0.300615
0.448980,0.309698
0.448980,0.318781
0.448980,0.327864
0.448980,0.336947
0.448980,0.346030
0.448980,0.355113
0.448980,0.364196
0.448980,0.373279
0.448980,0.382362
0.448980,0.391445
0.448980,0.400528
0.448980,0.409610
0.448980,0.418693
0.448980,0.427776
0.448980,0.436859
0.448980,0.445942
0.448980,0.455025
0.448980,0.464108
0.448980,0.473191
0.448980,0.482274
0.448980,0.491357
0.448980,0.500440
0.448980,0.509523
0.448980,0.518605
0.448980,0.527688
0.448980,0.536771
0.448980,0.545854
0.448980,0.554937
0.448980,0.564020
0.448980,0.573103
0.448980,0.582186
0.448980,0.591269
0.448980,0.600352
0.448980,0.609435
0.448980,0.618518
0.448980,0.627600
0.448980,0.636683
0.448980,0.645766
0.448980,0.654849
0.448980,0.663932
0.448980,0.673015
0.448980,0.682098
0.448980,0.691181
0.448980,0.700264
0.448980,0.709347
0.448980,0.718430
0.448980,0.727513
0.448980,0.736595
0.448980,0.745678
0.448980,0.754761
0.448980,0.763844
0.448980,0.772927
0.448980,0.782010
0.448980,0.791093
0.448980,0.800176
0.448980,0.809259
0.448980,0.818342
0.448980,0.827425
0.448980,0.836508
0.448980,0.845590
0.448980,0.854673
0.448980,0.863756
0.448980,0.872839
0.448980,0.881922
0.448980,0.891005
0.448980,0.900088
0.448980,0.909171
0.448980,0.918254
0.448980,0.927337
0.448980,0.936420
0.448980,0.945503
0.448980,0.954585
0.448980,0.963668
0.448980,0.972751
0.448980,0.981834
0.448980,0.990917
0.448980,1.000000
0.469388,0.110162
0.469388,0.119151
0.469388,0.128139
0.469388,0.137127
0.469388,0.146115
0.469388,0.155104
0.469388,0.164092
0.469388,0.173080
0.469388,0.182068
0.469388,0.191057
0.469388,0.200045
0.469388,0.209033
0.469388,0.218022
0.469388,0.227010
0.469388,0.235998
0.469388,0.244986
0.469388,0.253975
0.469388,0.262963
0.469388,0.271951
0.469388,0.280939
0.469388,0.289928
0.469388,0.298916
0.469388,0.307904
0.469388,0.316892
0.469388,0.325881
0.469388,0.334869
0.469388,0.343857
0.469388,0.352845
0.469388,0.361834
0.469388,0.370822
0.469388,0.379810
0.469388,0.388798
0.469388,0.397787
0.469388,0.406775
0.469388,0.415763
0.469388,0.424751
0.469388,0.433740
0.469388,0.442728
0.469388,0.451716
0.469388,0.460705
0.469388,0.469693
0.469388,0.478681
0.469388,0.487669
0.469388,0.496658
0.469388,0.505646
0.469388,0.514634
0.469388,0.523622
0.469388,0.532611
0.469388,0.541599
0.469388,0.550587
0.469388,0.559575
0.469388,0.568564
0.469388,0.577552
0.469388,0.586540
0.469388,0.595528
0.469388,0.604517
0.469388,0.613505
0.469388,0.622493
0.469388,0.631481
0.469388,0.640470
0.469388,0.649458
0.469388,0.658446
0.469388,0.667434
0.469388,0.676423
0.469388,0.685411
0.469388,0.694399
0.469388,0.703387
0.469388,0.712376
0.469388,0.721364
0.469388,0.730352
0.469388,0.739341
0.469388,0.748329
0.469388,0.757317
0.469388,0.766305
0.469388,0.775294
0.469388,0.784282
0.469388,0.793270
0.469388,0.802258
0.469388,0.811247
0.469388,0.820235
0.469388,0.829223
0.469388,0.838211
0.469388,0.847200
0.469388,0.856188
0.469388,0.865176
0.469388,0.874164
0.469388,0.883153
0.469388,0.892141
0.469388,0.901129
0.469388,0.910117
0.469388,0.919106
0.469388,0.928094
0.469388,0.937082
0.469388,0.946070
0.469388,0.955059
0.469388,0.964047
0.469388,0.973035
0.469388,0.982023
0.469388,0.991012
0.469388,1.000000
0.489796,0.119950
0.489796,0.128839
0.489796,0.137729
0.489796,0.146618
0.489796,0.155508
0.489796,0.164397
0.489796,0.173286
0.489796,0.182176
0.489796,0.191065
0.489796,0.199955
0.489796,0.208844
0.489796,0.217733
0.489796,0.226623
0.489796,0.235512
0.489796,0.244402
0.489796,0.253291
0.489796,0.262180
0.489796,0.271070
0.489796,0.279959
0.489796,0.288849
0.489796,0.297738
0.489796,0.306627
0.489796,0.315517
0.489796,0.324406
0.489796,0.333295
0.489796,0.342185
0.489796,0.351074
0.489796,0.359964
0.489796,0.368853
0.489796,0.377742
0.489796,0.386632
0.489796,0.395521
0.489796,0.404411
0.489796,0.413300
0.489796,0.422189
0.489796,0.431079
0.489796,0.439968
0.489796,0.448858
0.489796,0.457747
0.489796,0.466636
0.489796,0.475526
0.489796,0.484415
0.489796,0.493305
0.489796,0.502194
0.489796,0.511083
0.489796,0.519973
0.489796,0.528862
0.489796,0.537752
0.489796,0.546641
0.489796,0.555530
0.489796,0.564420
0.489796,0.573309
0.489796,0.582198
0.489796,0.591088
0.489796,0.599977
0.489796,0.608867
0.489796,0.617756
0.489796,0.626645
0.489796,0.635535
0.489796,0.644424
0.489796,0.653314
0.489796,0.662203
0.489796,0.671092
0.489796,0.679982
0.489796,0.688871
0.489796,0.697761
0.489796,0.706650
0.489796,0.715539
0.489796,0.724429
0.489796,0.733318
0.489796,0.742208
0.489796,0.751097
0.489796,0.759986
0.489796,0.768876
0.489796,0.777765
0.489796,0.786655
0.489796,0.795544
0.489796,0.804433
0.489796,0.813323
0.489796,0.822212
0.489796,0.831102
0.489796,0.839991
0.489796,0.848880
0.489796,0.857770
0.489796,0.866659
0.489796,0.875548
0.489796,0.884438
0.489796,0.893327
0.489796,0.902217
0.489796,0.911106
0.489796,0.919995
0.489796,0.928885
0.489796,0.937774
0.489796,0.946664
0.489796,0.955553
0.489796,0.964442
0.489796,0.973332
0.489796,0.982221
0.489796,0.991111
0.489796,1.000000
0.510204,0.130154
0.510204,0.138940
0.510204,0.147727
0.510204,0.156513
0.510204,0.165299
0.510204,0.174086
0.510204,0.182872
0.510204,0.191658
0.510204,0.200445
0.510204,0.209231
0.510204,0.218017
0.510204,0.226804
0.510204,0.235590
0.510204,0.244376
0.510204,0.253163
0.510204,0.261949
0.510204,0.270735
0.510204,0.279522
0.510204,0.288308
0.510204,0.297094
0.510204,0.305881
0.510204,0.314667
0.510204,0.323453
0.510204,0.332240
0.510204,0.341026
0.510204,0.349812
0.510204,0.358598
0.510204,0.367385
0.510204,0.376171
0.510204,0.384957
0.510204,0.393744
0.510204,0.402530
0.510204,0.411316
0.510204,0.420103
0.510204,0.428889
0.510204,0.437675
0.510204,0.446462
0.510204,0.455248
0.510204,0.464034
0.510204,0.472821
0.510204,0.481607
0.510204,0.490393
0.510204,0.499180
0.510204,0.507966
0.510204,0.516752
0.510204,0.525539
0.510204,0.534325
0.510204,0.543111
0.510204,0.551898
0.510204,0.560684
0.510204,0.569470
0.510204,0.578257
0.510204,0.587043
0.510204,0.595829
0.510204,0.604616
0.510204,0.613402
0.510204,0.622188
0.510204,0.630974
0.510204,0.639761
0.510204,0.648547
0.510204,0.657333
0.510204,0.666120
0.510204,0.674906
0.510204,0.683692
0.510204,0.692479
0.510204,0.701265
0.510204,0.710051
0.510204,0.718838
0.510204,0.727624
0.510204,0.736410
0.510204,0.745197
0.510204,0.753983
0.510204,0.762769
0.510204,0.771556
0.510204,0.780342
0.510204,0.789128
0.510204,0.797915
0.510204,0.806701
0.510204,0.815487
0.510204,0.824274
0.510204,0.833060
0.510204,0.841846
0.510204,0.850633
0.510204,0.859419
0.510204,0.868205
0.510204,0.876991
0.510204,0.885778
0.510204,0.894564
0.510204,0.903350
0.510204,0.912137
0.510204,0.920923
0.510204,0.929709
0.510204,0.938496
0.510204,0.947282
0.510204,0.956068
0.510204,0.964855
0.510204,0.973641
0.510204,0.982427
0.510204,0.991214
0.510204,1.000000
0.530612,0.140775
0.530612,0.149454
0.530612,0.158133
0.530612,0.166812
0.530612,0.175491
0.530612,0.184170
0.530612,0.192849
0.530612,0.201528
0.530612,0.210207
0.530612,0.218886
0.530612,0.227565
0.530612,0.236244
0.530612,0.244923
0.530612,0.253602
0.530612,0.262281
0.530612,0.270960
0.530612,0.279639
0.530612,0.288318
0.530612,0.296997
0.530612,0.305677
0.530612,0.314356
0.530612,0.323035
0.530612,0.331714
0.530612,0.340393
0.530612,0.349072
0.530612,0.357751
0.530612,0.366430
0.530612,0.375109
0.530612,0.383788
0.530612,0.392467
0.530612,0.401146
0.530612,0.409825
0.530612,0.418504
0.530612,0.427183
0.530612,0.435862
0.530612,0.444541
0.530612,0.453220
0.530612,0.461899
0.530612,0.470578
0.530612,0.479257
0.530612,0.487936
0.530612,0.496615
0.530612,0.505295
0.530612,0.513974
0.530612,0.522653
0.530612,0.531332
0.530612,0.540011
0.530612,0.548690
0.530612,0.557369
0.530612,0.566048
0.530612,0.574727
0.530612,0.583406
0.530612,0.592085
0.530612,0.600764
0.530612,0.609443
0.530612,0.618122
0.530612,0.626801
0.530612,0.635480
0.530612,0.644159
0.530612,0.652838
0.530612,0.661517
0.530612,0.670196
0.530612,0.678875
0.530612,0.687554
0.530612,0.696233
0.530612,0.704913
0.530612,0.713592
0.530612,0.722271
0.530612,0.730950
0.530612,0.739629
0.530612,0.748308
0.530612,0.756987
0.530612,0.765666
0.530612,0.774345
0.530612,0.783024
0.530612,0.791703
0.530612,0.800382
0.530612,0.809061
0.530612,0.817740
0.530612,0.826419
0.530612,0.835098
0.530612,0.843777
0.530612,0.852456
0.530612,0.861135
0.530612,0.869814
0.530612,0.878493
0.530612,0.887172
0.530612,0.895851
0.530612,0.904531
0.530612,0.913210
0.530612,0.921889
0.530612,0.930568
0.530612,0.939247
0.530612,0.947926
0.530612,0.956605
0.530612,0.965284
0.530612,0.973963
0.530612,0.982642
0.530612,0.991321
0.530612,1.000000
0.551020,0.151812
0.551020,0.160379
0.551020,0.168947
0.551020,0.177514
0.551020,0.186082
0.551020,0.194650
0.551020,0.203217
0.551020,0.211785
0.551020,0.220352
0.551020,0.228920
0.551020,0.237487
0.551020,0.246055
0.551020,0.254622
0.551020,0.263190
0.551020,0.271758
0.551020,0.280325
0.551020,0.288893
0.551020,0.297460
0.551020,0.306028
0.551020,0.314595
0.551020,0.323163
0.551020,0.331730
0.551020,0.340298
0.551020,0.348866
0.551020,0.357433
0.551020,0.366001
0.551020,0.374568
0.551020,0.383136
0.551020,0.391703
0.551020,0.400271
0.551020,0.408838
0.551020,0.417406
0.551020,0.425974
0.551020,0.434541
0.551020,0.443109
0.551020,0.451676
0.551020,0.460244
0.551020,0.468811
0.551020,0.477379
0.551020,0.485947
0.551020,0.494514
0.551020,0.503082
0.551020,0.511649
0.551020,0.520217
0.551020,0.528784
0.551020,0.537352
0.551020,0.545919
0.551020,0.554487
0.551020,0.563055
0.551020,0.571622
0.551020,0.580190
0.551020,0.588757
0.551020,0.597325
0.551020,0.605892
0.551020,0.614460
0.551020,0.623027
0.551020,0.631595
0.551020,0.640163
0.551020,0.648730
0.551020,0.657298
0.551020,0.665865
0.551020,0.674433
0.551020,0.683000
0.551020,0.691568
0.551020,0.700135
0.551020,0.708703
0.551020,0.717271
0.551020,0.725838
0.551020,0.734406
0.551020,0.742973
0.551020,0.751541
0.551020,0.760108
0.551020,0.768676
0.551020,0.777243
0.551020,0.785811
0.551020,0.794379
0.551020,0.802946
0.551020,0.811514
0.551020,0.820081
0.551020,0.828649
0.551020,0.837216
0.551020,0.845784
0.551020,0.854352
0.551020,0.862919
0.551020,0.871487
0.551020,0.880054
0.551020,0.888622
0.551020,0.897189
0.551020,0.905757
0.551020,0.914324
0.551020,0.922892
0.551020,0.931460
0.551020,0.940027
0.551020,0.948595
0.551020,0.957162
0.551020,0.965730
0.551020,0.974297
0.551020,0.982865
0.551020,0.991432
0.551020,1.000000
0.571429,0.163265
0.571429,0.171717
0.571429,0.180169
0.571429,0.188621
0.571429,0.197073
0.571429,0.205525
0.571429,0.213976
0.571429,0.222428
0.571429,0.230880
0.571429,0.239332
0.571429,0.247784
0.571429,0.256236
0.571429,0.264688
0.571429,0.273140
0.571429,0.281591
0.571429,0.290043
0.571429,0.298495
0.571429,0.306947
0.571429,0.315399
0.571429,0.323851
0.571429,0.332303
0.571429,0.340754
0.571429,0.349206
0.571429,0.357658
0.571429,0.366110
0.571429,0.374562
0.571429,0.383014
0.571429,0.391466
0.571429,0.399918
0.571429,0.408369
0.571429,0.416821
0.571429,0.425273
0.571429,0.433725
0.571429,0.442177
0.571429,0.450629
0.571429,0.459081
0.571429,0.467532
0.571429,0.475984
0.571429,0.484436
0.571429,0.492888
0.571429,0.501340
0.571429,0.509792
0.571429,0.518244
0.571429,0.526696
0.571429,0.535147
0.571429,0.543599
0.571429,0.552051
0.571429,0.560503
0.571429,0.568955
0.571429,0.577407
0.571429,0.585859
0.571429,0.594310
0.571429,0.602762
0.571429,0.611214
0.571429,0.619666
0.571429,0.628118
0.571429,0.636570
0.571429,0.645022
0.571429,0.653474
0.571429,0.661925
0.571429,0.670377
0.571429,0.678829
0.571429,0.687281
0.571429,0.695733
0.571429,0.704185
0.571429,0.712637
0.571429,0.721088
0.571429,0.729540
0.571429,0.737992
0.571429,0.746444
0.571429,0.754896
0.571429,0.763348
0.571429,0.771800
0.571429,0.780251
0.571429,0.788703
0.571429,0.797155
0.571429,0.805607
0.571429,0.814059
0.571429,0.822511
0.571429,0.830963
0.571429,0.839415
0.571429,0.847866
0.571429,0.856318
0.571429,0.864770
0.571429,0.873222
0.571429,0.881674
0.571429,0.890126
0.571429,0.898578
0.571429,0.907029
0.571429,0.915481
0.571429,0.923933
0.571429,0.932385
0.571429,0.940837
0.571429,0.949289
0.571429,0.957741
0.571429,0.966193
0.571429,0.974644
0.571429,0.983096
0.571429,0.991548
0.571429,1.000000
0.591837,0.175135
0.591837,0.183467
0.591837,0.191799
0.591837,0.200131
0.591837,0.208463
0.591837,0.216795
0.591837,0.225127
0.591837,0.233459
0.591837,0.241791
0.591837,0.250123
0.591837,0.258455
0.591837,0.266787
0.591837,0.275119
0.591837,0.283451
0.591837,0.291783
0.591837,0.300115
0.591837,0.308447
0.591837,0.316779
0.591837,0.325111
0.591837,0.333443
0.591837,0.341775
0.591837,0.350107
0.591837,0.358439
0.591837,0.366771
0.591837,0.375103
0.591837,0.383435
0.591837,0.391766
0.591837,0.400098
0.591837,0.408430
0.591837,0.416762
0.591837,0.425094
0.591837,0.433426
0.591837,0.441758
0.591837,0.450090
0.591837,0.458422
0.591837,0.466754
0.591837,0.475086
0.591837,0.483418
0.591837,0.491750
0.591837,0.500082
0.591837,0.508414
0.591837,0.516746
0.591837,0.525078
0.591837,0.533410
0.591837,0.541742
0.591837,0.550074
0.591837,0.558406
0.591837,0.566738
0.591837,0.575070
0.591837,0.583402
0.591837,0.591734
0.591837,0.600066
0.591837,0.608398
0.591837,0.616730
0.591837,0.625062
0.591837,0.633393
0.591837,0.641725
0.591837,0.650057
0.591837,0.658389
0.591837,0.666721
0.591837,0.675053
0.591837,0.683385
0.591837,0.691717
0.591837,0.700049
0.591837,0.708381
0.591837,0.716713
0.591837,0.725045
0.591837,0.733377
0.591837,0.741709
0.591837,0.750041
0.591837,0.758373
0.591837,0.766705
0.591837,0.775037
0.591837,0.783369
0.591837,0.791701
0.591837,0.800033
0.591837,0.808365
0.591837,0.816697
0.591837,0.825029
0.591837,0.833361
0.591837,0.841693
0.591837,0.850025
0.591837,0.858357
0.591837,0.866689
0.591837,0.875021
0.591837,0.883352
0.591837,0.891684
0.591837,0.900016
0.591837,0.908348
0.591837,0.916680
0.591837,0.925012
0.591837,0.933344
0.591837,0.941676
0.591837,0.950008
0.591837,0.958340
0.591837,0.966672
0.591837,0.975004
0.591837,0.983336
0.591837,0.991668
0.591837,1.000000
0.612245,0.187422
0.612245,0.195630
0.612245,0.203838
0.612245,0.212045
0.612245,0.220253
0.612245,0.228461
0.612245,0.236669
0.612245,0.244877
0.612245,0.253085
0.612245,0.261293
0.612245,0.269501
0.612245,0.277708
0.612245,0.285916
0.612245,0.294124
0.612245,0.302332
0.612245,0.310540
0.612245,0.318748
0.612245,0.326956
0.612245,0.335163
0.612245,0.343371
0.612245,0.351579
0.612245,0.359787
0.612245,0.367995
0.612245,0.376203
0.612245,0.384411
0.612245,0.392618
0.612245,0.400826
0.612245,0.409034
0.612245,0.417242
0.612245,0.425450
0.612245,0.433658
0.612245,0.441866
0.612245,0.450073
0.612245,0.458281
0.612245,0.466489
0.612245,0.474697
0.612245,0.482905
0.612245,0.491113
0.612245,0.499321
0.612245,0.507528
0.612245,0.515736
0.612245,0.523944
0.612245,0.532152
0.612245,0.540360
0.612245,0.548568
0.612245,0.556776
0.612245,0.564983
0.612245,0.573191
0.612245,0.581399
0.612245,0.589607
0.612245,0.597815
0.612245,0.606023
0.612245,0.614231
0.612245,0.622438
0.612245,0.630646
0.612245,0.638854
0.612245,0.647062
0.612245,0.655270
0.612245,0.663478
0.612245,0.671686
0.612245,0.679893
0.612245,0.688101
0.612245,0.696309
0.612245,0.704517
0.612245,0.712725
0.612245,0.720933
0.612245,0.729141
0.612245,0.737348
0.612245,0.745556
0.612245,0.753764
0.612245,0.761972
0.612245,0.770180
0.612245,0.778388
0.612245,0.786596
0.612245,0.794804
0.612245,0.803011
0.612245,0.811219
0.612245,0.819427
0.612245,0.827635
0.612245,0.835843
0.612245,0.844051
0.612245,0.852259
0.612245,0.860466
0.612245,0.868674
0.612245,0.876882
0.612245,0.885090
0.612245,0.893298
0.612245,0.901506
0.612245,0.909714
0.612245,0.917921
0.612245,0.926129
0.612245,0.934337
0.612245,0.942545
0.612245,0.950753
0.612245,0.958961
0.612245,0.967169
0.612245,0.975376
0.612245,0.983584
0.612245,0.991792
0.612245,1.000000
0.632653,0.200125
0.632653,0.208204
0.632653,0.216284
0.632653,0.224364
0.632653,0.232443
0.632653,0.240523
0.632653,0.248602
0.632653,0.256682
0.632653,0.264761
0.632653,0.272841
0.632653,0.280920
0.632653,0.289000
0.632653,0.297079
0.632653,0.305159
0.632653,0.313239
0.632653,0.321318
0.632653,0.329398
0.632653,0.337477
0.632653,0.345557
0.632653,0.353636
0.632653,0.361716
0.632653,0.369795
0.632653,0.377875
0.632653,0.385955
0.632653,0.394034
0.632653,0.402114
0.632653,0.410193
0.632653,0.418273
0.632653,0.426352
0.632653,0.434432
0.632653,0.442511
0.632653,0.450591
0.632653,0.458670
0.632653,0.466750
0.632653,0.474830
0.632653,0.482909
0.632653,0.490989
0.632653,0.499068
0.632653,0.507148
0.632653,0.515227
0.632653,0.523307
0.632653,0.531386
0.632653,0.539466
0.632653,0.547545
0.632653,0.555625
0.632653,0.563705
0.632653,0.571784
0.632653,0.579864
0.632653,0.587943
0.632653,0.596023
0.632653,0.604102
0.632653,0.612182
0.632653,0.620261
0.632653,0.628341
0.632653,0.636420
0.632653,0.644500
0.632653,0.652580
0.632653,0.660659
0.632653,0.668739
0.632653,0.676818
0.632653,0.684898
0.632653,0.692977
0.632653,0.701057
0.632653,0.709136
0.632653,0.717216
0.632653,0.725295
0.632653,0.733375
0.632653,0.741455
0.632653,0.749534
0.632653,0.757614
0.632653,0.765693
0.632653,0.773773
0.632653,0.781852
0.632653,0.789932
0.632653,0.798011
0.632653,0.806091
0.632653,0.814170
0.632653,0.822250
0.632653,0.830330
0.632653,0.838409
0.632653,0.846489
0.632653,0.854568
0.632653,0.862648
0.632653,0.870727
0.632653,0.878807
0.632653,0.886886
0.632653,0.894966
0.632653,0.903045
0.632653,0.911125
0.632653,0.919205
0.632653,0.927284
0.632653,0.935364
0.632653,0.943443
0.632653,0.951523
0.632653,0.959602
0.632653,0.967682
0.632653,0.975761
0.632653,0.983841
0.632653,0.991920
0.632653,1.000000
0.653061,0.213244
0.653061,0.221192
0.653061,0.229139
0.653061,0.237086
0.653061,0.245033
0.653061,0.252980
0.653061,0.260927
0.653061,0.268874
0.653061,0.276821
0.653061,0.284768
0.653061,0.292715
0.653061,0.300662
0.653061,0.308609
0.653061,0.316556
0.653061,0.324503
0.653061,0.332450
0.653061,0.340397
0.653061,0.348344
0.653061,0.356291
0.653061,0.364238
0.653061,0.372185
0.653061,0.380132
0.653061,0.388079
0.653061,0.396026
0.653061,0.403973
0.653061,0.411920
0.653061,0.419867
0.653061,0.427814
0.653061,0.435761
0.653061,0.443708
0.653061,0.451655
0.653061,0.459602
0.653061,0.467549
0.653061,0.475496
0.653061,0.483443
0.653061,0.491390
0.653061,0.499337
0.653061,0.507284
0.653061,0.515231
0.653061,0.523178
0.653061,0.531125
0.653061,0.539073
0.653061,0.547020
0.653061,0.554967
0.653061,0.562914
0.653061,0.570861
0.653061,0.578808
0.653061,0.586755
0.653061,0.594702
0.653061,0.602649
0.653061,0.610596
0.653061,0.618543
0.653061,0.626490
0.653061,0.634437
0.653061,0.642384
0.653061,0.650331
0.653061,0.658278
0.653061,0.666225
0.653061,0.674172
0.653061,0.682119
0.653061,0.690066
0.653061,0.698013
0.653061,0.705960
0.653061,0.713907
0.653061,0.721854
0.653061,0.729801
0.653061,0.737748
0.653061,0.745695
0.653061,0.753642
0.653061,0.761589
0.653061,0.769536
0.653061,0.777483
0.653061,0.785430
0.653061,0.793377
0.653061,0.801324
0.653061,0.809271
0.653061,0.817218
0.653061,0.825165
0.653061,0.833112
0.653061,0.841059
0.653061,0.849007
0.653061,0.856954
0.653061,0.864901
0.653061,0.872848
0.653061,0.880795
0.653061,0.888742
0.653061,0.896689
0.653061,0.904636
0.653061,0.912583
0.653061,0.920530
0.653061,0.928477
0.653061,0.936424
0.653061,0.944371
0.653061,0.952318
0.653061,0.960265
0.653061,0.968212
0.653061,0.976159
0.653061,0.984106
0.653061,0.992053
0.653061,1.000000
0.673469,0.226781
0.673469,0.234591
0.673469,0.242401
0.673469,0.250211
0.673469,0.258022
0.673469,0.265832
0.673469,0.273642
0.673469,0.281453
0.673469,0.289263
0.673469,0.297073
0.673469,0.304883
0.673469,0.312694
0.673469,0.320504
0.673469,0.328314
0.673469,0.336125
0.673469,0.343935
0.673469,0.351745
0.673469,0.359556
0.673469,0.367366
0.673469,0.375176
0.673469,0.382986
0.673469,0.390797
0.673469,0.398607
0.673469,0.406417
0.673469,0.414228
0.673469,0.422038
0.673469,0.429848
0.673469,0.437659
0.673469,0.445469
0.673469,0.453279
0.673469,0.461089
0.673469,0.468900
0.673469,0.476710
0.673469,0.484520
0.673469,0.492331
0.673469,0.500141
0.673469,0.507951
0.673469,0.515762
0.673469,0.523572
0.673469,0.531382
0.673469,0.539192
0.673469,0.547003
0.673469,0.554813
0.673469,0.562623
0.673469,0.570434
0.673469,0.578244
0.673469,0.586054
0.673469,0.593865
0.673469,0.601675
0.673469,0.609485
0.673469,0.617295
0.673469,0.625106
0.673469,0.632916
0.673469,0.640726
0.673469,0.648537
0.673469,0.656347
0.673469,0.664157
0.673469,0.671967
0.673469,0.679778
0.673469,0.687588
0.673469,0.695398
0.673469,0.703209
0.673469,0.711019
0.673469,0.718829
0.673469,0.726640
0.673469,0.734450
0.673469,0.742260
0.673469,0.750070
0.673469,0.757881
0.673469,0.765691
0.673469,0.773501
0.673469,0.781312
0.673469,0.789122
0.673469,0.796932
0.673469,0.804743
0.673469,0.812553
0.673469,0.820363
0.673469,0.828173
0.673469,0.835984
0.673469,0.843794
0.673469,0.851604
0.673469,0.859415
0.673469,0.867225
0.673469,0.875035
0.673469,0.882846
0.673469,0.890656
0.673469,0.898466
0.673469,0.906276
0.673469,0.914087
0.673469,0.921897
0.673469,0.929707
0.673469,0.937518
0.673469,0.945328
0.673469,0.953138
0.673469,0.960949
0.673469,0.968759
0.673469,0.976569
0.673469,0.984379
0.673469,0.992190
0.673469,1.000000
0.693878,0.240733
0.693878,0.248402
0.693878,0.256072
0.693878,0.263741
0.693878,0.271410
0.693878,0.279080
0.693878,0.286749
0.693878,0.294419
0.693878,0.302088
0.693878,0.309757
0.693878,0.317427
0.693878,0.325096
0.693878,0.332765
0.693878,0.340435
0.693878,0.348104
0.693878,0.355773
0.693878,0.363443
0.693878,0.371112
0.693878,0.378782
0.693878,0.386451
0.693878,0.394120
0.693878,0.401790
0.693878,0.409459
0.693878,0.417128
0.693878,0.424798
0.693878,0.432467
0.693878,0.440136
0.693878,0.447806
0.693878,0.455475
0.693878,0.463145
0.693878,0.470814
0.693878,0.478483
0.693878,0.486153
0.693878,0.493822
0.693878,0.501491
0.693878,0.509161
0.693878,0.516830
0.693878,0.524499
0.693878,0.532169
0.693878,0.539838
0.693878,0.547508
0.693878,0.555177
0.693878,0.562846
0.693878,0.570516
0.693878,0.578185
0.693878,0.585854
0.693878,0.593524
0.693878,0.601193
0.693878,0.608862
0.693878,0.616532
0.693878,0.624201
0.693878,0.631871
0.693878,0.639540
0.693878,0.647209
0.693878,0.654879
0.693878,0.662548
0.693878,0.670217
0.693878,0.677887
0.693878,0.685556
0.693878,0.693225
0.693878,0.700895
0.693878,0.708564
0.693878,0.716234
0.693878,0.723903
0.693878,0.731572
0.693878,0.739242
0.693878,0.746911
0.693878,0.754580
0.693878,0.762250
0.693878,0.769919
0.693878,0.777588
0.693878,0.785258
0.693878,0.792927
0.693878,0.800597
0.693878,0.808266
0.693878,0.815935
0.693878,0.823605
0.693878,0.831274
0.693878,0.838943
0.693878,0.846613
0.693878,0.854282
0.693878,0.861951
0.693878,0.869621
0.693878,0.877290
0.693878,0.884960
0.693878,0.892629
0.693878,0.900298
0.693878,0.907968
0.693878,0.915637
0.693878,0.923306
0.693878,0.930976
0.693878,0.938645
0.693878,0.946314
0.693878,0.953984
0.693878,0.961653
0.693878,0.969323
0.693878,0.976992
0.693878,0.984661
0.693878,0.992331
0.693878,1.000000
0.714286,0.255102
0.714286,0.262626
0.714286,0.270150
0.714286,0.277675
0.714286,0.285199
0.714286,0.292723
0.714286,0.300247
0.714286,0.307772
0.714286,0.315296
0.714286,0.322820
0.714286,0.330344
0.714286,0.337868
0.714286,0.345393
0.714286,0.352917
0.714286,0.360441
0.714286,0.367965
0.714286,0.375490
0.714286,0.383014
0.714286,0.390538
0.714286,0.398062
0.714286,0.405586
0.714286,0.413111
0.714286,0.420635
0.714286,0.428159
0.714286,0.435683
0.714286,0.443208
0.714286,0.450732
0.714286,0.458256
0.714286,0.465780
0.714286,0.473304
0.714286,0.480829
0.714286,0.488353
0.714286,0.495877
0.714286,0.503401
0.714286,0.510926
0.714286,0.518450
0.714286,0.525974
0.714286,0.533498
0.714286,0.541022
0.714286,0.548547
0.714286,0.556071
0.714286,0.563595
0.714286,0.571119
0.714286,0.578644
0.714286,0.586168
0.714286,0.593692
0.714286,0.601216
0.714286,0.608740
0.714286,0.616265
0.714286,0.623789
0.714286,0.631313
0.714286,0.638837
0.714286,0.646362
0.714286,0.653886
0.714286,0.661410
0.714286,0.668934
0.714286,0.676458
0.714286,0.683983
0.714286,0.691507
0.714286,0.699031
0.714286,0.706555
0.714286,0.714080
0.714286,0.721604
0.714286,0.729128
0.714286,0.736652
0.714286,0.744176
0.714286,0.751701
0.714286,0.759225
0.714286,0.766749
0.714286,0.774273
0.714286,0.781798
0.714286,0.789322
0.714286,0.796846
0.714286,0.804370
0.714286,0.811894
0.714286,0.819419
0.714286,0.826943
0.714286,0.834467
0.714286,0.841991
0.714286,0.849516
0.714286,0.857040
0.714286,0.864564
0.714286,0.872088
0.714286,0.879612
0.714286,0.887137
0.714286,0.894661
0.714286,0.902185
0.714286,0.909709
0.714286,0.917234
0.714286,0.924758
0.714286,0.932282
0.714286,0.939806
0.714286,0.947330
0.714286,0.954855
0.714286,0.962379
0.714286,0.969903
0.714286,0.977427
0.714286,0.984952
0.714286,0.992476
0.714286,1.000000
0.734694,0.269888
0.734694,0.277262
0.734694,0.284637
0.734694,0.292012
0.734694,0.299387
0.734694,0.306762
0.734694,0.314137
0.734694,0.321512
0.734694,0.328887
0.734694,0.336261
0.734694,0.343636
0.734694,0.351011
0.734694,0.358386
0.734694,0.365761
0.734694,0.373136
0.734694,0.380511
0.734694,0.387886
0.734694,0.395260
0.734694,0.402635
0.734694,0.410010
0.734694,0.417385
0.734694,0.424760
0.734694,0.432135
0.734694,0.439510
0.734694,0.446885
0.734694,0.454259
0.734694,0.461634
0.734694,0.469009
0.734694,0.476384
0.734694,0.483759
0.734694,0.491134
0.734694,0.498509
0.734694,0.505883
0.734694,0.513258
0.734694,0.520633
0.734694,0.528008
0.734694,0.535383
0.734694,0.542758
0.734694,0.550133
0.734694,0.557508
0.734694,0.564882
0.734694,0.572257
0.734694,0.579632
0.734694,0.587007
0.734694,0.594382
0.734694,0.601757
0.734694,0.609132
0.734694,0.616507
0.734694,0.623881
0.734694,0.631256
0.734694,0.638631
0.734694,0.646006
0.734694,0.653381
0.734694,0.660756
0.734694,0.668131
0.734694,0.675506
0.734694,0.682880
0.734694,0.690255
0.734694,0.697630
0.734694,0.705005
0.734694,0.712380
0.734694,0.719755
0.734694,0.727130
0.734694,0.734505
0.734694,0.741879
0.734694,0.749254
0.734694,0.756629
0.734694,0.764004
0.734694,0.771379
0.734694,0.778754
0.734694,0.786129
0.734694,0.793504
0.734694,0.800878
0.734694,0.808253
0.734694,0.815628
0.734694,0.823003
0.734694,0.830378
0.734694,0.837753
0.734694,0.845128
0.734694,0.852503
0.734694,0.859877
0.734694,0.867252
0.734694,0.874627
0.734694,0.882002
0.734694,0.889377
0.734694,0.896752
0.734694,0.904127
0.734694,0.911502
0.734694,0.918876
0.734694,0.926251
0.734694,0.933626
0.734694,0.941001
0.734694,0.948376
0.734694,0.955751
0.734694,0.963126
0.734694,0.970501
0.734694,0.977875
0.734694,0.985250
0.734694,0.992625
0.734694,1.000000
0.755102,0.285090
0.755102,0.292311
0.755102,0.299532
0.755102,0.306753
0.755102,0.313975
0.755102,0.321196
0.755102,0.328417
0.755102,0.335639
0.755102,0.342860
0.755102,0.350081
0.755102,0.357303
0.755102,0.364524
0.755102,0.371745
0.755102,0.378967
0.755102,0.386188
0.755102,0.393409
0.755102,0.400631
0.755102,0.407852
0.755102,0.415073
0.755102,0.422295
0.755102,0.429516
0.755102,0.436737
0.755102,0.443959
0.755102,0.451180
0.755102,0.458401
0.755102,0.465622
0.755102,0.472844
0.755102,0.480065
0.755102,0.487286
0.755102,0.494508
0.755102,0.501729
0.755102,0.508950
0.755102,0.516172
0.755102,0.523393
0.755102,0.530614
0.755102,0.537836
0.755102,0.545057
0.755102,0.552278
0.755102,0.559500
0.755102,0.566721
0.755102,0.573942
0.755102,0.581164
0.755102,0.588385
0.755102,0.595606
0.755102,0.602828
0.755102,0.610049
0.755102,0.617270
0.755102,0.624491
0.755102,0.631713
0.755102,0.638934
0.755102,0.646155
0.755102,0.653377
0.755102,0.660598
0.755102,0.667819
0.755102,0.675041
0.755102,0.682262
0.755102,0.689483
0.755102,0.696705
0.755102,0.703926
0.755102,0.711147
0.755102,0.718369
0.755102,0.725590
0.755102,0.732811
0.755102,0.740033
0.755102,0.747254
0.755102,0.754475
0.755102,0.761697
0.755102,0.768918
0.755102,0.776139
0.755102,0.783360
0.755102,0.790582
0.755102,0.797803
0.755102,0.805024
0.755102,0.812246
0.755102,0.819467
0.755102,0.826688
0.755102,0.833910
0.755102,0.841131
0.755102,0.848352
0.755102,0.855574
0.755102,0.862795
0.755102,0.870016
0.755102,0.877238
0.755102,0.884459
0.755102,0.891680
0.755102,0.898902
0.755102,0.906123
0.755102,0.913344
0.755102,0.920566
0.755102,0.927787
0.755102,0.935008
0.755102,0.942229
0.755102,0.949451
0.755102,0.956672
0.755102,0.963893
0.755102,0.971115
0.755102,0.978336
0.755102,0.985557
0.755102,0.992779
0.755102,1.000000
0.775510,0.300708
0.775510,0.307772
0.775510,0.314835
0.775510,0.321899
0.775510,0.328962
0.775510,0.336026
0.775510,0.343089
0.775510,0.350153
0.775510,0.357216
0.775510,0.364280
0.775510,0.371344
0.775510,0.378407
0.775510,0.385471
0.775510,0.392534
0.775510,0.399598
0.775510,0.406661
0.775510,0.413725
0.775510,0.420788
0.775510,0.427852
0.775510,0.434916
0.775510,0.441979
0.775510,0.449043
0.775510,0.456106
0.775510,0.463170
0.775510,0.470233
0.775510,0.477297
0.775510,0.484360
0.775510,0.491424
0.775510,0.498488
0.775510,0.505551
0.775510,0.512615
0.775510,0.519678
0.775510,0.526742
0.775510,0.533805
0.775510,0.540869
0.775510,0.547932
0.775510,0.554996
0.775510,0.562060
0.775510,0.569123
0.775510,0.576187
0.775510,0.583250
0.775510,0.590314
0.775510,0.597377
0.775510,0.604441
0.775510,0.611504
0.775510,0.618568
0.775510,0.625632
0.775510,0.632695
0.775510,0.639759
0.775510,0.646822
0.775510,0.653886
0.775510,0.660949
0.775510,0.668013
0.775510,0.675076
0.775510,0.682140
0.775510,0.689204
0.775510,0.696267
0.775510,0.703331
0.775510,0.710394
0.775510,0.717458
0.775510,0.724521
0.775510,0.731585
0.775510,0.738648
0.775510,0.745712
0.775510,0.752776
0.775510,0.759839
0.775510,0.766903
0.775510,0.773966
0.775510,0.781030
0.775510,0.788093
0.775510,0.795157
0.775510,0.802220
0.775510,0.809284
0.775510,0.816348
0.775510,0.823411
0.775510,0.830475
0.775510,0.837538
0.775510,0.844602
0.775510,0.851665
0.775510,0.858729
0.775510,0.865792
0.775510,0.872856
0.775510,0.879920
0.775510,0.886983
0.775510,0.894047
0.775510,0.901110
0.775510,0.908174
0.775510,0.915237
0.775510,0.922301
0.775510,0.929364
0.775510,0.936428
0.775510,0.943492
0.775510,0.950555
0.775510,0.957619
0.775510,0.964682
0.775510,0.971746
0.775510,0.978809
0.775510,0.985873
0.775510,0.992936
0.775510,1.000000
0.795918,0.316743
0.795918,0.323645
0.795918,0.330546
0.795918,0.337448
0.795918,0.344349
0.795918,0.351251
0.795918,0.358153
0.795918,0.365054
0.795918,0.371956
0.795918,0.378857
0.795918,0.385759
0.795918,0.392660
0.795918,0.399562
0.795918,0.406464
0.795918,0.413365
0.795918,0.420267
0.795918,0.427168
0.795918,0.434070
0.795918,0.440972
0.795918,0.447873
0.795918,0.454775
0.795918,0.461676
0.795918,0.468578
0.795918,0.475479
0.795918,0.482381
0.795918,0.489283
0.795918,0.496184
0.795918,0.503086
0.795918,0.509987
0.795918,0.516889
0.795918,0.523791
0.795918,0.530692
0.795918,0.537594
0.795918,0.544495
0.795918,0.551397
0.795918,0.558299
0.795918,0.565200
0.795918,0.572102
0.795918,0.579003
0.795918,0.585905
0.795918,0.592806
0.795918,0.599708
0.795918,0.606610
0.795918,0.613511
0.795918,0.620413
0.795918,0.627314
0.795918,0.634216
0.795918,0.641118
0.795918,0.648019
0.795918,0.654921
0.795918,0.661822
0.795918,0.668724
0.795918,0.675625
0.795918,0.682527
0.795918,0.689429
0.795918,0.696330
0.795918,0.703232
0.795918,0.710133
0.795918,0.717035
0.795918,0.723937
0.795918,0.730838
0.795918,0.737740
0.795918,0.744641
0.795918,0.751543
0.795918,0.758445
0.795918,0.765346
0.795918,0.772248
0.795918,0.779149
0.795918,0.786051
0.795918,0.792952
0.795918,0.799854
0.795918,0.806756
0.795918,0.813657
0.795918,0.820559
0.795918,0.827460
0.795918,0.834362
0.795918,0.841264
0.795918,0.848165
0.795918,0.855067
0.795918,0.861968
0.795918,0.868870
0.795918,0.875771
0.795918,0.882673
0.795918,0.889575
0.795918,0.896476
0.795918,0.903378
0.795918,0.910279
0.795918,0.917181
0.795918,0.924083
0.795918,0.930984
0.795918,0.937886
0.795918,0.944787
0.795918,0.951689
0.795918,0.958590
0.795918,0.965492
0.795918,0.972394
0.795918,0.979295
0.795918,0.986197
0.795918,0.993098
0.795918,1.000000
0.816327,0.333195
0.816327,0.339930
0.816327,0.346665
0.816327,0.353401
0.816327,0.360136
0.816327,0.366872
0.816327,0.373607
0.816327,0.380342
0.816327,0.387078
0.816327,0.393813
0.816327,0.400549
0.816327,0.407284
0.816327,0.414019
0.816327,0.420755
0.816327,0.427490
0.816327,0.434226
0.816327,0.440961
0.816327,0.447696
0.816327,0.454432
0.816327,0.461167
0.816327,0.467903
0.816327,0.474638
0.816327,0.481374
0.816327,0.488109
0.816327,0.494844
0.816327,0.501580
0.816327,0.508315
0.816327,0.515051
0.816327,0.521786
0.816327,0.528521
0.816327,0.535257
0.816327,0.541992
0.816327,0.548728
0.816327,0.555463
0.816327,0.562198
0.816327,0.568934
0.816327,0.575669
0.816327,0.582405
0.816327,0.589140
0.816327,0.595875
0.816327,0.602611
0.816327,0.609346
0.816327,0.616082
0.816327,0.622817
0.816327,0.629553
0.816327,0.636288
0.816327,0.643023
0.816327,0.649759
0.816327,0.656494
0.816327,0.663230
0.816327,0.669965
0.816327,0.676700
0.816327,0.683436
0.816327,0.690171
0.816327,0.696907
0.816327,0.703642
0.816327,0.710377
0.816327,0.717113
0.816327,0.723848
0.816327,0.730584
0.816327,0.737319
0.816327,0.744054
0.816327,0.750790
0.816327,0.757525
0.816327,0.764261
0.816327,0.770996
0.816327,0.777732
0.816327,0.784467
0.816327,0.791202
0.816327,0.797938
0.816327,0.804673
0.816327,0.811409
0.816327,0.818144
0.816327,0.824879
0.816327,0.831615
0.816327,0.838350
0.816327,0.845086
0.816327,0.851821
0.816327,0.858556
0.816327,0.865292
0.816327,0.872027
0.816327,0.878763
0.816327,0.885498
0.816327,0.892233
0.816327,0.898969
0.816327,0.905704
0.816327,0.912440
0.816327,0.919175
0.816327,0.925911
0.816327,0.932646
0.816327,0.939381
0.816327,0.946117
0.816327,0.952852
0.816327,0.959588
0.816327,0.966323
0.816327,0.973058
0.816327,0.979794
0.816327,0.986529
0.816327,0.993265
0.816327,1.000000
0.836735,0.350062
0.836735,0.356627
0.836735,0.363193
0.836735,0.369758
0.836735,0.376323
0.836735,0.382888
0.836735,0.389453
0.836735,0.396018
0.836735,0.402583
0.836735,0.409148
0.836735,0.415713
0.836735,0.422278
0.836735,0.428843
0.836735,0.435408
0.836735,0.441973
0.836735,0.448538
0.836735,0.455103
0.836735,0.461668
0.836735,0.468233
0.836735,0.474798
0.836735,0.481363
0.836735,0.487928
0.836735,0.494493
0.836735,0.501058
0.836735,0.507623
0.836735,0.514188
0.836735,0.520753
0.836735,0.527318
0.836735,0.533883
0.836735,0.540448
0.836735,0.547013
0.836735,0.553578
0.836735,0.560143
0.836735,0.566708
0.836735,0.573273
0.836735,0.579838
0.836735,0.586403
0.836735,0.592968
0.836735,0.599533
0.836735,0.606098
0.836735,0.612663
0.836735,0.619229
0.836735,0.625794
0.836735,0.632359
0.836735,0.638924
0.836735,0.645489
0.836735,0.652054
0.836735,0.658619
0.836735,0.665184
0.836735,0.671749
0.836735,0.678314
0.836735,0.684879
0.836735,0.691444
0.836735,0.698009
0.836735,0.704574
0.836735,0.711139
0.836735,0.717704
0.836735,0.724269
0.836735,0.730834
0.836735,0.737399
0.836735,0.743964
0.836735,0.750529
0.836735,0.757094
0.836735,0.763659
0.836735,0.770224
0.836735,0.776789
0.836735,0.783354
0.836735,0.789919
0.836735,0.796484
0.836735,0.803049
0.836735,0.809614
0.836735,0.816179
0.836735,0.822744
0.836735,0.829309
0.836735,0.835874
0.836735,0.842439
0.836735,0.849004
0.836735,0.855569
0.836735,0.862134
0.836735,0.868699
0.836735,0.875265
0.836735,0.881830
0.836735,0.888395
0.836735,0.894960
0.836735,0.901525
0.836735,0.908090
0.836735,0.914655
0.836735,0.921220
0.836735,0.927785
0.836735,0.934350
0.836735,0.940915
0.836735,0.947480
0.836735,0.954045
0.836735,0.960610
0.836735,0.967175
0.836735,0.973740
0.836735,0.980305
0.836735,0.986870
0.836735,0.993435
0.836735,1.000000
0.857143,0.367347
0.857143,0.373737
0.857143,0.380128
0.857143,0.386518
0.857143,0.392909
0.857143,0.399299
0.857143,0.405690
0.857143,0.412080
0.857143,0.418470
0.857143,0.424861
0.857143,0.431251
0.857143,0.437642
0.857143,0.444032
0.857143,0.450423
0.857143,0.456813
0.857143,0.463203
0.857143,0.469594
0.857143,0.475984
0.857143,0.482375
0.857143,0.488765
0.857143,0.495156
0.857143,0.501546
0.857143,0.507937
0.857143,0.514327
0.857143,0.520717
0.857143,0.527108
0.857143,0.533498
0.857143,0.539889
0.857143,0.546279
0.857143,0.552670
0.857143,0.559060
0.857143,0.565450
0.857143,0.571841
0.857143,0.578231
0.857143,0.584622
0.857143,0.591012
0.857143,0.597403
0.857143,0.603793
0.857143,0.610183
0.857143,0.616574
0.857143,0.622964
0.857143,0.629355
0.857143,0.635745
0.857143,0.642136
0.857143,0.648526
0.857143,0.654917
0.857143,0.661307
0.857143,0.667697
0.857143,0.674088
0.857143,0.680478
0.857143,0.686869
0.857143,0.693259
0.857143,0.699650
0.857143,0.706040
0.857143,0.712430
0.857143,0.718821
0.857143,0.725211
0.857143,0.731602
0.857143,0.737992
0.857143,0.744383
0.857143,0.750773
0.857143,0.757163
0.857143,0.763554
0.857143,0.769944
0.857143,0.776335
0.857143,0.782725
0.857143,0.789116
0.857143,0.795506
0.857143,0.801897
0.857143,0.808287
0.857143,0.814677
0.857143,0.821068
0.857143,0.827458
0.857143,0.833849
0.857143,0.840239
0.857143,0.846630
0.857143,0.853020
0.857143,0.859410
0.857143,0.865801
0.857143,0.872191
0.857143,0.878582
0.857143,0.884972
0.857143,0.891363
0.857143,0.897753
0.857143,0.904143
0.857143,0.910534
0.857143,0.916924
0.857143,0.923315
0.857143,0.929705
0.857143,0.936096
0.857143,0.942486
0.857143,0.948877
0.857143,0.955267
0.857143,0.961657
0.857143,0.968048
0.857143,0.974438
0.857143,0.980829
0.857143,0.987219
0.857143,0.993610
0.857143,1.000000
0.877551,0.385048
0.877551,0.391260
0.877551,0.397471
0.877551,0.403683
0.877551,0.409894
0.877551,0.416106
0.877551,0.422318
0.877551,0.428529
0.877551,0.434741
0.877551,0.440953
0.877551,0.447164
0.877551,0.453376
0.877551,0.459588
0.877551,0.465799
0.877551,0.472011
0.877551,0.478222
0.877551,0.484434
0.877551,0.490646
0.877551,0.496857
0.877551,0.503069
0.877551,0.509281
0.877551,0.515492
0.877551,0.521704
0.877551,0.527916
0.877551,0.534127
0.877551,0.540339
0.877551,0.546550
0.877551,0.552762
0.877551,0.558974
0.877551,0.565185
0.877551,0.571397
0.877551,0.577609
0.877551,0.583820
0.877551,0.590032
0.877551,0.596244
0.877551,0.602455
0.877551,0.608667
0.877551,0.614878
0.877551,0.621090
0.877551,0.627302
0.877551,0.633513
0.877551,0.639725
0.877551,0.645937
0.877551,0.652148
0.877551,0.658360
0.877551,0.664572
0.877551,0.670783
0.877551,0.676995
0.877551,0.683206
0.877551,0.689418
0.877551,0.695630
0.877551,0.701841
0.877551,0.708053
0.877551,0.714265
0.877551,0.720476
0.877551,0.726688
0.877551,0.732900
0.877551,0.739111
0.877551,0.745323
0.877551,0.751535
0.877551,0.757746
0.877551,0.763958
0.877551,0.770169
0.877551,0.776381
0.877551,0.782593
0.877551,0.788804
0.877551,0.795016
0.877551,0.801228
0.877551,0.807439
0.877551,0.813651
0.877551,0.819863
0.877551,0.826074
0.877551,0.832286
0.877551,0.838497
0.877551,0.844709
0.877551,0.850921
0.877551,0.857132
0.877551,0.863344
0.877551,0.869556
0.877551,0.875767
0.877551,0.881979
0.877551,0.888191
0.877551,0.894402
0.877551,0.900614
0.877551,0.906825
0.877551,0.913037
0.877551,0.919249
0.877551,0.925460
0.877551,0.931672
0.877551,0.937884
0.877551,0.944095
0.877551,0.950307
0.877551,0.956519
0.877551,0.962730
0.877551,0.968942
0.877551,0.975153
0.877551,0.981365
0.877551,0.987577
0.877551,0.993788
0.877551,1.000000
0.897959,0.403165
0.897959,0.409194
0.897959,0.415223
0.897959,0.421251
0.897959,0.427280
0.897959,0.433309
0.897959,0.439337
0.897959,0.445366
0.897959,0.451394
0.897959,0.457423
0.897959,0.463452
0.897959,0.469480
0.897959,0.475509
0.897959,0.481538
0.897959,0.487566
0.897959,0.493595
0.897959,0.499623
0.897959,0.505652
0.897959,0.511681
0.897959,0.517709
0.897959,0.523738
0.897959,0.529767
0.897959,0.535795
0.897959,0.541824
0.897959,0.547853
0.897959,0.553881
0.897959,0.559910
0.897959,0.565938
0.897959,0.571967
0.897959,0.577996
0.897959,0.584024
0.897959,0.590053
0.897959,0.596082
0.897959,0.602110
0.897959,0.608139
0.897959,0.614167
0.897959,0.620196
0.897959,0.626225
0.897959,0.632253
0.897959,0.638282
0.897959,0.644311
0.897959,0.650339
0.897959,0.656368
0.897959,0.662397
0.897959,0.668425
0.897959,0.674454
0.897959,0.680482
0.897959,0.686511
0.897959,0.692540
0.897959,0.698568
0.897959,0.704597
0.897959,0.710626
0.897959,0.716654
0.897959,0.722683
0.897959,0.728712
0.897959,0.734740
0.897959,0.740769
0.897959,0.746797
0.897959,0.752826
0.897959,0.758855
0.897959,0.764883
0.897959,0.770912
0.897959,0.776941
0.897959,0.782969
0.897959,0.788998
0.897959,0.795026
0.897959,0.801055
0.897959,0.807084
0.897959,0.813112
0.897959,0.819141
0.897959,0.825170
0.897959,0.831198
0.897959,0.837227
0.897959,0.843256
0.897959,0.849284
0.897959,0.855313
0.897959,0.861341
0.897959,0.867370
0.897959,0.873399
0.897959,0.879427
0.897959,0.885456
0.897959,0.891485
0.897959,0.897513
0.897959,0.903542
0.897959,0.909571
0.897959,0.915599
0.897959,0.921628
0.897959,0.927656
0.897959,0.933685
0.897959,0.939714
0.897959,0.945742
0.897959,0.951771
0.897959,0.957800
0.897959,0.963828
0.897959,0.969857
0.897959,0.975885
0.897959,0.981914
0.897959,0.987943
0.897959,0.993971
0.897959,1.000000
0.918367,0.421699
0.918367,0.427541
0.918367,0.433382
0.918367,0.439224
0.918367,0.445065
0.918367,0.450906
0.918367,0.456748
0.918367,0.462589
0.918367,0.468431
0.918367,0.474272
0.918367,0.480114
0.918367,0.485955
0.918367,0.491796
0.918367,0.497638
0.918367,0.503479
0.918367,0.509321
0.918367,0.515162
0.918367,0.521003
0.918367,0.526845
0.918367,0.532686
0.918367,0.538528
0.918367,0.544369
0.918367,0.550211
0.918367,0.556052
0.918367,0.561893
0.918367,0.567735
0.918367,0.573576
0.918367,0.579418
0.918367,0.585259
0.918367,0.591101
0.918367,0.596942
0.918367,0.602783
0.918367,0.608625
0.918367,0.614466
0.918367,0.620308
0.918367,0.626149
0.918367,0.631990
0.918367,0.637832
0.918367,0.643673
0.918367,0.649515
0.918367,0.655356
0.918367,0.661198
0.918367,0.667039
0.918367,0.672880
0.918367,0.678722
0.918367,0.684563
0.918367,0.690405
0.918367,0.696246
0.918367,0.702088
0.918367,0.707929
0.918367,0.713770
0.918367,0.719612
0.918367,0.725453
0.918367,0.731295
0.918367,0.737136
0.918367,0.742977
0.918367,0.748819
0.918367,0.754660
0.918367,0.760502
0.918367,0.766343
0.918367,0.772185
0.918367,0.778026
0.918367,0.783867
0.918367,0.789709
0.918367,0.795550
0.918367,0.801392
0.918367,0.807233
0.918367,0.813075
0.918367,0.818916
0.918367,0.824757
0.918367,0.830599
0.918367,0.836440
0.918367,0.842282
0.918367,0.848123
0.918367,0.853964
0.918367,0.859806
0.918367,0.865647
0.918367,0.871489
0.918367,0.877330
0.918367,0.883172
0.918367,0.889013
0.918367,0.894854
0.918367,0.900696
0.918367,0.906537
0.918367,0.912379
0.918367,0.918220
0.918367,0.924062
0.918367,0.929903
0.918367,0.935744
0.918367,0.941586
0.918367,0.947427
0.918367,0.953269
0.918367,0.959110
0.918367,0.964951
0.918367,0.970793
0.918367,0.976634
0.918367,0.982476
0.918367,0.988317
0.918367,0.994159
0.918367,1.000000
0.938776,0.440650
0.938776,0.446300
0.938776,0.451950
0.938776,0.457600
0.938776,0.463250
0.938776,0.468900
0.938776,0.474550
0.938776,0.480200
0.938776,0.485850
0.938776,0.491500
0.938776,0.497150
0.938776,0.502800
0.938776,0.508450
0.938776,0.514100
0.938776,0.519750
0.938776,0.525400
0.938776,0.531050
0.938776,0.536700
0.938776,0.542350
0.938776,0.548000
0.938776,0.553650
0.938776,0.559300
0.938776,0.564950
0.938776,0.570600
0.938776,0.576250
0.938776,0.581900
0.938776,0.587550
0.938776,0.593200
0.938776,0.598850
0.938776,0.604500
0.938776,0.610150
0.938776,0.615800
0.938776,0.621450
0.938776,0.627100
0.938776,0.632750
0.938776,0.638400
0.938776,0.644050
0.938776,0.649700
0.938776,0.655350
0.938776,0.661000
0.938776,0.666650
0.938776,0.672300
0.938776,0.677950
0.938776,0.683600
0.938776,0.689250
0.938776,0.694900
0.938776,0.700550
0.938776,0.706200
0.938776,0.711850
0.938776,0.717500
0.938776,0.723150
0.938776,0.728800
0.938776,0.734450
0.938776,0.740100
0.938776,0.745750
0.938776,0.751400
0.938776,0.757050
0.938776,0.762700
0.938776,0.768350
0.938776,0.774000
0.938776,0.779650
0.938776,0.785300
0.938776,0.790950
0.938776,0.796600
0.938776,0.802250
0.938776,0.807900
0.938776,0.813550
0.938776,0.819200
0.938776,0.824850
0.938776,0.830500
0.938776,0.836150
0.938776,0.841800
0.938776,0.847450
0.938776,0.853100
0.938776,0.858750
0.938776,0.864400
0.938776,0.870050
0.938776,0.875700
0.938776,0.881350
0.938776,0.887000
0.938776,0.892650
0.938776,0.898300
0.938776,0.903950
0.938776,0.909600
0.938776,0.915250
0.938776,0.920900
0.938776,0.926550
0.938776,0.932200
0.938776,0.937850
0.938776,0.943500
0.938776,0.949150
0.938776,0.954800
0.938776,0.960450
0.938776,0.966100
0.938776,0.971750
0.938776,0.977400
0.938776,0.983050
0.938776,0.988700
0.938776,0.994350
0.938776,1.000000
0.959184,0.460017
0.959184,0.465471
0.959184,0.470925
0.959184,0.476380
0.959184,0.481834
0.959184,0.487289
0.959184,0.492743
0.959184,0.498197
0.959184,0.503652
0.959184,0.509106
0.959184,0.514560
0.959184,0.520015
0.959184,0.525469
0.959184,0.530924
0.959184,0.536378
0.959184,0.541832
0.959184,0.547287
0.959184,0.552741
0.959184,0.558195
0.959184,0.563650
0.959184,0.569104
0.959184,0.574559
0.959184,0.580013
0.959184,0.585467
0.959184,0.590922
0.959184,0.596376
0.959184,0.601830
0.959184,0.607285
0.959184,0.612739
0.959184,0.618194
0.959184,0.623648
0.959184,0.629102
0.959184,0.634557
0.959184,0.640011
0.959184,0.645465
0.959184,0.650920
0.959184,0.656374
0.959184,0.661829
0.959184,0.667283
0.959184,0.672737
0.959184,0.678192
0.959184,0.683646
0.959184,0.689101
0.959184,0.694555
0.959184,0.700009
0.959184,0.705464
0.959184,0.710918
0.959184,0.716372
0.959184,0.721827
0.959184,0.727281
0.959184,0.732736
0.959184,0.738190
0.959184,0.743644
0.959184,0.749099
0.959184,0.754553
0.959184,0.760007
0.959184,0.765462
0.959184,0.770916
0.959184,0.776371
0.959184,0.781825
0.959184,0.787279
0.959184,0.792734
0.959184,0.798188
0.959184,0.803642
0.959184,0.809097
0.959184,0.814551
0.959184,0.820006
0.959184,0.825460
0.959184,0.830914
0.959184,0.836369
0.959184,0.841823
0.959184,0.847277
0.959184,0.852732
0.959184,0.858186
0.959184,0.863641
0.959184,0.869095
0.959184,0.874549
0.959184,0.880004
0.959184,0.885458
0.959184,0.890912
0.959184,0.896367
0.959184,0.901821
0.959184,0.907276
0.959184,0.912730
0.959184,0.918184
0.959184,0.923639
0.959184,0.929093
0.959184,0.934547
0.959184,0.940002
0.959184,0.945456
0.959184,0.950911
0.959184,0.956365
0.959184,0.961819
0.959184,0.967274
0.959184,0.972728
0.959184,0.978182
0.959184,0.983637
0.959184,0.989091
0.959184,0.994546
0.959184,1.000000
0.979592,0.479800
0.979592,0.485055
0.979592,0.490309
0.979592,0.495564
0.979592,0.500818
0.979592,0.506073
0.979592,0.511327
0.979592,0.516582
0.979592,0.521836
0.979592,0.527091
0.979592,0.532346
0.979592,0.537600
0.979592,0.542855
0.979592,0.548109
0.979592,0.553364
0.979592,0.558618
0.979592,0.563873
0.979592,0.569127
0.979592,0.574382
0.979592,0.579636
0.979592,0.584891
0.979592,0.590146
0.979592,0.595400
0.979592,0.600655
0.979592,0.605909
0.979592,0.611164
0.979592,0.616418
0.979592,0.621673
0.979592,0.626927
0.979592,0.632182
0.979592,0.637436
0.979592,0.642691
0.979592,0.647946
0.979592,0.653200
0.979592,0.658455
0.979592,0.663709
0.979592,0.668964
0.979592,0.674218
0.979592,0.679473
0.979592,0.684727
0.979592,0.689982
0.979592,0.695236
0.979592,0.700491
0.979592,0.705746
0.979592,0.711000
0.979592,0.716255
0.979592,0.721509
0.979592,0.726764
0.979592,0.732018
0.979592,0.737273
0.979592,0.742527
0.979592,0.747782
0.979592,0.753036
0.979592,0.758291
0.979592,0.763545
0.979592,0.768800
0.979592,0.774055
0.979592,0.779309
0.979592,0.784564
0.979592,0.789818
0.979592,0.795073
0.979592,0.800327
0.979592,0.805582
0.979592,0.810836
0.979592,0.816091
0.979592,0.821345
0.979592,0.826600
0.979592,0.831855
0.979592,0.837109
0.979592,0.842364
0.979592,0.847618
0.979592,0.852873
0.979592,0.858127
0.979592,0.863382
0.979592,0.868636
0.979592,0.873891
0.979592,0.879145
0.979592,0.884400
0.979592,0.889655
0.979592,0.894909
0.979592,0.900164
0.979592,0.905418
0.979592,0.910673
0.979592,0.915927
0.979592,0.921182
0.979592,0.926436
0.979592,0.931691
0.979592,0.936945
0.979592,0.942200
0.979592,0.947455
0.979592,0.952709
0.979592,0.957964
0.979592,0.963218
0.979592,0.968473
0.979592,0.973727
0.979592,0.978982
0.979592,0.984236
0.979592,0.989491
0.979592,0.994745
0.979592,1.000000
1.000000,0.500000
1.000000,0.505051
1.000000,0.510101
1.000000,0.515152
1.000000,0.520202
1.000000,0.525253
1.000000,0.530303
1.000000,0.535354
1.000000,0.540404
1.000000,0.545455
1.000000,0.550505
1.000000,0.555556
1.000000,0.560606
1.000000,0.565657
1.000000,0.570707
1.000000,0.575758
1.000000,0.580808
1.000000,0.585859
1.000000,0.590909
1.000000,0.595960
1.000000,0.601010
1.000000,0.606061
1.000000,0.611111
1.000000,0.616162
1.000000,0.621212
1.000000,0.626263
1.000000,0.631313
1.000000,0.636364
1.000000,0.641414
1.000000,0.646465
1.000000,0.651515
1.000000,0.656566
1.000000,0.661616
1.000000,0.666667
1.000000,0.671717
1.000000,0.676768
1.000000,0.681818
1.000000,0.686869
1.000000,0.691919
1.000000,0.696970
1.000000,0.702020
1.000000,0.707071
1.000000,0.712121
1.000000,0.717172
1.000000,0.722222
1.000000,0.727273
1.000000,0.732323
1.000000,0.737374
1.000000,0.742424
1.000000,0.747475
1.000000,0.752525
1.000000,0.757576
1.000000,0.762626
1.000000,0.767677
1.000000,0.772727
1.000000,0.777778
1.000000,0.782828
1.000000,0.787879
1.000000,0.792929
1.000000,0.797980
1.000000,0.803030
1.000000,0.808081
1.000000,0.813131
1.000000,0.818182
1.000000,0.823232
1.000000,0.828283
1.000000,0.833333
1.000000,0.838384
1.000000,0.843434
1.000000,0.848485
1.000000,0.853535
1.000000,0.858586
1.000000,0.863636
1.000000,0.868687
1.000000,0.873737
1.000000,0.878788
1.000000,0.883838
1.000000,0.888889
1.000000,0.893939
1.000000,0.898990
1.000000,0.904040
1.000000,0.909091
1.000000,0.914141
1.000000,0.919192
1.000000,0.924242
1.000000,0.929293
1.000000,0.934343
1.000000,0.939394
1.000000,0.944444
1.000000,0.949495
1.000000,0.954545
1.000000,0.959596
1.000000,0.964646
1.000000,0.969697
1.000000,0.974747
1.000000,0.979798
1.000000,0.984848
1.000000,0.989899
1.000000,0.994949
1.000000,1.000000
1.020408,0.500000
1.020408,0.505051
1.020408,0.510101
1.020408,0.515152
1.020408,0.520202
1.020408,0.525253
1.020408,0.530303
1.020408,0.535354
1.020408,0.540404
1.020408,0.545455
1.020408,0.550505
1.020408,0.555556
1.020408,0.560606
1.020408,0.565657
1.020408,0.570707
1.020408,0.575758
1.020408,0.580808
1.020408,0.585859
1.020408,0.590909
1.020408,0.595960
1.020408,0.601010
1.020408,0.606061
1.020408,0.611111
1.020408,0.616162
1.020408,0.621212
1.020408,0.626263
1.020408,0.631313
1.020408,0.636364
1.020408,0.641414
1.020408,0.646465
1.020408,0.651515
1.020408,0.656566
1.020408,0.661616
1.020408,0.666667
1.020408,0.671717
1.020408,0.676768
1.020408,0.681818
1.020408,0.686869
1.020408,0.691919
1.020408,0.696970
1.020408,0.702020
1.020408,0.707071
1.020408,0.712121
1.020408,0.717172
1.020408,0.722222
1.020408,0.727273
1.020408,0.732323
1.020408,0.737374
1.020408,0.742424
1.020408,0.747475
1.020408,0.752525
1.020408,0.757576
1.020408,0.762626
1.020408,0.767677
1.020408,0.772727
1.020408,0.777778
1.020408,0.782828
1.020408,0.787879
1.020408,0.792929
1.020408,0.797980
1.020408,0.803030
1.020408,0.808081
1.020408,0.813131
1.020408,0.818182
1.020408,0.823232
1.020408,0.828283
1.020408,0.833333
1.020408,0.838384
1.020408,0.843434
1.020408,0.848485
1.020408,0.853535
1.020408,0.858586
1.020408,0.863636
1.020408,0.868687
1.020408,0.873737
1.020408,0.878788
1.020408,0.883838
1.020408,0.888889
1.020408,0.893939
1.020408,0.898990
1.020408,0.904040
1.020408,0.909091
1.020408,0.914141
1.020408,0.919192
1.020408,0.924242
1.020408,0.929293
1.020408,0.934343
1.020408,0.939394
1.020408,0.944444
1.020408,0.949495
1.020408,0.954545
1.020408,0.959596
1.020408,0.964646
1.020408,0.969697
1.020408,0.974747
1.020408,0.979798
1.020408,0.984848
1.020408,0.989899
1.020408,0.994949
1.020408,1.000000
1.040816,0.500000
1.040816,0.505051
1.040816,0.510101
1.040816,0.515152
1.040816,0.520202
1.040816,0.525253
1.040816,0.530303
1.040816,0.535354
1.040816,0.540404
1.040816,0.545455
1.040816,0.550505
1.040816,0.555556
1.040816,0.560606
1.040816,0.565657
1.040816,0.570707
1.040816,0.575758
1.040816,0.580808
1.040816,0.585859
1.040816,0.590909
1.040816,0.595960
1.040816,0.601010
1.040816,0.606061
1.040816,0.611111
1.040816,0.616162
1.040816,0.621212
1.040816,0.626263
1.040816,0.631313
1.040816,0.636364
1.040816,0.641414
1.040816,0.646465
1.040816,0.651515
1.040816,0.656566
1.040816,0.661616
1.040816,0.666667
1.040816,0.671717
1.040816,0.676768
1.040816,0.681818
1.040816,0.686869
1.040816,0.691919
1.040816,0.696970
1.040816,0.702020
1.040816,0.707071
1.040816,0.712121
1.040816,0.717172
1.040816,0.722222
1.040816,0.727273
1.040816,0.732323
1.040816,0.737374
1.040816,0.742424
1.040816,0.747475
1.040816,0.752525
1.040816,0.757576
1.040816,0.762626
1.040816,0.767677
1.040816,0.772727
1.040816,0.777778
1.040816,0.782828
1.040816,0.787879
1.040816,0.792929
1.040816,0.797980
1.040816,0.803030
1.040816,0.808081
1.040816,0.813131
1.040816,0.818182
1.040816,0.823232
1.040816,0.828283
1.040816,0.833333
1.040816,0.838384
1.040816,0.843434
1.040816,0.848485
1.040816,0.853535
1.040816,0.858586
1.040816,0.863636
1.040816,0.868687
1.040816,0.873737
1.040816,0.878788
1.040816,0.883838
1.040816,0.888889
1.040816,0.893939
1.040816,0.898990
1.040816,0.904040
1.040816,0.909091
1.040816,0.914141
1.040816,0.919192
1.040816,0.924242
1.040816,0.929293
1.040816,0.934343
1.040816,0.939394
1.040816,0.944444
1.040816,0.949495
1.040816,0.954545
1.040816,0.959596
1.040816,0.964646
1.040816,0.969697
1.040816,0.974747
1.040816,0.979798
1.040816,0.984848
1.040816,0.989899
1.040816,0.994949
1.040816,1.000000
1.061224,0.500000
1.061224,0.505051
1.061224,0.510101
1.061224,0.515152
1.061224,0.520202
1.061224,0.525253
1.061224,0.530303
1.061224,0.535354
1.061224,0.540404
1.061224,0.545455
1.061224,0.550505
1.061224,0.555556
1.061224,0.560606
1.061224,0.565657
1.061224,0.570707
1.061224,0.575758
1.061224,0.580808
1.061224,0.585859
1.061224,0.590909
1.061224,0.595960
1.061224,0.601010
1.061224,0.606061
1.061224,0.611111
1.061224,0.616162
1.061224,0.621212
1.061224,0.626263
1.061224,0.631313
1.061224,0.636364
1.061224,0.641414
1.061224,0.646465
1.061224,0.651515
1.061224,0.656566
1.061224,0.661616
1.061224,0.666667
1.061224,0.671717
1.061224,0.676768
1.061224,0.681818
1.061224,0.686869
1.061224,0.691919
1.061224,0.696970
1.061224,0.702020
1.061224,0.707071
1.061224,0.712121
1.061224,0.717172
1.061224,0.722222
1.061224,0.727273
1.061224,0.732323
1.061224,0.737374
1.061224,0.742424
1.061224,0.747475
1.061224,0.752525
1.061224,0.757576
1.061224,0.762626
1.061224,0.767677
1.061224,0.772727
1.061224,0.777778
1.061224,0.782828
1.061224,0.787879
1.061224,0.792929
1.061224,0.797980
1.061224,0.803030
1.061224,0.808081
1.061224,0.813131
1.061224,0.818182
1.061224,0.823232
1.061224,0.828283
1.061224,0.833333
1.061224,0.838384
1.061224,0.843434
1.061224,0.848485
1.061224,0.853535
1.061224,0.858586
1.061224,0.863636
1.061224,0.868687
1.061224,0.873737
1.061224,0.878788
1.061224,0.883838
1.061224,0.888889
1.061224,0.893939
1.061224,0.898990
1.061224,0.904040
1.061224,0.909091
1.061224,0.914141
1.061224,0.919192
1.061224,0.924242
1.061224,0.929293
1.061224,0.934343
1.061224,0.939394
1.061224,0.944444
1.061224,0.949495
1.061224,0.954545
1.061224,0.959596
1.061224,0.964646
1.061224,0.969697
1.061224,0.974747
1.061224,0.979798
1.061224,0.984848
1.061224,0.989899
1.061224,0.994949
1.061224,1.000000
1.081633,0.500000
1.081633,0.505051
1.081633,0.510101
1.081633,0.515152
1.081633,0.520202
1.081633,0.525253
1.081633,0.530303
1.081633,0.535354
1.081633,0.540404
1.081633,0.545455
1.081633,0.550505
1.081633,0.555556
1.081633,0.560606
1.081633,0.565657
1.081633,0.570707
1.081633,0.575758
1.081633,0.580808
1.081633,0.585859
1.081633,0.590909
1.081633,0.595960
1.081633,0.601010
1.081633,0.606061
1.081633,0.611111
1.081633,0.616162
1.081633,0.621212
1.081633,0.626263
1.081633,0.631313
1.081633,0.636364
1.081633,0.641414
1.081633,0.646465
1.081633,0.651515
1.081633,0.656566
1.081633,0.661616
1.081633,0.666667
1.081633,0.671717
1.081633,0.676768
1.081633,0.681818
1.081633,0.686869
1.081633,0.691919
1.081633,0.696970
1.081633,0.702020
1.081633,0.707071
1.081633,0.712121
1.081633,0.717172
1.081633,0.722222
1.081633,0.727273
1.081633,0.732323
1.081633,0.737374
1.081633,0.742424
1.081633,0.747475
1.081633,0.752525
1.081633,0.757576
1.081633,0.762626
1.081633,0.767677
1.081633,0.772727
1.081633,0.777778
1.081633,0.782828
1.081633,0.787879
1.081633,0.792929
1.081633,0.797980
1.081633,0.803030
1.081633,0.808081
1.081633,0.813131
1.081633,0.818182
1.081633,0.823232
1.081633,0.828283
1.081633,0.833333
1.081633,0.838384
1.081633,0.843434
1.081633,0.848485
1.081633,0.853535
1.081633,0.858586
1.081633,0.863636
1.081633,0.868687
1.081633,0.873737
1.081633,0.878788
1.081633,0.883838
1.081633,0.888889
1.081633,0.893939
1.081633,0.898990
1.081633,0.904040
1.081633,0.909091
1.081633,0.914141
1.081633,0.919192
1.081633,0.924242
1.081633,0.929293
1.081633,0.934343
1.081633,0.939394
1.081633,0.944444
1.081633,0.949495
1.081633,0.954545
1.081633,0.959596
1.081633,0.964646
1.081633,0.969697
1.081633,0.974747
1.081633,0.979798
1.081633,0.984848
1.081633,0.989899
1.081633,0.994949
1.081633,1.000000
1.102041,0.500000
1.102041,0.505051
1.102041,0.510101
1.102041,0.515152
1.102041,0.520202
1.102041,0.525253
1.102041,0.530303
1.102041,0.535354
1.102041,0.540404
1.102041,0.545455
1.102041,0.550505
1.102041,0.555556
1.102041,0.560606
1.102041,0.565657
1.102041,0.570707
1.102041,0.575758
1.102041,0.580808
1.102041,0.585859
1.102041,0.590909
1.102041,0.595960
1.102041,0.601010
1.102041,0.606061
1.102041,0.611111
1.102041,0.616162
1.102041,0.621212
1.102041,0.626263
1.102041,0.631313
1.102041,0.636364
1.102041,0.641414
1.102041,0.646465
1.102041,0.651515
1.102041,0.656566
1.102041,0.661616
1.102041,0.666667
1.102041,0.671717
1.102041,0.676768
1.102041,0.681818
1.102041,0.686869
1.102041,0.691919
1.102041,0.696970
1.102041,0.702020
1.102041,0.707071
1.102041,0.712121
1.102041,0.717172
1.102041,0.722222
1.102041,0.727273
1.102041,0.732323
1.102041,0.737374
1.102041,0.742424
1.102041,0.747475
1.102041,0.752525
1.102041,0.757576
1.102041,0.762626
1.102041,0.767677
1.102041,0.772727
1.102041,0.777778
1.102041,0.782828
1.102041,0.787879
1.102041,0.792929
1.102041,0.797980
1.102041,0.803030
1.102041,0.808081
1.102041,0.813131
1.102041,0.818182
1.102041,0.823232
1.102041,0.828283
1.102041,0.833333
1.102041,0.838384
1.102041,0.843434
1.102041,0.848485
1.102041,0.853535
1.102041,0.858586
1.102041,0.863636
1.102041,0.868687
1.102041,0.873737
1.102041,0.878788
1.102041,0.883838
1.102041,0.888889
1.102041,0.893939
1.102041,0.898990
1.102041,0.904040
1.102041,0.909091
1.102041,0.914141
1.102041,0.919192
1.102041,0.924242
1.102041,0.929293
1.102041,0.934343
1.102041,0.939394
1.102041,0.944444
1.102041,0.949495
1.102041,0.954545
1.102041,0.959596
1.102041,0.964646
1.102041,0.969697
1.102041,0.974747
1.102041,0.979798
1.102041,0.984848
1.102041,0.989899
1.102041,0.994949
1.102041,1.000000
1.122449,0.500000
1.122449,0.505051
1.122449,0.510101
1.122449,0.515152
1.122449,0.520202
1.122449,0.525253
1.122449,0.530303
1.122449,0.535354
1.122449,0.540404
1.122449,0.545455
1.122449,0.550505
1.122449,0.555556
1.122449,0.560606
1.122449,0.565657
1.122449,0.570707
1.122449,0.575758
1.122449,0.580808
1.122449,0.585859
1.122449,0.590909
1.122449,0.595960
1.122449,0.601010
1.122449,0.606061
1.122449,0.611111
1.122449,0.616162
1.122449,0.621212
1.122449,0.626263
1.122449,0.631313
1.122449,0.636364
1.122449,0.641414
1.122449,0.646465
1.122449,0.651515
1.122449,0.656566
1.122449,0.661616
1.122449,0.666667
1.122449,0.671717
1.122449,0.676768
1.122449,0.681818
1.122449,0.686869
1.122449,0.691919
1.122449,0.696970
1.122449,0.702020
1.122449,0.707071
1.122449,0.712121
1.122449,0.717172
1.122449,0.722222
1.122449,0.727273
1.122449,0.732323
1.122449,0.737374
1.122449,0.742424
1.122449,0.747475
1.122449,0.752525
1.122449,0.757576
1.122449,0.762626
1.122449,0.767677
1.122449,0.772727
1.122449,0.777778
1.122449,0.782828
1.122449,0.787879
1.122449,0.792929
1.122449,0.797980
1.122449,0.803030
1.122449,0.808081
1.122449,0.813131
1.122449,0.818182
1.122449,0.823232
1.122449,0.828283
1.122449,0.833333
1.122449,0.838384
1.122449,0.843434
1.122449,0.848485
1.122449,0.853535
1.122449,0.858586
1.122449,0.863636
1.122449,0.868687
1.122449,0.873737
1.122449,0.878788
1.122449,0.883838
1.122449,0.888889
1.122449,0.893939
1.122449,0.898990
1.122449,0.904040
1.122449,0.909091
1.122449,0.914141
1.122449,0.919192
1.122449,0.924242
1.122449,0.929293
1.122449,0.934343
1.122449,0.939394
1.122449,0.944444
1.122449,0.949495
1.122449,0.954545
1.122449,0.959596
1.122449,0.964646
1.122449,0.969697
1.122449,0.974747
1.122449,0.979798
1.122449,0.984848
1.122449,0.989899
1.122449,0.994949
1.122449,1.000000
1.142857,0.500000
1.142857,0.505051
1.142857,0.510101
1.142857,0.515152
1.142857,0.520202
1.142857,0.525253
1.142857,0.530303
1.142857,0.535354
1.142857,0.540404
1.142857,0.545455
1.142857,0.550505
1.142857,0.555556
1.142857,0.560606
1.142857,0.565657
1.142857,0.570707
1.142857,0.575758
1.142857,0.580808
1.142857,0.585859
1.142857,0.590909
1.142857,0.595960
1.142857,0.601010
1.142857,0.606061
1.142857,0.611111
1.142857,0.616162
1.142857,0.621212
1.142857,0.626263
1.142857,0.631313
1.142857,0.636364
1.142857,0.641414
1.142857,0.646465
1.142857,0.651515
1.142857,0.656566
1.142857,0.661616
1.142857,0.666667
1.142857,0.671717
1.142857,0.676768
1.142857,0.681818
1.142857,0.686869
1.142857,0.691919
1.142857,0.696970
1.142857,0.702020
1.142857,0.707071
1.142857,0.712121
1.142857,0.717172
1.142857,0.722222
1.142857,0.727273
1.142857,0.732323
1.142857,0.737374
1.142857,0.742424
1.142857,0.747475
1.142857,0.752525
1.142857,0.757576
1.142857,0.762626
1.142857,0.767677
1.142857,0.772727
1.142857,0.777778
1.142857,0.782828
1.142857,0.787879
1.142857,0.792929
1.142857,0.797980
1.142857,0.803030
1.142857,0.808081
1.142857,0.813131
1.142857,0.818182
1.142857,0.823232
1.142857,0.828283
1.142857,0.833333
1.142857,0.838384
1.142857,0.843434
1.142857,0.848485
1.142857,0.853535
1.142857,0.858586
1.142857,0.863636
1.142857,0.868687
1.142857,0.873737
1.142857,0.878788
1.142857,0.883838
1.142857,0.888889
1.142857,0.893939
1.142857,0.898990
1.142857,0.904040
1.142857,0.909091
1.142857,0.914141
1.142857,0.919192
1.142857,0.924242
1.142857,0.929293
1.142857,0.934343
1.142857,0.939394
1.142857,0.944444
1.142857,0.949495
1.142857,0.954545
1.142857,0.959596
1.142857,0.964646
1.142857,0.969697
1.142857,0.974747
1.142857,0.979798
1.142857,0.984848
1.142857,0.989899
1.142857,0.994949
1.142857,1.000000
1.163265,0.500000
1.163265,0.505051
1.163265,0.510101
1.163265,0.515152
1.163265,0.520202
1.163265,0.525253
1.163265,0.530303
1.163265,0.535354
1.163265,0.540404
1.163265,0.545455
1.163265,0.550505
1.163265,0.555556
1.163265,0.560606
1.163265,0.565657
1.163265,0.570707
1.163265,0.575758
1.163265,0.580808
1.163265,0.585859
1.163265,0.590909
1.163265,0.595960
1.163265,0.601010
1.163265,0.606061
1.163265,0.611111
1.163265,0.616162
1.163265,0.621212
1.163265,0.626263
1.163265,0.631313
1.163265,0.636364
1.163265,0.641414
1.163265,0.646465
1.163265,0.651515
1.163265,0.656566
1.163265,0.661616
1.163265,0.666667
1.163265,0.671717
1.163265,0.676768
1.163265,0.681818
1.163265,0.686869
1.163265,0.691919
1.163265,0.696970
1.163265,0.702020
1.163265,0.707071
1.163265,0.712121
1.163265,0.717172
1.163265,0.722222
1.163265,0.727273
1.163265,0.732323
1.163265,0.737374
1.163265,0.742424
1.163265,0.747475
1.163265,0.752525
1.163265,0.757576
1.163265,0.762626
1.163265,0.767677
1.163265,0.772727
1.163265,0.777778
1.163265,0.782828
1.163265,0.787879
1.163265,0.792929
1.163265,0.797980
1.163265,0.803030
1.163265,0.808081
1.163265,0.813131
1.163265,0.818182
1.163265,0.823232
1.163265,0.828283
1.163265,0.833333
1.163265,0.838384
1.163265,0.843434
1.163265,0.848485
1.163265,0.853535
1.163265,0.858586
1.163265,0.863636
1.163265,0.868687
1.163265,0.873737
1.163265,0.878788
1.163265,0.883838
1.163265,0.888889
1.163265,0.893939
1.163265,0.898990
1.163265,0.904040
1.163265,0.909091
1.163265,0.914141
1.163265,0.919192
1.163265,0.924242
1.163265,0.929293
1.163265,0.934343
1.163265,0.939394
1.163265,0.944444
1.163265,0.949495
1.163265,0.954545
1.163265,0.959596
1.163265,0.964646
1.163265,0.969697
1.163265,0.974747
1.163265,0.979798
1.163265,0.984848
1.163265,0.989899
1.163265,0.994949
1.163265,1.000000
1.183673,0.500000
1.183673,0.505051
1.183673,0.510101
1.183673,0.515152
1.183673,0.520202
1.183673,0.525253
1.183673,0.530303
1.183673,0.535354
1.183673,0.540404
1.183673,0.545455
1.183673,0.550505
1.183673,0.555556
1.183673,0.560606
1.183673,0.565657
1.183673,0.570707
1.183673,0.575758
1.183673,0.580808
1.183673,0.585859
1.183673,0.590909
1.183673,0.595960
1.183673,0.601010
1.183673,0.606061
1.183673,0.611111
1.183673,0.616162
1.183673,0.621212
1.183673,0.626263
1.183673,0.631313
1.183673,0.636364
1.183673,0.641414
1.183673,0.646465
1.183673,0.651515
1.183673,0.656566
1.183673,0.661616
1.183673,0.666667
1.183673,0.671717
1.183673,0.676768
1.183673,0.681818
1.183673,0.686869
1.183673,0.691919
1.183673,0.696970
1.183673,0.702020
1.183673,0.707071
1.183673,0.712121
1.183673,0.717172
1.183673,0.722222
1.183673,0.727273
1.183673,0.732323
1.183673,0.737374
1.183673,0.742424
1.183673,0.747475
1.183673,0.752525
1.183673,0.757576
1.183673,0.762626
1.183673,0.767677
1.183673,0.772727
1.183673,0.777778
1.183673,0.782828
1.183673,0.787879
1.183673,0.792929
1.183673,0.797980
1.183673,0.803030
1.183673,0.808081
1.183673,0.813131
1.183673,0.818182
1.183673,0.823232
1.183673,0.828283
1.183673,0.833333
1.183673,0.838384
1.183673,0.843434
1.183673,0.848485
1.183673,0.853535
1.183673,0.858586
1.183673,0.863636
1.183673,0.868687
1.183673,0.873737
1.183673,0.878788
1.183673,0.883838
1.183673,0.888889
1.183673,0.893939
1.183673,0.898990
1.183673,0.904040
1.183673,0.909091
1.183673,0.914141
1.183673,0.919192
1.183673,0.924242
1.183673,0.929293
1.183673,0.934343
1.183673,0.939394
1.183673,0.944444
1.183673,0.949495
1.183673,0.954545
1.183673,0.959596
1.183673,0.964646
1.183673,0.969697
1.183673,0.974747
1.183673,0.979798
1.183673,0.984848
1.183673,0.989899
1.183673,0.994949
1.183673,1.000000
1.204082,0.500000
1.204082,0.505051
1.204082,0.510101
1.204082,0.515152
1.204082,0.520202
1.204082,0.525253
1.204082,0.530303
1.204082,0.535354
1.204082,0.540404
1.204082,0.545455
1.204082,0.550505
1.204082,0.555556
1.204082,0.560606
1.204082,0.565657
1.204082,0.570707
1.204082,0.575758
1.204082,0.580808
1.204082,0.585859
1.204082,0.590909
1.204082,0.595960
1.204082,0.601010
1.204082,0.606061
1.204082,0.611111
1.204082,0.616162
1.204082,0.621212
1.204082,0.626263
1.204082,0.631313
1.204082,0.636364
1.204082,0.641414
1.204082,0.646465
1.204082,0.651515
1.204082,0.656566
1.204082,0.661616
1.204082,0.666667
1.204082,0.671717
1.204082,0.676768
1.204082,0.681818
1.204082,0.686869
1.204082,0.691919
1.204082,0.696970
1.204082,0.702020
1.204082,0.707071
1.204082,0.712121
1.204082,0.717172
1.204082,0.722222
1.204082,0.727273
1.204082,0.732323
1.204082,0.737374
1.204082,0.742424
1.204082,0.747475
1.204082,0.752525
1.204082,0.757576
1.204082,0.762626
1.204082,0.767677
1.204082,0.772727
1.204082,0.777778
1.204082,0.782828
1.204082,0.787879
1.204082,0.792929
1.204082,0.797980
1.204082,0.803030
1.204082,0.808081
1.204082,0.813131
1.204082,0.818182
1.204082,0.823232
1.204082,0.828283
1.204082,0.833333
1.204082,0.838384
1.204082,0.843434
1.204082,0.848485
1.204082,0.853535
1.204082,0.858586
1.204082,0.863636
1.204082,0.868687
1.204082,0.873737
1.204082,0.878788
1.204082,0.883838
1.204082,0.888889
1.204082,0.893939
1.204082,0.898990
1.204082,0.904040
1.204082,0.909091
1.204082,0.914141
1.204082,0.919192
1.204082,0.924242
1.204082,0.929293
1.204082,0.934343
1.204082,0.939394
1.204082,0.944444
1.204082,0.949495
1.204082,0.954545
1.204082,0.959596
1.204082,0.964646
1.204082,0.969697
1.204082,0.974747
1.204082,0.979798
1.204082,0.984848
1.204082,0.989899
1.204082,0.994949
1.204082,1.000000
1.224490,0.500000
1.224490,0.505051
1.224490,0.510101
1.224490,0.515152
1.224490,0.520202
1.224490,0.525253
1.224490,0.530303
1.224490,0.535354
1.224490,0.540404
1.224490,0.545455
1.224490,0.550505
1.224490,0.555556
1.224490,0.560606
1.224490,0.565657
1.224490,0.570707
1.224490,0.575758
1.224490,0.580808
1.224490,0.585859
1.224490,0.590909
1.224490,0.595960
1.224490,0.601010
1.224490,0.606061
1.224490,0.611111
1.224490,0.616162
1.224490,0.621212
1.224490,0.626263
1.224490,0.631313
1.224490,0.636364
1.224490,0.641414
1.224490,0.646465
1.224490,0.651515
1.224490,0.656566
1.224490,0.661616
1.224490,0.666667
1.224490,0.671717
1.224490,0.676768
1.224490,0.681818
1.224490,0.686869
1.224490,0.691919
1.224490,0.696970
1.224490,0.702020
1.224490,0.707071
1.224490,0.712121
1.224490,0.717172
1.224490,0.722222
1.224490,0.727273
1.224490,0.732323
1.224490,0.737374
1.224490,0.742424
1.224490,0.747475
1.224490,0.752525
1.224490,0.757576
1.224490,0.762626
1.224490,0.767677
1.224490,0.772727
1.224490,0.777778
1.224490,0.782828
1.224490,0.787879
1.224490,0.792929
1.224490,0.797980
1.224490,0.803030
1.224490,0.808081
1.224490,0.813131
1.224490,0.818182
1.224490,0.823232
1.224490,0.828283
1.224490,0.833333
1.224490,0.838384
1.224490,0.843434
1.224490,0.848485
1.224490,0.853535
1.224490,0.858586
1.224490,0.863636
1.224490,0.868687
1.224490,0.873737
1.224490,0.878788
1.224490,0.883838
1.224490,0.888889
1.224490,0.893939
1.224490,0.898990
1.224490,0.904040
1.224490,0.909091
1.224490,0.914141
1.224490,0.919192
1.224490,0.924242
1.224490,0.929293
1.224490,0.934343
1.224490,0.939394
1.224490,0.944444
1.224490,0.949495
1.224490,0.954545
1.224490,0.959596
1.224490,0.964646
1.224490,0.969697
1.224490,0.974747
1.224490,0.979798
1.224490,0.984848
1.224490,0.989899
1.224490,0.994949
1.224490,1.000000
1.244898,0.500000
1.244898,0.505051
1.244898,0.510101
1.244898,0.515152
1.244898,0.520202
1.244898,0.525253
1.244898,0.530303
1.244898,0.535354
1.244898,0.540404
1.244898,0.545455
1.244898,0.550505
1.244898,0.555556
1.244898,0.560606
1.244898,0.565657
1.244898,0.570707
1.244898,0.575758
1.244898,0.580808
1.244898,0.585859
1.244898,0.590909
1.244898,0.595960
1.244898,0.601010
1.244898,0.606061
1.244898,0.611111
1.244898,0.616162
1.244898,0.621212
1.244898,0.626263
1.244898,0.631313
1.244898,0.636364
1.244898,0.641414
1.244898,0.646465
1.244898,0.651515
1.244898,0.656566
1.244898,0.661616
1.244898,0.666667
1.244898,0.671717
1.244898,0.676768
1.244898,0.681818
1.244898,0.686869
1.244898,0.691919
1.244898,0.696970
1.244898,0.702020
1.244898,0.707071
1.244898,0.712121
1.244898,0.717172
1.244898,0.722222
1.244898,0.727273
1.244898,0.732323
1.244898,0.737374
1.244898,0.742424
1.244898,0.747475
1.244898,0.752525
1.244898,0.757576
1.244898,0.762626
1.244898,0.767677
1.244898,0.772727
1.244898,0.777778
1.244898,0.782828
1.244898,0.787879
1.244898,0.792929
1.244898,0.797980
1.244898,0.803030
1.244898,0.808081
1.244898,0.813131
1.244898,0.818182
1.244898,0.823232
1.244898,0.828283
1.244898,0.833333
1.244898,0.838384
1.244898,0.843434
1.244898,0.848485
1.244898,0.853535
1.244898,0.858586
1.244898,0.863636
1.244898,0.868687
1.244898,0.873737
1.244898,0.878788
1.244898,0.883838
1.244898,0.888889
1.244898,0.893939
1.244898,0.898990
1.244898,0.904040
1.244898,0.909091
1.244898,0.914141
1.244898,0.919192
1.244898,0.924242
1.244898,0.929293
1.244898,0.934343
1.244898,0.939394
1.244898,0.944444
1.244898,0.949495
1.244898,0.954545
1.244898,0.959596
1.244898,0.964646
1.244898,0.969697
1.244898,0.974747
1.244898,0.979798
1.244898,0.984848
1.244898,0.989899
1.244898,0.994949
1.244898,1.000000
1.265306,0.500000
1.265306,0.505051
1.265306,0.510101
1.265306,0.515152
1.265306,0.520202
1.265306,0.525253
1.265306,0.530303
1.265306,0.535354
1.265306,0.540404
1.265306,0.545455
1.265306,0.550505
1.265306,0.555556
1.265306,0.560606
1.265306,0.565657
1.265306,0.570707
1.265306,0.575758
1.265306,0.580808
1.265306,0.585859
1.265306,0.590909
1.265306,0.595960
1.265306,0.601010
1.265306,0.606061
1.265306,0.611111
1.265306,0.616162
1.265306,0.621212
1.265306,0.626263
1.265306,0.631313
1.265306,0.636364
1.265306,0.641414
1.265306,0.646465
1.265306,0.651515
1.265306,0.656566
1.265306,0.661616
1.265306,0.666667
1.265306,0.671717
1.265306,0.676768
1.265306,0.681818
1.265306,0.686869
1.265306,0.691919
1.265306,0.696970
1.265306,0.702020
1.265306,0.707071
1.265306,0.712121
1.265306,0.717172
1.265306,0.722222
1.265306,0.727273
1.265306,0.732323
1.265306,0.737374
1.265306,0.742424
1.265306,0.747475
1.265306,0.752525
1.265306,0.757576
1.265306,0.762626
1.265306,0.767677
1.265306,0.772727
1.265306,0.777778
1.265306,0.782828
1.265306,0.787879
1.265306,0.792929
1.265306,0.797980
1.265306,0.803030
1.265306,0.808081
1.265306,0.813131
1.265306,0.818182
1.265306,0.823232
1.265306,0.828283
1.265306,0.833333
1.265306,0.838384
1.265306,0.843434
1.265306,0.848485
1.265306,0.853535
1.265306,0.858586
1.265306,0.863636
1.265306,0.868687
1.265306,0.873737
1.265306,0.878788
1.265306,0.883838
1.265306,0.888889
1.265306,0.893939
1.265306,0.898990
1.265306,0.904040
1.265306,0.909091
1.265306,0.914141
1.265306,0.919192
1.265306,0.924242
1.265306,0.929293
1.265306,0.934343
1.265306,0.939394
1.265306,0.944444
1.265306,0.949495
1.265306,0.954545
1.265306,0.959596
1.265306,0.964646
1.265306,0.969697
1.265306,0.974747
1.265306,0.979798
1.265306,0.984848
1.265306,0.989899
1.265306,0.994949
1.265306,1.000000
1.285714,0.500000
1.285714,0.505051
1.285714,0.510101
1.285714,0.515152
1.285714,0.520202
1.285714,0.525253
1.285714,0.530303
1.285714,0.535354
1.285714,0.540404
1.285714,0.545455
1.285714,0.550505
1.285714,0.555556
1.285714,0.560606
1.285714,0.565657
1.285714,0.570707
1.285714,0.575758
1.285714,0.580808
1.285714,0.585859
1.285714,0.590909
1.285714,0.595960
1.285714,0.601010
1.285714,0.606061
1.285714,0.611111
1.285714,0.616162
1.285714,0.621212
1.285714,0.626263
1.285714,0.631313
1.285714,0.636364
1.285714,0.641414
1.285714,0.646465
1.285714,0.651515
1.285714,0.656566
1.285714,0.661616
1.285714,0.666667
1.285714,0.671717
1.285714,0.676768
1.285714,0.681818
1.285714,0.686869
1.285714,0.691919
1.285714,0.696970
1.285714,0.702020
1.285714,0.707071
1.285714,0.712121
1.285714,0.717172
1.285714,0.722222
1.285714,0.727273
1.285714,0.732323
1.285714,0.737374
1.285714,0.742424
1.285714,0.747475
1.285714,0.752525
1.285714,0.757576
1.285714,0.762626
1.285714,0.767677
1.285714,0.772727
1.285714,0.777778
1.285714,0.782828
1.285714,0.787879
1.285714,0.792929
1.285714,0.797980
1.285714,0.803030
1.285714,0.808081
1.285714,0.813131
1.285714,0.818182
1.285714,0.823232
1.285714,0.828283
1.285714,0.833333
1.285714,0.838384
1.285714,0.843434
1.285714,0.848485
1.285714,0.853535
1.285714,0.858586
1.285714,0.863636
1.285714,0.868687
1.285714,0.873737
1.285714,0.878788
1.285714,0.883838
1.285714,0.888889
1.285714,0.893939
1.285714,0.898990
1.285714,0.904040
1.285714,0.909091
1.285714,0.914141
1.285714,0.919192
1.285714,0.924242
1.285714,0.929293
1.285714,0.934343
1.285714,0.939394
1.285714,0.944444
1.285714,0.949495
1.285714,0.954545
1.285714,0.959596
1.285714,0.964646
1.285714,0.969697
1.285714,0.974747
1.285714,0.979798
1.285714,0.984848
1.285714,0.989899
1.285714,0.994949
1.285714,1.000000
1.306122,0.500000
1.306122,0.505051
1.306122,0.510101
1.306122,0.515152
1.306122,0.520202
1.306122,0.525253
1.306122,0.530303
1.306122,0.535354
1.306122,0.540404
1.306122,0.545455
1.306122,0.550505
1.306122,0.555556
1.306122,0.560606
1.306122,0.565657
1.306122,0.570707
1.306122,0.575758
1.306122,0.580808
1.306122,0.585859
1.306122,0.590909
1.306122,0.595960
1.306122,0.601010
1.306122,0.606061
1.306122,0.611111
1.306122,0.616162
1.306122,0.621212
1.306122,0.626263
1.306122,0.631313
1.306122,0.636364
1.306122,0.641414
1.306122,0.646465
1.306122,0.651515
1.306122,0.656566
1.306122,0.661616
1.306122,0.666667
1.306122,0.671717
1.306122,0.676768
1.306122,0.681818
1.306122,0.686869
1.306122,0.691919
1.306122,0.696970
1.306122,0.702020
1.306122,0.707071
1.306122,0.712121
1.306122,0.717172
1.306122,0.722222
1.306122,0.727273
1.306122,0.732323
1.306122,0.737374
1.306122,0.742424
1.306122,0.747475
1.306122,0.752525
1.306122,0.757576
1.306122,0.762626
1.306122,0.767677
1.306122,0.772727
1.306122,0.777778
1.306122,0.782828
1.306122,0.787879
1.306122,0.792929
1.306122,0.797980
1.306122,0.803030
1.306122,0.808081
1.306122,0.813131
1.306122,0.818182
1.306122,0.823232
1.306122,0.828283
1.306122,0.833333
1.306122,0.838384
1.306122,0.843434
1.306122,0.848485
1.306122,0.853535
1.306122,0.858586
1.306122,0.863636
1.306122,0.868687
1.306122,0.873737
1.306122,0.878788
1.306122,0.883838
1.306122,0.888889
1.306122,0.893939
1.306122,0.898990
1.306122,0.904040
1.306122,0.909091
1.306122,0.914141
1.306122,0.919192
1.306122,0.924242
1.306122,0.929293
1.306122,0.934343
1.306122,0.939394
1.306122,0.944444
1.306122,0.949495
1.306122,0.954545
1.306122,0.959596
1.306122,0.964646
1.306122,0.969697
1.306122,0.974747
1.306122,0.979798
1.306122,0.984848
1.306122,0.989899
1.306122,0.994949
1.306122,1.000000
1.326531,0.500000
1.326531,0.505051
1.326531,0.510101
1.326531,0.515152
1.326531,0.520202
1.326531,0.525253
1.326531,0.530303
1.326531,0.535354
1.326531,0.540404
1.326531,0.545455
1.326531,0.550505
1.326531,0.555556
1.326531,0.560606
1.326531,0.565657
1.326531,0.570707
1.326531,0.575758
1.326531,0.580808
1.326531,0.585859
1.326531,0.590909
1.326531,0.595960
1.326531,0.601010
1.326531,0.606061
1.326531,0.611111
1.326531,0.616162
1.326531,0.621212
1.326531,0.626263
1.326531,0.631313
1.326531,0.636364
1.326531,0.641414
1.326531,0.646465
1.326531,0.651515
1.326531,0.656566
1.326531,0.661616
1.326531,0.666667
1.326531,0.671717
1.326531,0.676768
1.326531,0.681818
1.326531,0.686869
1.326531,0.691919
1.326531,0.696970
1.326531,0.702020
1.326531,0.707071
1.326531,0.712121
1.326531,0.717172
1.326531,0.722222
1.326531,0.727273
1.326531,0.732323
1.326531,0.737374
1.326531,0.742424
1.326531,0.747475
1.326531,0.752525
1.326531,0.757576
1.326531,0.762626
1.326531,0.767677
1.326531,0.772727
1.326531,0.777778
1.326531,0.782828
1.326531,0.787879
1.326531,0.792929
1.326531,0.797980
1.326531,0.803030
1.326531,0.808081
1.326531,0.813131
1.326531,0.818182
1.326531,0.823232
1.326531,0.828283
1.326531,0.833333
1.326531,0.838384
1.326531,0.843434
1.326531,0.848485
1.326531,0.853535
1.326531,0.858586
1.326531,0.863636
1.326531,0.868687
1.326531,0.873737
1.326531,0.878788
1.326531,0.883838
1.326531,0.888889
1.326531,0.893939
1.326531,0.898990
1.326531,0.904040
1.326531,0.909091
1.326531,0.914141
1.326531,0.919192
1.326531,0.924242
1.326531,0.929293
1.326531,0.934343
1.326531,0.939394
1.326531,0.944444
1.326531,0.949495
1.326531,0.954545
1.326531,0.959596
1.326531,0.964646
1.326531,0.969697
1.326531,0.974747
1.326531,0.979798
1.326531,0.984848
1.326531,0.989899
1.326531,0.994949
1.326531,1.000000
1.346939,0.500000
1.346939,0.505051
1.346939,0.510101
1.346939,0.515152
1.346939,0.520202
1.346939,0.525253
1.346939,0.530303
1.346939,0.535354
1.346939,0.540404
1.346939,0.545455
1.346939,0.550505
1.346939,0.555556
1.346939,0.560606
1.346939,0.565657
1.346939,0.570707
1.346939,0.575758
1.346939,0.580808
1.346939,0.585859
1.346939,0.590909
1.346939,0.595960
1.346939,0.601010
1.346939,0.606061
1.346939,0.611111
1.346939,0.616162
1.346939,0.621212
1.346939,0.626263
1.346939,0.631313
1.346939,0.636364
1.346939,0.641414
1.346939,0.646465
1.346939,0.651515
1.346939,0.656566
1.346939,0.661616
1.346939,0.666667
1.346939,0.671717
1.346939,0.676768
1.346939,0.681818
1.346939,0.686869
1.346939,0.691919
1.346939,0.696970
1.346939,0.702020
1.346939,0.707071
1.346939,0.712121
1.346939,0.717172
1.346939,0.722222
1.346939,0.727273
1.346939,0.732323
1.346939,0.737374
1.346939,0.742424
1.346939,0.747475
1.346939,0.752525
1.346939,0.757576
1.346939,0.762626
1.346939,0.767677
1.346939,0.772727
1.346939,0.777778
1.346939,0.782828
1.346939,0.787879
1.346939,0.792929
1.346939,0.797980
1.346939,0.803030
1.346939,0.808081
1.346939,0.813131
1.346939,0.818182
1.346939,0.823232
1.346939,0.828283
1.346939,0.833333
1.346939,0.838384
1.346939,0.843434
1.346939,0.848485
1.346939,0.853535
1.346939,0.858586
1.346939,0.863636
1.346939,0.868687
1.346939,0.873737
1.346939,0.878788
1.346939,0.883838
1.346939,0.888889
1.346939,0.893939
1.346939,0.898990
1.346939,0.904040
1.346939,0.909091
1.346939,0.914141
1.346939,0.919192
1.346939,0.924242
1.346939,0.929293
1.346939,0.934343
1.346939,0.939394
1.346939,0.944444
1.346939,0.949495
1.346939,0.954545
1.346939,0.959596
1.346939,0.964646
1.346939,0.969697
1.346939,0.974747
1.346939,0.979798
1.346939,0.984848
1.346939,0.989899
1.346939,0.994949
1.346939,1.000000
1.367347,0.500000
1.367347,0.505051
1.367347,0.510101
1.367347,0.515152
1.367347,0.520202
1.367347,0.525253
1.367347,0.530303
1.367347,0.535354
1.367347,0.540404
1.367347,0.545455
1.367347,0.550505
1.367347,0.555556
1.367347,0.560606
1.367347,0.565657
1.367347,0.570707
1.367347,0.575758
1.367347,0.580808
1.367347,0.585859
1.367347,0.590909
1.367347,0.595960
1.367347,0.601010
1.367347,0.606061
1.367347,0.611111
1.367347,0.616162
1.367347,0.621212
1.367347,0.626263
1.367347,0.631313
1.367347,0.636364
1.367347,0.641414
1.367347,0.646465
1.367347,0.651515
1.367347,0.656566
1.367347,0.661616
1.367347,0.666667
1.367347,0.671717
1.367347,0.676768
1.367347,0.681818
1.367347,0.686869
1.367347,0.691919
1.367347,0.696970
1.367347,0.702020
1.367347,0.707071
1.367347,0.712121
1.367347,0.717172
1.367347,0.722222
1.367347,0.727273
1.367347,0.732323
1.367347,0.737374
1.367347,0.742424
1.367347,0.747475
1.367347,0.752525
1.367347,0.757576
1.367347,0.762626
1.367347,0.767677
1.367347,0.772727
1.367347,0.777778
1.367347,0.782828
1.367347,0.787879
1.367347,0.792929
1.367347,0.797980
1.367347,0.803030
1.367347,0.808081
1.367347,0.813131
1.367347,0.818182
1.367347,0.823232
1.367347,0.828283
1.367347,0.833333
1.367347,0.838384
1.367347,0.843434
1.367347,0.848485
1.367347,0.853535
1.367347,0.858586
1.367347,0.863636
1.367347,0.868687
1.367347,0.873737
1.367347,0.878788
1.367347,0.883838
1.367347,0.888889
1.367347,0.893939
1.367347,0.898990
1.367347,0.904040
1.367347,0.909091
1.367347,0.914141
1.367347,0.919192
1.367347,0.924242
1.367347,0.929293
1.367347,0.934343
1.367347,0.939394
1.367347,0.944444
1.367347,0.949495
1.367347,0.954545
1.367347,0.959596
1.367347,0.964646
1.367347,0.969697
1.367347,0.974747
1.367347,0.979798
1.367347,0.984848
1.367347,0.989899
1.367347,0.994949
1.367347,1.000000
1.387755,0.500000
1.387755,0.505051
1.387755,0.510101
1.387755,0.515152
1.387755,0.520202
1.387755,0.525253
1.387755,0.530303
1.387755,0.535354
1.387755,0.540404
1.387755,0.545455
1.387755,0.550505
1.387755,0.555556
1.387755,0.560606
1.387755,0.565657
1.387755,0.570707
1.387755,0.575758
1.387755,0.580808
1.387755,0.585859
1.387755,0.590909
1.387755,0.595960
1.387755,0.601010
1.387755,0.606061
1.387755,0.611111
1.387755,0.616162
1.387755,0.621212
1.387755,0.626263
1.387755,0.631313
1.387755,0.636364
1.387755,0.641414
1.387755,0.646465
1.387755,0.651515
1.387755,0.656566
1.387755,0.661616
1.387755,0.666667
1.387755,0.671717
1.387755,0.676768
1.387755,0.681818
1.387755,0.686869
1.387755,0.691919
1.387755,0.696970
1.387755,0.702020
1.387755,0.707071
1.387755,0.712121
1.387755,0.717172
1.387755,0.722222
1.387755,0.727273
1.387755,0.732323
1.387755,0.737374
1.387755,0.742424
1.387755,0.747475
1.387755,0.752525
1.387755,0.757576
1.387755,0.762626
1.387755,0.767677
1.387755,0.772727
1.387755,0.777778
1.387755,0.782828
1.387755,0.787879
1.387755,0.792929
1.387755,0.797980
1.387755,0.803030
1.387755,0.808081
1.387755,0.813131
1.387755,0.818182
1.387755,0.823232
1.387755,0.828283
1.387755,0.833333
1.387755,0.838384
1.387755,0.843434
1.387755,0.848485
1.387755,0.853535
1.387755,0.858586
1.387755,0.863636
1.387755,0.868687
1.387755,0.873737
1.387755,0.878788
1.387755,0.883838
1.387755,0.888889
1.387755,0.893939
1.387755,0.898990
1.387755,0.904040
1.387755,0.909091
1.387755,0.914141
1.387755,0.919192
1.387755,0.924242
1.387755,0.929293
1.387755,0.934343
1.387755,0.939394
1.387755,0.944444
1.387755,0.949495
1.387755,0.954545
1.387755,0.959596
1.387755,0.964646
1.387755,0.969697
1.387755,0.974747
1.387755,0.979798
1.387755,0.984848
1.387755,0.989899
1.387755,0.994949
1.387755,1.000000
1.408163,0.500000
1.408163,0.505051
1.408163,0.510101
1.408163,0.515152
1.408163,0.520202
1.408163,0.525253
1.408163,0.530303
1.408163,0.535354
1.408163,0.540404
1.408163,0.545455
1.408163,0.550505
1.408163,0.555556
1.408163,0.560606
1.408163,0.565657
1.408163,0.570707
1.408163,0.575758
1.408163,0.580808
1.408163,0.585859
1.408163,0.590909
1.408163,0.595960
1.408163,0.601010
1.408163,0.606061
1.408163,0.611111
1.408163,0.616162
1.408163,0.621212
1.408163,0.626263
1.408163,0.631313
1.408163,0.636364
1.408163,0.641414
1.408163,0.646465
1.408163,0.651515
1.408163,0.656566
1.408163,0.661616
1.408163,0.666667
1.408163,0.671717
1.408163,0.676768
1.408163,0.681818
1.408163,0.686869
1.408163,0.691919
1.408163,0.696970
1.408163,0.702020
1.408163,0.707071
1.408163,0.712121
1.408163,0.717172
1.408163,0.722222
1.408163,0.727273
1.408163,0.732323
1.408163,0.737374
1.408163,0.742424
1.408163,0.747475
1.408163,0.752525
1.408163,0.757576
1.408163,0.762626
1.408163,0.767677
1.408163,0.772727
1.408163,0.777778
1.408163,0.782828
1.408163,0.787879
1.408163,0.792929
1.408163,0.797980
1.408163,0.803030
1.408163,0.808081
1.408163,0.813131
1.408163,0.818182
1.408163,0.823232
1.408163,0.828283
1.408163,0.833333
1.408163,0.838384
1.408163,0.843434
1.408163,0.848485
1.408163,0.853535
1.408163,0.858586
1.408163,0.863636
1.408163,0.868687
1.408163,0.873737
1.408163,0.878788
1.408163,0.883838
1.408163,0.888889
1.408163,0.893939
1.408163,0.898990
1.408163,0.904040
1.408163,0.909091
1.408163,0.914141
1.408163,0.919192
1.408163,0.924242
1.408163,0.929293
1.408163,0.934343
1.408163,0.939394
1.408163,0.944444
1.408163,0.949495
1.408163,0.954545
1.408163,0.959596
1.408163,0.964646
1.408163,0.969697
1.408163,0.974747
1.408163,0.979798
1.408163,0.984848
1.408163,0.989899
1.408163,0.994949
1.408163,1.000000
1.428571,0.500000
1.428571,0.505051
1.428571,0.510101
1.428571,0.515152
1.428571,0.520202
1.428571,0.525253
1.428571,0.530303
1.428571,0.535354
1.428571,0.540404
1.428571,0.545455
1.428571,0.550505
1.428571,0.555556
1.428571,0.560606
1.428571,0.565657
1.428571,0.570707
1.428571,0.575758
1.428571,0.580808
1.428571,0.585859
1.428571,0.590909
1.428571,0.595960
1.428571,0.601010
1.428571,0.606061
1.428571,0.611111
1.428571,0.616162
1.428571,0.621212
1.428571,0.626263
1.428571,0.631313
1.428571,0.636364
1.428571,0.641414
1.428571,0.646465
1.428571,0.651515
1.428571,0.656566
1.428571,0.661616
1.428571,0.666667
1.428571,0.671717
1.428571,0.676768
1.428571,0.681818
1.428571,0.686869
1.428571,0.691919
1.428571,0.696970
1.428571,0.702020
1.428571,0.707071
1.428571,0.712121
1.428571,0.717172
1.428571,0.722222
1.428571,0.727273
1.428571,0.732323
1.428571,0.737374
1.428571,0.742424
1.428571,0.747475
1.428571,0.752525
1.428571,0.757576
1.428571,0.762626
1.428571,0.767677
1.428571,0.772727
1.428571,0.777778
1.428571,0.782828
1.428571,0.787879
1.428571,0.792929
1.428571,0.797980
1.428571,0.803030
1.428571,0.808081
1.428571,0.813131
1.428571,0.818182
1.428571,0.823232
1.428571,0.828283
1.428571,0.833333
1.428571,0.838384
1.428571,0.843434
1.428571,0.848485
1.428571,0.853535
1.428571,0.858586
1.428571,0.863636
1.428571,0.868687
1.428571,0.873737
1.428571,0.878788
1.428571,0.883838
1.428571,0.888889
1.428571,0.893939
1.428571,0.898990
1.428571,0.904040
1.428571,0.909091
1.428571,0.914141
1.428571,0.919192
1.428571,0.924242
1.428571,0.929293
1.428571,0.934343
1.428571,0.939394
1.428571,0.944444
1.428571,0.949495
1.428571,0.954545
1.428571,0.959596
1.428571,0.964646
1.428571,0.969697
1.428571,0.974747
1.428571,0.979798
1.428571,0.984848
1.428571,0.989899
1.428571,0.994949
1.428571,1.000000
1.448980,0.500000
1.448980,0.505051
1.448980,0.510101
1.448980,0.515152
1.448980,0.520202
1.448980,0.525253
1.448980,0.530303
1.448980,0.535354
1.448980,0.540404
1.448980,0.545455
1.448980,0.550505
1.448980,0.555556
1.448980,0.560606
1.448980,0.565657
1.448980,0.570707
1.448980,0.575758
1.448980,0.580808
1.448980,0.585859
1.448980,0.590909
1.448980,0.595960
1.448980,0.601010
1.448980,0.606061
1.448980,0.611111
1.448980,0.616162
1.448980,0.621212
1.448980,0.626263
1.448980,0.631313
1.448980,0.636364
1.448980,0.641414
1.448980,0.646465
1.448980,0.651515
1.448980,0.656566
1.448980,0.661616
1.448980,0.666667
1.448980,0.671717
1.448980,0.676768
1.448980,0.681818
1.448980,0.686869
1.448980,0.691919
1.448980,0.696970
1.448980,0.702020
1.448980,0.707071
1.448980,0.712121
1.448980,0.717172
1.448980,0.722222
1.448980,0.727273
1.448980,0.732323
1.448980,0.737374
1.448980,0.742424
1.448980,0.747475
1.448980,0.752525
1.448980,0.757576
1.448980,0.762626
1.448980,0.767677
1.448980,0.772727
1.448980,0.777778
1.448980,0.782828
1.448980,0.787879
1.448980,0.792929
1.448980,0.797980
1.448980,0.803030
1.448980,0.808081
1.448980,0.813131
1.448980,0.818182
1.448980,0.823232
1.448980,0.828283
1.448980,0.833333
1.448980,0.838384
1.448980,0.843434
1.448980,0.848485
1.448980,0.853535
1.448980,0.858586
1.448980,0.863636
1.448980,0.868687
1.448980,0.873737
1.448980,0.878788
1.448980,0.883838
1.448980,0.888889
1.448980,0.893939
1.448980,0.898990
1.448980,0.904040
1.448980,0.909091
1.448980,0.914141
1.448980,0.919192
1.448980,0.924242
1.448980,0.929293
1.448980,0.934343
1.448980,0.939394
1.448980,0.944444
1.448980,0.949495
1.448980,0.954545
1.448980,0.959596
1.448980,0.964646
1.448980,0.969697
1.448980,0.974747
1.448980,0.979798
1.448980,0.984848
1.448980,0.989899
1.448980,0.994949
1.448980,1.000000
1.469388,0.500000
1.469388,0.505051
1.469388,0.510101
1.469388,0.515152
1.469388,0.520202
1.469388,0.525253
1.469388,0.530303
1.469388,0.535354
1.469388,0.540404
1.469388,0.545455
1.469388,0.550505
1.469388,0.555556
1.469388,0.560606
1.469388,0.565657
1.469388,0.570707
1.469388,0.575758
1.469388,0.580808
1.469388,0.585859
1.469388,0.590909
1.469388,0.595960
1.469388,0.601010
1.469388,0.606061
1.469388,0.611111
1.469388,0.616162
1.469388,0.621212
1.469388,0.626263
1.469388,0.631313
1.469388,0.636364
1.469388,0.641414
1.469388,0.646465
1.469388,0.651515
1.469388,0.656566
1.469388,0.661616
1.469388,0.666667
1.469388,0.671717
1.469388,0.676768
1.469388,0.681818
1.469388,0.686869
1.469388,0.691919
1.469388,0.696970
1.469388,0.702020
1.469388,0.707071
1.469388,0.712121
1.469388,0.717172
1.469388,0.722222
1.469388,0.727273
1.469388,0.732323
1.469388,0.737374
1.469388,0.742424
1.469388,0.747475
1.469388,0.752525
1.469388,0.757576
1.469388,0.762626
1.469388,0.767677
1.469388,0.772727
1.469388,0.777778
1.469388,0.782828
1.469388,0.787879
1.469388,0.792929
1.469388,0.797980
1.469388,0.803030
1.469388,0.808081
1.469388,0.813131
1.469388,0.818182
1.469388,0.823232
1.469388,0.828283
1.469388,0.833333
1.469388,0.838384
1.469388,0.843434
1.469388,0.848485
1.469388,0.853535
1.469388,0.858586
1.469388,0.863636
1.469388,0.868687
1.469388,0.873737
1.469388,0.878788
1.469388,0.883838
1.469388,0.888889
1.469388,0.893939
1.469388,0.898990
1.469388,0.904040
1.469388,0.909091
1.469388,0.914141
1.469388,0.919192
1.469388,0.924242
1.469388,0.929293
1.469388,0.934343
1.469388,0.939394
1.469388,0.944444
1.469388,0.949495
1.469388,0.954545
1.469388,0.959596
1.469388,0.964646
1.469388,0.969697
1.469388,0.974747
1.469388,0.979798
1.469388,0.984848
1.469388,0.989899
1.469388,0.994949
1.469388,1.000000
1.489796,0.500000
1.489796,0.505051
1.489796,0.510101
1.489796,0.515152
1.489796,0.520202
1.489796,0.525253
1.489796,0.530303
1.489796,0.535354
1.489796,0.540404
1.489796,0.545455
1.489796,0.550505
1.489796,0.555556
1.489796,0.560606
1.489796,0.565657
1.489796,0.570707
1.489796,0.575758
1.489796,0.580808
1.489796,0.585859
1.489796,0.590909
1.489796,0.595960
1.489796,0.601010
1.489796,0.606061
1.489796,0.611111
1.489796,0.616162
1.489796,0.621212
1.489796,0.626263
1.489796,0.631313
1.489796,0.636364
1.489796,0.641414
1.489796,0.646465
1.489796,0.651515
1.489796,0.656566
1.489796,0.661616
1.489796,0.666667
1.489796,0.671717
1.489796,0.676768
1.489796,0.681818
1.489796,0.686869
1.489796,0.691919
1.489796,0.696970
1.489796,0.702020
1.489796,0.707071
1.489796,0.712121
1.489796,0.717172
1.489796,0.722222
1.489796,0.727273
1.489796,0.732323
1.489796,0.737374
1.489796,0.742424
1.489796,0.747475
1.489796,0.752525
1.489796,0.757576
1.489796,0.762626
1.489796,0.767677
1.489796,0.772727
1.489796,0.777778
1.489796,0.782828
1.489796,0.787879
1.489796,0.792929
1.489796,0.797980
1.489796,0.803030
1.489796,0.808081
1.489796,0.813131
1.489796,0.818182
1.489796,0.823232
1.489796,0.828283
1.489796,0.833333
1.489796,0.838384
1.489796,0.843434
1.489796,0.848485
1.489796,0.853535
1.489796,0.858586
1.489796,0.863636
1.489796,0.868687
1.489796,0.873737
1.489796,0.878788
1.489796,0.883838
1.489796,0.888889
1.489796,0.893939
1.489796,0.898990
1.489796,0.904040
1.489796,0.909091
1.489796,0.914141
1.489796,0.919192
1.489796,0.924242
1.489796,0.929293
1.489796,0.934343
1.489796,0.939394
1.489796,0.944444
1.489796,0.949495
1.489796,0.954545
1.489796,0.959596
1.489796,0.964646
1.489796,0.969697
1.489796,0.974747
1.489796,0.979798
1.489796,0.984848
1.489796,0.989899
1.489796,0.994949
1.489796,1.000000
1.510204,0.500000
1.510204,0.505051
1.510204,0.510101
1.510204,0.515152
1.510204,0.520202
1.510204,0.525253
1.510204,0.530303
1.510204,0.535354
1.510204,0.540404
1.510204,0.545455
1.510204,0.550505
1.510204,0.555556
1.510204,0.560606
1.510204,0.565657
1.510204,0.570707
1.510204,0.575758
1.510204,0.580808
1.510204,0.585859
1.510204,0.590909
1.510204,0.595960
1.510204,0.601010
1.510204,0.606061
1.510204,0.611111
1.510204,0.616162
1.510204,0.621212
1.510204,0.626263
1.510204,0.631313
1.510204,0.636364
1.510204,0.641414
1.510204,0.646465
1.510204,0.651515
1.510204,0.656566
1.510204,0.661616
1.510204,0.666667
1.510204,0.671717
1.510204,0.676768
1.510204,0.681818
1.510204,0.686869
1.510204,0.691919
1.510204,0.696970
1.510204,0.702020
1.510204,0.707071
1.510204,0.712121
1.510204,0.717172
1.510204,0.722222
1.510204,0.727273
1.510204,0.732323
1.510204,0.737374
1.510204,0.742424
1.510204,0.747475
1.510204,0.752525
1.510204,0.757576
1.510204,0.762626
1.510204,0.767677
1.510204,0.772727
1.510204,0.777778
1.510204,0.782828
1.510204,0.787879
1.510204,0.792929
1.510204,0.797980
1.510204,0.803030
1.510204,0.808081
1.510204,0.813131
1.510204,0.818182
1.510204,0.823232
1.510204,0.828283
1.510204,0.833333
1.510204,0.838384
1.510204,0.843434
1.510204,0.848485
1.510204,0.853535
1.510204,0.858586
1.510204,0.863636
1.510204,0.868687
1.510204,0.873737
1.510204,0.878788
1.510204,0.883838
1.510204,0.888889
1.510204,0.893939
1.510204,0.898990
1.510204,0.904040
1.510204,0.909091
1.510204,0.914141
1.510204,0.919192
1.510204,0.924242
1.510204,0.929293
1.510204,0.934343
1.510204,0.939394
1.510204,0.944444
1.510204,0.949495
1.510204,0.954545
1.510204,0.959596
1.510204,0.964646
1.510204,0.969697
1.510204,0.974747
1.510204,0.979798
1.510204,0.984848
1.510204,0.989899
1.510204,0.994949
1.510204,1.000000
1.530612,0.500000
1.530612,0.505051
1.530612,0.510101
1.530612,0.515152
1.530612,0.520202
1.530612,0.525253
1.530612,0.530303
1.530612,0.535354
1.530612,0.540404
1.530612,0.545455
1.530612,0.550505
1.530612,0.555556
1.530612,0.560606
1.530612,0.565657
1.530612,0.570707
1.530612,0.575758
1.530612,0.580808
1.530612,0.585859
1.530612,0.590909
1.530612,0.595960
1.530612,0.601010
1.530612,0.606061
1.530612,0.611111
1.530612,0.616162
1.530612,0.621212
1.530612,0.626263
1.530612,0.631313
1.530612,0.636364
1.530612,0.641414
1.530612,0.646465
1.530612,0.651515
1.530612,0.656566
1.530612,0.661616
1.530612,0.666667
1.530612,0.671717
1.530612,0.676768
1.530612,0.681818
1.530612,0.686869
1.530612,0.691919
1.530612,0.696970
1.530612,0.702020
1.530612,0.707071
1.530612,0.712121
1.530612,0.717172
1.530612,0.722222
1.530612,0.727273
1.530612,0.732323
1.530612,0.737374
1.530612,0.742424
1.530612,0.747475
1.530612,0.752525
1.530612,0.757576
1.530612,0.762626
1.530612,0.767677
1.530612,0.772727
1.530612,0.777778
1.530612,0.782828
1.530612,0.787879
1.530612,0.792929
1.530612,0.797980
1.530612,0.803030
1.530612,0.808081
1.530612,0.813131
1.530612,0.818182
1.530612,0.823232
1.530612,0.828283
1.530612,0.833333
1.530612,0.838384
1.530612,0.843434
1.530612,0.848485
1.530612,0.853535
1.530612,0.858586
1.530612,0.863636
1.530612,0.868687
1.530612,0.873737
1.530612,0.878788
1.530612,0.883838
1.530612,0.888889
1.530612,0.893939
1.530612,0.898990
1.530612,0.904040
1.530612,0.909091
1.530612,0.914141
1.530612,0.919192
1.530612,0.924242
1.530612,0.929293
1.530612,0.934343
1.530612,0.939394
1.530612,0.944444
1.530612,0.949495
1.530612,0.954545
1.530612,0.959596
1.530612,0.964646
1.530612,0.969697
1.530612,0.974747
1.530612,0.979798
1.530612,0.984848
1.530612,0.989899
1.530612,0.994949
1.530612,1.000000
1.551020,0.500000
1.551020,0.505051
1.551020,0.510101
1.551020,0.515152
1.551020,0.520202
1.551020,0.525253
1.551020,0.530303
1.551020,0.535354
1.551020,0.540404
1.551020,0.545455
1.551020,0.550505
1.551020,0.555556
1.551020,0.560606
1.551020,0.565657
1.551020,0.570707
1.551020,0.575758
1.551020,0.580808
1.551020,0.585859
1.551020,0.590909
1.551020,0.595960
1.551020,0.601010
1.551020,0.606061
1.551020,0.611111
1.551020,0.616162
1.551020,0.621212
1.551020,0.626263
1.551020,0.631313
1.551020,0.636364
1.551020,0.641414
1.551020,0.646465
1.551020,0.651515
1.551020,0.656566
1.551020,0.661616
1.551020,0.666667
1.551020,0.671717
1.551020,0.676768
1.551020,0.681818
1.551020,0.686869
1.551020,0.691919
1.551020,0.696970
1.551020,0.702020
1.551020,0.707071
1.551020,0.712121
1.551020,0.717172
1.551020,0.722222
1.551020,0.727273
1.551020,0.732323
1.551020,0.737374
1.551020,0.742424
1.551020,0.747475
1.551020,0.752525
1.551020,0.757576
1.551020,0.762626
1.551020,0.767677
1.551020,0.772727
1.551020,0.777778
1.551020,0.782828
1.551020,0.787879
1.551020,0.792929
1.551020,0.797980
1.551020,0.803030
1.551020,0.808081
1.551020,0.813131
1.551020,0.818182
1.551020,0.823232
1.551020,0.828283
1.551020,0.833333
1.551020,0.838384
1.551020,0.843434
1.551020,0.848485
1.551020,0.853535
1.551020,0.858586
1.551020,0.863636
1.551020,0.868687
1.551020,0.873737
1.551020,0.878788
1.551020,0.883838
1.551020,0.888889
1.551020,0.893939
1.551020,0.898990
1.551020,0.904040
1.551020,0.909091
1.551020,0.914141
1.551020,0.919192
1.551020,0.924242
1.551020,0.929293
1.551020,0.934343
1.551020,0.939394
1.551020,0.944444
1.551020,0.949495
1.551020,0.954545
1.551020,0.959596
1.551020,0.964646
1.551020,0.969697
1.551020,0.974747
1.551020,0.979798
1.551020,0.984848
1.551020,0.989899
1.551020,0.994949
1.551020,1.000000
1.571429,0.500000
1.571429,0.505051
1.571429,0.510101
1.571429,0.515152
1.571429,0.520202
1.571429,0.525253
1.571429,0.530303
1.571429,0.535354
1.571429,0.540404
1.571429,0.545455
1.571429,0.550505
1.571429,0.555556
1.571429,0.560606
1.571429,0.565657
1.571429,0.570707
1.571429,0.575758
1.571429,0.580808
1.571429,0.585859
1.571429,0.590909
1.571429,0.595960
1.571429,0.601010
1.571429,0.606061
1.571429,0.611111
1.571429,0.616162
1.571429,0.621212
1.571429,0.626263
1.571429,0.631313
1.571429,0.636364
1.571429,0.641414
1.571429,0.646465
1.571429,0.651515
1.571429,0.656566
1.571429,0.661616
1.571429,0.666667
1.571429,0.671717
1.571429,0.676768
1.571429,0.681818
1.571429,0.686869
1.571429,0.691919
1.571429,0.696970
1.571429,0.702020
1.571429,0.707071
1.571429,0.712121
1.571429,0.717172
1.571429,0.722222
1.571429,0.727273
1.571429,0.732323
1.571429,0.737374
1.571429,0.742424
1.571429,0.747475
1.571429,0.752525
1.571429,0.757576
1.571429,0.762626
1.571429,0.767677
1.571429,0.772727
1.571429,0.777778
1.571429,0.782828
1.571429,0.787879
1.571429,0.792929
1.571429,0.797980
1.571429,0.803030
1.571429,0.808081
1.571429,0.813131
1.571429,0.818182
1.571429,0.823232
1.571429,0.828283
1.571429,0.833333
1.571429,0.838384
1.571429,0.843434
1.571429,0.848485
1.571429,0.853535
1.571429,0.858586
1.571429,0.863636
1.571429,0.868687
1.571429,0.873737
1.571429,0.878788
1.571429,0.883838
1.571429,0.888889
1.571429,0.893939
1.571429,0.898990
1.571429,0.904040
1.571429,0.909091
1.571429,0.914141
1.571429,0.919192
1.571429,0.924242
1.571429,0.929293
1.571429,0.934343
1.571429,0.939394
1.571429,0.944444
1.571429,0.949495
1.571429,0.954545
1.571429,0.959596
1.571429,0.964646
1.571429,0.969697
1.571429,0.974747
1.571429,0.979798
1.571429,0.984848
1.571429,0.989899
1.571429,0.994949
1.571429,1.000000
1.591837,0.500000
1.591837,0.505051
1.591837,0.510101
1.591837,0.515152
1.591837,0.520202
1.591837,0.525253
1.591837,0.530303
1.591837,0.535354
1.591837,0.540404
1.591837,0.545455
1.591837,0.550505
1.591837,0.555556
1.591837,0.560606
1.591837,0.565657
1.591837,0.570707
1.591837,0.575758
1.591837,0.580808
1.591837,0.585859
1.591837,0.590909
1.591837,0.595960
1.591837,0.601010
1.591837,0.606061
1.591837,0.611111
1.591837,0.616162
1.591837,0.621212
1.591837,0.626263
1.591837,0.631313
1.591837,0.636364
1.591837,0.641414
1.591837,0.646465
1.591837,0.651515
1.591837,0.656566
1.591837,0.661616
1.591837,0.666667
1.591837,0.671717
1.591837,0.676768
1.591837,0.681818
1.591837,0.686869
1.591837,0.691919
1.591837,0.696970
1.591837,0.702020
1.591837,0.707071
1.591837,0.712121
1.591837,0.717172
1.591837,0.722222
1.591837,0.727273
1.591837,0.732323
1.591837,0.737374
1.591837,0.742424
1.591837,0.747475
1.591837,0.752525
1.591837,0.757576
1.591837,0.762626
1.591837,0.767677
1.591837,0.772727
1.591837,0.777778
1.591837,0.782828
1.591837,0.787879
1.591837,0.792929
1.591837,0.797980
1.591837,0.803030
1.591837,0.808081
1.591837,0.813131
1.591837,0.818182
1.591837,0.823232
1.591837,0.828283
1.591837,0.833333
1.591837,0.838384
1.591837,0.843434
1.591837,0.848485
1.591837,0.853535
1.591837,0.858586
1.591837,0.863636
1.591837,0.868687
1.591837,0.873737
1.591837,0.878788
1.591837,0.883838
1.591837,0.888889
1.591837,0.893939
1.591837,0.898990
1.591837,0.904040
1.591837,0.909091
1.591837,0.914141
1.591837,0.919192
1.591837,0.924242
1.591837,0.929293
1.591837,0.934343
1.591837,0.939394
1.591837,0.944444
1.591837,0.949495
1.591837,0.954545
1.591837,0.959596
1.591837,0.964646
1.591837,0.969697
1.591837,0.974747
1.591837,0.979798
1.591837,0.984848
1.591837,0.989899
1.591837,0.994949
1.591837,1.000000
1.612245,0.500000
1.612245,0.505051
1.612245,0.510101
1.612245,0.515152
1.612245,0.520202
1.612245,0.525253
1.612245,0.530303
1.612245,0.535354
1.612245,0.540404
1.612245,0.545455
1.612245,0.550505
1.612245,0.555556
1.612245,0.560606
1.612245,0.565657
1.612245,0.570707
1.612245,0.575758
1.612245,0.580808
1.612245,0.585859
1.612245,0.590909
1.612245,0.595960
1.612245,0.601010
1.612245,0.606061
1.612245,0.611111
1.612245,0.616162
1.612245,0.621212
1.612245,0.626263
1.612245,0.631313
1.612245,0.636364
1.612245,0.641414
1.612245,0.646465
1.612245,0.651515
1.612245,0.656566
1.612245,0.661616
1.612245,0.666667
1.612245,0.671717
1.612245,0.676768
1.612245,0.681818
1.612245,0.686869
1.612245,0.691919
1.612245,0.696970
1.612245,0.702020
1.612245,0.707071
1.612245,0.712121
1.612245,0.717172
1.612245,0.722222
1.612245,0.727273
1.612245,0.732323
1.612245,0.737374
1.612245,0.742424
1.612245,0.747475
1.612245,0.752525
1.612245,0.757576
1.612245,0.762626
1.612245,0.767677
1.612245,0.772727
1.612245,0.777778
1.612245,0.782828
1.612245,0.787879
1.612245,0.792929
1.612245,0.797980
1.612245,0.803030
1.612245,0.808081
1.612245,0.813131
1.612245,0.818182
1.612245,0.823232
1.612245,0.828283
1.612245,0.833333
1.612245,0.838384
1.612245,0.843434
1.612245,0.848485
1.612245,0.853535
1.612245,0.858586
1.612245,0.863636
1.612245,0.868687
1.612245,0.873737
1.612245,0.878788
1.612245,0.883838
1.612245,0.888889
1.612245,0.893939
1.612245,0.898990
1.612245,0.904040
1.612245,0.909091
1.612245,0.914141
1.612245,0.919192
1.612245,0.924242
1.612245,0.929293
1.612245,0.934343
1.612245,0.939394
1.612245,0.944444
1.612245,0.949495
1.612245,0.954545
1.612245,0.959596
1.612245,0.964646
1.612245,0.969697
1.612245,0.974747
1.612245,0.979798
1.612245,0.984848
1.612245,0.989899
1.612245,0.994949
1.612245,1.000000
1.632653,0.500000
1.632653,0.505051
1.632653,0.510101
1.632653,0.515152
1.632653,0.520202
1.632653,0.525253
1.632653,0.530303
1.632653,0.535354
1.632653,0.540404
1.632653,0.545455
1.632653,0.550505
1.632653,0.555556
1.632653,0.560606
1.632653,0.565657
1.632653,0.570707
1.632653,0.575758
1.632653,0.580808
1.632653,0.585859
1.632653,0.590909
1.632653,0.595960
1.632653,0.601010
1.632653,0.606061
1.632653,0.611111
1.632653,0.616162
1.632653,0.621212
1.632653,0.626263
1.632653,0.631313
1.632653,0.636364
1.632653,0.641414
1.632653,0.646465
1.632653,0.651515
1.632653,0.656566
1.632653,0.661616
1.632653,0.666667
1.632653,0.671717
1.632653,0.676768
1.632653,0.681818
1.632653,0.686869
1.632653,0.691919
1.632653,0.696970
1.632653,0.702020
1.632653,0.707071
1.632653,0.712121
1.632653,0.717172
1.632653,0.722222
1.632653,0.727273
1.632653,0.732323
1.632653,0.737374
1.632653,0.742424
1.632653,0.747475
1.632653,0.752525
1.632653,0.757576
1.632653,0.762626
1.632653,0.767677
1.632653,0.772727
1.632653,0.777778
1.632653,0.782828
1.632653,0.787879
1.632653,0.792929
1.632653,0.797980
1.632653,0.803030
1.632653,0.808081
1.632653,0.813131
1.632653,0.818182
1.632653,0.823232
1.632653,0.828283
1.632653,0.833333
1.632653,0.838384
1.632653,0.843434
1.632653,0.848485
1.632653,0.853535
1.632653,0.858586
1.632653,0.863636
1.632653,0.868687
1.632653,0.873737
1.632653,0.878788
1.632653,0.883838
1.632653,0.888889
1.632653,0.893939
1.632653,0.898990
1.632653,0.904040
1.632653,0.909091
1.632653,0.914141
1.632653,0.919192
1.632653,0.924242
1.632653,0.929293
1.632653,0.934343
1.632653,0.939394
1.632653,0.944444
1.632653,0.949495
1.632653,0.954545
1.632653,0.959596
1.632653,0.964646
1.632653,0.969697
1.632653,0.974747
1.632653,0.979798
1.632653,0.984848
1.632653,0.989899
1.632653,0.994949
1.632653,1.000000
1.653061,0.500000
1.653061,0.505051
1.653061,0.510101
1.653061,0.515152
1.653061,0.520202
1.653061,0.525253
1.653061,0.530303
1.653061,0.535354
1.653061,0.540404
1.653061,0.545455
1.653061,0.550505
1.653061,0.555556
1.653061,0.560606
1.653061,0.565657
1.653061,0.570707
1.653061,0.575758
1.653061,0.580808
1.653061,0.585859
1.653061,0.590909
1.653061,0.595960
1.653061,0.601010
1.653061,0.606061
1.653061,0.611111
1.653061,0.616162
1.653061,0.621212
1.653061,0.626263
1.653061,0.631313
1.653061,0.636364
1.653061,0.641414
1.653061,0.646465
1.653061,0.651515
1.653061,0.656566
1.653061,0.661616
1.653061,0.666667
1.653061,0.671717
1.653061,0.676768
1.653061,0.681818
1.653061,0.686869
1.653061,0.691919
1.653061,0.696970
1.653061,0.702020
1.653061,0.707071
1.653061,0.712121
1.653061,0.717172
1.653061,0.722222
1.653061,0.727273
1.653061,0.732323
1.653061,0.737374
1.653061,0.742424
1.653061,0.747475
1.653061,0.752525
1.653061,0.757576
1.653061,0.762626
1.653061,0.767677
1.653061,0.772727
1.653061,0.777778
1.653061,0.782828
1.653061,0.787879
1.653061,0.792929
1.653061,0.797980
1.653061,0.803030
1.653061,0.808081
1.653061,0.813131
1.653061,0.818182
1.653061,0.823232
1.653061,0.828283
1.653061,0.833333
1.653061,0.838384
1.653061,0.843434
1.653061,0.848485
1.653061,0.853535
1.653061,0.858586
1.653061,0.863636
1.653061,0.868687
1.653061,0.873737
1.653061,0.878788
1.653061,0.883838
1.653061,0.888889
1.653061,0.893939
1.653061,0.898990
1.653061,0.904040
1.653061,0.909091
1.653061,0.914141
1.653061,0.919192
1.653061,0.924242
1.653061,0.929293
1.653061,0.934343
1.653061,0.939394
1.653061,0.944444
1.653061,0.949495
1.653061,0.954545
1.653061,0.959596
1.653061,0.964646
1.653061,0.969697
1.653061,0.974747
1.653061,0.979798
1.653061,0.984848
1.653061,0.989899
1.653061,0.994949
1.653061,1.000000
1.673469,0.500000
1.673469,0.505051
1.673469,0.510101
1.673469,0.515152
1.673469,0.520202
1.673469,0.525253
1.673469,0.530303
1.673469,0.535354
1.673469,0.540404
1.673469,0.545455
1.673469,0.550505
1.673469,0.555556
1.673469,0.560606
1.673469,0.565657
1.673469,0.570707
1.673469,0.575758
1.673469,0.580808
1.673469,0.585859
1.673469,0.590909
1.673469,0.595960
1.673469,0.601010
1.673469,0.606061
1.673469,0.611111
1.673469,0.616162
1.673469,0.621212
1.673469,0.626263
1.673469,0.631313
1.673469,0.636364
1.673469,0.641414
1.673469,0.646465
1.673469,0.651515
1.673469,0.656566
1.673469,0.661616
1.673469,0.666667
1.673469,0.671717
1.673469,0.676768
1.673469,0.681818
1.673469,0.686869
1.673469,0.691919
1.673469,0.696970
1.673469,0.702020
1.673469,0.707071
1.673469,0.712121
1.673469,0.717172
1.673469,0.722222
1.673469,0.727273
1.673469,0.732323
1.673469,0.737374
1.673469,0.742424
1.673469,0.747475
1.673469,0.752525
1.673469,0.757576
1.673469,0.762626
1.673469,0.767677
1.673469,0.772727
1.673469,0.777778
1.673469,0.782828
1.673469,0.787879
1.673469,0.792929
1.673469,0.797980
1.673469,0.803030
1.673469,0.808081
1.673469,0.813131
1.673469,0.818182
1.673469,0.823232
1.673469,0.828283
1.673469,0.833333
1.673469,0.838384
1.673469,0.843434
1.673469,0.848485
1.673469,0.853535
1.673469,0.858586
1.673469,0.863636
1.673469,0.868687
1.673469,0.873737
1.673469,0.878788
1.673469,0.883838
1.673469,0.888889
1.673469,0.893939
1.673469,0.898990
1.673469,0.904040
1.673469,0.909091
1.673469,0.914141
1.673469,0.919192
1.673469,0.924242
1.673469,0.929293
1.673469,0.934343
1.673469,0.939394
1.673469,0.944444
1.673469,0.949495
1.673469,0.954545
1.673469,0.959596
1.673469,0.964646
1.673469,0.969697
1.673469,0.974747
1.673469,0.979798
1.673469,0.984848
1.673469,0.989899
1.673469,0.994949
1.673469,1.000000
1.693878,0.500000
1.693878,0.505051
1.693878,0.510101
1.693878,0.515152
1.693878,0.520202
1.693878,0.525253
1.693878,0.530303
1.693878,0.535354
1.693878,0.540404
1.693878,0.545455
1.693878,0.550505
1.693878,0.555556
1.693878,0.560606
1.693878,0.565657
1.693878,0.570707
1.693878,0.575758
1.693878,0.580808
1.693878,0.585859
1.693878,0.590909
1.693878,0.595960
1.693878,0.601010
1.693878,0.606061
1.693878,0.611111
1.693878,0.616162
1.693878,0.621212
1.693878,0.626263
1.693878,0.631313
1.693878,0.636364
1.693878,0.641414
1.693878,0.646465
1.693878,0.651515
1.693878,0.656566
1.693878,0.661616
1.693878,0.666667
1.693878,0.671717
1.693878,0.676768
1.693878,0.681818
1.693878,0.686869
1.693878,0.691919
1.693878,0.696970
1.693878,0.702020
1.693878,0.707071
1.693878,0.712121
1.693878,0.717172
1.693878,0.722222
1.693878,0.727273
1.693878,0.732323
1.693878,0.737374
1.693878,0.742424
1.693878,0.747475
1.693878,0.752525
1.693878,0.757576
1.693878,0.762626
1.693878,0.767677
1.693878,0.772727
1.693878,0.777778
1.693878,0.782828
1.693878,0.787879
1.693878,0.792929
1.693878,0.797980
1.693878,0.803030
1.693878,0.808081
1.693878,0.813131
1.693878,0.818182
1.693878,0.823232
1.693878,0.828283
1.693878,0.833333
1.693878,0.838384
1.693878,0.843434
1.693878,0.848485
1.693878,0.853535
1.693878,0.858586
1.693878,0.863636
1.693878,0.868687
1.693878,0.873737
1.693878,0.878788
1.693878,0.883838
1.693878,0.888889
1.693878,0.893939
1.693878,0.898990
1.693878,0.904040
1.693878,0.909091
1.693878,0.914141
1.693878,0.919192
1.693878,0.924242
1.693878,0.929293
1.693878,0.934343
1.693878,0.939394
1.693878,0.944444
1.693878,0.949495
1.693878,0.954545
1.693878,0.959596
1.693878,0.964646
1.693878,0.969697
1.693878,0.974747
1.693878,0.979798
1.693878,0.984848
1.693878,0.989899
1.693878,0.994949
1.693878,1.000000
1.714286,0.500000
1.714286,0.505051
1.714286,0.510101
1.714286,0.515152
1.714286,0.520202
1.714286,0.525253
1.714286,0.530303
1.714286,0.535354
1.714286,0.540404
1.714286,0.545455
1.714286,0.550505
1.714286,0.555556
1.714286,0.560606
1.714286,0.565657
1.714286,0.570707
1.714286,0.575758
1.714286,0.580808
1.714286,0.585859
1.714286,0.590909
1.714286,0.595960
1.714286,0.601010
1.714286,0.606061
1.714286,0.611111
1.714286,0.616162
1.714286,0.621212
1.714286,0.626263
1.714286,0.631313
1.714286,0.636364
1.714286,0.641414
1.714286,0.646465
1.714286,0.651515
1.714286,0.656566
1.714286,0.661616
1.714286,0.666667
1.714286,0.671717
1.714286,0.676768
1.714286,0.681818
1.714286,0.686869
1.714286,0.691919
1.714286,0.696970
1.714286,0.702020
1.714286,0.707071
1.714286,0.712121
1.714286,0.717172
1.714286,0.722222
1.714286,0.727273
1.714286,0.732323
1.714286,0.737374
1.714286,0.742424
1.714286,0.747475
1.714286,0.752525
1.714286,0.757576
1.714286,0.762626
1.714286,0.767677
1.714286,0.772727
1.714286,0.777778
1.714286,0.782828
1.714286,0.787879
1.714286,0.792929
1.714286,0.797980
1.714286,0.803030
1.714286,0.808081
1.714286,0.813131
1.714286,0.818182
1.714286,0.823232
1.714286,0.828283
1.714286,0.833333
1.714286,0.838384
1.714286,0.843434
1.714286,0.848485
1.714286,0.853535
1.714286,0.858586
1.714286,0.863636
1.714286,0.868687
1.714286,0.873737
1.714286,0.878788
1.714286,0.883838
1.714286,0.888889
1.714286,0.893939
1.714286,0.898990
1.714286,0.904040
1.714286,0.909091
1.714286,0.914141
1.714286,0.919192
1.714286,0.924242
1.714286,0.929293
1.714286,0.934343
1.714286,0.939394
1.714286,0.944444
1.714286,0.949495
1.714286,0.954545
1.714286,0.959596
1.714286,0.964646
1.714286,0.969697
1.714286,0.974747
1.714286,0.979798
1.714286,0.984848
1.714286,0.989899
1.714286,0.994949
1.714286,1.000000
1.734694,0.500000
1.734694,0.505051
1.734694,0.510101
1.734694,0.515152
1.734694,0.520202
1.734694,0.525253
1.734694,0.530303
1.734694,0.535354
1.734694,0.540404
1.734694,0.545455
1.734694,0.550505
1.734694,0.555556
1.734694,0.560606
1.734694,0.565657
1.734694,0.570707
1.734694,0.575758
1.734694,0.580808
1.734694,0.585859
1.734694,0.590909
1.734694,0.595960
1.734694,0.601010
1.734694,0.606061
1.734694,0.611111
1.734694,0.616162
1.734694,0.621212
1.734694,0.626263
1.734694,0.631313
1.734694,0.636364
1.734694,0.641414
1.734694,0.646465
1.734694,0.651515
1.734694,0.656566
1.734694,0.661616
1.734694,0.666667
1.734694,0.671717
1.734694,0.676768
1.734694,0.681818
1.734694,0.686869
1.734694,0.691919
1.734694,0.696970
1.734694,0.702020
1.734694,0.707071
1.734694,0.712121
1.734694,0.717172
1.734694,0.722222
1.734694,0.727273
1.734694,0.732323
1.734694,0.737374
1.734694,0.742424
1.734694,0.747475
1.734694,0.752525
1.734694,0.757576
1.734694,0.762626
1.734694,0.767677
1.734694,0.772727
1.734694,0.777778
1.734694,0.782828
1.734694,0.787879
1.734694,0.792929
1.734694,0.797980
1.734694,0.803030
1.734694,0.808081
1.734694,0.813131
1.734694,0.818182
1.734694,0.823232
1.734694,0.828283
1.734694,0.833333
1.734694,0.838384
1.734694,0.843434
1.734694,0.848485
1.734694,0.853535
1.734694,0.858586
1.734694,0.863636
1.734694,0.868687
1.734694,0.873737
1.734694,0.878788
1.734694,0.883838
1.734694,0.888889
1.734694,0.893939
1.734694,0.898990
1.734694,0.904040
1.734694,0.909091
1.734694,0.914141
1.734694,0.919192
1.734694,0.924242
1.734694,0.929293
1.734694,0.934343
1.734694,0.939394
1.734694,0.944444
1.734694,0.949495
1.734694,0.954545
1.734694,0.959596
1.734694,0.964646
1.734694,0.969697
1.734694,0.974747
1.734694,0.979798
1.734694,0.984848
1.734694,0.989899
1.734694,0.994949
1.734694,1.000000
1.755102,0.500000
1.755102,0.505051
1.755102,0.510101
1.755102,0.515152
1.755102,0.520202
1.755102,0.525253
1.755102,0.530303
1.755102,0.535354
1.755102,0.540404
1.755102,0.545455
1.755102,0.550505
1.755102,0.555556
1.755102,0.560606
1.755102,0.565657
1.755102,0.570707
1.755102,0.575758
1.755102,0.580808
1.755102,0.585859
1.755102,0.590909
1.755102,0.595960
1.755102,0.601010
1.755102,0.606061
1.755102,0.611111
1.755102,0.616162
1.755102,0.621212
1.755102,0.626263
1.755102,0.631313
1.755102,0.636364
1.755102,0.641414
1.755102,0.646465
1.755102,0.651515
1.755102,0.656566
1.755102,0.661616
1.755102,0.666667
1.755102,0.671717
1.755102,0.676768
1.755102,0.681818
1.755102,0.686869
1.755102,0.691919
1.755102,0.696970
1.755102,0.702020
1.755102,0.707071
1.755102,0.712121
1.755102,0.717172
1.755102,0.722222
1.755102,0.727273
1.755102,0.732323
1.755102,0.737374
1.755102,0.742424
1.755102,0.747475
1.755102,0.752525
1.755102,0.757576
1.755102,0.762626
1.755102,0.767677
1.755102,0.772727
1.755102,0.777778
1.755102,0.782828
1.755102,0.787879
1.755102,0.792929
1.755102,0.797980
1.755102,0.803030
1.755102,0.808081
1.755102,0.813131
1.755102,0.818182
1.755102,0.823232
1.755102,0.828283
1.755102,0.833333
1.755102,0.838384
1.755102,0.843434
1.755102,0.848485
1.755102,0.853535
1.755102,0.858586
1.755102,0.863636
1.755102,0.868687
1.755102,0.873737
1.755102,0.878788
1.755102,0.883838
1.755102,0.888889
1.755102,0.893939
1.755102,0.898990
1.755102,0.904040
1.755102,0.909091
1.755102,0.914141
1.755102,0.919192
1.755102,0.924242
1.755102,0.929293
1.755102,0.934343
1.755102,0.939394
1.755102,0.944444
1.755102,0.949495
1.755102,0.954545
1.755102,0.959596
1.755102,0.964646
1.755102,0.969697
1.755102,0.974747
1.755102,0.979798
1.755102,0.984848
1.755102,0.989899
1.755102,0.994949
1.755102,1.000000
1.775510,0.500000
1.775510,0.505051
1.775510,0.510101
1.775510,0.515152
1.775510,0.520202
1.775510,0.525253
1.775510,0.530303
1.775510,0.535354
1.775510,0.540404
1.775510,0.545455
1.775510,0.550505
1.775510,0.555556
1.775510,0.560606
1.775510,0.565657
1.775510,0.570707
1.775510,0.575758
1.775510,0.580808
1.775510,0.585859
1.775510,0.590909
1.775510,0.595960
1.775510,0.601010
1.775510,0.606061
1.775510,0.611111
1.775510,0.616162
1.775510,0.621212
1.775510,0.626263
1.775510,0.631313
1.775510,0.636364
1.775510,0.641414
1.775510,0.646465
1.775510,0.651515
1.775510,0.656566
1.775510,0.661616
1.775510,0.666667
1.775510,0.671717
1.775510,0.676768
1.775510,0.681818
1.775510,0.686869
1.775510,0.691919
1.775510,0.696970
1.775510,0.702020
1.775510,0.707071
1.775510,0.712121
1.775510,0.717172
1.775510,0.722222
1.775510,0.727273
1.775510,0.732323
1.775510,0.737374
1.775510,0.742424
1.775510,0.747475
1.775510,0.752525
1.775510,0.757576
1.775510,0.762626
1.775510,0.767677
1.775510,0.772727
1.775510,0.777778
1.775510,0.782828
1.775510,0.787879
1.775510,0.792929
1.775510,0.797980
1.775510,0.803030
1.775510,0.808081
1.775510,0.813131
1.775510,0.818182
1.775510,0.823232
1.775510,0.828283
1.775510,0.833333
1.775510,0.838384
1.775510,0.843434
1.775510,0.848485
1.775510,0.853535
1.775510,0.858586
1.775510,0.863636
1.775510,0.868687
1.775510,0.873737
1.775510,0.878788
1.775510,0.883838
1.775510,0.888889
1.775510,0.893939
1.775510,0.898990
1.775510,0.904040
1.775510,0.909091
1.775510,0.914141
1.775510,0.919192
1.775510,0.924242
1.775510,0.929293
1.775510,0.934343
1.775510,0.939394
1.775510,0.944444
1.775510,0.949495
1.775510,0.954545
1.775510,0.959596
1.775510,0.964646
1.775510,0.969697
1.775510,0.974747
1.775510,0.979798
1.775510,0.984848
1.775510,0.989899
1.775510,0.994949
1.775510,1.000000
1.795918,0.500000
1.795918,0.505051
1.795918,0.510101
1.795918,0.515152
1.795918,0.520202
1.795918,0.525253
1.795918,0.530303
1.795918,0.535354
1.795918,0.540404
1.795918,0.545455
1.795918,0.550505
1.795918,0.555556
1.795918,0.560606
1.795918,0.565657
1.795918,0.570707
1.795918,0.575758
1.795918,0.580808
1.795918,0.585859
1.795918,0.590909
1.795918,0.595960
1.795918,0.601010
1.795918,0.606061
1.795918,0.611111
1.795918,0.616162
1.795918,0.621212
1.795918,0.626263
1.795918,0.631313
1.795918,0.636364
1.795918,0.641414
1.795918,0.646465
1.795918,0.651515
1.795918,0.656566
1.795918,0.661616
1.795918,0.666667
1.795918,0.671717
1.795918,0.676768
1.795918,0.681818
1.795918,0.686869
1.795918,0.691919
1.795918,0.696970
1.795918,0.702020
1.795918,0.707071
1.795918,0.712121
1.795918,0.717172
1.795918,0.722222
1.795918,0.727273
1.795918,0.732323
1.795918,0.737374
1.795918,0.742424
1.795918,0.747475
1.795918,0.752525
1.795918,0.757576
1.795918,0.762626
1.795918,0.767677
1.795918,0.772727
1.795918,0.777778
1.795918,0.782828
1.795918,0.787879
1.795918,0.792929
1.795918,0.797980
1.795918,0.803030
1.795918,0.808081
1.795918,0.813131
1.795918,0.818182
1.795918,0.823232
1.795918,0.828283
1.795918,0.833333
1.795918,0.838384
1.795918,0.843434
1.795918,0.848485
1.795918,0.853535
1.795918,0.858586
1.795918,0.863636
1.795918,0.868687
1.795918,0.873737
1.795918,0.878788
1.795918,0.883838
1.795918,0.888889
1.795918,0.893939
1.795918,0.898990
1.795918,0.904040
1.795918,0.909091
1.795918,0.914141
1.795918,0.919192
1.795918,0.924242
1.795918,0.929293
1.795918,0.934343
1.795918,0.939394
1.795918,0.944444
1.795918,0.949495
1.795918,0.954545
1.795918,0.959596
1.795918,0.964646
1.795918,0.969697
1.795918,0.974747
1.795918,0.979798
1.795918,0.984848
1.795918,0.989899
1.795918,0.994949
1.795918,1.000000
1.816327,0.500000
1.816327,0.505051
1.816327,0.510101
1.816327,0.515152
1.816327,0.520202
1.816327,0.525253
1.816327,0.530303
1.816327,0.535354
1.816327,0.540404
1.816327,0.545455
1.816327,0.550505
1.816327,0.555556
1.816327,0.560606
1.816327,0.565657
1.816327,0.570707
1.816327,0.575758
1.816327,0.580808
1.816327,0.585859
1.816327,0.590909
1.816327,0.595960
1.816327,0.601010
1.816327,0.606061
1.816327,0.611111
1.816327,0.616162
1.816327,0.621212
1.816327,0.626263
1.816327,0.631313
1.816327,0.636364
1.816327,0.641414
1.816327,0.646465
1.816327,0.651515
1.816327,0.656566
1.816327,0.661616
1.816327,0.666667
1.816327,0.671717
1.816327,0.676768
1.816327,0.681818
1.816327,0.686869
1.816327,0.691919
1.816327,0.696970
1.816327,0.702020
1.816327,0.707071
1.816327,0.712121
1.816327,0.717172
1.816327,0.722222
1.816327,0.727273
1.816327,0.732323
1.816327,0.737374
1.816327,0.742424
1.816327,0.747475
1.816327,0.752525
1.816327,0.757576
1.816327,0.762626
1.816327,0.767677
1.816327,0.772727
1.816327,0.777778
1.816327,0.782828
1.816327,0.787879
1.816327,0.792929
1.816327,0.797980
1.816327,0.803030
1.816327,0.808081
1.816327,0.813131
1.816327,0.818182
1.816327,0.823232
1.816327,0.828283
1.816327,0.833333
1.816327,0.838384
1.816327,0.843434
1.816327,0.848485
1.816327,0.853535
1.816327,0.858586
1.816327,0.863636
1.816327,0.868687
1.816327,0.873737
1.816327,0.878788
1.816327,0.883838
1.816327,0.888889
1.816327,0.893939
1.816327,0.898990
1.816327,0.904040
1.816327,0.909091
1.816327,0.914141
1.816327,0.919192
1.816327,0.924242
1.816327,0.929293
1.816327,0.934343
1.816327,0.939394
1.816327,0.944444
1.816327,0.949495
1.816327,0.954545
1.816327,0.959596
1.816327,0.964646
1.816327,0.969697
1.816327,0.974747
1.816327,0.979798
1.816327,0.984848
1.816327,0.989899
1.816327,0.994949
1.816327,1.000000
1.836735,0.500000
1.836735,0.505051
1.836735,0.510101
1.836735,0.515152
1.836735,0.520202
1.836735,0.525253
1.836735,0.530303
1.836735,0.535354
1.836735,0.540404
1.836735,0.545455
1.836735,0.550505
1.836735,0.555556
1.836735,0.560606
1.836735,0.565657
1.836735,0.570707
1.836735,0.575758
1.836735,0.580808
1.836735,0.585859
1.836735,0.590909
1.836735,0.595960
1.836735,0.601010
1.836735,0.606061
1.836735,0.611111
1.836735,0.616162
1.836735,0.621212
1.836735,0.626263
1.836735,0.631313
1.836735,0.636364
1.836735,0.641414
1.836735,0.646465
1.836735,0.651515
1.836735,0.656566
1.836735,0.661616
1.836735,0.666667
1.836735,0.671717
1.836735,0.676768
1.836735,0.681818
1.836735,0.686869
1.836735,0.691919
1.836735,0.696970
1.836735,0.702020
1.836735,0.707071
1.836735,0.712121
1.836735,0.717172
1.836735,0.722222
1.836735,0.727273
1.836735,0.732323
1.836735,0.737374
1.836735,0.742424
1.836735,0.747475
1.836735,0.752525
1.836735,0.757576
1.836735,0.762626
1.836735,0.767677
1.836735,0.772727
1.836735,0.777778
1.836735,0.782828
1.836735,0.787879
1.836735,0.792929
1.836735,0.797980
1.836735,0.803030
1.836735,0.808081
1.836735,0.813131
1.836735,0.818182
1.836735,0.823232
1.836735,0.828283
1.836735,0.833333
1.836735,0.838384
1.836735,0.843434
1.836735,0.848485
1.836735,0.853535
1.836735,0.858586
1.836735,0.863636
1.836735,0.868687
1.836735,0.873737
1.836735,0.878788
1.836735,0.883838
1.836735,0.888889
1.836735,0.893939
1.836735,0.898990
1.836735,0.904040
1.836735,0.909091
1.836735,0.914141
1.836735,0.919192
1.836735,0.924242
1.836735,0.929293
1.836735,0.934343
1.836735,0.939394
1.836735,0.944444
1.836735,0.949495
1.836735,0.954545
1.836735,0.959596
1.836735,0.964646
1.836735,0.969697
1.836735,0.974747
1.836735,0.979798
1.836735,0.984848
1.836735,0.989899
1.836735,0.994949
1.836735,1.000000
1.857143,0.500000
1.857143,0.505051
1.857143,0.510101
1.857143,0.515152
1.857143,0.520202
1.857143,0.525253
1.857143,0.530303
1.857143,0.535354
1.857143,0.540404
1.857143,0.545455
1.857143,0.550505
1.857143,0.555556
1.857143,0.560606
1.857143,0.565657
1.857143,0.570707
1.857143,0.575758
1.857143,0.580808
1.857143,0.585859
1.857143,0.590909
1.857143,0.595960
1.857143,0.601010
1.857143,0.606061
1.857143,0.611111
1.857143,0.616162
1.857143,0.621212
1.857143,0.626263
1.857143,0.631313
1.857143,0.636364
1.857143,0.641414
1.857143,0.646465
1.857143,0.651515
1.857143,0.656566
1.857143,0.661616
1.857143,0.666667
1.857143,0.671717
1.857143,0.676768
1.857143,0.681818
1.857143,0.686869
1.857143,0.691919
1.857143,0.696970
1.857143,0.702020
1.857143,0.707071
1.857143,0.712121
1.857143,0.717172
1.857143,0.722222
1.857143,0.727273
1.857143,0.732323
1.857143,0.737374
1.857143,0.742424
1.857143,0.747475
1.857143,0.752525
1.857143,0.757576
1.857143,0.762626
1.857143,0.767677
1.857143,0.772727
1.857143,0.777778
1.857143,0.782828
1.857143,0.787879
1.857143,0.792929
1.857143,0.797980
1.857143,0.803030
1.857143,0.808081
1.857143,0.813131
1.857143,0.818182
1.857143,0.823232
1.857143,0.828283
1.857143,0.833333
1.857143,0.838384
1.857143,0.843434
1.857143,0.848485
1.857143,0.853535
1.857143,0.858586
1.857143,0.863636
1.857143,0.868687
1.857143,0.873737
1.857143,0.878788
1.857143,0.883838
1.857143,0.888889
1.857143,0.893939
1.857143,0.898990
1.857143,0.904040
1.857143,0.909091
1.857143,0.914141
1.857143,0.919192
1.857143,0.924242
1.857143,0.929293
1.857143,0.934343
1.857143,0.939394
1.857143,0.944444
1.857143,0.949495
1.857143,0.954545
1.857143,0.959596
1.857143,0.964646
1.857143,0.969697
1.857143,0.974747
1.857143,0.979798
1.857143,0.984848
1.857143,0.989899
1.857143,0.994949
1.857143,1.000000
1.877551,0.500000
1.877551,0.505051
1.877551,0.510101
1.877551,0.515152
1.877551,0.520202
1.877551,0.525253
1.877551,0.530303
1.877551,0.535354
1.877551,0.540404
1.877551,0.545455
1.877551,0.550505
1.877551,0.555556
1.877551,0.560606
1.877551,0.565657
1.877551,0.570707
1.877551,0.575758
1.877551,0.580808
1.877551,0.585859
1.877551,0.590909
1.877551,0.595960
1.877551,0.601010
1.877551,0.606061
1.877551,0.611111
1.877551,0.616162
1.877551,0.621212
1.877551,0.626263
1.877551,0.631313
1.877551,0.636364
1.877551,0.641414
1.877551,0.646465
1.877551,0.651515
1.877551,0.656566
1.877551,0.661616
1.877551,0.666667
1.877551,0.671717
1.877551,0.676768
1.877551,0.681818
1.877551,0.686869
1.877551,0.691919
1.877551,0.696970
1.877551,0.702020
1.877551,0.707071
1.877551,0.712121
1.877551,0.717172
1.877551,0.722222
1.877551,0.727273
1.877551,0.732323
1.877551,0.737374
1.877551,0.742424
1.877551,0.747475
1.877551,0.752525
1.877551,0.757576
1.877551,0.762626
1.877551,0.767677
1.877551,0.772727
1.877551,0.777778
1.877551,0.782828
1.877551,0.787879
1.877551,0.792929
1.877551,0.797980
1.877551,0.803030
1.877551,0.808081
1.877551,0.813131
1.877551,0.818182
1.877551,0.823232
1.877551,0.828283
1.877551,0.833333
1.877551,0.838384
1.877551,0.843434
1.877551,0.848485
1.877551,0.853535
1.877551,0.858586
1.877551,0.863636
1.877551,0.868687
1.877551,0.873737
1.877551,0.878788
1.877551,0.883838
1.877551,0.888889
1.877551,0.893939
1.877551,0.898990
1.877551,0.904040
1.877551,0.909091
1.877551,0.914141
1.877551,0.919192
1.877551,0.924242
1.877551,0.929293
1.877551,0.934343
1.877551,0.939394
1.877551,0.944444
1.877551,0.949495
1.877551,0.954545
1.877551,0.959596
1.877551,0.964646
1.877551,0.969697
1.877551,0.974747
1.877551,0.979798
1.877551,0.984848
1.877551,0.989899
1.877551,0.994949
1.877551,1.000000
1.897959,0.500000
1.897959,0.505051
1.897959,0.510101
1.897959,0.515152
1.897959,0.520202
1.897959,0.525253
1.897959,0.530303
1.897959,0.535354
1.897959,0.540404
1.897959,0.545455
1.897959,0.550505
1.897959,0.555556
1.897959,0.560606
1.897959,0.565657
1.897959,0.570707
1.897959,0.575758
1.897959,0.580808
1.897959,0.585859
1.897959,0.590909
1.897959,0.595960
1.897959,0.601010
1.897959,0.606061
1.897959,0.611111
1.897959,0.616162
1.897959,0.621212
1.897959,0.626263
1.897959,0.631313
1.897959,0.636364
1.897959,0.641414
1.897959,0.646465
1.897959,0.651515
1.897959,0.656566
1.897959,0.661616
1.897959,0.666667
1.897959,0.671717
1.897959,0.676768
1.897959,0.681818
1.897959,0.686869
1.897959,0.691919
1.897959,0.696970
1.897959,0.702020
1.897959,0.707071
1.897959,0.712121
1.897959,0.717172
1.897959,0.722222
1.897959,0.727273
1.897959,0.732323
1.897959,0.737374
1.897959,0.742424
1.897959,0.747475
1.897959,0.752525
1.897959,0.757576
1.897959,0.762626
1.897959,0.767677
1.897959,0.772727
1.897959,0.777778
1.897959,0.782828
1.897959,0.787879
1.897959,0.792929
1.897959,0.797980
1.897959,0.803030
1.897959,0.808081
1.897959,0.813131
1.897959,0.818182
1.897959,0.823232
1.897959,0.828283
1.897959,0.833333
1.897959,0.838384
1.897959,0.843434
1.897959,0.848485
1.897959,0.853535
1.897959,0.858586
1.897959,0.863636
1.897959,0.868687
1.897959,0.873737
1.897959,0.878788
1.897959,0.883838
1.897959,0.888889
1.897959,0.893939
1.897959,0.898990
1.897959,0.904040
1.897959,0.909091
1.897959,0.914141
1.897959,0.919192
1.897959,0.924242
1.897959,0.929293
1.897959,0.934343
1.897959,0.939394
1.897959,0.944444
1.897959,0.949495
1.897959,0.954545
1.897959,0.959596
1.897959,0.964646
1.897959,0.969697
1.897959,0.974747
1.897959,0.979798
1.897959,0.984848
1.897959,0.989899
1.897959,0.994949
1.897959,1.000000
1.918367,0.500000
1.918367,0.505051
1.918367,0.510101
1.918367,0.515152
1.918367,0.520202
1.918367,0.525253
1.918367,0.530303
1.918367,0.535354
1.918367,0.540404
1.918367,0.545455
1.918367,0.550505
1.918367,0.555556
1.918367,0.560606
1.918367,0.565657
1.918367,0.570707
1.918367,0.575758
1.918367,0.580808
1.918367,0.585859
1.918367,0.590909
1.918367,0.595960
1.918367,0.601010
1.918367,0.606061
1.918367,0.611111
1.918367,0.616162
1.918367,0.621212
1.918367,0.626263
1.918367,0.631313
1.918367,0.636364
1.918367,0.641414
1.918367,0.646465
1.918367,0.651515
1.918367,0.656566
1.918367,0.661616
1.918367,0.666667
1.918367,0.671717
1.918367,0.676768
1.918367,0.681818
1.918367,0.686869
1.918367,0.691919
1.918367,0.696970
1.918367,0.702020
1.918367,0.707071
1.918367,0.712121
1.918367,0.717172
1.918367,0.722222
1.918367,0.727273
1.918367,0.732323
1.918367,0.737374
1.918367,0.742424
1.918367,0.747475
1.918367,0.752525
1.918367,0.757576
1.918367,0.762626
1.918367,0.767677
1.918367,0.772727
1.918367,0.777778
1.918367,0.782828
1.918367,0.787879
1.918367,0.792929
1.918367,0.797980
1.918367,0.803030
1.918367,0.808081
1.918367,0.813131
1.918367,0.818182
1.918367,0.823232
1.918367,0.828283
1.918367,0.833333
1.918367,0.838384
1.918367,0.843434
1.918367,0.848485
1.918367,0.853535
1.918367,0.858586
1.918367,0.863636
1.918367,0.868687
1.918367,0.873737
1.918367,0.878788
1.918367,0.883838
1.918367,0.888889
1.918367,0.893939
1.918367,0.898990
1.918367,0.904040
1.918367,0.909091
1.918367,0.914141
1.918367,0.919192
1.918367,0.924242
1.918367,0.929293
1.918367,0.934343
1.918367,0.939394
1.918367,0.944444
1.918367,0.949495
1.918367,0.954545
1.918367,0.959596
1.918367,0.964646
1.918367,0.969697
1.918367,0.974747
1.918367,0.979798
1.918367,0.984848
1.918367,0.989899
1.918367,0.994949
1.918367,1.000000
1.938776,0.500000
1.938776,0.505051
1.938776,0.510101
1.938776,0.515152
1.938776,0.520202
1.938776,0.525253
1.938776,0.530303
1.938776,0.535354
1.938776,0.540404
1.938776,0.545455
1.938776,0.550505
1.938776,0.555556
1.938776,0.560606
1.938776,0.565657
1.938776,0.570707
1.938776,0.575758
1.938776,0.580808
1.938776,0.585859
1.938776,0.590909
1.938776,0.595960
1.938776,0.601010
1.938776,0.606061
1.938776,0.611111
1.938776,0.616162
1.938776,0.621212
1.938776,0.626263
1.938776,0.631313
1.938776,0.636364
1.938776,0.641414
1.938776,0.646465
1.938776,0.651515
1.938776,0.656566
1.938776,0.661616
1.938776,0.666667
1.938776,0.671717
1.938776,0.676768
1.938776,0.681818
1.938776,0.686869
1.938776,0.691919
1.938776,0.696970
1.938776,0.702020
1.938776,0.707071
1.938776,0.712121
1.938776,0.717172
1.938776,0.722222
1.938776,0.727273
1.938776,0.732323
1.938776,0.737374
1.938776,0.742424
1.938776,0.747475
1.938776,0.752525
1.938776,0.757576
1.938776,0.762626
1.938776,0.767677
1.938776,0.772727
1.938776,0.777778
1.938776,0.782828
1.938776,0.787879
1.938776,0.792929
1.938776,0.797980
1.938776,0.803030
1.938776,0.808081
1.938776,0.813131
1.938776,0.818182
1.938776,0.823232
1.938776,0.828283
1.938776,0.833333
1.938776,0.838384
1.938776,0.843434
1.938776,0.848485
1.938776,0.853535
1.938776,0.858586
1.938776,0.863636
1.938776,0.868687
1.938776,0.873737
1.938776,0.878788
1.938776,0.883838
1.938776,0.888889
1.938776,0.893939
1.938776,0.898990
1.938776,0.904040
1.938776,0.909091
1.938776,0.914141
1.938776,0.919192
1.938776,0.924242
1.938776,0.929293
1.938776,0.934343
1.938776,0.939394
1.938776,0.944444
1.938776,0.949495
1.938776,0.954545
1.938776,0.959596
1.938776,0.964646
1.938776,0.969697
1.938776,0.974747
1.938776,0.979798
1.938776,0.984848
1.938776,0.989899
1.938776,0.994949
1.938776,1.000000
1.959184,0.500000
1.959184,0.505051
1.959184,0.510101
1.959184,0.515152
1.959184,0.520202
1.959184,0.525253
1.959184,0.530303
1.959184,0.535354
1.959184,0.540404
1.959184,0.545455
1.959184,0.550505
1.959184,0.555556
1.959184,0.560606
1.959184,0.565657
1.959184,0.570707
1.959184,0.575758
1.959184,0.580808
1.959184,0.585859
1.959184,0.590909
1.959184,0.595960
1.959184,0.601010
1.959184,0.606061
1.959184,0.611111
1.959184,0.616162
1.959184,0.621212
1.959184,0.626263
1.959184,0.631313
1.959184,0.636364
1.959184,0.641414
1.959184,0.646465
1.959184,0.651515
1.959184,0.656566
1.959184,0.661616
1.959184,0.666667
1.959184,0.671717
1.959184,0.676768
1.959184,0.681818
1.959184,0.686869
1.959184,0.691919
1.959184,0.696970
1.959184,0.702020
1.959184,0.707071
1.959184,0.712121
1.959184,0.717172
1.959184,0.722222
1.959184,0.727273
1.959184,0.732323
1.959184,0.737374
1.959184,0.742424
1.959184,0.747475
1.959184,0.752525
1.959184,0.757576
1.959184,0.762626
1.959184,0.767677
1.959184,0.772727
1.959184,0.777778
1.959184,0.782828
1.959184,0.787879
1.959184,0.792929
1.959184,0.797980
1.959184,0.803030
1.959184,0.808081
1.959184,0.813131
1.959184,0.818182
1.959184,0.823232
1.959184,0.828283
1.959184,0.833333
1.959184,0.838384
1.959184,0.843434
1.959184,0.848485
1.959184,0.853535
1.959184,0.858586
1.959184,0.863636
1.959184,0.868687
1.959184,0.873737
1.959184,0.878788
1.959184,0.883838
1.959184,0.888889
1.959184,0.893939
1.959184,0.898990
1.959184,0.904040
1.959184,0.909091
1.959184,0.914141
1.959184,0.919192
1.959184,0.924242
1.959184,0.929293
1.959184,0.934343
1.959184,0.939394
1.959184,0.944444
1.959184,0.949495
1.959184,0.954545
1.959184,0.959596
1.959184,0.964646
1.959184,0.969697
1.959184,0.974747
1.959184,0.979798
1.959184,0.984848
1.959184,0.989899
1.959184,0.994949
1.959184,1.000000
1.979592,0.500000
1.979592,0.505051
1.979592,0.510101
1.979592,0.515152
1.979592,0.520202
1.979592,0.525253
1.979592,0.530303
1.979592,0.535354
1.979592,0.540404
1.979592,0.545455
1.979592,0.550505
1.979592,0.555556
1.979592,0.560606
1.979592,0.565657
1.979592,0.570707
1.979592,0.575758
1.979592,0.580808
1.979592,0.585859
1.979592,0.590909
1.979592,0.595960
1.979592,0.601010
1.979592,0.606061
1.979592,0.611111
1.979592,0.616162
1.979592,0.621212
1.979592,0.626263
1.979592,0.631313
1.979592,0.636364
1.979592,0.641414
1.979592,0.646465
1.979592,0.651515
1.979592,0.656566
1.979592,0.661616
1.979592,0.666667
1.979592,0.671717
1.979592,0.676768
1.979592,0.681818
1.979592,0.686869
1.979592,0.691919
1.979592,0.696970
1.979592,0.702020
1.979592,0.707071
1.979592,0.712121
1.979592,0.717172
1.979592,0.722222
1.979592,0.727273
1.979592,0.732323
1.979592,0.737374
1.979592,0.742424
1.979592,0.747475
1.979592,0.752525
1.979592,0.757576
1.979592,0.762626
1.979592,0.767677
1.979592,0.772727
1.979592,0.777778
1.979592,0.782828
1.979592,0.787879
1.979592,0.792929
1.979592,0.797980
1.979592,0.803030
1.979592,0.808081
1.979592,0.813131
1.979592,0.818182
1.979592,0.823232
1.979592,0.828283
1.979592,0.833333
1.979592,0.838384
1.979592,0.843434
1.979592,0.848485
1.979592,0.853535
1.979592,0.858586
1.979592,0.863636
1.979592,0.868687
1.979592,0.873737
1.979592,0.878788
1.979592,0.883838
1.979592,0.888889
1.979592,0.893939
1.979592,0.898990
1.979592,0.904040
1.979592,0.909091
1.979592,0.914141
1.979592,0.919192
1.979592,0.924242
1.979592,0.929293
1.979592,0.934343
1.979592,0.939394
1.979592,0.944444
1.979592,0.949495
1.979592,0.954545
1.979592,0.959596
1.979592,0.964646
1.979592,0.969697
1.979592,0.974747
1.979592,0.979798
1.979592,0.984848
1.979592,0.989899
1.979592,0.994949
1.979592,1.000000
2.000000,0.500000
2.000000,0.505051
2.000000,0.510101
2.000000,0.515152
2.000000,0.520202
2.000000,0.525253
2.000000,0.530303
2.000000,0.535354
2.000000,0.540404
2.000000,0.545455
2.000000,0.550505
2.000000,0.555556
2.000000,0.560606
2.000000,0.565657
2.000000,0.570707
2.000000,0.575758
2.000000,0.580808
2.000000,0.585859
2.000000,0.590909
2.000000,0.595960
2.000000,0.601010
2.000000,0.606061
2.000000,0.611111
2.000000,0.616162
2.000000,0.621212
2.000000,0.626263
2.000000,0.631313
2.000000,0.636364
2.000000,0.641414
2.000000,0.646465
2.000000,0.651515
2.000000,0.656566
2.000000,0.661616
2.000000,0.666667
2.000000,0.671717
2.000000,0.676768
2.000000,0.681818
2.000000,0.686869
2.000000,0.691919
2.000000,0.696970
2.000000,0.702020
2.000000,0.707071
2.000000,0.712121
2.000000,0.717172
2.000000,0.722222
2.000000,0.727273
2.000000,0.732323
2.000000,0.737374
2.000000,0.742424
2.000000,0.747475
2.000000,0.752525
2.000000,0.757576
2.000000,0.762626
2.000000,0.767677
2.000000,0.772727
2.000000,0.777778
2.000000,0.782828
2.000000,0.787879
2.000000,0.792929
2.000000,0.797980
2.000000,0.803030
2.000000,0.808081
2.000000,0.813131
2.000000,0.818182
2.000000,0.823232
2.000000,0.828283
2.000000,0.833333
2.000000,0.838384
2.000000,0.843434
2.000000,0.848485
2.000000,0.853535
2.000000,0.858586
2.000000,0.863636
2.000000,0.868687
2.000000,0.873737
2.000000,0.878788
2.000000,0.883838
2.000000,0.888889
2.000000,0.893939
2.000000,0.898990
2.000000,0.904040
2.000000,0.909091
2.000000,0.914141
2.000000,0.919192
2.000000,0.924242
2.000000,0.929293
2.000000,0.934343
2.000000,0.939394
2.000000,0.944444
2.000000,0.949495
2.000000,0.954545
2.000000,0.959596
2.000000,0.964646
2.000000,0.969697
2.000000,0.974747
2.000000,0.979798
2.000000,0.984848
2.000000,0.989899
2.000000,0.994949
2.000000,1.000000
2.020408,0.500000
2.020408,0.505051
2.020408,0.510101
2.020408,0.515152
2.020408,0.520202
2.020408,0.525253
2.020408,0.530303
2.020408,0.535354
2.020408,0.540404
2.020408,0.545455
2.020408,0.550505
2.020408,0.555556
2.020408,0.560606
2.020408,0.565657
2.020408,0.570707
2.020408,0.575758
2.020408,0.580808
2.020408,0.585859
2.020408,0.590909
2.020408,0.595960
2.020408,0.601010
2.020408,0.606061
2.020408,0.611111
2.020408,0.616162
2.020408,0.621212
2.020408,0.626263
2.020408,0.631313
2.020408,0.636364
2.020408,0.641414
2.020408,0.646465
2.020408,0.651515
2.020408,0.656566
2.020408,0.661616
2.020408,0.666667
2.020408,0.671717
2.020408,0.676768
2.020408,0.681818
2.020408,0.686869
2.020408,0.691919
2.020408,0.696970
2.020408,0.702020
2.020408,0.707071
2.020408,0.712121
2.020408,0.717172
2.020408,0.722222
2.020408,0.727273
2.020408,0.732323
2.020408,0.737374
2.020408,0.742424
2.020408,0.747475
2.020408,0.752525
2.020408,0.757576
2.020408,0.762626
2.020408,0.767677
2.020408,0.772727
2.020408,0.777778
2.020408,0.782828
2.020408,0.787879
2.020408,0.792929
2.020408,0.797980
2.020408,0.803030
2.020408,0.808081
2.020408,0.813131
2.020408,0.818182
2.020408,0.823232
2.020408,0.828283
2.020408,0.833333
2.020408,0.838384
2.020408,0.843434
2.020408,0.848485
2.020408,0.853535
2.020408,0.858586
2.020408,0.863636
2.020408,0.868687
2.020408,0.873737
2.020408,0.878788
2.020408,0.883838
2.020408,0.888889
2.020408,0.893939
2.020408,0.898990
2.020408,0.904040
2.020408,0.909091
2.020408,0.914141
2.020408,0.919192
2.020408,0.924242
2.020408,0.929293
2.020408,0.934343
2.020408,0.939394
2.020408,0.944444
2.020408,0.949495
2.020408,0.954545
2.020408,0.959596
2.020408,0.964646
2.020408,0.969697
2.020408,0.974747
2.020408,0.979798
2.020408,0.984848
2.020408,0.989899
2.020408,0.994949
2.020408,1.000000
